date,tvl_usd,symbol,fee_tier,project_contract_address
2022-03-27,191143887,WETH-USDT,0.3%,0x4e68ccd3e89f51c3074ca5072bbac773960dfa36
2022-03-28,191718829,WETH-USDT,0.3%,0x4e68ccd3e89f51c3074ca5072bbac773960dfa36
2022-03-29,192058132,WETH-USDT,0.3%,0x4e68ccd3e89f51c3074ca5072bbac773960dfa36
2022-03-30,194294332,WETH-USDT,0.3%,0x4e68ccd3e89f51c3074ca5072bbac773960dfa36
2022-03-31,192995617,WETH-USDT,0.3%,0x4e68ccd3e89f51c3074ca5072bbac773960dfa36
2022-04-01,195889547,WETH-USDT,0.3%,0x4e68ccd3e89f51c3074ca5072bbac773960dfa36
2022-04-02,195201484,WETH-USDT,0.3%,0x4e68ccd3e89f51c3074ca5072bbac773960dfa36
2022-04-03,199014866,WETH-USDT,0.3%,0x4e68ccd3e89f51c3074ca5072bbac773960dfa36
2022-04-04,196717127,WETH-USDT,0.3%,0x4e68ccd3e89f51c3074ca5072bbac773960dfa36
2022-04-05,195357962,WETH-USDT,0.3%,0x4e68ccd3e89f51c3074ca5072bbac773960dfa36
2022-04-06,220743208,WETH-USDT,0.3%,0x4e68ccd3e89f51c3074ca5072bbac773960dfa36
2022-04-07,221704725,WETH-USDT,0.3%,0x4e68ccd3e89f51c3074ca5072bbac773960dfa36
2022-04-08,195167824,WETH-USDT,0.3%,0x4e68ccd3e89f51c3074ca5072bbac773960dfa36
2022-04-09,223251918,WETH-USDT,0.3%,0x4e68ccd3e89f51c3074ca5072bbac773960dfa36
2022-04-10,223294482,WETH-USDT,0.3%,0x4e68ccd3e89f51c3074ca5072bbac773960dfa36
2022-04-11,210798613,WETH-USDT,0.3%,0x4e68ccd3e89f51c3074ca5072bbac773960dfa36
2022-04-12,210566018,WETH-USDT,0.3%,0x4e68ccd3e89f51c3074ca5072bbac773960dfa36
2022-04-13,200375127,WETH-USDT,0.3%,0x4e68ccd3e89f51c3074ca5072bbac773960dfa36
2022-04-14,196173484,WETH-USDT,0.3%,0x4e68ccd3e89f51c3074ca5072bbac773960dfa36
2022-04-15,196649637,WETH-USDT,0.3%,0x4e68ccd3e89f51c3074ca5072bbac773960dfa36
2022-04-16,197993643,WETH-USDT,0.3%,0x4e68ccd3e89f51c3074ca5072bbac773960dfa36
2022-04-17,197820991,WETH-USDT,0.3%,0x4e68ccd3e89f51c3074ca5072bbac773960dfa36
2022-04-18,198411246,WETH-USDT,0.3%,0x4e68ccd3e89f51c3074ca5072bbac773960dfa36
2022-04-19,202904075,WETH-USDT,0.3%,0x4e68ccd3e89f51c3074ca5072bbac773960dfa36
2022-04-20,202506135,WETH-USDT,0.3%,0x4e68ccd3e89f51c3074ca5072bbac773960dfa36
2022-04-21,197751857,WETH-USDT,0.3%,0x4e68ccd3e89f51c3074ca5072bbac773960dfa36
2022-04-22,197089468,WETH-USDT,0.3%,0x4e68ccd3e89f51c3074ca5072bbac773960dfa36
2022-04-23,197383444,WETH-USDT,0.3%,0x4e68ccd3e89f51c3074ca5072bbac773960dfa36
2022-04-24,196294684,WETH-USDT,0.3%,0x4e68ccd3e89f51c3074ca5072bbac773960dfa36
2022-04-25,199116972,WETH-USDT,0.3%,0x4e68ccd3e89f51c3074ca5072bbac773960dfa36
2022-04-26,192996679,WETH-USDT,0.3%,0x4e68ccd3e89f51c3074ca5072bbac773960dfa36
2022-04-27,192766731,WETH-USDT,0.3%,0x4e68ccd3e89f51c3074ca5072bbac773960dfa36
2022-04-28,195451450,WETH-USDT,0.3%,0x4e68ccd3e89f51c3074ca5072bbac773960dfa36
2022-04-29,190829045,WETH-USDT,0.3%,0x4e68ccd3e89f51c3074ca5072bbac773960dfa36
2022-04-30,190035286,WETH-USDT,0.3%,0x4e68ccd3e89f51c3074ca5072bbac773960dfa36
2022-05-01,190704067,WETH-USDT,0.3%,0x4e68ccd3e89f51c3074ca5072bbac773960dfa36
2022-05-02,192981325,WETH-USDT,0.3%,0x4e68ccd3e89f51c3074ca5072bbac773960dfa36
2022-05-03,190309300,WETH-USDT,0.3%,0x4e68ccd3e89f51c3074ca5072bbac773960dfa36
2022-05-04,196193506,WETH-USDT,0.3%,0x4e68ccd3e89f51c3074ca5072bbac773960dfa36
2022-05-05,190101348,WETH-USDT,0.3%,0x4e68ccd3e89f51c3074ca5072bbac773960dfa36
2022-05-06,205709673,WETH-USDT,0.3%,0x4e68ccd3e89f51c3074ca5072bbac773960dfa36
2022-05-07,201418828,WETH-USDT,0.3%,0x4e68ccd3e89f51c3074ca5072bbac773960dfa36
2022-05-08,198229314,WETH-USDT,0.3%,0x4e68ccd3e89f51c3074ca5072bbac773960dfa36
2022-05-09,170524894,WETH-USDT,0.3%,0x4e68ccd3e89f51c3074ca5072bbac773960dfa36
2022-05-10,170348281,WETH-USDT,0.3%,0x4e68ccd3e89f51c3074ca5072bbac773960dfa36
2022-05-11,160258008,WETH-USDT,0.3%,0x4e68ccd3e89f51c3074ca5072bbac773960dfa36
2022-05-12,160997931,WETH-USDT,0.3%,0x4e68ccd3e89f51c3074ca5072bbac773960dfa36
2022-05-13,155495537,WETH-USDT,0.3%,0x4e68ccd3e89f51c3074ca5072bbac773960dfa36
2022-05-14,153273786,WETH-USDT,0.3%,0x4e68ccd3e89f51c3074ca5072bbac773960dfa36
2022-05-15,160464187,WETH-USDT,0.3%,0x4e68ccd3e89f51c3074ca5072bbac773960dfa36
2022-05-16,158816949,WETH-USDT,0.3%,0x4e68ccd3e89f51c3074ca5072bbac773960dfa36
2022-05-17,162987348,WETH-USDT,0.3%,0x4e68ccd3e89f51c3074ca5072bbac773960dfa36
2022-05-18,156822113,WETH-USDT,0.3%,0x4e68ccd3e89f51c3074ca5072bbac773960dfa36
2022-05-19,162880395,WETH-USDT,0.3%,0x4e68ccd3e89f51c3074ca5072bbac773960dfa36
2022-05-20,161269910,WETH-USDT,0.3%,0x4e68ccd3e89f51c3074ca5072bbac773960dfa36
2022-05-21,162880464,WETH-USDT,0.3%,0x4e68ccd3e89f51c3074ca5072bbac773960dfa36
2022-05-22,165564701,WETH-USDT,0.3%,0x4e68ccd3e89f51c3074ca5072bbac773960dfa36
2022-05-23,162623905,WETH-USDT,0.3%,0x4e68ccd3e89f51c3074ca5072bbac773960dfa36
2022-05-24,162317392,WETH-USDT,0.3%,0x4e68ccd3e89f51c3074ca5072bbac773960dfa36
2022-05-25,161439445,WETH-USDT,0.3%,0x4e68ccd3e89f51c3074ca5072bbac773960dfa36
2022-05-26,144022314,WETH-USDT,0.3%,0x4e68ccd3e89f51c3074ca5072bbac773960dfa36
2022-05-27,134258079,WETH-USDT,0.3%,0x4e68ccd3e89f51c3074ca5072bbac773960dfa36
2022-05-28,136278768,WETH-USDT,0.3%,0x4e68ccd3e89f51c3074ca5072bbac773960dfa36
2022-05-29,137729041,WETH-USDT,0.3%,0x4e68ccd3e89f51c3074ca5072bbac773960dfa36
2022-05-30,125947125,WETH-USDT,0.3%,0x4e68ccd3e89f51c3074ca5072bbac773960dfa36
2022-05-31,124377994,WETH-USDT,0.3%,0x4e68ccd3e89f51c3074ca5072bbac773960dfa36
2022-06-01,121373995,WETH-USDT,0.3%,0x4e68ccd3e89f51c3074ca5072bbac773960dfa36
2022-06-02,121969445,WETH-USDT,0.3%,0x4e68ccd3e89f51c3074ca5072bbac773960dfa36
2022-06-03,126264963,WETH-USDT,0.3%,0x4e68ccd3e89f51c3074ca5072bbac773960dfa36
2022-06-05,131548418,WETH-USDT,0.3%,0x4e68ccd3e89f51c3074ca5072bbac773960dfa36
2022-06-06,142611655,WETH-USDT,0.3%,0x4e68ccd3e89f51c3074ca5072bbac773960dfa36
2022-06-07,158610045,WETH-USDT,0.3%,0x4e68ccd3e89f51c3074ca5072bbac773960dfa36
2022-06-08,156771689,WETH-USDT,0.3%,0x4e68ccd3e89f51c3074ca5072bbac773960dfa36
2022-06-09,156054146,WETH-USDT,0.3%,0x4e68ccd3e89f51c3074ca5072bbac773960dfa36
2022-06-10,152744644,WETH-USDT,0.3%,0x4e68ccd3e89f51c3074ca5072bbac773960dfa36
2022-06-11,134728502,WETH-USDT,0.3%,0x4e68ccd3e89f51c3074ca5072bbac773960dfa36
2022-06-12,122386233,WETH-USDT,0.3%,0x4e68ccd3e89f51c3074ca5072bbac773960dfa36
2022-06-13,104264126,WETH-USDT,0.3%,0x4e68ccd3e89f51c3074ca5072bbac773960dfa36
2022-06-14,102021705,WETH-USDT,0.3%,0x4e68ccd3e89f51c3074ca5072bbac773960dfa36
2022-06-15,103418609,WETH-USDT,0.3%,0x4e68ccd3e89f51c3074ca5072bbac773960dfa36
2022-06-16,111082470,WETH-USDT,0.3%,0x4e68ccd3e89f51c3074ca5072bbac773960dfa36
2022-06-17,111620956,WETH-USDT,0.3%,0x4e68ccd3e89f51c3074ca5072bbac773960dfa36
2022-06-18,113345926,WETH-USDT,0.3%,0x4e68ccd3e89f51c3074ca5072bbac773960dfa36
2022-06-19,118691510,WETH-USDT,0.3%,0x4e68ccd3e89f51c3074ca5072bbac773960dfa36
2022-06-20,118020906,WETH-USDT,0.3%,0x4e68ccd3e89f51c3074ca5072bbac773960dfa36
2022-06-21,120289856,WETH-USDT,0.3%,0x4e68ccd3e89f51c3074ca5072bbac773960dfa36
2022-06-22,115763849,WETH-USDT,0.3%,0x4e68ccd3e89f51c3074ca5072bbac773960dfa36
2022-06-23,120890808,WETH-USDT,0.3%,0x4e68ccd3e89f51c3074ca5072bbac773960dfa36
2022-06-24,126906692,WETH-USDT,0.3%,0x4e68ccd3e89f51c3074ca5072bbac773960dfa36
2022-06-25,128779851,WETH-USDT,0.3%,0x4e68ccd3e89f51c3074ca5072bbac773960dfa36
2022-06-26,126974781,WETH-USDT,0.3%,0x4e68ccd3e89f51c3074ca5072bbac773960dfa36
2022-06-27,127068241,WETH-USDT,0.3%,0x4e68ccd3e89f51c3074ca5072bbac773960dfa36
2022-06-28,124024936,WETH-USDT,0.3%,0x4e68ccd3e89f51c3074ca5072bbac773960dfa36
2022-06-29,121044943,WETH-USDT,0.3%,0x4e68ccd3e89f51c3074ca5072bbac773960dfa36
2022-06-30,115888075,WETH-USDT,0.3%,0x4e68ccd3e89f51c3074ca5072bbac773960dfa36
2022-07-01,118886421,WETH-USDT,0.3%,0x4e68ccd3e89f51c3074ca5072bbac773960dfa36
2022-07-02,119976337,WETH-USDT,0.3%,0x4e68ccd3e89f51c3074ca5072bbac773960dfa36
2022-07-03,116981858,WETH-USDT,0.3%,0x4e68ccd3e89f51c3074ca5072bbac773960dfa36
2022-07-04,121331821,WETH-USDT,0.3%,0x4e68ccd3e89f51c3074ca5072bbac773960dfa36
2022-07-05,119380595,WETH-USDT,0.3%,0x4e68ccd3e89f51c3074ca5072bbac773960dfa36
2022-07-06,122001805,WETH-USDT,0.3%,0x4e68ccd3e89f51c3074ca5072bbac773960dfa36
2022-07-07,123745068,WETH-USDT,0.3%,0x4e68ccd3e89f51c3074ca5072bbac773960dfa36
2022-07-08,124105760,WETH-USDT,0.3%,0x4e68ccd3e89f51c3074ca5072bbac773960dfa36
2022-07-09,123809867,WETH-USDT,0.3%,0x4e68ccd3e89f51c3074ca5072bbac773960dfa36
2022-07-10,121126128,WETH-USDT,0.3%,0x4e68ccd3e89f51c3074ca5072bbac773960dfa36
2022-07-11,116776746,WETH-USDT,0.3%,0x4e68ccd3e89f51c3074ca5072bbac773960dfa36
2022-07-12,113345440,WETH-USDT,0.3%,0x4e68ccd3e89f51c3074ca5072bbac773960dfa36
2022-07-13,116139183,WETH-USDT,0.3%,0x4e68ccd3e89f51c3074ca5072bbac773960dfa36
2022-07-14,122612673,WETH-USDT,0.3%,0x4e68ccd3e89f51c3074ca5072bbac773960dfa36
2022-07-15,125918138,WETH-USDT,0.3%,0x4e68ccd3e89f51c3074ca5072bbac773960dfa36
2022-07-16,131331497,WETH-USDT,0.3%,0x4e68ccd3e89f51c3074ca5072bbac773960dfa36
2022-07-17,132017141,WETH-USDT,0.3%,0x4e68ccd3e89f51c3074ca5072bbac773960dfa36
2022-07-18,138024509,WETH-USDT,0.3%,0x4e68ccd3e89f51c3074ca5072bbac773960dfa36
2022-07-19,140333040,WETH-USDT,0.3%,0x4e68ccd3e89f51c3074ca5072bbac773960dfa36
2022-07-20,139846835,WETH-USDT,0.3%,0x4e68ccd3e89f51c3074ca5072bbac773960dfa36
2022-07-21,128565073,WETH-USDT,0.3%,0x4e68ccd3e89f51c3074ca5072bbac773960dfa36
2022-07-22,126570498,WETH-USDT,0.3%,0x4e68ccd3e89f51c3074ca5072bbac773960dfa36
2022-07-23,126929144,WETH-USDT,0.3%,0x4e68ccd3e89f51c3074ca5072bbac773960dfa36
2022-07-24,130039504,WETH-USDT,0.3%,0x4e68ccd3e89f51c3074ca5072bbac773960dfa36
2022-07-25,124787388,WETH-USDT,0.3%,0x4e68ccd3e89f51c3074ca5072bbac773960dfa36
2022-07-26,121782704,WETH-USDT,0.3%,0x4e68ccd3e89f51c3074ca5072bbac773960dfa36
2022-07-27,130504233,WETH-USDT,0.3%,0x4e68ccd3e89f51c3074ca5072bbac773960dfa36
2022-07-28,137500892,WETH-USDT,0.3%,0x4e68ccd3e89f51c3074ca5072bbac773960dfa36
2022-07-29,137789642,WETH-USDT,0.3%,0x4e68ccd3e89f51c3074ca5072bbac773960dfa36
2022-07-30,136596652,WETH-USDT,0.3%,0x4e68ccd3e89f51c3074ca5072bbac773960dfa36
2022-07-31,137859520,WETH-USDT,0.3%,0x4e68ccd3e89f51c3074ca5072bbac773960dfa36
2022-08-01,136191034,WETH-USDT,0.3%,0x4e68ccd3e89f51c3074ca5072bbac773960dfa36
2022-08-02,136938419,WETH-USDT,0.3%,0x4e68ccd3e89f51c3074ca5072bbac773960dfa36
2022-08-03,136234949,WETH-USDT,0.3%,0x4e68ccd3e89f51c3074ca5072bbac773960dfa36
2022-08-04,135168075,WETH-USDT,0.3%,0x4e68ccd3e89f51c3074ca5072bbac773960dfa36
2022-08-05,139627744,WETH-USDT,0.3%,0x4e68ccd3e89f51c3074ca5072bbac773960dfa36
2022-08-06,139664669,WETH-USDT,0.3%,0x4e68ccd3e89f51c3074ca5072bbac773960dfa36
2022-08-07,139346585,WETH-USDT,0.3%,0x4e68ccd3e89f51c3074ca5072bbac773960dfa36
2022-08-08,137076732,WETH-USDT,0.3%,0x4e68ccd3e89f51c3074ca5072bbac773960dfa36
2022-08-09,136629935,WETH-USDT,0.3%,0x4e68ccd3e89f51c3074ca5072bbac773960dfa36
2022-08-10,141966189,WETH-USDT,0.3%,0x4e68ccd3e89f51c3074ca5072bbac773960dfa36
2022-08-11,134324347,WETH-USDT,0.3%,0x4e68ccd3e89f51c3074ca5072bbac773960dfa36
2022-08-12,133237144,WETH-USDT,0.3%,0x4e68ccd3e89f51c3074ca5072bbac773960dfa36
2022-08-13,134364226,WETH-USDT,0.3%,0x4e68ccd3e89f51c3074ca5072bbac773960dfa36
2022-08-14,133661291,WETH-USDT,0.3%,0x4e68ccd3e89f51c3074ca5072bbac773960dfa36
2022-08-15,132751023,WETH-USDT,0.3%,0x4e68ccd3e89f51c3074ca5072bbac773960dfa36
2022-08-16,132618004,WETH-USDT,0.3%,0x4e68ccd3e89f51c3074ca5072bbac773960dfa36
2022-08-17,131159089,WETH-USDT,0.3%,0x4e68ccd3e89f51c3074ca5072bbac773960dfa36
2022-08-18,132409245,WETH-USDT,0.3%,0x4e68ccd3e89f51c3074ca5072bbac773960dfa36
2022-08-19,122566798,WETH-USDT,0.3%,0x4e68ccd3e89f51c3074ca5072bbac773960dfa36
2022-08-20,124491472,WETH-USDT,0.3%,0x4e68ccd3e89f51c3074ca5072bbac773960dfa36
2022-08-21,126744245,WETH-USDT,0.3%,0x4e68ccd3e89f51c3074ca5072bbac773960dfa36
2022-08-22,125320035,WETH-USDT,0.3%,0x4e68ccd3e89f51c3074ca5072bbac773960dfa36
2022-08-23,124589060,WETH-USDT,0.3%,0x4e68ccd3e89f51c3074ca5072bbac773960dfa36
2022-08-24,125216937,WETH-USDT,0.3%,0x4e68ccd3e89f51c3074ca5072bbac773960dfa36
2022-08-25,130608738,WETH-USDT,0.3%,0x4e68ccd3e89f51c3074ca5072bbac773960dfa36
2022-08-26,125494748,WETH-USDT,0.3%,0x4e68ccd3e89f51c3074ca5072bbac773960dfa36
2022-08-27,122885177,WETH-USDT,0.3%,0x4e68ccd3e89f51c3074ca5072bbac773960dfa36
2022-08-28,121791518,WETH-USDT,0.3%,0x4e68ccd3e89f51c3074ca5072bbac773960dfa36
2022-08-29,117831903,WETH-USDT,0.3%,0x4e68ccd3e89f51c3074ca5072bbac773960dfa36
2022-08-30,117409299,WETH-USDT,0.3%,0x4e68ccd3e89f51c3074ca5072bbac773960dfa36
2022-08-31,113414686,WETH-USDT,0.3%,0x4e68ccd3e89f51c3074ca5072bbac773960dfa36
2022-09-01,113931760,WETH-USDT,0.3%,0x4e68ccd3e89f51c3074ca5072bbac773960dfa36
2022-09-02,113849715,WETH-USDT,0.3%,0x4e68ccd3e89f51c3074ca5072bbac773960dfa36
2022-09-03,112913136,WETH-USDT,0.3%,0x4e68ccd3e89f51c3074ca5072bbac773960dfa36
2022-09-04,113144507,WETH-USDT,0.3%,0x4e68ccd3e89f51c3074ca5072bbac773960dfa36
2022-09-05,114688287,WETH-USDT,0.3%,0x4e68ccd3e89f51c3074ca5072bbac773960dfa36
2022-09-06,114300777,WETH-USDT,0.3%,0x4e68ccd3e89f51c3074ca5072bbac773960dfa36
2022-09-07,110901610,WETH-USDT,0.3%,0x4e68ccd3e89f51c3074ca5072bbac773960dfa36
2022-09-09,119892012,WETH-USDT,0.3%,0x4e68ccd3e89f51c3074ca5072bbac773960dfa36
2022-09-10,123481773,WETH-USDT,0.3%,0x4e68ccd3e89f51c3074ca5072bbac773960dfa36
2022-09-11,122236981,WETH-USDT,0.3%,0x4e68ccd3e89f51c3074ca5072bbac773960dfa36
2022-09-12,118869022,WETH-USDT,0.3%,0x4e68ccd3e89f51c3074ca5072bbac773960dfa36
2022-09-13,114899656,WETH-USDT,0.3%,0x4e68ccd3e89f51c3074ca5072bbac773960dfa36
2022-09-14,116867717,WETH-USDT,0.3%,0x4e68ccd3e89f51c3074ca5072bbac773960dfa36
2022-09-15,111639393,WETH-USDT,0.3%,0x4e68ccd3e89f51c3074ca5072bbac773960dfa36
2022-09-16,114588247,WETH-USDT,0.3%,0x4e68ccd3e89f51c3074ca5072bbac773960dfa36
2022-09-17,116281478,WETH-USDT,0.3%,0x4e68ccd3e89f51c3074ca5072bbac773960dfa36
2022-09-18,111701056,WETH-USDT,0.3%,0x4e68ccd3e89f51c3074ca5072bbac773960dfa36
2022-09-19,117841468,WETH-USDT,0.3%,0x4e68ccd3e89f51c3074ca5072bbac773960dfa36
2022-09-20,56428295,WETH-USDT,0.3%,0x4e68ccd3e89f51c3074ca5072bbac773960dfa36
2022-09-21,53667654,WETH-USDT,0.3%,0x4e68ccd3e89f51c3074ca5072bbac773960dfa36
2022-09-22,57797619,WETH-USDT,0.3%,0x4e68ccd3e89f51c3074ca5072bbac773960dfa36
2022-09-23,57986515,WETH-USDT,0.3%,0x4e68ccd3e89f51c3074ca5072bbac773960dfa36
2022-09-24,57635926,WETH-USDT,0.3%,0x4e68ccd3e89f51c3074ca5072bbac773960dfa36
2022-09-25,57110382,WETH-USDT,0.3%,0x4e68ccd3e89f51c3074ca5072bbac773960dfa36
2022-09-26,57803532,WETH-USDT,0.3%,0x4e68ccd3e89f51c3074ca5072bbac773960dfa36
2022-09-27,58505652,WETH-USDT,0.3%,0x4e68ccd3e89f51c3074ca5072bbac773960dfa36
2022-09-28,58775217,WETH-USDT,0.3%,0x4e68ccd3e89f51c3074ca5072bbac773960dfa36
2022-09-29,61210608,WETH-USDT,0.3%,0x4e68ccd3e89f51c3074ca5072bbac773960dfa36
2022-09-30,60723648,WETH-USDT,0.3%,0x4e68ccd3e89f51c3074ca5072bbac773960dfa36
2022-10-01,61039441,WETH-USDT,0.3%,0x4e68ccd3e89f51c3074ca5072bbac773960dfa36
2022-10-02,60716330,WETH-USDT,0.3%,0x4e68ccd3e89f51c3074ca5072bbac773960dfa36
2022-10-03,63511734,WETH-USDT,0.3%,0x4e68ccd3e89f51c3074ca5072bbac773960dfa36
2022-10-04,64616343,WETH-USDT,0.3%,0x4e68ccd3e89f51c3074ca5072bbac773960dfa36
2022-10-05,64916793,WETH-USDT,0.3%,0x4e68ccd3e89f51c3074ca5072bbac773960dfa36
2022-10-06,67055482,WETH-USDT,0.3%,0x4e68ccd3e89f51c3074ca5072bbac773960dfa36
2022-10-07,67011248,WETH-USDT,0.3%,0x4e68ccd3e89f51c3074ca5072bbac773960dfa36
2022-10-08,66340275,WETH-USDT,0.3%,0x4e68ccd3e89f51c3074ca5072bbac773960dfa36
2022-10-09,66591527,WETH-USDT,0.3%,0x4e68ccd3e89f51c3074ca5072bbac773960dfa36
2022-10-10,65591913,WETH-USDT,0.3%,0x4e68ccd3e89f51c3074ca5072bbac773960dfa36
2022-10-11,65057307,WETH-USDT,0.3%,0x4e68ccd3e89f51c3074ca5072bbac773960dfa36
2022-10-12,65788344,WETH-USDT,0.3%,0x4e68ccd3e89f51c3074ca5072bbac773960dfa36
2022-10-13,65621033,WETH-USDT,0.3%,0x4e68ccd3e89f51c3074ca5072bbac773960dfa36
2022-10-14,65968925,WETH-USDT,0.3%,0x4e68ccd3e89f51c3074ca5072bbac773960dfa36
2022-10-15,65150920,WETH-USDT,0.3%,0x4e68ccd3e89f51c3074ca5072bbac773960dfa36
2022-10-16,66354509,WETH-USDT,0.3%,0x4e68ccd3e89f51c3074ca5072bbac773960dfa36
2022-10-17,66919178,WETH-USDT,0.3%,0x4e68ccd3e89f51c3074ca5072bbac773960dfa36
2022-10-18,66484092,WETH-USDT,0.3%,0x4e68ccd3e89f51c3074ca5072bbac773960dfa36
2022-10-19,65610367,WETH-USDT,0.3%,0x4e68ccd3e89f51c3074ca5072bbac773960dfa36
2022-10-20,64841372,WETH-USDT,0.3%,0x4e68ccd3e89f51c3074ca5072bbac773960dfa36
2022-10-21,65478946,WETH-USDT,0.3%,0x4e68ccd3e89f51c3074ca5072bbac773960dfa36
2022-10-22,65830702,WETH-USDT,0.3%,0x4e68ccd3e89f51c3074ca5072bbac773960dfa36
2022-10-23,66940075,WETH-USDT,0.3%,0x4e68ccd3e89f51c3074ca5072bbac773960dfa36
2022-10-24,66637905,WETH-USDT,0.3%,0x4e68ccd3e89f51c3074ca5072bbac773960dfa36
2022-10-25,69439940,WETH-USDT,0.3%,0x4e68ccd3e89f51c3074ca5072bbac773960dfa36
2022-10-26,72299237,WETH-USDT,0.3%,0x4e68ccd3e89f51c3074ca5072bbac773960dfa36
2022-10-27,77920674,WETH-USDT,0.3%,0x4e68ccd3e89f51c3074ca5072bbac773960dfa36
2022-10-28,79207396,WETH-USDT,0.3%,0x4e68ccd3e89f51c3074ca5072bbac773960dfa36
2022-10-29,79958607,WETH-USDT,0.3%,0x4e68ccd3e89f51c3074ca5072bbac773960dfa36
2022-10-30,79538718,WETH-USDT,0.3%,0x4e68ccd3e89f51c3074ca5072bbac773960dfa36
2022-10-31,79070591,WETH-USDT,0.3%,0x4e68ccd3e89f51c3074ca5072bbac773960dfa36
2022-11-01,79709985,WETH-USDT,0.3%,0x4e68ccd3e89f51c3074ca5072bbac773960dfa36
2022-11-02,77480470,WETH-USDT,0.3%,0x4e68ccd3e89f51c3074ca5072bbac773960dfa36
2022-11-03,76160175,WETH-USDT,0.3%,0x4e68ccd3e89f51c3074ca5072bbac773960dfa36
2022-11-04,78841466,WETH-USDT,0.3%,0x4e68ccd3e89f51c3074ca5072bbac773960dfa36
2022-11-05,78355870,WETH-USDT,0.3%,0x4e68ccd3e89f51c3074ca5072bbac773960dfa36
2022-11-06,76319877,WETH-USDT,0.3%,0x4e68ccd3e89f51c3074ca5072bbac773960dfa36
2022-11-07,75148887,WETH-USDT,0.3%,0x4e68ccd3e89f51c3074ca5072bbac773960dfa36
2022-11-08,68341571,WETH-USDT,0.3%,0x4e68ccd3e89f51c3074ca5072bbac773960dfa36
2022-11-09,52978099,WETH-USDT,0.3%,0x4e68ccd3e89f51c3074ca5072bbac773960dfa36
2022-11-10,58176680,WETH-USDT,0.3%,0x4e68ccd3e89f51c3074ca5072bbac773960dfa36
2022-11-11,57064918,WETH-USDT,0.3%,0x4e68ccd3e89f51c3074ca5072bbac773960dfa36
2022-11-12,56215118,WETH-USDT,0.3%,0x4e68ccd3e89f51c3074ca5072bbac773960dfa36
2022-11-13,55781593,WETH-USDT,0.3%,0x4e68ccd3e89f51c3074ca5072bbac773960dfa36
2022-11-14,52360191,WETH-USDT,0.3%,0x4e68ccd3e89f51c3074ca5072bbac773960dfa36
2022-11-15,52804502,WETH-USDT,0.3%,0x4e68ccd3e89f51c3074ca5072bbac773960dfa36
2022-11-16,51520172,WETH-USDT,0.3%,0x4e68ccd3e89f51c3074ca5072bbac773960dfa36
2022-11-17,51536395,WETH-USDT,0.3%,0x4e68ccd3e89f51c3074ca5072bbac773960dfa36
2022-11-18,51675669,WETH-USDT,0.3%,0x4e68ccd3e89f51c3074ca5072bbac773960dfa36
2022-11-19,52174041,WETH-USDT,0.3%,0x4e68ccd3e89f51c3074ca5072bbac773960dfa36
2022-11-20,49880510,WETH-USDT,0.3%,0x4e68ccd3e89f51c3074ca5072bbac773960dfa36
2022-11-21,50619846,WETH-USDT,0.3%,0x4e68ccd3e89f51c3074ca5072bbac773960dfa36
2022-11-22,52109138,WETH-USDT,0.3%,0x4e68ccd3e89f51c3074ca5072bbac773960dfa36
2022-11-23,54038771,WETH-USDT,0.3%,0x4e68ccd3e89f51c3074ca5072bbac773960dfa36
2022-11-24,56820919,WETH-USDT,0.3%,0x4e68ccd3e89f51c3074ca5072bbac773960dfa36
2022-11-25,59106868,WETH-USDT,0.3%,0x4e68ccd3e89f51c3074ca5072bbac773960dfa36
2022-11-26,62159180,WETH-USDT,0.3%,0x4e68ccd3e89f51c3074ca5072bbac773960dfa36
2022-11-27,61920388,WETH-USDT,0.3%,0x4e68ccd3e89f51c3074ca5072bbac773960dfa36
2022-11-28,60085623,WETH-USDT,0.3%,0x4e68ccd3e89f51c3074ca5072bbac773960dfa36
2022-11-29,62116972,WETH-USDT,0.3%,0x4e68ccd3e89f51c3074ca5072bbac773960dfa36
2022-11-30,64711891,WETH-USDT,0.3%,0x4e68ccd3e89f51c3074ca5072bbac773960dfa36
2022-12-01,65702567,WETH-USDT,0.3%,0x4e68ccd3e89f51c3074ca5072bbac773960dfa36
2022-12-02,66156963,WETH-USDT,0.3%,0x4e68ccd3e89f51c3074ca5072bbac773960dfa36
2022-12-03,62321088,WETH-USDT,0.3%,0x4e68ccd3e89f51c3074ca5072bbac773960dfa36
2022-12-04,63478851,WETH-USDT,0.3%,0x4e68ccd3e89f51c3074ca5072bbac773960dfa36
2022-12-05,62762185,WETH-USDT,0.3%,0x4e68ccd3e89f51c3074ca5072bbac773960dfa36
2022-12-06,62691968,WETH-USDT,0.3%,0x4e68ccd3e89f51c3074ca5072bbac773960dfa36
2022-12-07,62322197,WETH-USDT,0.3%,0x4e68ccd3e89f51c3074ca5072bbac773960dfa36
2022-12-08,64120492,WETH-USDT,0.3%,0x4e68ccd3e89f51c3074ca5072bbac773960dfa36
2022-12-09,63521981,WETH-USDT,0.3%,0x4e68ccd3e89f51c3074ca5072bbac773960dfa36
2022-12-10,63613085,WETH-USDT,0.3%,0x4e68ccd3e89f51c3074ca5072bbac773960dfa36
2022-12-11,63382612,WETH-USDT,0.3%,0x4e68ccd3e89f51c3074ca5072bbac773960dfa36
2022-12-12,63904046,WETH-USDT,0.3%,0x4e68ccd3e89f51c3074ca5072bbac773960dfa36
2022-12-13,65951554,WETH-USDT,0.3%,0x4e68ccd3e89f51c3074ca5072bbac773960dfa36
2022-12-14,65704933,WETH-USDT,0.3%,0x4e68ccd3e89f51c3074ca5072bbac773960dfa36
2022-12-15,64181758,WETH-USDT,0.3%,0x4e68ccd3e89f51c3074ca5072bbac773960dfa36
2022-12-16,60747190,WETH-USDT,0.3%,0x4e68ccd3e89f51c3074ca5072bbac773960dfa36
2022-12-17,54978191,WETH-USDT,0.3%,0x4e68ccd3e89f51c3074ca5072bbac773960dfa36
2022-12-18,56622411,WETH-USDT,0.3%,0x4e68ccd3e89f51c3074ca5072bbac773960dfa36
2022-12-19,55823334,WETH-USDT,0.3%,0x4e68ccd3e89f51c3074ca5072bbac773960dfa36
2022-12-20,40252014,WETH-USDT,0.3%,0x4e68ccd3e89f51c3074ca5072bbac773960dfa36
2022-12-21,63069151,WETH-USDT,0.3%,0x4e68ccd3e89f51c3074ca5072bbac773960dfa36
2022-12-22,57753424,WETH-USDT,0.3%,0x4e68ccd3e89f51c3074ca5072bbac773960dfa36
2022-12-23,57741271,WETH-USDT,0.3%,0x4e68ccd3e89f51c3074ca5072bbac773960dfa36
2022-12-24,57422325,WETH-USDT,0.3%,0x4e68ccd3e89f51c3074ca5072bbac773960dfa36
2022-12-25,57483053,WETH-USDT,0.3%,0x4e68ccd3e89f51c3074ca5072bbac773960dfa36
2022-12-26,57367765,WETH-USDT,0.3%,0x4e68ccd3e89f51c3074ca5072bbac773960dfa36
2022-12-27,57091631,WETH-USDT,0.3%,0x4e68ccd3e89f51c3074ca5072bbac773960dfa36
2022-12-28,55860727,WETH-USDT,0.3%,0x4e68ccd3e89f51c3074ca5072bbac773960dfa36
2022-12-29,56193574,WETH-USDT,0.3%,0x4e68ccd3e89f51c3074ca5072bbac773960dfa36
2022-12-30,56168855,WETH-USDT,0.3%,0x4e68ccd3e89f51c3074ca5072bbac773960dfa36
2022-12-31,55979229,WETH-USDT,0.3%,0x4e68ccd3e89f51c3074ca5072bbac773960dfa36
2023-01-01,56101809,WETH-USDT,0.3%,0x4e68ccd3e89f51c3074ca5072bbac773960dfa36
2023-01-02,56580866,WETH-USDT,0.3%,0x4e68ccd3e89f51c3074ca5072bbac773960dfa36
2023-01-03,56440610,WETH-USDT,0.3%,0x4e68ccd3e89f51c3074ca5072bbac773960dfa36
2023-01-04,52327456,WETH-USDT,0.3%,0x4e68ccd3e89f51c3074ca5072bbac773960dfa36
2023-01-05,50443494,WETH-USDT,0.3%,0x4e68ccd3e89f51c3074ca5072bbac773960dfa36
2023-01-06,50908985,WETH-USDT,0.3%,0x4e68ccd3e89f51c3074ca5072bbac773960dfa36
2023-01-07,50586677,WETH-USDT,0.3%,0x4e68ccd3e89f51c3074ca5072bbac773960dfa36
2023-01-08,50779845,WETH-USDT,0.3%,0x4e68ccd3e89f51c3074ca5072bbac773960dfa36
2023-01-09,51811597,WETH-USDT,0.3%,0x4e68ccd3e89f51c3074ca5072bbac773960dfa36
2023-01-10,51583858,WETH-USDT,0.3%,0x4e68ccd3e89f51c3074ca5072bbac773960dfa36
2023-01-11,51934537,WETH-USDT,0.3%,0x4e68ccd3e89f51c3074ca5072bbac773960dfa36
2023-01-12,55241082,WETH-USDT,0.3%,0x4e68ccd3e89f51c3074ca5072bbac773960dfa36
2023-01-13,55580151,WETH-USDT,0.3%,0x4e68ccd3e89f51c3074ca5072bbac773960dfa36
2023-01-14,57412725,WETH-USDT,0.3%,0x4e68ccd3e89f51c3074ca5072bbac773960dfa36
2023-01-15,58496657,WETH-USDT,0.3%,0x4e68ccd3e89f51c3074ca5072bbac773960dfa36
2023-01-16,60886577,WETH-USDT,0.3%,0x4e68ccd3e89f51c3074ca5072bbac773960dfa36
2023-01-17,71102362,WETH-USDT,0.3%,0x4e68ccd3e89f51c3074ca5072bbac773960dfa36
2023-01-18,69773368,WETH-USDT,0.3%,0x4e68ccd3e89f51c3074ca5072bbac773960dfa36
2023-01-19,70272150,WETH-USDT,0.3%,0x4e68ccd3e89f51c3074ca5072bbac773960dfa36
2023-01-20,73138148,WETH-USDT,0.3%,0x4e68ccd3e89f51c3074ca5072bbac773960dfa36
2023-01-21,71098944,WETH-USDT,0.3%,0x4e68ccd3e89f51c3074ca5072bbac773960dfa36
2023-01-22,70598852,WETH-USDT,0.3%,0x4e68ccd3e89f51c3074ca5072bbac773960dfa36
2023-01-23,70631092,WETH-USDT,0.3%,0x4e68ccd3e89f51c3074ca5072bbac773960dfa36
2023-01-24,69571710,WETH-USDT,0.3%,0x4e68ccd3e89f51c3074ca5072bbac773960dfa36
2023-01-25,70099018,WETH-USDT,0.3%,0x4e68ccd3e89f51c3074ca5072bbac773960dfa36
2023-01-26,70752192,WETH-USDT,0.3%,0x4e68ccd3e89f51c3074ca5072bbac773960dfa36
2023-01-27,70037699,WETH-USDT,0.3%,0x4e68ccd3e89f51c3074ca5072bbac773960dfa36
2023-01-28,70332022,WETH-USDT,0.3%,0x4e68ccd3e89f51c3074ca5072bbac773960dfa36
2023-01-29,72121658,WETH-USDT,0.3%,0x4e68ccd3e89f51c3074ca5072bbac773960dfa36
2023-01-30,70067584,WETH-USDT,0.3%,0x4e68ccd3e89f51c3074ca5072bbac773960dfa36
2023-01-31,69160640,WETH-USDT,0.3%,0x4e68ccd3e89f51c3074ca5072bbac773960dfa36
2023-02-01,70736154,WETH-USDT,0.3%,0x4e68ccd3e89f51c3074ca5072bbac773960dfa36
2023-02-02,71213247,WETH-USDT,0.3%,0x4e68ccd3e89f51c3074ca5072bbac773960dfa36
2023-02-03,75207818,WETH-USDT,0.3%,0x4e68ccd3e89f51c3074ca5072bbac773960dfa36
2023-02-04,75576976,WETH-USDT,0.3%,0x4e68ccd3e89f51c3074ca5072bbac773960dfa36
2023-02-05,74120187,WETH-USDT,0.3%,0x4e68ccd3e89f51c3074ca5072bbac773960dfa36
2023-02-06,74100436,WETH-USDT,0.3%,0x4e68ccd3e89f51c3074ca5072bbac773960dfa36
2023-02-07,74755979,WETH-USDT,0.3%,0x4e68ccd3e89f51c3074ca5072bbac773960dfa36
2023-02-08,74608254,WETH-USDT,0.3%,0x4e68ccd3e89f51c3074ca5072bbac773960dfa36
2023-02-09,74225593,WETH-USDT,0.3%,0x4e68ccd3e89f51c3074ca5072bbac773960dfa36
2023-02-10,71531848,WETH-USDT,0.3%,0x4e68ccd3e89f51c3074ca5072bbac773960dfa36
2023-02-12,71702795,WETH-USDT,0.3%,0x4e68ccd3e89f51c3074ca5072bbac773960dfa36
2023-02-13,70671461,WETH-USDT,0.3%,0x4e68ccd3e89f51c3074ca5072bbac773960dfa36
2023-02-14,72542744,WETH-USDT,0.3%,0x4e68ccd3e89f51c3074ca5072bbac773960dfa36
2023-02-15,73196459,WETH-USDT,0.3%,0x4e68ccd3e89f51c3074ca5072bbac773960dfa36
2023-02-16,75490941,WETH-USDT,0.3%,0x4e68ccd3e89f51c3074ca5072bbac773960dfa36
2023-02-17,76555206,WETH-USDT,0.3%,0x4e68ccd3e89f51c3074ca5072bbac773960dfa36
2023-02-18,72769379,WETH-USDT,0.3%,0x4e68ccd3e89f51c3074ca5072bbac773960dfa36
2023-02-19,72618734,WETH-USDT,0.3%,0x4e68ccd3e89f51c3074ca5072bbac773960dfa36
2023-02-20,73183043,WETH-USDT,0.3%,0x4e68ccd3e89f51c3074ca5072bbac773960dfa36
2023-02-21,72225194,WETH-USDT,0.3%,0x4e68ccd3e89f51c3074ca5072bbac773960dfa36
2023-02-22,71909616,WETH-USDT,0.3%,0x4e68ccd3e89f51c3074ca5072bbac773960dfa36
2023-02-23,72188920,WETH-USDT,0.3%,0x4e68ccd3e89f51c3074ca5072bbac773960dfa36
2023-02-24,71413027,WETH-USDT,0.3%,0x4e68ccd3e89f51c3074ca5072bbac773960dfa36
2023-02-25,70828465,WETH-USDT,0.3%,0x4e68ccd3e89f51c3074ca5072bbac773960dfa36
2023-02-26,71756746,WETH-USDT,0.3%,0x4e68ccd3e89f51c3074ca5072bbac773960dfa36
2023-02-27,72209709,WETH-USDT,0.3%,0x4e68ccd3e89f51c3074ca5072bbac773960dfa36
2023-02-28,71455392,WETH-USDT,0.3%,0x4e68ccd3e89f51c3074ca5072bbac773960dfa36
2023-03-01,72510725,WETH-USDT,0.3%,0x4e68ccd3e89f51c3074ca5072bbac773960dfa36
2023-03-02,72257902,WETH-USDT,0.3%,0x4e68ccd3e89f51c3074ca5072bbac773960dfa36
2023-03-03,70247522,WETH-USDT,0.3%,0x4e68ccd3e89f51c3074ca5072bbac773960dfa36
2023-03-04,70299548,WETH-USDT,0.3%,0x4e68ccd3e89f51c3074ca5072bbac773960dfa36
2023-03-05,70169983,WETH-USDT,0.3%,0x4e68ccd3e89f51c3074ca5072bbac773960dfa36
2023-03-06,70255162,WETH-USDT,0.3%,0x4e68ccd3e89f51c3074ca5072bbac773960dfa36
2023-03-07,69813764,WETH-USDT,0.3%,0x4e68ccd3e89f51c3074ca5072bbac773960dfa36
2023-03-08,66898426,WETH-USDT,0.3%,0x4e68ccd3e89f51c3074ca5072bbac773960dfa36
2023-03-09,63590827,WETH-USDT,0.3%,0x4e68ccd3e89f51c3074ca5072bbac773960dfa36
2023-03-10,62494405,WETH-USDT,0.3%,0x4e68ccd3e89f51c3074ca5072bbac773960dfa36
2023-03-11,53311398,WETH-USDT,0.3%,0x4e68ccd3e89f51c3074ca5072bbac773960dfa36
2023-03-12,57710961,WETH-USDT,0.3%,0x4e68ccd3e89f51c3074ca5072bbac773960dfa36
2023-03-13,54456277,WETH-USDT,0.3%,0x4e68ccd3e89f51c3074ca5072bbac773960dfa36
2023-03-14,59531795,WETH-USDT,0.3%,0x4e68ccd3e89f51c3074ca5072bbac773960dfa36
2023-03-15,58694047,WETH-USDT,0.3%,0x4e68ccd3e89f51c3074ca5072bbac773960dfa36
2023-03-16,59429781,WETH-USDT,0.3%,0x4e68ccd3e89f51c3074ca5072bbac773960dfa36
2023-03-17,64288218,WETH-USDT,0.3%,0x4e68ccd3e89f51c3074ca5072bbac773960dfa36
2023-03-18,67924758,WETH-USDT,0.3%,0x4e68ccd3e89f51c3074ca5072bbac773960dfa36
2023-03-19,69164125,WETH-USDT,0.3%,0x4e68ccd3e89f51c3074ca5072bbac773960dfa36
2023-03-20,68204083,WETH-USDT,0.3%,0x4e68ccd3e89f51c3074ca5072bbac773960dfa36
2023-03-21,68950040,WETH-USDT,0.3%,0x4e68ccd3e89f51c3074ca5072bbac773960dfa36
2023-03-22,67515313,WETH-USDT,0.3%,0x4e68ccd3e89f51c3074ca5072bbac773960dfa36
2023-03-23,69175428,WETH-USDT,0.3%,0x4e68ccd3e89f51c3074ca5072bbac773960dfa36
2023-03-24,67424119,WETH-USDT,0.3%,0x4e68ccd3e89f51c3074ca5072bbac773960dfa36
2023-03-25,67600110,WETH-USDT,0.3%,0x4e68ccd3e89f51c3074ca5072bbac773960dfa36
2023-03-26,68282730,WETH-USDT,0.3%,0x4e68ccd3e89f51c3074ca5072bbac773960dfa36
2023-03-27,67502865,WETH-USDT,0.3%,0x4e68ccd3e89f51c3074ca5072bbac773960dfa36
2023-03-28,67440945,WETH-USDT,0.3%,0x4e68ccd3e89f51c3074ca5072bbac773960dfa36
2023-03-29,66715257,WETH-USDT,0.3%,0x4e68ccd3e89f51c3074ca5072bbac773960dfa36
2023-03-30,65787785,WETH-USDT,0.3%,0x4e68ccd3e89f51c3074ca5072bbac773960dfa36
2023-03-31,63431608,WETH-USDT,0.3%,0x4e68ccd3e89f51c3074ca5072bbac773960dfa36
2023-04-01,63188286,WETH-USDT,0.3%,0x4e68ccd3e89f51c3074ca5072bbac773960dfa36
2023-04-02,62899126,WETH-USDT,0.3%,0x4e68ccd3e89f51c3074ca5072bbac773960dfa36
2023-04-03,63202890,WETH-USDT,0.3%,0x4e68ccd3e89f51c3074ca5072bbac773960dfa36
2023-04-04,65896655,WETH-USDT,0.3%,0x4e68ccd3e89f51c3074ca5072bbac773960dfa36
2023-04-05,68423781,WETH-USDT,0.3%,0x4e68ccd3e89f51c3074ca5072bbac773960dfa36
2023-04-06,67882937,WETH-USDT,0.3%,0x4e68ccd3e89f51c3074ca5072bbac773960dfa36
2023-04-07,68041802,WETH-USDT,0.3%,0x4e68ccd3e89f51c3074ca5072bbac773960dfa36
2023-04-08,67601114,WETH-USDT,0.3%,0x4e68ccd3e89f51c3074ca5072bbac773960dfa36
2023-04-09,68161271,WETH-USDT,0.3%,0x4e68ccd3e89f51c3074ca5072bbac773960dfa36
2023-04-10,69454220,WETH-USDT,0.3%,0x4e68ccd3e89f51c3074ca5072bbac773960dfa36
2023-04-11,66723996,WETH-USDT,0.3%,0x4e68ccd3e89f51c3074ca5072bbac773960dfa36
2023-04-12,66372748,WETH-USDT,0.3%,0x4e68ccd3e89f51c3074ca5072bbac773960dfa36
2023-04-13,69248193,WETH-USDT,0.3%,0x4e68ccd3e89f51c3074ca5072bbac773960dfa36
2023-04-14,69167651,WETH-USDT,0.3%,0x4e68ccd3e89f51c3074ca5072bbac773960dfa36
2023-04-15,69379941,WETH-USDT,0.3%,0x4e68ccd3e89f51c3074ca5072bbac773960dfa36
2023-04-16,70210416,WETH-USDT,0.3%,0x4e68ccd3e89f51c3074ca5072bbac773960dfa36
2023-04-17,61408253,WETH-USDT,0.3%,0x4e68ccd3e89f51c3074ca5072bbac773960dfa36
2023-04-18,61321942,WETH-USDT,0.3%,0x4e68ccd3e89f51c3074ca5072bbac773960dfa36
2023-04-19,58506721,WETH-USDT,0.3%,0x4e68ccd3e89f51c3074ca5072bbac773960dfa36
2023-04-20,58085919,WETH-USDT,0.3%,0x4e68ccd3e89f51c3074ca5072bbac773960dfa36
2023-04-21,54398875,WETH-USDT,0.3%,0x4e68ccd3e89f51c3074ca5072bbac773960dfa36
2023-04-22,54329370,WETH-USDT,0.3%,0x4e68ccd3e89f51c3074ca5072bbac773960dfa36
2023-04-23,54589735,WETH-USDT,0.3%,0x4e68ccd3e89f51c3074ca5072bbac773960dfa36
2023-04-24,54116476,WETH-USDT,0.3%,0x4e68ccd3e89f51c3074ca5072bbac773960dfa36
2023-04-25,54747074,WETH-USDT,0.3%,0x4e68ccd3e89f51c3074ca5072bbac773960dfa36
2023-04-26,56721568,WETH-USDT,0.3%,0x4e68ccd3e89f51c3074ca5072bbac773960dfa36
2023-04-27,57592290,WETH-USDT,0.3%,0x4e68ccd3e89f51c3074ca5072bbac773960dfa36
2023-04-28,57707249,WETH-USDT,0.3%,0x4e68ccd3e89f51c3074ca5072bbac773960dfa36
2023-04-29,58014772,WETH-USDT,0.3%,0x4e68ccd3e89f51c3074ca5072bbac773960dfa36
2023-04-30,58172660,WETH-USDT,0.3%,0x4e68ccd3e89f51c3074ca5072bbac773960dfa36
2023-05-01,56008379,WETH-USDT,0.3%,0x4e68ccd3e89f51c3074ca5072bbac773960dfa36
2023-05-02,57077404,WETH-USDT,0.3%,0x4e68ccd3e89f51c3074ca5072bbac773960dfa36
2023-05-03,56799241,WETH-USDT,0.3%,0x4e68ccd3e89f51c3074ca5072bbac773960dfa36
2023-05-04,54176127,WETH-USDT,0.3%,0x4e68ccd3e89f51c3074ca5072bbac773960dfa36
2023-05-05,56016841,WETH-USDT,0.3%,0x4e68ccd3e89f51c3074ca5072bbac773960dfa36
2023-05-06,54699855,WETH-USDT,0.3%,0x4e68ccd3e89f51c3074ca5072bbac773960dfa36
2023-05-07,52529388,WETH-USDT,0.3%,0x4e68ccd3e89f51c3074ca5072bbac773960dfa36
2023-05-08,51606912,WETH-USDT,0.3%,0x4e68ccd3e89f51c3074ca5072bbac773960dfa36
2023-05-09,52395854,WETH-USDT,0.3%,0x4e68ccd3e89f51c3074ca5072bbac773960dfa36
2023-05-10,52336488,WETH-USDT,0.3%,0x4e68ccd3e89f51c3074ca5072bbac773960dfa36
2023-05-11,51796908,WETH-USDT,0.3%,0x4e68ccd3e89f51c3074ca5072bbac773960dfa36
2023-05-12,52029020,WETH-USDT,0.3%,0x4e68ccd3e89f51c3074ca5072bbac773960dfa36
2023-05-13,51908922,WETH-USDT,0.3%,0x4e68ccd3e89f51c3074ca5072bbac773960dfa36
2023-05-14,51975341,WETH-USDT,0.3%,0x4e68ccd3e89f51c3074ca5072bbac773960dfa36
2023-05-15,52126286,WETH-USDT,0.3%,0x4e68ccd3e89f51c3074ca5072bbac773960dfa36
2023-05-16,52829871,WETH-USDT,0.3%,0x4e68ccd3e89f51c3074ca5072bbac773960dfa36
2023-05-17,53012153,WETH-USDT,0.3%,0x4e68ccd3e89f51c3074ca5072bbac773960dfa36
2023-05-18,52645334,WETH-USDT,0.3%,0x4e68ccd3e89f51c3074ca5072bbac773960dfa36
2023-05-19,52689912,WETH-USDT,0.3%,0x4e68ccd3e89f51c3074ca5072bbac773960dfa36
2023-05-20,52554334,WETH-USDT,0.3%,0x4e68ccd3e89f51c3074ca5072bbac773960dfa36
2023-05-21,52337335,WETH-USDT,0.3%,0x4e68ccd3e89f51c3074ca5072bbac773960dfa36
2023-05-22,51673100,WETH-USDT,0.3%,0x4e68ccd3e89f51c3074ca5072bbac773960dfa36
2023-05-23,52305958,WETH-USDT,0.3%,0x4e68ccd3e89f51c3074ca5072bbac773960dfa36
2023-05-24,51522112,WETH-USDT,0.3%,0x4e68ccd3e89f51c3074ca5072bbac773960dfa36
2023-05-25,51790796,WETH-USDT,0.3%,0x4e68ccd3e89f51c3074ca5072bbac773960dfa36
2023-05-26,52288062,WETH-USDT,0.3%,0x4e68ccd3e89f51c3074ca5072bbac773960dfa36
2023-05-27,51900865,WETH-USDT,0.3%,0x4e68ccd3e89f51c3074ca5072bbac773960dfa36
2023-05-28,52518713,WETH-USDT,0.3%,0x4e68ccd3e89f51c3074ca5072bbac773960dfa36
2023-05-29,52043191,WETH-USDT,0.3%,0x4e68ccd3e89f51c3074ca5072bbac773960dfa36
2023-05-30,52245886,WETH-USDT,0.3%,0x4e68ccd3e89f51c3074ca5072bbac773960dfa36
2023-05-31,52199783,WETH-USDT,0.3%,0x4e68ccd3e89f51c3074ca5072bbac773960dfa36
2023-06-01,51807901,WETH-USDT,0.3%,0x4e68ccd3e89f51c3074ca5072bbac773960dfa36
2023-06-02,52547335,WETH-USDT,0.3%,0x4e68ccd3e89f51c3074ca5072bbac773960dfa36
2023-06-03,54533782,WETH-USDT,0.3%,0x4e68ccd3e89f51c3074ca5072bbac773960dfa36
2023-06-04,54742800,WETH-USDT,0.3%,0x4e68ccd3e89f51c3074ca5072bbac773960dfa36
2023-06-05,52789578,WETH-USDT,0.3%,0x4e68ccd3e89f51c3074ca5072bbac773960dfa36
2023-06-06,54115176,WETH-USDT,0.3%,0x4e68ccd3e89f51c3074ca5072bbac773960dfa36
2023-06-07,53390682,WETH-USDT,0.3%,0x4e68ccd3e89f51c3074ca5072bbac773960dfa36
2023-06-08,53744928,WETH-USDT,0.3%,0x4e68ccd3e89f51c3074ca5072bbac773960dfa36
2023-06-09,53663369,WETH-USDT,0.3%,0x4e68ccd3e89f51c3074ca5072bbac773960dfa36
2023-06-10,52355176,WETH-USDT,0.3%,0x4e68ccd3e89f51c3074ca5072bbac773960dfa36
2023-06-11,52537080,WETH-USDT,0.3%,0x4e68ccd3e89f51c3074ca5072bbac773960dfa36
2023-06-12,52250787,WETH-USDT,0.3%,0x4e68ccd3e89f51c3074ca5072bbac773960dfa36
2023-06-13,52163411,WETH-USDT,0.3%,0x4e68ccd3e89f51c3074ca5072bbac773960dfa36
2023-06-14,50261296,WETH-USDT,0.3%,0x4e68ccd3e89f51c3074ca5072bbac773960dfa36
2023-06-15,48635454,WETH-USDT,0.3%,0x4e68ccd3e89f51c3074ca5072bbac773960dfa36
2023-06-16,49900092,WETH-USDT,0.3%,0x4e68ccd3e89f51c3074ca5072bbac773960dfa36
2023-06-17,50118369,WETH-USDT,0.3%,0x4e68ccd3e89f51c3074ca5072bbac773960dfa36
2023-06-18,51287458,WETH-USDT,0.3%,0x4e68ccd3e89f51c3074ca5072bbac773960dfa36
2023-06-19,50838683,WETH-USDT,0.3%,0x4e68ccd3e89f51c3074ca5072bbac773960dfa36
2023-06-20,51791154,WETH-USDT,0.3%,0x4e68ccd3e89f51c3074ca5072bbac773960dfa36
2023-06-21,53213220,WETH-USDT,0.3%,0x4e68ccd3e89f51c3074ca5072bbac773960dfa36
2023-06-22,53394964,WETH-USDT,0.3%,0x4e68ccd3e89f51c3074ca5072bbac773960dfa36
2023-06-23,53311805,WETH-USDT,0.3%,0x4e68ccd3e89f51c3074ca5072bbac773960dfa36
2023-06-24,53022685,WETH-USDT,0.3%,0x4e68ccd3e89f51c3074ca5072bbac773960dfa36
2023-06-25,52072041,WETH-USDT,0.3%,0x4e68ccd3e89f51c3074ca5072bbac773960dfa36
2023-06-26,51451919,WETH-USDT,0.3%,0x4e68ccd3e89f51c3074ca5072bbac773960dfa36
2023-06-27,51850547,WETH-USDT,0.3%,0x4e68ccd3e89f51c3074ca5072bbac773960dfa36
2023-06-28,50910753,WETH-USDT,0.3%,0x4e68ccd3e89f51c3074ca5072bbac773960dfa36
2023-06-29,51288598,WETH-USDT,0.3%,0x4e68ccd3e89f51c3074ca5072bbac773960dfa36
2023-06-30,53546345,WETH-USDT,0.3%,0x4e68ccd3e89f51c3074ca5072bbac773960dfa36
2023-07-01,53473991,WETH-USDT,0.3%,0x4e68ccd3e89f51c3074ca5072bbac773960dfa36
2023-07-02,53747606,WETH-USDT,0.3%,0x4e68ccd3e89f51c3074ca5072bbac773960dfa36
2023-07-03,52835846,WETH-USDT,0.3%,0x4e68ccd3e89f51c3074ca5072bbac773960dfa36
2023-07-04,52462243,WETH-USDT,0.3%,0x4e68ccd3e89f51c3074ca5072bbac773960dfa36
2023-07-05,52133040,WETH-USDT,0.3%,0x4e68ccd3e89f51c3074ca5072bbac773960dfa36
2023-07-06,51648370,WETH-USDT,0.3%,0x4e68ccd3e89f51c3074ca5072bbac773960dfa36
2023-07-07,52867212,WETH-USDT,0.3%,0x4e68ccd3e89f51c3074ca5072bbac773960dfa36
2023-07-08,52777669,WETH-USDT,0.3%,0x4e68ccd3e89f51c3074ca5072bbac773960dfa36
2023-07-09,52730618,WETH-USDT,0.3%,0x4e68ccd3e89f51c3074ca5072bbac773960dfa36
2023-07-10,53104552,WETH-USDT,0.3%,0x4e68ccd3e89f51c3074ca5072bbac773960dfa36
2023-07-11,53461555,WETH-USDT,0.3%,0x4e68ccd3e89f51c3074ca5072bbac773960dfa36
2023-07-12,53407339,WETH-USDT,0.3%,0x4e68ccd3e89f51c3074ca5072bbac773960dfa36
2023-07-13,55638850,WETH-USDT,0.3%,0x4e68ccd3e89f51c3074ca5072bbac773960dfa36
2023-07-14,55080643,WETH-USDT,0.3%,0x4e68ccd3e89f51c3074ca5072bbac773960dfa36
2023-07-15,55496627,WETH-USDT,0.3%,0x4e68ccd3e89f51c3074ca5072bbac773960dfa36
2023-07-16,55139855,WETH-USDT,0.3%,0x4e68ccd3e89f51c3074ca5072bbac773960dfa36
2023-07-17,54707849,WETH-USDT,0.3%,0x4e68ccd3e89f51c3074ca5072bbac773960dfa36
2023-07-18,54543618,WETH-USDT,0.3%,0x4e68ccd3e89f51c3074ca5072bbac773960dfa36
2023-07-19,54341127,WETH-USDT,0.3%,0x4e68ccd3e89f51c3074ca5072bbac773960dfa36
2023-07-20,53646549,WETH-USDT,0.3%,0x4e68ccd3e89f51c3074ca5072bbac773960dfa36
2023-07-21,53582843,WETH-USDT,0.3%,0x4e68ccd3e89f51c3074ca5072bbac773960dfa36
2023-07-22,53473965,WETH-USDT,0.3%,0x4e68ccd3e89f51c3074ca5072bbac773960dfa36
2023-07-23,53512535,WETH-USDT,0.3%,0x4e68ccd3e89f51c3074ca5072bbac773960dfa36
2023-07-24,51936604,WETH-USDT,0.3%,0x4e68ccd3e89f51c3074ca5072bbac773960dfa36
2023-07-25,52131950,WETH-USDT,0.3%,0x4e68ccd3e89f51c3074ca5072bbac773960dfa36
2023-07-26,52211762,WETH-USDT,0.3%,0x4e68ccd3e89f51c3074ca5072bbac773960dfa36
2023-07-27,51426746,WETH-USDT,0.3%,0x4e68ccd3e89f51c3074ca5072bbac773960dfa36
2023-07-28,51699690,WETH-USDT,0.3%,0x4e68ccd3e89f51c3074ca5072bbac773960dfa36
2023-07-29,51784996,WETH-USDT,0.3%,0x4e68ccd3e89f51c3074ca5072bbac773960dfa36
2023-07-30,51763492,WETH-USDT,0.3%,0x4e68ccd3e89f51c3074ca5072bbac773960dfa36
2023-07-31,51986194,WETH-USDT,0.3%,0x4e68ccd3e89f51c3074ca5072bbac773960dfa36
2023-08-01,51789743,WETH-USDT,0.3%,0x4e68ccd3e89f51c3074ca5072bbac773960dfa36
2023-08-02,50564361,WETH-USDT,0.3%,0x4e68ccd3e89f51c3074ca5072bbac773960dfa36
2023-08-03,50477217,WETH-USDT,0.3%,0x4e68ccd3e89f51c3074ca5072bbac773960dfa36
2023-08-04,51099607,WETH-USDT,0.3%,0x4e68ccd3e89f51c3074ca5072bbac773960dfa36
2023-08-05,51501173,WETH-USDT,0.3%,0x4e68ccd3e89f51c3074ca5072bbac773960dfa36
2023-08-06,51423550,WETH-USDT,0.3%,0x4e68ccd3e89f51c3074ca5072bbac773960dfa36
2023-08-07,51355133,WETH-USDT,0.3%,0x4e68ccd3e89f51c3074ca5072bbac773960dfa36
2023-08-08,54322007,WETH-USDT,0.3%,0x4e68ccd3e89f51c3074ca5072bbac773960dfa36
2023-08-09,51024879,WETH-USDT,0.3%,0x4e68ccd3e89f51c3074ca5072bbac773960dfa36
2023-08-10,53659342,WETH-USDT,0.3%,0x4e68ccd3e89f51c3074ca5072bbac773960dfa36
2023-08-11,53599770,WETH-USDT,0.3%,0x4e68ccd3e89f51c3074ca5072bbac773960dfa36
2023-08-12,53609021,WETH-USDT,0.3%,0x4e68ccd3e89f51c3074ca5072bbac773960dfa36
2023-08-13,53425694,WETH-USDT,0.3%,0x4e68ccd3e89f51c3074ca5072bbac773960dfa36
2023-08-14,53569142,WETH-USDT,0.3%,0x4e68ccd3e89f51c3074ca5072bbac773960dfa36
2023-08-15,53301923,WETH-USDT,0.3%,0x4e68ccd3e89f51c3074ca5072bbac773960dfa36
2023-08-16,52946068,WETH-USDT,0.3%,0x4e68ccd3e89f51c3074ca5072bbac773960dfa36
2023-08-17,49034005,WETH-USDT,0.3%,0x4e68ccd3e89f51c3074ca5072bbac773960dfa36
2023-08-18,46292950,WETH-USDT,0.3%,0x4e68ccd3e89f51c3074ca5072bbac773960dfa36
2023-08-19,45020529,WETH-USDT,0.3%,0x4e68ccd3e89f51c3074ca5072bbac773960dfa36
2023-08-20,45375522,WETH-USDT,0.3%,0x4e68ccd3e89f51c3074ca5072bbac773960dfa36
2023-08-21,45091216,WETH-USDT,0.3%,0x4e68ccd3e89f51c3074ca5072bbac773960dfa36
2023-08-22,44107926,WETH-USDT,0.3%,0x4e68ccd3e89f51c3074ca5072bbac773960dfa36
2023-08-23,45505081,WETH-USDT,0.3%,0x4e68ccd3e89f51c3074ca5072bbac773960dfa36
2023-08-24,45207195,WETH-USDT,0.3%,0x4e68ccd3e89f51c3074ca5072bbac773960dfa36
2023-08-25,45122265,WETH-USDT,0.3%,0x4e68ccd3e89f51c3074ca5072bbac773960dfa36
2023-08-26,45061620,WETH-USDT,0.3%,0x4e68ccd3e89f51c3074ca5072bbac773960dfa36
2023-08-27,45265081,WETH-USDT,0.3%,0x4e68ccd3e89f51c3074ca5072bbac773960dfa36
2023-08-28,45168451,WETH-USDT,0.3%,0x4e68ccd3e89f51c3074ca5072bbac773960dfa36
2023-08-29,46625441,WETH-USDT,0.3%,0x4e68ccd3e89f51c3074ca5072bbac773960dfa36
2023-08-30,48883755,WETH-USDT,0.3%,0x4e68ccd3e89f51c3074ca5072bbac773960dfa36
2023-08-31,47888621,WETH-USDT,0.3%,0x4e68ccd3e89f51c3074ca5072bbac773960dfa36
2023-09-01,47773801,WETH-USDT,0.3%,0x4e68ccd3e89f51c3074ca5072bbac773960dfa36
2023-09-04,44531436,WETH-USDT,0.3%,0x4e68ccd3e89f51c3074ca5072bbac773960dfa36
2023-09-05,44538914,WETH-USDT,0.3%,0x4e68ccd3e89f51c3074ca5072bbac773960dfa36
2023-09-06,44551451,WETH-USDT,0.3%,0x4e68ccd3e89f51c3074ca5072bbac773960dfa36
2023-09-07,45162615,WETH-USDT,0.3%,0x4e68ccd3e89f51c3074ca5072bbac773960dfa36
2023-09-08,44760826,WETH-USDT,0.3%,0x4e68ccd3e89f51c3074ca5072bbac773960dfa36
2023-09-09,44841639,WETH-USDT,0.3%,0x4e68ccd3e89f51c3074ca5072bbac773960dfa36
2023-09-10,44420949,WETH-USDT,0.3%,0x4e68ccd3e89f51c3074ca5072bbac773960dfa36
2023-09-11,43581752,WETH-USDT,0.3%,0x4e68ccd3e89f51c3074ca5072bbac773960dfa36
2023-09-12,44505901,WETH-USDT,0.3%,0x4e68ccd3e89f51c3074ca5072bbac773960dfa36
2023-09-13,44767032,WETH-USDT,0.3%,0x4e68ccd3e89f51c3074ca5072bbac773960dfa36
2023-09-14,45635652,WETH-USDT,0.3%,0x4e68ccd3e89f51c3074ca5072bbac773960dfa36
2023-09-15,45911087,WETH-USDT,0.3%,0x4e68ccd3e89f51c3074ca5072bbac773960dfa36
2023-09-16,45707743,WETH-USDT,0.3%,0x4e68ccd3e89f51c3074ca5072bbac773960dfa36
2023-09-17,45377929,WETH-USDT,0.3%,0x4e68ccd3e89f51c3074ca5072bbac773960dfa36
2023-09-18,45830170,WETH-USDT,0.3%,0x4e68ccd3e89f51c3074ca5072bbac773960dfa36
2023-09-19,46214208,WETH-USDT,0.3%,0x4e68ccd3e89f51c3074ca5072bbac773960dfa36
2023-09-20,45841987,WETH-USDT,0.3%,0x4e68ccd3e89f51c3074ca5072bbac773960dfa36
2023-09-21,45085325,WETH-USDT,0.3%,0x4e68ccd3e89f51c3074ca5072bbac773960dfa36
2023-09-22,45254322,WETH-USDT,0.3%,0x4e68ccd3e89f51c3074ca5072bbac773960dfa36
2023-09-23,45335190,WETH-USDT,0.3%,0x4e68ccd3e89f51c3074ca5072bbac773960dfa36
2023-09-24,45261024,WETH-USDT,0.3%,0x4e68ccd3e89f51c3074ca5072bbac773960dfa36
2023-09-25,45045106,WETH-USDT,0.3%,0x4e68ccd3e89f51c3074ca5072bbac773960dfa36
2023-09-26,44999639,WETH-USDT,0.3%,0x4e68ccd3e89f51c3074ca5072bbac773960dfa36
2023-09-27,45245877,WETH-USDT,0.3%,0x4e68ccd3e89f51c3074ca5072bbac773960dfa36
2023-09-28,46028214,WETH-USDT,0.3%,0x4e68ccd3e89f51c3074ca5072bbac773960dfa36
2023-09-29,48843119,WETH-USDT,0.3%,0x4e68ccd3e89f51c3074ca5072bbac773960dfa36
2023-09-30,49027548,WETH-USDT,0.3%,0x4e68ccd3e89f51c3074ca5072bbac773960dfa36
2023-10-01,50067196,WETH-USDT,0.3%,0x4e68ccd3e89f51c3074ca5072bbac773960dfa36
2023-10-02,58455050,WETH-USDT,0.3%,0x4e68ccd3e89f51c3074ca5072bbac773960dfa36
2023-10-03,58306313,WETH-USDT,0.3%,0x4e68ccd3e89f51c3074ca5072bbac773960dfa36
2023-10-04,58281308,WETH-USDT,0.3%,0x4e68ccd3e89f51c3074ca5072bbac773960dfa36
2023-10-05,57591103,WETH-USDT,0.3%,0x4e68ccd3e89f51c3074ca5072bbac773960dfa36
2023-10-06,58265834,WETH-USDT,0.3%,0x4e68ccd3e89f51c3074ca5072bbac773960dfa36
2023-10-07,58008579,WETH-USDT,0.3%,0x4e68ccd3e89f51c3074ca5072bbac773960dfa36
2023-10-08,59552746,WETH-USDT,0.3%,0x4e68ccd3e89f51c3074ca5072bbac773960dfa36
2023-10-09,58097941,WETH-USDT,0.3%,0x4e68ccd3e89f51c3074ca5072bbac773960dfa36
2023-10-10,57113665,WETH-USDT,0.3%,0x4e68ccd3e89f51c3074ca5072bbac773960dfa36
2023-10-11,57095282,WETH-USDT,0.3%,0x4e68ccd3e89f51c3074ca5072bbac773960dfa36
2023-10-12,56289246,WETH-USDT,0.3%,0x4e68ccd3e89f51c3074ca5072bbac773960dfa36
2023-10-13,56680081,WETH-USDT,0.3%,0x4e68ccd3e89f51c3074ca5072bbac773960dfa36
2023-10-14,56847673,WETH-USDT,0.3%,0x4e68ccd3e89f51c3074ca5072bbac773960dfa36
2023-10-15,56900398,WETH-USDT,0.3%,0x4e68ccd3e89f51c3074ca5072bbac773960dfa36
2023-10-16,57970850,WETH-USDT,0.3%,0x4e68ccd3e89f51c3074ca5072bbac773960dfa36
2023-10-17,57231515,WETH-USDT,0.3%,0x4e68ccd3e89f51c3074ca5072bbac773960dfa36
2023-10-18,57273726,WETH-USDT,0.3%,0x4e68ccd3e89f51c3074ca5072bbac773960dfa36
2023-10-19,57260923,WETH-USDT,0.3%,0x4e68ccd3e89f51c3074ca5072bbac773960dfa36
2023-10-20,58081303,WETH-USDT,0.3%,0x4e68ccd3e89f51c3074ca5072bbac773960dfa36
2023-10-21,58647268,WETH-USDT,0.3%,0x4e68ccd3e89f51c3074ca5072bbac773960dfa36
2023-10-22,59182527,WETH-USDT,0.3%,0x4e68ccd3e89f51c3074ca5072bbac773960dfa36
2023-10-23,61369553,WETH-USDT,0.3%,0x4e68ccd3e89f51c3074ca5072bbac773960dfa36
2023-10-24,55813959,WETH-USDT,0.3%,0x4e68ccd3e89f51c3074ca5072bbac773960dfa36
2023-10-25,55976290,WETH-USDT,0.3%,0x4e68ccd3e89f51c3074ca5072bbac773960dfa36
2023-10-26,56233002,WETH-USDT,0.3%,0x4e68ccd3e89f51c3074ca5072bbac773960dfa36
2023-10-27,64771258,WETH-USDT,0.3%,0x4e68ccd3e89f51c3074ca5072bbac773960dfa36
2023-10-28,64785293,WETH-USDT,0.3%,0x4e68ccd3e89f51c3074ca5072bbac773960dfa36
2023-10-29,65413200,WETH-USDT,0.3%,0x4e68ccd3e89f51c3074ca5072bbac773960dfa36
2023-10-30,65490602,WETH-USDT,0.3%,0x4e68ccd3e89f51c3074ca5072bbac773960dfa36
2023-10-31,58560630,WETH-USDT,0.3%,0x4e68ccd3e89f51c3074ca5072bbac773960dfa36
2023-11-01,59420047,WETH-USDT,0.3%,0x4e68ccd3e89f51c3074ca5072bbac773960dfa36
2023-11-02,58863840,WETH-USDT,0.3%,0x4e68ccd3e89f51c3074ca5072bbac773960dfa36
2023-11-03,57693746,WETH-USDT,0.3%,0x4e68ccd3e89f51c3074ca5072bbac773960dfa36
2023-11-04,55944101,WETH-USDT,0.3%,0x4e68ccd3e89f51c3074ca5072bbac773960dfa36
2023-11-05,56463696,WETH-USDT,0.3%,0x4e68ccd3e89f51c3074ca5072bbac773960dfa36
2023-11-06,56937638,WETH-USDT,0.3%,0x4e68ccd3e89f51c3074ca5072bbac773960dfa36
2023-11-07,56638027,WETH-USDT,0.3%,0x4e68ccd3e89f51c3074ca5072bbac773960dfa36
2023-11-08,57384545,WETH-USDT,0.3%,0x4e68ccd3e89f51c3074ca5072bbac773960dfa36
2023-11-09,52331451,WETH-USDT,0.3%,0x4e68ccd3e89f51c3074ca5072bbac773960dfa36
2023-11-10,63026571,WETH-USDT,0.3%,0x4e68ccd3e89f51c3074ca5072bbac773960dfa36
2023-11-11,62154315,WETH-USDT,0.3%,0x4e68ccd3e89f51c3074ca5072bbac773960dfa36
2023-11-12,62238026,WETH-USDT,0.3%,0x4e68ccd3e89f51c3074ca5072bbac773960dfa36
2023-11-13,62823693,WETH-USDT,0.3%,0x4e68ccd3e89f51c3074ca5072bbac773960dfa36
2023-11-14,61787634,WETH-USDT,0.3%,0x4e68ccd3e89f51c3074ca5072bbac773960dfa36
2023-11-15,62859654,WETH-USDT,0.3%,0x4e68ccd3e89f51c3074ca5072bbac773960dfa36
2023-11-16,61270342,WETH-USDT,0.3%,0x4e68ccd3e89f51c3074ca5072bbac773960dfa36
2023-11-17,61123465,WETH-USDT,0.3%,0x4e68ccd3e89f51c3074ca5072bbac773960dfa36
2023-11-18,62140854,WETH-USDT,0.3%,0x4e68ccd3e89f51c3074ca5072bbac773960dfa36
2023-11-19,62765144,WETH-USDT,0.3%,0x4e68ccd3e89f51c3074ca5072bbac773960dfa36
2023-11-20,63721705,WETH-USDT,0.3%,0x4e68ccd3e89f51c3074ca5072bbac773960dfa36
2023-11-21,62668914,WETH-USDT,0.3%,0x4e68ccd3e89f51c3074ca5072bbac773960dfa36
2023-11-22,65287838,WETH-USDT,0.3%,0x4e68ccd3e89f51c3074ca5072bbac773960dfa36
2023-11-23,65213098,WETH-USDT,0.3%,0x4e68ccd3e89f51c3074ca5072bbac773960dfa36
2023-11-24,69294790,WETH-USDT,0.3%,0x4e68ccd3e89f51c3074ca5072bbac773960dfa36
2023-11-25,65821887,WETH-USDT,0.3%,0x4e68ccd3e89f51c3074ca5072bbac773960dfa36
2023-11-26,65430406,WETH-USDT,0.3%,0x4e68ccd3e89f51c3074ca5072bbac773960dfa36
2023-11-27,68081398,WETH-USDT,0.3%,0x4e68ccd3e89f51c3074ca5072bbac773960dfa36
2023-11-28,68662491,WETH-USDT,0.3%,0x4e68ccd3e89f51c3074ca5072bbac773960dfa36
2023-11-29,68359081,WETH-USDT,0.3%,0x4e68ccd3e89f51c3074ca5072bbac773960dfa36
2023-11-30,68921620,WETH-USDT,0.3%,0x4e68ccd3e89f51c3074ca5072bbac773960dfa36
2023-12-01,69577648,WETH-USDT,0.3%,0x4e68ccd3e89f51c3074ca5072bbac773960dfa36
2023-12-02,70408284,WETH-USDT,0.3%,0x4e68ccd3e89f51c3074ca5072bbac773960dfa36
2023-12-03,70944781,WETH-USDT,0.3%,0x4e68ccd3e89f51c3074ca5072bbac773960dfa36
2023-12-04,71321979,WETH-USDT,0.3%,0x4e68ccd3e89f51c3074ca5072bbac773960dfa36
2023-12-05,70909607,WETH-USDT,0.3%,0x4e68ccd3e89f51c3074ca5072bbac773960dfa36
2023-12-06,66677712,WETH-USDT,0.3%,0x4e68ccd3e89f51c3074ca5072bbac773960dfa36
2023-12-07,64298753,WETH-USDT,0.3%,0x4e68ccd3e89f51c3074ca5072bbac773960dfa36
2023-12-08,66991134,WETH-USDT,0.3%,0x4e68ccd3e89f51c3074ca5072bbac773960dfa36
2023-12-09,68167201,WETH-USDT,0.3%,0x4e68ccd3e89f51c3074ca5072bbac773960dfa36
2023-12-10,68291604,WETH-USDT,0.3%,0x4e68ccd3e89f51c3074ca5072bbac773960dfa36
2023-12-11,66032534,WETH-USDT,0.3%,0x4e68ccd3e89f51c3074ca5072bbac773960dfa36
2023-12-12,65511688,WETH-USDT,0.3%,0x4e68ccd3e89f51c3074ca5072bbac773960dfa36
2023-12-13,69135986,WETH-USDT,0.3%,0x4e68ccd3e89f51c3074ca5072bbac773960dfa36
2023-12-14,69782599,WETH-USDT,0.3%,0x4e68ccd3e89f51c3074ca5072bbac773960dfa36
2023-12-15,68972246,WETH-USDT,0.3%,0x4e68ccd3e89f51c3074ca5072bbac773960dfa36
2023-12-16,68997998,WETH-USDT,0.3%,0x4e68ccd3e89f51c3074ca5072bbac773960dfa36
2023-12-17,68394073,WETH-USDT,0.3%,0x4e68ccd3e89f51c3074ca5072bbac773960dfa36
2023-12-18,71717407,WETH-USDT,0.3%,0x4e68ccd3e89f51c3074ca5072bbac773960dfa36
2023-12-19,71245221,WETH-USDT,0.3%,0x4e68ccd3e89f51c3074ca5072bbac773960dfa36
2023-12-20,71265801,WETH-USDT,0.3%,0x4e68ccd3e89f51c3074ca5072bbac773960dfa36
2023-12-21,72006039,WETH-USDT,0.3%,0x4e68ccd3e89f51c3074ca5072bbac773960dfa36
2023-12-22,69667428,WETH-USDT,0.3%,0x4e68ccd3e89f51c3074ca5072bbac773960dfa36
2023-12-23,70310520,WETH-USDT,0.3%,0x4e68ccd3e89f51c3074ca5072bbac773960dfa36
2023-12-24,69986176,WETH-USDT,0.3%,0x4e68ccd3e89f51c3074ca5072bbac773960dfa36
2023-12-25,67707705,WETH-USDT,0.3%,0x4e68ccd3e89f51c3074ca5072bbac773960dfa36
2023-12-26,67054447,WETH-USDT,0.3%,0x4e68ccd3e89f51c3074ca5072bbac773960dfa36
2023-12-27,68702591,WETH-USDT,0.3%,0x4e68ccd3e89f51c3074ca5072bbac773960dfa36
2023-12-28,66384553,WETH-USDT,0.3%,0x4e68ccd3e89f51c3074ca5072bbac773960dfa36
2023-12-29,65248328,WETH-USDT,0.3%,0x4e68ccd3e89f51c3074ca5072bbac773960dfa36
2023-12-30,65278821,WETH-USDT,0.3%,0x4e68ccd3e89f51c3074ca5072bbac773960dfa36
2023-12-31,65140487,WETH-USDT,0.3%,0x4e68ccd3e89f51c3074ca5072bbac773960dfa36
2024-01-01,66070397,WETH-USDT,0.3%,0x4e68ccd3e89f51c3074ca5072bbac773960dfa36
2024-01-02,69899630,WETH-USDT,0.3%,0x4e68ccd3e89f51c3074ca5072bbac773960dfa36
2024-01-03,69046270,WETH-USDT,0.3%,0x4e68ccd3e89f51c3074ca5072bbac773960dfa36
2024-01-04,70256663,WETH-USDT,0.3%,0x4e68ccd3e89f51c3074ca5072bbac773960dfa36
2024-01-05,69856010,WETH-USDT,0.3%,0x4e68ccd3e89f51c3074ca5072bbac773960dfa36
2024-01-06,69699644,WETH-USDT,0.3%,0x4e68ccd3e89f51c3074ca5072bbac773960dfa36
2024-01-07,69351648,WETH-USDT,0.3%,0x4e68ccd3e89f51c3074ca5072bbac773960dfa36
2024-01-08,71392655,WETH-USDT,0.3%,0x4e68ccd3e89f51c3074ca5072bbac773960dfa36
2024-01-09,71910578,WETH-USDT,0.3%,0x4e68ccd3e89f51c3074ca5072bbac773960dfa36
2024-01-10,72628073,WETH-USDT,0.3%,0x4e68ccd3e89f51c3074ca5072bbac773960dfa36
2024-01-11,68535937,WETH-USDT,0.3%,0x4e68ccd3e89f51c3074ca5072bbac773960dfa36
2024-01-12,67689982,WETH-USDT,0.3%,0x4e68ccd3e89f51c3074ca5072bbac773960dfa36
2024-01-13,56615497,WETH-USDT,0.3%,0x4e68ccd3e89f51c3074ca5072bbac773960dfa36
2024-01-14,56271658,WETH-USDT,0.3%,0x4e68ccd3e89f51c3074ca5072bbac773960dfa36
2024-01-15,56699421,WETH-USDT,0.3%,0x4e68ccd3e89f51c3074ca5072bbac773960dfa36
2024-01-16,55908286,WETH-USDT,0.3%,0x4e68ccd3e89f51c3074ca5072bbac773960dfa36
2024-01-17,55370948,WETH-USDT,0.3%,0x4e68ccd3e89f51c3074ca5072bbac773960dfa36
2024-01-18,55210718,WETH-USDT,0.3%,0x4e68ccd3e89f51c3074ca5072bbac773960dfa36
2024-01-19,54860260,WETH-USDT,0.3%,0x4e68ccd3e89f51c3074ca5072bbac773960dfa36
2024-01-20,54336191,WETH-USDT,0.3%,0x4e68ccd3e89f51c3074ca5072bbac773960dfa36
2024-01-21,54303044,WETH-USDT,0.3%,0x4e68ccd3e89f51c3074ca5072bbac773960dfa36
2024-01-22,59151602,WETH-USDT,0.3%,0x4e68ccd3e89f51c3074ca5072bbac773960dfa36
2024-01-23,58423550,WETH-USDT,0.3%,0x4e68ccd3e89f51c3074ca5072bbac773960dfa36
2024-01-24,58593954,WETH-USDT,0.3%,0x4e68ccd3e89f51c3074ca5072bbac773960dfa36
2024-01-25,58158006,WETH-USDT,0.3%,0x4e68ccd3e89f51c3074ca5072bbac773960dfa36
2024-01-26,59035177,WETH-USDT,0.3%,0x4e68ccd3e89f51c3074ca5072bbac773960dfa36
2024-01-27,59209167,WETH-USDT,0.3%,0x4e68ccd3e89f51c3074ca5072bbac773960dfa36
2024-01-28,58307674,WETH-USDT,0.3%,0x4e68ccd3e89f51c3074ca5072bbac773960dfa36
2024-01-29,53468875,WETH-USDT,0.3%,0x4e68ccd3e89f51c3074ca5072bbac773960dfa36
2024-01-30,54106337,WETH-USDT,0.3%,0x4e68ccd3e89f51c3074ca5072bbac773960dfa36
2024-01-31,54284028,WETH-USDT,0.3%,0x4e68ccd3e89f51c3074ca5072bbac773960dfa36
2024-02-01,54687436,WETH-USDT,0.3%,0x4e68ccd3e89f51c3074ca5072bbac773960dfa36
2024-02-02,54703453,WETH-USDT,0.3%,0x4e68ccd3e89f51c3074ca5072bbac773960dfa36
2024-02-03,54174221,WETH-USDT,0.3%,0x4e68ccd3e89f51c3074ca5072bbac773960dfa36
2024-02-04,54107551,WETH-USDT,0.3%,0x4e68ccd3e89f51c3074ca5072bbac773960dfa36
2024-02-05,56263976,WETH-USDT,0.3%,0x4e68ccd3e89f51c3074ca5072bbac773960dfa36
2024-02-06,62274371,WETH-USDT,0.3%,0x4e68ccd3e89f51c3074ca5072bbac773960dfa36
2024-02-07,56068446,WETH-USDT,0.3%,0x4e68ccd3e89f51c3074ca5072bbac773960dfa36
2024-02-08,55044211,WETH-USDT,0.3%,0x4e68ccd3e89f51c3074ca5072bbac773960dfa36
2024-02-09,55116074,WETH-USDT,0.3%,0x4e68ccd3e89f51c3074ca5072bbac773960dfa36
2024-02-10,55227372,WETH-USDT,0.3%,0x4e68ccd3e89f51c3074ca5072bbac773960dfa36
2024-02-11,55269171,WETH-USDT,0.3%,0x4e68ccd3e89f51c3074ca5072bbac773960dfa36
2024-02-12,56009644,WETH-USDT,0.3%,0x4e68ccd3e89f51c3074ca5072bbac773960dfa36
2024-02-13,41731617,WETH-USDT,0.3%,0x4e68ccd3e89f51c3074ca5072bbac773960dfa36
2024-02-14,42359646,WETH-USDT,0.3%,0x4e68ccd3e89f51c3074ca5072bbac773960dfa36
2024-02-15,41778391,WETH-USDT,0.3%,0x4e68ccd3e89f51c3074ca5072bbac773960dfa36
2024-02-16,41151722,WETH-USDT,0.3%,0x4e68ccd3e89f51c3074ca5072bbac773960dfa36
2024-02-17,41008331,WETH-USDT,0.3%,0x4e68ccd3e89f51c3074ca5072bbac773960dfa36
2024-02-18,41432315,WETH-USDT,0.3%,0x4e68ccd3e89f51c3074ca5072bbac773960dfa36
2024-02-19,42233582,WETH-USDT,0.3%,0x4e68ccd3e89f51c3074ca5072bbac773960dfa36
2024-02-20,41555686,WETH-USDT,0.3%,0x4e68ccd3e89f51c3074ca5072bbac773960dfa36
2024-02-21,42368374,WETH-USDT,0.3%,0x4e68ccd3e89f51c3074ca5072bbac773960dfa36
2024-02-22,42693296,WETH-USDT,0.3%,0x4e68ccd3e89f51c3074ca5072bbac773960dfa36
2024-02-23,42550015,WETH-USDT,0.3%,0x4e68ccd3e89f51c3074ca5072bbac773960dfa36
2024-02-24,42859487,WETH-USDT,0.3%,0x4e68ccd3e89f51c3074ca5072bbac773960dfa36
2024-02-25,43469384,WETH-USDT,0.3%,0x4e68ccd3e89f51c3074ca5072bbac773960dfa36
2024-02-26,43442192,WETH-USDT,0.3%,0x4e68ccd3e89f51c3074ca5072bbac773960dfa36
2024-02-27,46932463,WETH-USDT,0.3%,0x4e68ccd3e89f51c3074ca5072bbac773960dfa36
2024-02-28,46443550,WETH-USDT,0.3%,0x4e68ccd3e89f51c3074ca5072bbac773960dfa36
2024-02-29,43659170,WETH-USDT,0.3%,0x4e68ccd3e89f51c3074ca5072bbac773960dfa36
2024-03-01,43676849,WETH-USDT,0.3%,0x4e68ccd3e89f51c3074ca5072bbac773960dfa36
2024-03-02,43516191,WETH-USDT,0.3%,0x4e68ccd3e89f51c3074ca5072bbac773960dfa36
2024-03-03,43643435,WETH-USDT,0.3%,0x4e68ccd3e89f51c3074ca5072bbac773960dfa36
2024-03-04,44100608,WETH-USDT,0.3%,0x4e68ccd3e89f51c3074ca5072bbac773960dfa36
2024-03-05,43384426,WETH-USDT,0.3%,0x4e68ccd3e89f51c3074ca5072bbac773960dfa36
2024-03-06,46082630,WETH-USDT,0.3%,0x4e68ccd3e89f51c3074ca5072bbac773960dfa36
2024-03-07,43487972,WETH-USDT,0.3%,0x4e68ccd3e89f51c3074ca5072bbac773960dfa36
2024-03-08,44618189,WETH-USDT,0.3%,0x4e68ccd3e89f51c3074ca5072bbac773960dfa36
2024-03-09,43768545,WETH-USDT,0.3%,0x4e68ccd3e89f51c3074ca5072bbac773960dfa36
2024-03-10,43506539,WETH-USDT,0.3%,0x4e68ccd3e89f51c3074ca5072bbac773960dfa36
2024-03-11,43782027,WETH-USDT,0.3%,0x4e68ccd3e89f51c3074ca5072bbac773960dfa36
2024-03-12,44043919,WETH-USDT,0.3%,0x4e68ccd3e89f51c3074ca5072bbac773960dfa36
2024-03-13,44126973,WETH-USDT,0.3%,0x4e68ccd3e89f51c3074ca5072bbac773960dfa36
2024-03-14,45571299,WETH-USDT,0.3%,0x4e68ccd3e89f51c3074ca5072bbac773960dfa36
2024-03-15,45428707,WETH-USDT,0.3%,0x4e68ccd3e89f51c3074ca5072bbac773960dfa36
2024-03-16,44710308,WETH-USDT,0.3%,0x4e68ccd3e89f51c3074ca5072bbac773960dfa36
2024-03-17,44805881,WETH-USDT,0.3%,0x4e68ccd3e89f51c3074ca5072bbac773960dfa36
2024-03-18,44311672,WETH-USDT,0.3%,0x4e68ccd3e89f51c3074ca5072bbac773960dfa36
2024-03-19,43598616,WETH-USDT,0.3%,0x4e68ccd3e89f51c3074ca5072bbac773960dfa36
2024-03-20,41475078,WETH-USDT,0.3%,0x4e68ccd3e89f51c3074ca5072bbac773960dfa36
2024-03-22,71245109,WETH-USDT,0.3%,0x4e68ccd3e89f51c3074ca5072bbac773960dfa36
2024-03-23,71767193,WETH-USDT,0.3%,0x4e68ccd3e89f51c3074ca5072bbac773960dfa36
2024-03-24,72508962,WETH-USDT,0.3%,0x4e68ccd3e89f51c3074ca5072bbac773960dfa36
2024-03-25,75512828,WETH-USDT,0.3%,0x4e68ccd3e89f51c3074ca5072bbac773960dfa36
2024-03-26,75428859,WETH-USDT,0.3%,0x4e68ccd3e89f51c3074ca5072bbac773960dfa36
2024-03-27,75463978,WETH-USDT,0.3%,0x4e68ccd3e89f51c3074ca5072bbac773960dfa36
2024-03-28,74354946,WETH-USDT,0.3%,0x4e68ccd3e89f51c3074ca5072bbac773960dfa36
2024-03-29,73094942,WETH-USDT,0.3%,0x4e68ccd3e89f51c3074ca5072bbac773960dfa36
2024-03-30,73175436,WETH-USDT,0.3%,0x4e68ccd3e89f51c3074ca5072bbac773960dfa36
2024-03-31,74123315,WETH-USDT,0.3%,0x4e68ccd3e89f51c3074ca5072bbac773960dfa36
2024-04-01,73696772,WETH-USDT,0.3%,0x4e68ccd3e89f51c3074ca5072bbac773960dfa36
2024-04-02,71961034,WETH-USDT,0.3%,0x4e68ccd3e89f51c3074ca5072bbac773960dfa36
2024-04-03,72035340,WETH-USDT,0.3%,0x4e68ccd3e89f51c3074ca5072bbac773960dfa36
2024-04-04,72232924,WETH-USDT,0.3%,0x4e68ccd3e89f51c3074ca5072bbac773960dfa36
2024-04-05,72289782,WETH-USDT,0.3%,0x4e68ccd3e89f51c3074ca5072bbac773960dfa36
2024-04-06,73547320,WETH-USDT,0.3%,0x4e68ccd3e89f51c3074ca5072bbac773960dfa36
2024-04-07,73869972,WETH-USDT,0.3%,0x4e68ccd3e89f51c3074ca5072bbac773960dfa36
2024-04-08,75875881,WETH-USDT,0.3%,0x4e68ccd3e89f51c3074ca5072bbac773960dfa36
2024-04-09,74408013,WETH-USDT,0.3%,0x4e68ccd3e89f51c3074ca5072bbac773960dfa36
2024-04-10,74614568,WETH-USDT,0.3%,0x4e68ccd3e89f51c3074ca5072bbac773960dfa36
2024-04-11,76003192,WETH-USDT,0.3%,0x4e68ccd3e89f51c3074ca5072bbac773960dfa36
2024-04-12,73420256,WETH-USDT,0.3%,0x4e68ccd3e89f51c3074ca5072bbac773960dfa36
2024-04-13,77715121,WETH-USDT,0.3%,0x4e68ccd3e89f51c3074ca5072bbac773960dfa36
2024-04-14,82712103,WETH-USDT,0.3%,0x4e68ccd3e89f51c3074ca5072bbac773960dfa36
2024-04-15,83667187,WETH-USDT,0.3%,0x4e68ccd3e89f51c3074ca5072bbac773960dfa36
2024-04-16,83479096,WETH-USDT,0.3%,0x4e68ccd3e89f51c3074ca5072bbac773960dfa36
2024-04-17,81876154,WETH-USDT,0.3%,0x4e68ccd3e89f51c3074ca5072bbac773960dfa36
2024-04-18,83180771,WETH-USDT,0.3%,0x4e68ccd3e89f51c3074ca5072bbac773960dfa36
2024-04-19,83414488,WETH-USDT,0.3%,0x4e68ccd3e89f51c3074ca5072bbac773960dfa36
2024-04-20,84466548,WETH-USDT,0.3%,0x4e68ccd3e89f51c3074ca5072bbac773960dfa36
2024-04-21,84561621,WETH-USDT,0.3%,0x4e68ccd3e89f51c3074ca5072bbac773960dfa36
2024-04-22,85507801,WETH-USDT,0.3%,0x4e68ccd3e89f51c3074ca5072bbac773960dfa36
2024-04-23,85489262,WETH-USDT,0.3%,0x4e68ccd3e89f51c3074ca5072bbac773960dfa36
2024-04-24,84689239,WETH-USDT,0.3%,0x4e68ccd3e89f51c3074ca5072bbac773960dfa36
2024-04-25,86527475,WETH-USDT,0.3%,0x4e68ccd3e89f51c3074ca5072bbac773960dfa36
2024-04-26,85602466,WETH-USDT,0.3%,0x4e68ccd3e89f51c3074ca5072bbac773960dfa36
2024-04-29,86682359,WETH-USDT,0.3%,0x4e68ccd3e89f51c3074ca5072bbac773960dfa36
2024-04-30,82966644,WETH-USDT,0.3%,0x4e68ccd3e89f51c3074ca5072bbac773960dfa36
2024-05-01,82546822,WETH-USDT,0.3%,0x4e68ccd3e89f51c3074ca5072bbac773960dfa36
2024-05-02,86059329,WETH-USDT,0.3%,0x4e68ccd3e89f51c3074ca5072bbac773960dfa36
2024-05-03,88244786,WETH-USDT,0.3%,0x4e68ccd3e89f51c3074ca5072bbac773960dfa36
2024-05-04,88379476,WETH-USDT,0.3%,0x4e68ccd3e89f51c3074ca5072bbac773960dfa36
2024-05-05,89012319,WETH-USDT,0.3%,0x4e68ccd3e89f51c3074ca5072bbac773960dfa36
2024-05-06,88338076,WETH-USDT,0.3%,0x4e68ccd3e89f51c3074ca5072bbac773960dfa36
2024-05-07,87734991,WETH-USDT,0.3%,0x4e68ccd3e89f51c3074ca5072bbac773960dfa36
2024-05-08,84120208,WETH-USDT,0.3%,0x4e68ccd3e89f51c3074ca5072bbac773960dfa36
2024-05-09,85992275,WETH-USDT,0.3%,0x4e68ccd3e89f51c3074ca5072bbac773960dfa36
2024-05-10,82939506,WETH-USDT,0.3%,0x4e68ccd3e89f51c3074ca5072bbac773960dfa36
2024-05-11,83304931,WETH-USDT,0.3%,0x4e68ccd3e89f51c3074ca5072bbac773960dfa36
2024-05-12,83659445,WETH-USDT,0.3%,0x4e68ccd3e89f51c3074ca5072bbac773960dfa36
2024-05-13,90528416,WETH-USDT,0.3%,0x4e68ccd3e89f51c3074ca5072bbac773960dfa36
2024-05-14,90264488,WETH-USDT,0.3%,0x4e68ccd3e89f51c3074ca5072bbac773960dfa36
2024-05-15,93113615,WETH-USDT,0.3%,0x4e68ccd3e89f51c3074ca5072bbac773960dfa36
2024-05-16,90790105,WETH-USDT,0.3%,0x4e68ccd3e89f51c3074ca5072bbac773960dfa36
2024-05-17,93546183,WETH-USDT,0.3%,0x4e68ccd3e89f51c3074ca5072bbac773960dfa36
2024-05-18,94157562,WETH-USDT,0.3%,0x4e68ccd3e89f51c3074ca5072bbac773960dfa36
2024-05-19,93406290,WETH-USDT,0.3%,0x4e68ccd3e89f51c3074ca5072bbac773960dfa36
2024-05-20,99682559,WETH-USDT,0.3%,0x4e68ccd3e89f51c3074ca5072bbac773960dfa36
2024-05-21,84046259,WETH-USDT,0.3%,0x4e68ccd3e89f51c3074ca5072bbac773960dfa36
2024-05-22,84524486,WETH-USDT,0.3%,0x4e68ccd3e89f51c3074ca5072bbac773960dfa36
2024-05-23,85593840,WETH-USDT,0.3%,0x4e68ccd3e89f51c3074ca5072bbac773960dfa36
2024-05-24,85710176,WETH-USDT,0.3%,0x4e68ccd3e89f51c3074ca5072bbac773960dfa36
2024-05-25,86492027,WETH-USDT,0.3%,0x4e68ccd3e89f51c3074ca5072bbac773960dfa36
2024-05-26,86783301,WETH-USDT,0.3%,0x4e68ccd3e89f51c3074ca5072bbac773960dfa36
2024-05-27,86807515,WETH-USDT,0.3%,0x4e68ccd3e89f51c3074ca5072bbac773960dfa36
2024-05-28,87473396,WETH-USDT,0.3%,0x4e68ccd3e89f51c3074ca5072bbac773960dfa36
2024-05-29,87112866,WETH-USDT,0.3%,0x4e68ccd3e89f51c3074ca5072bbac773960dfa36
2024-05-30,87156609,WETH-USDT,0.3%,0x4e68ccd3e89f51c3074ca5072bbac773960dfa36
2024-05-31,87288138,WETH-USDT,0.3%,0x4e68ccd3e89f51c3074ca5072bbac773960dfa36
2024-06-01,87549391,WETH-USDT,0.3%,0x4e68ccd3e89f51c3074ca5072bbac773960dfa36
2024-06-02,88268166,WETH-USDT,0.3%,0x4e68ccd3e89f51c3074ca5072bbac773960dfa36
2024-06-03,88264599,WETH-USDT,0.3%,0x4e68ccd3e89f51c3074ca5072bbac773960dfa36
2024-06-04,88467237,WETH-USDT,0.3%,0x4e68ccd3e89f51c3074ca5072bbac773960dfa36
2024-06-05,88797887,WETH-USDT,0.3%,0x4e68ccd3e89f51c3074ca5072bbac773960dfa36
2024-06-06,88626952,WETH-USDT,0.3%,0x4e68ccd3e89f51c3074ca5072bbac773960dfa36
2024-06-07,87736034,WETH-USDT,0.3%,0x4e68ccd3e89f51c3074ca5072bbac773960dfa36
2024-06-08,89161114,WETH-USDT,0.3%,0x4e68ccd3e89f51c3074ca5072bbac773960dfa36
2024-06-09,87892913,WETH-USDT,0.3%,0x4e68ccd3e89f51c3074ca5072bbac773960dfa36
2024-06-10,92982900,WETH-USDT,0.3%,0x4e68ccd3e89f51c3074ca5072bbac773960dfa36
2024-06-11,88112539,WETH-USDT,0.3%,0x4e68ccd3e89f51c3074ca5072bbac773960dfa36
2024-06-12,88804368,WETH-USDT,0.3%,0x4e68ccd3e89f51c3074ca5072bbac773960dfa36
2024-06-13,87594133,WETH-USDT,0.3%,0x4e68ccd3e89f51c3074ca5072bbac773960dfa36
2024-06-14,87336021,WETH-USDT,0.3%,0x4e68ccd3e89f51c3074ca5072bbac773960dfa36
2024-06-15,88345785,WETH-USDT,0.3%,0x4e68ccd3e89f51c3074ca5072bbac773960dfa36
2024-06-16,89033778,WETH-USDT,0.3%,0x4e68ccd3e89f51c3074ca5072bbac773960dfa36
2024-06-17,89276536,WETH-USDT,0.3%,0x4e68ccd3e89f51c3074ca5072bbac773960dfa36
2024-06-18,89546359,WETH-USDT,0.3%,0x4e68ccd3e89f51c3074ca5072bbac773960dfa36
2024-06-19,90382155,WETH-USDT,0.3%,0x4e68ccd3e89f51c3074ca5072bbac773960dfa36
2024-06-20,93105722,WETH-USDT,0.3%,0x4e68ccd3e89f51c3074ca5072bbac773960dfa36
2024-06-21,93498605,WETH-USDT,0.3%,0x4e68ccd3e89f51c3074ca5072bbac773960dfa36
2024-06-22,93307198,WETH-USDT,0.3%,0x4e68ccd3e89f51c3074ca5072bbac773960dfa36
2024-06-23,92436382,WETH-USDT,0.3%,0x4e68ccd3e89f51c3074ca5072bbac773960dfa36
2024-06-24,92635148,WETH-USDT,0.3%,0x4e68ccd3e89f51c3074ca5072bbac773960dfa36
2024-06-25,93070800,WETH-USDT,0.3%,0x4e68ccd3e89f51c3074ca5072bbac773960dfa36
2024-06-26,93727415,WETH-USDT,0.3%,0x4e68ccd3e89f51c3074ca5072bbac773960dfa36
2024-06-27,93687797,WETH-USDT,0.3%,0x4e68ccd3e89f51c3074ca5072bbac773960dfa36
2024-06-28,92892170,WETH-USDT,0.3%,0x4e68ccd3e89f51c3074ca5072bbac773960dfa36
2024-06-29,92977859,WETH-USDT,0.3%,0x4e68ccd3e89f51c3074ca5072bbac773960dfa36
2024-06-30,93870572,WETH-USDT,0.3%,0x4e68ccd3e89f51c3074ca5072bbac773960dfa36
2024-07-01,92191729,WETH-USDT,0.3%,0x4e68ccd3e89f51c3074ca5072bbac773960dfa36
2024-07-02,88841246,WETH-USDT,0.3%,0x4e68ccd3e89f51c3074ca5072bbac773960dfa36
2024-07-03,87413941,WETH-USDT,0.3%,0x4e68ccd3e89f51c3074ca5072bbac773960dfa36
2024-07-04,87922383,WETH-USDT,0.3%,0x4e68ccd3e89f51c3074ca5072bbac773960dfa36
2024-07-05,84680386,WETH-USDT,0.3%,0x4e68ccd3e89f51c3074ca5072bbac773960dfa36
2024-07-06,86395601,WETH-USDT,0.3%,0x4e68ccd3e89f51c3074ca5072bbac773960dfa36
2024-07-07,81199853,WETH-USDT,0.3%,0x4e68ccd3e89f51c3074ca5072bbac773960dfa36
2024-07-08,83028666,WETH-USDT,0.3%,0x4e68ccd3e89f51c3074ca5072bbac773960dfa36
2024-07-09,84141249,WETH-USDT,0.3%,0x4e68ccd3e89f51c3074ca5072bbac773960dfa36
2024-07-10,84708104,WETH-USDT,0.3%,0x4e68ccd3e89f51c3074ca5072bbac773960dfa36
2024-07-11,84684020,WETH-USDT,0.3%,0x4e68ccd3e89f51c3074ca5072bbac773960dfa36
2024-07-12,85058797,WETH-USDT,0.3%,0x4e68ccd3e89f51c3074ca5072bbac773960dfa36
2024-07-13,86101476,WETH-USDT,0.3%,0x4e68ccd3e89f51c3074ca5072bbac773960dfa36
2024-07-14,86636782,WETH-USDT,0.3%,0x4e68ccd3e89f51c3074ca5072bbac773960dfa36
2024-07-15,89834355,WETH-USDT,0.3%,0x4e68ccd3e89f51c3074ca5072bbac773960dfa36
2024-07-16,89603878,WETH-USDT,0.3%,0x4e68ccd3e89f51c3074ca5072bbac773960dfa36
2024-07-17,89324413,WETH-USDT,0.3%,0x4e68ccd3e89f51c3074ca5072bbac773960dfa36
2024-07-18,93509680,WETH-USDT,0.3%,0x4e68ccd3e89f51c3074ca5072bbac773960dfa36
2024-07-19,94634079,WETH-USDT,0.3%,0x4e68ccd3e89f51c3074ca5072bbac773960dfa36
2024-07-20,94540923,WETH-USDT,0.3%,0x4e68ccd3e89f51c3074ca5072bbac773960dfa36
2024-07-21,94614815,WETH-USDT,0.3%,0x4e68ccd3e89f51c3074ca5072bbac773960dfa36
2024-07-22,94024736,WETH-USDT,0.3%,0x4e68ccd3e89f51c3074ca5072bbac773960dfa36
2024-07-23,93378553,WETH-USDT,0.3%,0x4e68ccd3e89f51c3074ca5072bbac773960dfa36
2024-07-24,92009582,WETH-USDT,0.3%,0x4e68ccd3e89f51c3074ca5072bbac773960dfa36
2024-07-25,98354547,WETH-USDT,0.3%,0x4e68ccd3e89f51c3074ca5072bbac773960dfa36
2024-07-26,102107193,WETH-USDT,0.3%,0x4e68ccd3e89f51c3074ca5072bbac773960dfa36
2024-07-27,102270188,WETH-USDT,0.3%,0x4e68ccd3e89f51c3074ca5072bbac773960dfa36
2024-07-28,101959795,WETH-USDT,0.3%,0x4e68ccd3e89f51c3074ca5072bbac773960dfa36
2024-07-29,95591152,WETH-USDT,0.3%,0x4e68ccd3e89f51c3074ca5072bbac773960dfa36
2024-07-30,96070124,WETH-USDT,0.3%,0x4e68ccd3e89f51c3074ca5072bbac773960dfa36
2024-07-31,95518056,WETH-USDT,0.3%,0x4e68ccd3e89f51c3074ca5072bbac773960dfa36
2024-08-01,95108748,WETH-USDT,0.3%,0x4e68ccd3e89f51c3074ca5072bbac773960dfa36
2024-08-02,90659232,WETH-USDT,0.3%,0x4e68ccd3e89f51c3074ca5072bbac773960dfa36
2024-08-03,92330903,WETH-USDT,0.3%,0x4e68ccd3e89f51c3074ca5072bbac773960dfa36
2024-08-04,87678641,WETH-USDT,0.3%,0x4e68ccd3e89f51c3074ca5072bbac773960dfa36
2024-08-05,72880383,WETH-USDT,0.3%,0x4e68ccd3e89f51c3074ca5072bbac773960dfa36
2024-08-06,75775711,WETH-USDT,0.3%,0x4e68ccd3e89f51c3074ca5072bbac773960dfa36
2024-08-07,72463137,WETH-USDT,0.3%,0x4e68ccd3e89f51c3074ca5072bbac773960dfa36
2024-08-08,77586111,WETH-USDT,0.3%,0x4e68ccd3e89f51c3074ca5072bbac773960dfa36
2024-08-09,78283131,WETH-USDT,0.3%,0x4e68ccd3e89f51c3074ca5072bbac773960dfa36
2024-08-10,80281917,WETH-USDT,0.3%,0x4e68ccd3e89f51c3074ca5072bbac773960dfa36
2024-08-11,81400109,WETH-USDT,0.3%,0x4e68ccd3e89f51c3074ca5072bbac773960dfa36
2024-08-12,85097723,WETH-USDT,0.3%,0x4e68ccd3e89f51c3074ca5072bbac773960dfa36
2024-08-13,86492551,WETH-USDT,0.3%,0x4e68ccd3e89f51c3074ca5072bbac773960dfa36
2024-08-14,85308494,WETH-USDT,0.3%,0x4e68ccd3e89f51c3074ca5072bbac773960dfa36
2024-08-15,83188281,WETH-USDT,0.3%,0x4e68ccd3e89f51c3074ca5072bbac773960dfa36
2024-08-16,83669541,WETH-USDT,0.3%,0x4e68ccd3e89f51c3074ca5072bbac773960dfa36
2024-08-17,83890430,WETH-USDT,0.3%,0x4e68ccd3e89f51c3074ca5072bbac773960dfa36
2024-08-18,85303243,WETH-USDT,0.3%,0x4e68ccd3e89f51c3074ca5072bbac773960dfa36
2024-08-19,84402639,WETH-USDT,0.3%,0x4e68ccd3e89f51c3074ca5072bbac773960dfa36
2024-08-20,82625352,WETH-USDT,0.3%,0x4e68ccd3e89f51c3074ca5072bbac773960dfa36
2024-08-21,83669306,WETH-USDT,0.3%,0x4e68ccd3e89f51c3074ca5072bbac773960dfa36
2024-08-22,83338548,WETH-USDT,0.3%,0x4e68ccd3e89f51c3074ca5072bbac773960dfa36
2024-08-23,85245948,WETH-USDT,0.3%,0x4e68ccd3e89f51c3074ca5072bbac773960dfa36
2024-08-24,82783102,WETH-USDT,0.3%,0x4e68ccd3e89f51c3074ca5072bbac773960dfa36
2024-08-25,83510951,WETH-USDT,0.3%,0x4e68ccd3e89f51c3074ca5072bbac773960dfa36
2024-08-26,82713504,WETH-USDT,0.3%,0x4e68ccd3e89f51c3074ca5072bbac773960dfa36
2024-08-27,74930250,WETH-USDT,0.3%,0x4e68ccd3e89f51c3074ca5072bbac773960dfa36
2024-08-28,76816178,WETH-USDT,0.3%,0x4e68ccd3e89f51c3074ca5072bbac773960dfa36
2024-08-29,75730334,WETH-USDT,0.3%,0x4e68ccd3e89f51c3074ca5072bbac773960dfa36
2024-08-30,76261911,WETH-USDT,0.3%,0x4e68ccd3e89f51c3074ca5072bbac773960dfa36
2024-08-31,74354894,WETH-USDT,0.3%,0x4e68ccd3e89f51c3074ca5072bbac773960dfa36
2024-09-01,71691166,WETH-USDT,0.3%,0x4e68ccd3e89f51c3074ca5072bbac773960dfa36
2024-09-02,75007172,WETH-USDT,0.3%,0x4e68ccd3e89f51c3074ca5072bbac773960dfa36
2024-09-03,73234675,WETH-USDT,0.3%,0x4e68ccd3e89f51c3074ca5072bbac773960dfa36
2024-09-04,74398127,WETH-USDT,0.3%,0x4e68ccd3e89f51c3074ca5072bbac773960dfa36
2024-09-05,73941957,WETH-USDT,0.3%,0x4e68ccd3e89f51c3074ca5072bbac773960dfa36
2024-09-06,70308763,WETH-USDT,0.3%,0x4e68ccd3e89f51c3074ca5072bbac773960dfa36
2024-09-07,71974748,WETH-USDT,0.3%,0x4e68ccd3e89f51c3074ca5072bbac773960dfa36
2024-09-08,72748177,WETH-USDT,0.3%,0x4e68ccd3e89f51c3074ca5072bbac773960dfa36
2024-09-09,75103364,WETH-USDT,0.3%,0x4e68ccd3e89f51c3074ca5072bbac773960dfa36
2024-09-10,76060513,WETH-USDT,0.3%,0x4e68ccd3e89f51c3074ca5072bbac773960dfa36
2024-09-11,74360566,WETH-USDT,0.3%,0x4e68ccd3e89f51c3074ca5072bbac773960dfa36
2024-09-12,74693377,WETH-USDT,0.3%,0x4e68ccd3e89f51c3074ca5072bbac773960dfa36
2024-09-13,76566243,WETH-USDT,0.3%,0x4e68ccd3e89f51c3074ca5072bbac773960dfa36
2024-09-14,76097634,WETH-USDT,0.3%,0x4e68ccd3e89f51c3074ca5072bbac773960dfa36
2024-09-15,73885803,WETH-USDT,0.3%,0x4e68ccd3e89f51c3074ca5072bbac773960dfa36
2024-09-16,72366210,WETH-USDT,0.3%,0x4e68ccd3e89f51c3074ca5072bbac773960dfa36
2024-09-17,74236940,WETH-USDT,0.3%,0x4e68ccd3e89f51c3074ca5072bbac773960dfa36
2024-09-18,74667966,WETH-USDT,0.3%,0x4e68ccd3e89f51c3074ca5072bbac773960dfa36
2024-09-19,77303824,WETH-USDT,0.3%,0x4e68ccd3e89f51c3074ca5072bbac773960dfa36
2024-09-20,79105364,WETH-USDT,0.3%,0x4e68ccd3e89f51c3074ca5072bbac773960dfa36
2024-09-21,79488181,WETH-USDT,0.3%,0x4e68ccd3e89f51c3074ca5072bbac773960dfa36
2024-09-22,79721552,WETH-USDT,0.3%,0x4e68ccd3e89f51c3074ca5072bbac773960dfa36
2024-09-23,81064751,WETH-USDT,0.3%,0x4e68ccd3e89f51c3074ca5072bbac773960dfa36
2024-09-24,81615393,WETH-USDT,0.3%,0x4e68ccd3e89f51c3074ca5072bbac773960dfa36
2024-09-25,79353817,WETH-USDT,0.3%,0x4e68ccd3e89f51c3074ca5072bbac773960dfa36
2024-09-26,80454631,WETH-USDT,0.3%,0x4e68ccd3e89f51c3074ca5072bbac773960dfa36
2024-09-27,82046263,WETH-USDT,0.3%,0x4e68ccd3e89f51c3074ca5072bbac773960dfa36
2024-09-28,81437954,WETH-USDT,0.3%,0x4e68ccd3e89f51c3074ca5072bbac773960dfa36
2024-09-29,80994239,WETH-USDT,0.3%,0x4e68ccd3e89f51c3074ca5072bbac773960dfa36
2024-09-30,79100616,WETH-USDT,0.3%,0x4e68ccd3e89f51c3074ca5072bbac773960dfa36
2024-10-01,75408331,WETH-USDT,0.3%,0x4e68ccd3e89f51c3074ca5072bbac773960dfa36
2024-10-02,74165382,WETH-USDT,0.3%,0x4e68ccd3e89f51c3074ca5072bbac773960dfa36
2024-10-03,74081095,WETH-USDT,0.3%,0x4e68ccd3e89f51c3074ca5072bbac773960dfa36
2024-10-04,100830404,WETH-USDT,0.3%,0x4e68ccd3e89f51c3074ca5072bbac773960dfa36
2024-10-05,72629337,WETH-USDT,0.3%,0x4e68ccd3e89f51c3074ca5072bbac773960dfa36
2024-10-06,72783233,WETH-USDT,0.3%,0x4e68ccd3e89f51c3074ca5072bbac773960dfa36
2024-10-07,72991866,WETH-USDT,0.3%,0x4e68ccd3e89f51c3074ca5072bbac773960dfa36
2024-10-08,73495599,WETH-USDT,0.3%,0x4e68ccd3e89f51c3074ca5072bbac773960dfa36
2024-10-09,72076381,WETH-USDT,0.3%,0x4e68ccd3e89f51c3074ca5072bbac773960dfa36
2024-10-10,72099102,WETH-USDT,0.3%,0x4e68ccd3e89f51c3074ca5072bbac773960dfa36
2024-10-11,73846167,WETH-USDT,0.3%,0x4e68ccd3e89f51c3074ca5072bbac773960dfa36
2024-10-12,74355010,WETH-USDT,0.3%,0x4e68ccd3e89f51c3074ca5072bbac773960dfa36
2024-10-13,73769763,WETH-USDT,0.3%,0x4e68ccd3e89f51c3074ca5072bbac773960dfa36
2024-10-14,78681540,WETH-USDT,0.3%,0x4e68ccd3e89f51c3074ca5072bbac773960dfa36
2024-10-15,77312309,WETH-USDT,0.3%,0x4e68ccd3e89f51c3074ca5072bbac773960dfa36
2024-10-16,84539148,WETH-USDT,0.3%,0x4e68ccd3e89f51c3074ca5072bbac773960dfa36
2024-10-17,81348257,WETH-USDT,0.3%,0x4e68ccd3e89f51c3074ca5072bbac773960dfa36
2024-10-18,81632396,WETH-USDT,0.3%,0x4e68ccd3e89f51c3074ca5072bbac773960dfa36
2024-10-19,81733786,WETH-USDT,0.3%,0x4e68ccd3e89f51c3074ca5072bbac773960dfa36
2024-10-20,83367690,WETH-USDT,0.3%,0x4e68ccd3e89f51c3074ca5072bbac773960dfa36
2024-10-21,82691331,WETH-USDT,0.3%,0x4e68ccd3e89f51c3074ca5072bbac773960dfa36
2024-10-22,82009656,WETH-USDT,0.3%,0x4e68ccd3e89f51c3074ca5072bbac773960dfa36
2024-10-23,68732566,WETH-USDT,0.3%,0x4e68ccd3e89f51c3074ca5072bbac773960dfa36
2024-10-24,69776836,WETH-USDT,0.3%,0x4e68ccd3e89f51c3074ca5072bbac773960dfa36
2024-10-25,73131643,WETH-USDT,0.3%,0x4e68ccd3e89f51c3074ca5072bbac773960dfa36
2024-10-26,73728197,WETH-USDT,0.3%,0x4e68ccd3e89f51c3074ca5072bbac773960dfa36
2024-10-27,74320258,WETH-USDT,0.3%,0x4e68ccd3e89f51c3074ca5072bbac773960dfa36
2024-10-28,77262812,WETH-USDT,0.3%,0x4e68ccd3e89f51c3074ca5072bbac773960dfa36
2024-10-29,77836887,WETH-USDT,0.3%,0x4e68ccd3e89f51c3074ca5072bbac773960dfa36
2024-10-30,78969855,WETH-USDT,0.3%,0x4e68ccd3e89f51c3074ca5072bbac773960dfa36
2024-10-31,76275350,WETH-USDT,0.3%,0x4e68ccd3e89f51c3074ca5072bbac773960dfa36
2024-11-01,77005383,WETH-USDT,0.3%,0x4e68ccd3e89f51c3074ca5072bbac773960dfa36
2024-11-02,76633095,WETH-USDT,0.3%,0x4e68ccd3e89f51c3074ca5072bbac773960dfa36
2024-11-03,74967948,WETH-USDT,0.3%,0x4e68ccd3e89f51c3074ca5072bbac773960dfa36
2024-11-04,72699658,WETH-USDT,0.3%,0x4e68ccd3e89f51c3074ca5072bbac773960dfa36
2024-11-05,73269627,WETH-USDT,0.3%,0x4e68ccd3e89f51c3074ca5072bbac773960dfa36
2024-11-06,99497200,WETH-USDT,0.3%,0x4e68ccd3e89f51c3074ca5072bbac773960dfa36
2024-11-07,106833000,WETH-USDT,0.3%,0x4e68ccd3e89f51c3074ca5072bbac773960dfa36
2024-11-08,114871303,WETH-USDT,0.3%,0x4e68ccd3e89f51c3074ca5072bbac773960dfa36
2024-11-09,147115979,WETH-USDT,0.3%,0x4e68ccd3e89f51c3074ca5072bbac773960dfa36
2024-11-10,149590274,WETH-USDT,0.3%,0x4e68ccd3e89f51c3074ca5072bbac773960dfa36
2024-11-11,116818315,WETH-USDT,0.3%,0x4e68ccd3e89f51c3074ca5072bbac773960dfa36
2024-11-12,116430261,WETH-USDT,0.3%,0x4e68ccd3e89f51c3074ca5072bbac773960dfa36
2024-11-13,116424336,WETH-USDT,0.3%,0x4e68ccd3e89f51c3074ca5072bbac773960dfa36
2024-11-14,137652677,WETH-USDT,0.3%,0x4e68ccd3e89f51c3074ca5072bbac773960dfa36
2024-11-15,138620763,WETH-USDT,0.3%,0x4e68ccd3e89f51c3074ca5072bbac773960dfa36
2024-11-16,119053954,WETH-USDT,0.3%,0x4e68ccd3e89f51c3074ca5072bbac773960dfa36
2024-11-17,117709308,WETH-USDT,0.3%,0x4e68ccd3e89f51c3074ca5072bbac773960dfa36
2024-11-18,120157885,WETH-USDT,0.3%,0x4e68ccd3e89f51c3074ca5072bbac773960dfa36
2024-11-19,117941528,WETH-USDT,0.3%,0x4e68ccd3e89f51c3074ca5072bbac773960dfa36
2024-11-20,117856669,WETH-USDT,0.3%,0x4e68ccd3e89f51c3074ca5072bbac773960dfa36
2024-11-21,124875945,WETH-USDT,0.3%,0x4e68ccd3e89f51c3074ca5072bbac773960dfa36
2024-11-22,123732791,WETH-USDT,0.3%,0x4e68ccd3e89f51c3074ca5072bbac773960dfa36
2024-11-23,127431982,WETH-USDT,0.3%,0x4e68ccd3e89f51c3074ca5072bbac773960dfa36
2024-11-24,127105764,WETH-USDT,0.3%,0x4e68ccd3e89f51c3074ca5072bbac773960dfa36
2024-11-25,126798564,WETH-USDT,0.3%,0x4e68ccd3e89f51c3074ca5072bbac773960dfa36
2024-11-26,137664116,WETH-USDT,0.3%,0x4e68ccd3e89f51c3074ca5072bbac773960dfa36
2024-11-27,147241274,WETH-USDT,0.3%,0x4e68ccd3e89f51c3074ca5072bbac773960dfa36
2024-11-28,156178775,WETH-USDT,0.3%,0x4e68ccd3e89f51c3074ca5072bbac773960dfa36
2024-11-29,155060253,WETH-USDT,0.3%,0x4e68ccd3e89f51c3074ca5072bbac773960dfa36
2024-11-30,153158861,WETH-USDT,0.3%,0x4e68ccd3e89f51c3074ca5072bbac773960dfa36
2024-12-01,145817736,WETH-USDT,0.3%,0x4e68ccd3e89f51c3074ca5072bbac773960dfa36
2024-12-02,141863045,WETH-USDT,0.3%,0x4e68ccd3e89f51c3074ca5072bbac773960dfa36
2024-12-03,143410801,WETH-USDT,0.3%,0x4e68ccd3e89f51c3074ca5072bbac773960dfa36
2024-12-04,141560396,WETH-USDT,0.3%,0x4e68ccd3e89f51c3074ca5072bbac773960dfa36
2024-12-05,107796259,WETH-USDT,0.3%,0x4e68ccd3e89f51c3074ca5072bbac773960dfa36
2024-12-06,76784900,WETH-USDT,0.3%,0x4e68ccd3e89f51c3074ca5072bbac773960dfa36
2024-12-07,60588879,WETH-USDT,0.3%,0x4e68ccd3e89f51c3074ca5072bbac773960dfa36
2024-12-08,63122382,WETH-USDT,0.3%,0x4e68ccd3e89f51c3074ca5072bbac773960dfa36
2024-12-09,64519623,WETH-USDT,0.3%,0x4e68ccd3e89f51c3074ca5072bbac773960dfa36
2024-12-10,68585875,WETH-USDT,0.3%,0x4e68ccd3e89f51c3074ca5072bbac773960dfa36
2024-12-11,70544117,WETH-USDT,0.3%,0x4e68ccd3e89f51c3074ca5072bbac773960dfa36
2024-12-12,70520513,WETH-USDT,0.3%,0x4e68ccd3e89f51c3074ca5072bbac773960dfa36
2024-12-13,71003973,WETH-USDT,0.3%,0x4e68ccd3e89f51c3074ca5072bbac773960dfa36
2024-12-14,70756178,WETH-USDT,0.3%,0x4e68ccd3e89f51c3074ca5072bbac773960dfa36
2024-12-15,71221520,WETH-USDT,0.3%,0x4e68ccd3e89f51c3074ca5072bbac773960dfa36
2024-12-16,72233110,WETH-USDT,0.3%,0x4e68ccd3e89f51c3074ca5072bbac773960dfa36
2024-12-17,76269335,WETH-USDT,0.3%,0x4e68ccd3e89f51c3074ca5072bbac773960dfa36
2024-12-18,79914599,WETH-USDT,0.3%,0x4e68ccd3e89f51c3074ca5072bbac773960dfa36
2024-12-19,66175589,WETH-USDT,0.3%,0x4e68ccd3e89f51c3074ca5072bbac773960dfa36
2024-12-20,73320267,WETH-USDT,0.3%,0x4e68ccd3e89f51c3074ca5072bbac773960dfa36
2024-12-21,71316157,WETH-USDT,0.3%,0x4e68ccd3e89f51c3074ca5072bbac773960dfa36
2024-12-22,71207945,WETH-USDT,0.3%,0x4e68ccd3e89f51c3074ca5072bbac773960dfa36
2024-12-23,73316174,WETH-USDT,0.3%,0x4e68ccd3e89f51c3074ca5072bbac773960dfa36
2024-12-24,68387251,WETH-USDT,0.3%,0x4e68ccd3e89f51c3074ca5072bbac773960dfa36
2024-12-25,74274151,WETH-USDT,0.3%,0x4e68ccd3e89f51c3074ca5072bbac773960dfa36
2024-12-26,72498832,WETH-USDT,0.3%,0x4e68ccd3e89f51c3074ca5072bbac773960dfa36
2024-12-27,71171510,WETH-USDT,0.3%,0x4e68ccd3e89f51c3074ca5072bbac773960dfa36
2024-12-28,76467121,WETH-USDT,0.3%,0x4e68ccd3e89f51c3074ca5072bbac773960dfa36
2024-12-29,76574563,WETH-USDT,0.3%,0x4e68ccd3e89f51c3074ca5072bbac773960dfa36
2024-12-30,111842088,WETH-USDT,0.3%,0x4e68ccd3e89f51c3074ca5072bbac773960dfa36
2024-12-31,73918385,WETH-USDT,0.3%,0x4e68ccd3e89f51c3074ca5072bbac773960dfa36
2025-01-01,74629203,WETH-USDT,0.3%,0x4e68ccd3e89f51c3074ca5072bbac773960dfa36
2025-01-02,75728300,WETH-USDT,0.3%,0x4e68ccd3e89f51c3074ca5072bbac773960dfa36
2025-01-03,74647648,WETH-USDT,0.3%,0x4e68ccd3e89f51c3074ca5072bbac773960dfa36
2025-01-04,73781124,WETH-USDT,0.3%,0x4e68ccd3e89f51c3074ca5072bbac773960dfa36
2025-01-05,83293378,WETH-USDT,0.3%,0x4e68ccd3e89f51c3074ca5072bbac773960dfa36
2025-01-06,82628951,WETH-USDT,0.3%,0x4e68ccd3e89f51c3074ca5072bbac773960dfa36
2025-01-07,78057836,WETH-USDT,0.3%,0x4e68ccd3e89f51c3074ca5072bbac773960dfa36
2025-01-08,77670268,WETH-USDT,0.3%,0x4e68ccd3e89f51c3074ca5072bbac773960dfa36
2025-01-09,89641431,WETH-USDT,0.3%,0x4e68ccd3e89f51c3074ca5072bbac773960dfa36
2025-01-10,76987389,WETH-USDT,0.3%,0x4e68ccd3e89f51c3074ca5072bbac773960dfa36
2025-01-11,76893259,WETH-USDT,0.3%,0x4e68ccd3e89f51c3074ca5072bbac773960dfa36
2025-01-12,76118497,WETH-USDT,0.3%,0x4e68ccd3e89f51c3074ca5072bbac773960dfa36
2025-01-13,76304369,WETH-USDT,0.3%,0x4e68ccd3e89f51c3074ca5072bbac773960dfa36
2025-01-14,78152475,WETH-USDT,0.3%,0x4e68ccd3e89f51c3074ca5072bbac773960dfa36
2025-01-15,79989057,WETH-USDT,0.3%,0x4e68ccd3e89f51c3074ca5072bbac773960dfa36
2025-01-16,77897626,WETH-USDT,0.3%,0x4e68ccd3e89f51c3074ca5072bbac773960dfa36
2025-01-17,81040229,WETH-USDT,0.3%,0x4e68ccd3e89f51c3074ca5072bbac773960dfa36
2025-01-18,77919000,WETH-USDT,0.3%,0x4e68ccd3e89f51c3074ca5072bbac773960dfa36
2025-01-19,76549725,WETH-USDT,0.3%,0x4e68ccd3e89f51c3074ca5072bbac773960dfa36
2025-01-20,78341556,WETH-USDT,0.3%,0x4e68ccd3e89f51c3074ca5072bbac773960dfa36
2025-01-21,93086547,WETH-USDT,0.3%,0x4e68ccd3e89f51c3074ca5072bbac773960dfa36
2025-01-22,91525697,WETH-USDT,0.3%,0x4e68ccd3e89f51c3074ca5072bbac773960dfa36
2025-01-23,93702951,WETH-USDT,0.3%,0x4e68ccd3e89f51c3074ca5072bbac773960dfa36
2025-01-24,85688716,WETH-USDT,0.3%,0x4e68ccd3e89f51c3074ca5072bbac773960dfa36
2025-01-25,85473083,WETH-USDT,0.3%,0x4e68ccd3e89f51c3074ca5072bbac773960dfa36
2025-01-26,84604355,WETH-USDT,0.3%,0x4e68ccd3e89f51c3074ca5072bbac773960dfa36
2025-01-27,102309711,WETH-USDT,0.3%,0x4e68ccd3e89f51c3074ca5072bbac773960dfa36
2025-01-28,100556184,WETH-USDT,0.3%,0x4e68ccd3e89f51c3074ca5072bbac773960dfa36
2025-01-29,102896263,WETH-USDT,0.3%,0x4e68ccd3e89f51c3074ca5072bbac773960dfa36
2025-01-30,105273724,WETH-USDT,0.3%,0x4e68ccd3e89f51c3074ca5072bbac773960dfa36
2025-01-31,106047881,WETH-USDT,0.3%,0x4e68ccd3e89f51c3074ca5072bbac773960dfa36
2025-02-01,102896740,WETH-USDT,0.3%,0x4e68ccd3e89f51c3074ca5072bbac773960dfa36
2025-02-02,96494992,WETH-USDT,0.3%,0x4e68ccd3e89f51c3074ca5072bbac773960dfa36
2025-02-03,95445081,WETH-USDT,0.3%,0x4e68ccd3e89f51c3074ca5072bbac773960dfa36
2025-02-04,97507125,WETH-USDT,0.3%,0x4e68ccd3e89f51c3074ca5072bbac773960dfa36
2025-02-05,99774174,WETH-USDT,0.3%,0x4e68ccd3e89f51c3074ca5072bbac773960dfa36
2025-02-06,98190593,WETH-USDT,0.3%,0x4e68ccd3e89f51c3074ca5072bbac773960dfa36
2025-02-07,87281908,WETH-USDT,0.3%,0x4e68ccd3e89f51c3074ca5072bbac773960dfa36
2025-02-08,89114408,WETH-USDT,0.3%,0x4e68ccd3e89f51c3074ca5072bbac773960dfa36
2025-02-09,89706453,WETH-USDT,0.3%,0x4e68ccd3e89f51c3074ca5072bbac773960dfa36
2025-02-10,97394008,WETH-USDT,0.3%,0x4e68ccd3e89f51c3074ca5072bbac773960dfa36
2025-02-11,93769870,WETH-USDT,0.3%,0x4e68ccd3e89f51c3074ca5072bbac773960dfa36
2025-02-12,97359954,WETH-USDT,0.3%,0x4e68ccd3e89f51c3074ca5072bbac773960dfa36
2025-02-13,95379811,WETH-USDT,0.3%,0x4e68ccd3e89f51c3074ca5072bbac773960dfa36
2025-02-14,94786401,WETH-USDT,0.3%,0x4e68ccd3e89f51c3074ca5072bbac773960dfa36
2025-02-15,94133891,WETH-USDT,0.3%,0x4e68ccd3e89f51c3074ca5072bbac773960dfa36
2025-02-16,93548926,WETH-USDT,0.3%,0x4e68ccd3e89f51c3074ca5072bbac773960dfa36
2025-02-17,97913825,WETH-USDT,0.3%,0x4e68ccd3e89f51c3074ca5072bbac773960dfa36
2025-02-18,95529554,WETH-USDT,0.3%,0x4e68ccd3e89f51c3074ca5072bbac773960dfa36
2025-02-19,97531340,WETH-USDT,0.3%,0x4e68ccd3e89f51c3074ca5072bbac773960dfa36
2025-02-20,97647870,WETH-USDT,0.3%,0x4e68ccd3e89f51c3074ca5072bbac773960dfa36
2025-02-21,95510074,WETH-USDT,0.3%,0x4e68ccd3e89f51c3074ca5072bbac773960dfa36
2025-02-22,98860489,WETH-USDT,0.3%,0x4e68ccd3e89f51c3074ca5072bbac773960dfa36
2025-02-23,99873717,WETH-USDT,0.3%,0x4e68ccd3e89f51c3074ca5072bbac773960dfa36
2025-02-24,93339676,WETH-USDT,0.3%,0x4e68ccd3e89f51c3074ca5072bbac773960dfa36
2025-02-25,101526938,WETH-USDT,0.3%,0x4e68ccd3e89f51c3074ca5072bbac773960dfa36
2025-02-26,92102172,WETH-USDT,0.3%,0x4e68ccd3e89f51c3074ca5072bbac773960dfa36
2025-02-27,90277783,WETH-USDT,0.3%,0x4e68ccd3e89f51c3074ca5072bbac773960dfa36
2025-02-28,87761879,WETH-USDT,0.3%,0x4e68ccd3e89f51c3074ca5072bbac773960dfa36
2025-03-01,88714927,WETH-USDT,0.3%,0x4e68ccd3e89f51c3074ca5072bbac773960dfa36
2025-03-02,102830560,WETH-USDT,0.3%,0x4e68ccd3e89f51c3074ca5072bbac773960dfa36
2025-03-03,89323899,WETH-USDT,0.3%,0x4e68ccd3e89f51c3074ca5072bbac773960dfa36
2025-03-04,109322046,WETH-USDT,0.3%,0x4e68ccd3e89f51c3074ca5072bbac773960dfa36
2025-03-05,112147106,WETH-USDT,0.3%,0x4e68ccd3e89f51c3074ca5072bbac773960dfa36
2025-03-06,110825621,WETH-USDT,0.3%,0x4e68ccd3e89f51c3074ca5072bbac773960dfa36
2025-03-07,112377516,WETH-USDT,0.3%,0x4e68ccd3e89f51c3074ca5072bbac773960dfa36
2025-03-08,114497718,WETH-USDT,0.3%,0x4e68ccd3e89f51c3074ca5072bbac773960dfa36
2025-03-09,106834028,WETH-USDT,0.3%,0x4e68ccd3e89f51c3074ca5072bbac773960dfa36
2025-03-10,97065981,WETH-USDT,0.3%,0x4e68ccd3e89f51c3074ca5072bbac773960dfa36
2025-03-11,99484826,WETH-USDT,0.3%,0x4e68ccd3e89f51c3074ca5072bbac773960dfa36
2025-03-12,87076938,WETH-USDT,0.3%,0x4e68ccd3e89f51c3074ca5072bbac773960dfa36
2025-03-13,80298169,WETH-USDT,0.3%,0x4e68ccd3e89f51c3074ca5072bbac773960dfa36
2025-03-14,82236637,WETH-USDT,0.3%,0x4e68ccd3e89f51c3074ca5072bbac773960dfa36
2025-03-15,82884957,WETH-USDT,0.3%,0x4e68ccd3e89f51c3074ca5072bbac773960dfa36
2025-03-16,80483728,WETH-USDT,0.3%,0x4e68ccd3e89f51c3074ca5072bbac773960dfa36
2025-03-17,82784719,WETH-USDT,0.3%,0x4e68ccd3e89f51c3074ca5072bbac773960dfa36
2025-03-18,82052512,WETH-USDT,0.3%,0x4e68ccd3e89f51c3074ca5072bbac773960dfa36
2025-03-19,80582465,WETH-USDT,0.3%,0x4e68ccd3e89f51c3074ca5072bbac773960dfa36
2025-03-20,78545561,WETH-USDT,0.3%,0x4e68ccd3e89f51c3074ca5072bbac773960dfa36
2025-03-21,78585657,WETH-USDT,0.3%,0x4e68ccd3e89f51c3074ca5072bbac773960dfa36
2025-03-22,79221809,WETH-USDT,0.3%,0x4e68ccd3e89f51c3074ca5072bbac773960dfa36
2025-03-23,79565618,WETH-USDT,0.3%,0x4e68ccd3e89f51c3074ca5072bbac773960dfa36
2025-03-24,82274230,WETH-USDT,0.3%,0x4e68ccd3e89f51c3074ca5072bbac773960dfa36
2025-03-25,81722722,WETH-USDT,0.3%,0x4e68ccd3e89f51c3074ca5072bbac773960dfa36
2025-03-26,76901449,WETH-USDT,0.3%,0x4e68ccd3e89f51c3074ca5072bbac773960dfa36
2025-03-27,77044870,WETH-USDT,0.3%,0x4e68ccd3e89f51c3074ca5072bbac773960dfa36
2025-03-28,73044505,WETH-USDT,0.3%,0x4e68ccd3e89f51c3074ca5072bbac773960dfa36
2025-03-29,68175288,WETH-USDT,0.3%,0x4e68ccd3e89f51c3074ca5072bbac773960dfa36
2025-03-30,68285443,WETH-USDT,0.3%,0x4e68ccd3e89f51c3074ca5072bbac773960dfa36
2025-03-31,68779154,WETH-USDT,0.3%,0x4e68ccd3e89f51c3074ca5072bbac773960dfa36
2025-04-01,71505903,WETH-USDT,0.3%,0x4e68ccd3e89f51c3074ca5072bbac773960dfa36
2025-04-02,67851689,WETH-USDT,0.3%,0x4e68ccd3e89f51c3074ca5072bbac773960dfa36
2025-04-03,68728390,WETH-USDT,0.3%,0x4e68ccd3e89f51c3074ca5072bbac773960dfa36
2025-04-04,69121746,WETH-USDT,0.3%,0x4e68ccd3e89f51c3074ca5072bbac773960dfa36
2025-04-05,67466235,WETH-USDT,0.3%,0x4e68ccd3e89f51c3074ca5072bbac773960dfa36
2025-04-06,59837626,WETH-USDT,0.3%,0x4e68ccd3e89f51c3074ca5072bbac773960dfa36
2025-04-07,60277854,WETH-USDT,0.3%,0x4e68ccd3e89f51c3074ca5072bbac773960dfa36
2025-04-08,55079410,WETH-USDT,0.3%,0x4e68ccd3e89f51c3074ca5072bbac773960dfa36
2025-04-09,63103842,WETH-USDT,0.3%,0x4e68ccd3e89f51c3074ca5072bbac773960dfa36
2025-04-10,56757274,WETH-USDT,0.3%,0x4e68ccd3e89f51c3074ca5072bbac773960dfa36
2025-04-11,61003532,WETH-USDT,0.3%,0x4e68ccd3e89f51c3074ca5072bbac773960dfa36
2025-04-12,63714348,WETH-USDT,0.3%,0x4e68ccd3e89f51c3074ca5072bbac773960dfa36
2025-04-13,61747710,WETH-USDT,0.3%,0x4e68ccd3e89f51c3074ca5072bbac773960dfa36
2025-04-14,62946651,WETH-USDT,0.3%,0x4e68ccd3e89f51c3074ca5072bbac773960dfa36
2025-04-15,61601411,WETH-USDT,0.3%,0x4e68ccd3e89f51c3074ca5072bbac773960dfa36
2025-04-16,47176247,WETH-USDT,0.3%,0x4e68ccd3e89f51c3074ca5072bbac773960dfa36
2025-04-17,46907407,WETH-USDT,0.3%,0x4e68ccd3e89f51c3074ca5072bbac773960dfa36
2025-04-18,47463986,WETH-USDT,0.3%,0x4e68ccd3e89f51c3074ca5072bbac773960dfa36
2025-04-19,47790037,WETH-USDT,0.3%,0x4e68ccd3e89f51c3074ca5072bbac773960dfa36
2025-04-20,47053800,WETH-USDT,0.3%,0x4e68ccd3e89f51c3074ca5072bbac773960dfa36
2025-04-21,47669883,WETH-USDT,0.3%,0x4e68ccd3e89f51c3074ca5072bbac773960dfa36
2025-04-22,51231622,WETH-USDT,0.3%,0x4e68ccd3e89f51c3074ca5072bbac773960dfa36
2025-04-23,55737116,WETH-USDT,0.3%,0x4e68ccd3e89f51c3074ca5072bbac773960dfa36
2025-04-24,55128083,WETH-USDT,0.3%,0x4e68ccd3e89f51c3074ca5072bbac773960dfa36
2025-04-25,56171544,WETH-USDT,0.3%,0x4e68ccd3e89f51c3074ca5072bbac773960dfa36
2025-04-26,56947196,WETH-USDT,0.3%,0x4e68ccd3e89f51c3074ca5072bbac773960dfa36
2025-04-27,56102739,WETH-USDT,0.3%,0x4e68ccd3e89f51c3074ca5072bbac773960dfa36
2025-04-28,55987610,WETH-USDT,0.3%,0x4e68ccd3e89f51c3074ca5072bbac773960dfa36
2025-04-29,56095238,WETH-USDT,0.3%,0x4e68ccd3e89f51c3074ca5072bbac773960dfa36
2025-04-30,56043869,WETH-USDT,0.3%,0x4e68ccd3e89f51c3074ca5072bbac773960dfa36
2025-05-01,56667192,WETH-USDT,0.3%,0x4e68ccd3e89f51c3074ca5072bbac773960dfa36
2025-05-02,56588994,WETH-USDT,0.3%,0x4e68ccd3e89f51c3074ca5072bbac773960dfa36
2025-05-03,56662950,WETH-USDT,0.3%,0x4e68ccd3e89f51c3074ca5072bbac773960dfa36
2025-05-04,56245760,WETH-USDT,0.3%,0x4e68ccd3e89f51c3074ca5072bbac773960dfa36
2025-05-05,55635083,WETH-USDT,0.3%,0x4e68ccd3e89f51c3074ca5072bbac773960dfa36
2025-05-06,55391783,WETH-USDT,0.3%,0x4e68ccd3e89f51c3074ca5072bbac773960dfa36
2025-05-07,55624010,WETH-USDT,0.3%,0x4e68ccd3e89f51c3074ca5072bbac773960dfa36
2025-05-08,53219226,WETH-USDT,0.3%,0x4e68ccd3e89f51c3074ca5072bbac773960dfa36
2025-05-09,54743094,WETH-USDT,0.3%,0x4e68ccd3e89f51c3074ca5072bbac773960dfa36
2025-05-10,58223112,WETH-USDT,0.3%,0x4e68ccd3e89f51c3074ca5072bbac773960dfa36
2025-05-11,56250343,WETH-USDT,0.3%,0x4e68ccd3e89f51c3074ca5072bbac773960dfa36
2025-05-12,59094110,WETH-USDT,0.3%,0x4e68ccd3e89f51c3074ca5072bbac773960dfa36
2025-05-13,63451972,WETH-USDT,0.3%,0x4e68ccd3e89f51c3074ca5072bbac773960dfa36
2025-05-14,62286151,WETH-USDT,0.3%,0x4e68ccd3e89f51c3074ca5072bbac773960dfa36
2025-05-15,61588251,WETH-USDT,0.3%,0x4e68ccd3e89f51c3074ca5072bbac773960dfa36
2025-05-16,140955554,WETH-USDT,0.3%,0x4e68ccd3e89f51c3074ca5072bbac773960dfa36
2025-05-17,56407994,WETH-USDT,0.3%,0x4e68ccd3e89f51c3074ca5072bbac773960dfa36
2025-05-18,56064050,WETH-USDT,0.3%,0x4e68ccd3e89f51c3074ca5072bbac773960dfa36
2025-05-19,60404600,WETH-USDT,0.3%,0x4e68ccd3e89f51c3074ca5072bbac773960dfa36
2025-05-20,60376514,WETH-USDT,0.3%,0x4e68ccd3e89f51c3074ca5072bbac773960dfa36
2025-05-21,62700038,WETH-USDT,0.3%,0x4e68ccd3e89f51c3074ca5072bbac773960dfa36
2025-05-22,65077734,WETH-USDT,0.3%,0x4e68ccd3e89f51c3074ca5072bbac773960dfa36
2025-05-23,63825704,WETH-USDT,0.3%,0x4e68ccd3e89f51c3074ca5072bbac773960dfa36
2025-05-24,75434881,WETH-USDT,0.3%,0x4e68ccd3e89f51c3074ca5072bbac773960dfa36
2025-05-25,70596031,WETH-USDT,0.3%,0x4e68ccd3e89f51c3074ca5072bbac773960dfa36
2025-05-26,59350202,WETH-USDT,0.3%,0x4e68ccd3e89f51c3074ca5072bbac773960dfa36
2025-05-27,61033092,WETH-USDT,0.3%,0x4e68ccd3e89f51c3074ca5072bbac773960dfa36
2025-05-28,59401083,WETH-USDT,0.3%,0x4e68ccd3e89f51c3074ca5072bbac773960dfa36
2025-05-29,62012741,WETH-USDT,0.3%,0x4e68ccd3e89f51c3074ca5072bbac773960dfa36
2025-05-30,60565341,WETH-USDT,0.3%,0x4e68ccd3e89f51c3074ca5072bbac773960dfa36
2025-05-31,60643838,WETH-USDT,0.3%,0x4e68ccd3e89f51c3074ca5072bbac773960dfa36
2025-06-01,62028114,WETH-USDT,0.3%,0x4e68ccd3e89f51c3074ca5072bbac773960dfa36
2025-06-02,61841323,WETH-USDT,0.3%,0x4e68ccd3e89f51c3074ca5072bbac773960dfa36
2025-06-03,62458848,WETH-USDT,0.3%,0x4e68ccd3e89f51c3074ca5072bbac773960dfa36
2025-06-04,62894710,WETH-USDT,0.3%,0x4e68ccd3e89f51c3074ca5072bbac773960dfa36
2025-06-05,59895270,WETH-USDT,0.3%,0x4e68ccd3e89f51c3074ca5072bbac773960dfa36
2025-06-06,63456763,WETH-USDT,0.3%,0x4e68ccd3e89f51c3074ca5072bbac773960dfa36
2025-06-07,59152629,WETH-USDT,0.3%,0x4e68ccd3e89f51c3074ca5072bbac773960dfa36
2025-06-08,58872223,WETH-USDT,0.3%,0x4e68ccd3e89f51c3074ca5072bbac773960dfa36
2025-06-09,60821396,WETH-USDT,0.3%,0x4e68ccd3e89f51c3074ca5072bbac773960dfa36
2025-06-10,62784327,WETH-USDT,0.3%,0x4e68ccd3e89f51c3074ca5072bbac773960dfa36
2025-06-11,56997294,WETH-USDT,0.3%,0x4e68ccd3e89f51c3074ca5072bbac773960dfa36
2025-06-12,55706490,WETH-USDT,0.3%,0x4e68ccd3e89f51c3074ca5072bbac773960dfa36
2025-06-13,53067020,WETH-USDT,0.3%,0x4e68ccd3e89f51c3074ca5072bbac773960dfa36
2025-06-14,52844194,WETH-USDT,0.3%,0x4e68ccd3e89f51c3074ca5072bbac773960dfa36
2025-06-15,53418058,WETH-USDT,0.3%,0x4e68ccd3e89f51c3074ca5072bbac773960dfa36
2025-06-16,54891091,WETH-USDT,0.3%,0x4e68ccd3e89f51c3074ca5072bbac773960dfa36
2025-06-17,55769607,WETH-USDT,0.3%,0x4e68ccd3e89f51c3074ca5072bbac773960dfa36
2025-06-18,53635331,WETH-USDT,0.3%,0x4e68ccd3e89f51c3074ca5072bbac773960dfa36
2025-06-19,53659176,WETH-USDT,0.3%,0x4e68ccd3e89f51c3074ca5072bbac773960dfa36
2025-06-20,51259521,WETH-USDT,0.3%,0x4e68ccd3e89f51c3074ca5072bbac773960dfa36
2025-06-21,49824136,WETH-USDT,0.3%,0x4e68ccd3e89f51c3074ca5072bbac773960dfa36
2025-06-22,54467857,WETH-USDT,0.3%,0x4e68ccd3e89f51c3074ca5072bbac773960dfa36
2025-06-23,54919150,WETH-USDT,0.3%,0x4e68ccd3e89f51c3074ca5072bbac773960dfa36
2025-06-24,58494129,WETH-USDT,0.3%,0x4e68ccd3e89f51c3074ca5072bbac773960dfa36
2025-06-25,56667774,WETH-USDT,0.3%,0x4e68ccd3e89f51c3074ca5072bbac773960dfa36
2025-06-26,56965193,WETH-USDT,0.3%,0x4e68ccd3e89f51c3074ca5072bbac773960dfa36
2025-06-27,50838585,WETH-USDT,0.3%,0x4e68ccd3e89f51c3074ca5072bbac773960dfa36
2025-06-28,51079111,WETH-USDT,0.3%,0x4e68ccd3e89f51c3074ca5072bbac773960dfa36
2025-06-29,51241052,WETH-USDT,0.3%,0x4e68ccd3e89f51c3074ca5072bbac773960dfa36
2025-06-30,50887627,WETH-USDT,0.3%,0x4e68ccd3e89f51c3074ca5072bbac773960dfa36
2025-07-01,49704776,WETH-USDT,0.3%,0x4e68ccd3e89f51c3074ca5072bbac773960dfa36
2025-07-02,52644161,WETH-USDT,0.3%,0x4e68ccd3e89f51c3074ca5072bbac773960dfa36
2025-07-03,53145365,WETH-USDT,0.3%,0x4e68ccd3e89f51c3074ca5072bbac773960dfa36
2025-07-04,53079867,WETH-USDT,0.3%,0x4e68ccd3e89f51c3074ca5072bbac773960dfa36
2025-07-05,53056458,WETH-USDT,0.3%,0x4e68ccd3e89f51c3074ca5072bbac773960dfa36
2025-07-06,53925204,WETH-USDT,0.3%,0x4e68ccd3e89f51c3074ca5072bbac773960dfa36
2025-07-07,50850560,WETH-USDT,0.3%,0x4e68ccd3e89f51c3074ca5072bbac773960dfa36
2025-07-08,51835731,WETH-USDT,0.3%,0x4e68ccd3e89f51c3074ca5072bbac773960dfa36
2025-07-09,54688741,WETH-USDT,0.3%,0x4e68ccd3e89f51c3074ca5072bbac773960dfa36
2025-07-10,48185485,WETH-USDT,0.3%,0x4e68ccd3e89f51c3074ca5072bbac773960dfa36
2025-07-11,46443851,WETH-USDT,0.3%,0x4e68ccd3e89f51c3074ca5072bbac773960dfa36
2025-07-12,46505005,WETH-USDT,0.3%,0x4e68ccd3e89f51c3074ca5072bbac773960dfa36
2025-07-13,45875594,WETH-USDT,0.3%,0x4e68ccd3e89f51c3074ca5072bbac773960dfa36
2025-07-14,45933846,WETH-USDT,0.3%,0x4e68ccd3e89f51c3074ca5072bbac773960dfa36
2025-07-15,46313723,WETH-USDT,0.3%,0x4e68ccd3e89f51c3074ca5072bbac773960dfa36
2025-07-16,46337383,WETH-USDT,0.3%,0x4e68ccd3e89f51c3074ca5072bbac773960dfa36
2025-07-17,59755466,WETH-USDT,0.3%,0x4e68ccd3e89f51c3074ca5072bbac773960dfa36
2025-07-18,47540235,WETH-USDT,0.3%,0x4e68ccd3e89f51c3074ca5072bbac773960dfa36
2025-07-19,51970280,WETH-USDT,0.3%,0x4e68ccd3e89f51c3074ca5072bbac773960dfa36
2025-07-20,61867149,WETH-USDT,0.3%,0x4e68ccd3e89f51c3074ca5072bbac773960dfa36
2025-07-21,63978644,WETH-USDT,0.3%,0x4e68ccd3e89f51c3074ca5072bbac773960dfa36
2025-07-22,61860954,WETH-USDT,0.3%,0x4e68ccd3e89f51c3074ca5072bbac773960dfa36
2025-07-23,61249592,WETH-USDT,0.3%,0x4e68ccd3e89f51c3074ca5072bbac773960dfa36
2025-07-24,74771095,WETH-USDT,0.3%,0x4e68ccd3e89f51c3074ca5072bbac773960dfa36
2025-07-25,75183707,WETH-USDT,0.3%,0x4e68ccd3e89f51c3074ca5072bbac773960dfa36
2025-07-26,76127379,WETH-USDT,0.3%,0x4e68ccd3e89f51c3074ca5072bbac773960dfa36
2025-07-27,80164745,WETH-USDT,0.3%,0x4e68ccd3e89f51c3074ca5072bbac773960dfa36
2025-07-28,74264732,WETH-USDT,0.3%,0x4e68ccd3e89f51c3074ca5072bbac773960dfa36
2025-07-29,74776581,WETH-USDT,0.3%,0x4e68ccd3e89f51c3074ca5072bbac773960dfa36
2025-07-30,74497122,WETH-USDT,0.3%,0x4e68ccd3e89f51c3074ca5072bbac773960dfa36
2025-07-31,71639696,WETH-USDT,0.3%,0x4e68ccd3e89f51c3074ca5072bbac773960dfa36
2025-08-01,62680784,WETH-USDT,0.3%,0x4e68ccd3e89f51c3074ca5072bbac773960dfa36
2025-08-02,61954848,WETH-USDT,0.3%,0x4e68ccd3e89f51c3074ca5072bbac773960dfa36
2025-08-03,63307436,WETH-USDT,0.3%,0x4e68ccd3e89f51c3074ca5072bbac773960dfa36
2025-08-04,70755224,WETH-USDT,0.3%,0x4e68ccd3e89f51c3074ca5072bbac773960dfa36
2025-08-05,71079702,WETH-USDT,0.3%,0x4e68ccd3e89f51c3074ca5072bbac773960dfa36
2025-08-06,72191304,WETH-USDT,0.3%,0x4e68ccd3e89f51c3074ca5072bbac773960dfa36
2025-08-07,74389527,WETH-USDT,0.3%,0x4e68ccd3e89f51c3074ca5072bbac773960dfa36
2025-08-08,76100821,WETH-USDT,0.3%,0x4e68ccd3e89f51c3074ca5072bbac773960dfa36
2025-08-09,75479201,WETH-USDT,0.3%,0x4e68ccd3e89f51c3074ca5072bbac773960dfa36
2025-08-10,75139087,WETH-USDT,0.3%,0x4e68ccd3e89f51c3074ca5072bbac773960dfa36
2025-08-11,75211265,WETH-USDT,0.3%,0x4e68ccd3e89f51c3074ca5072bbac773960dfa36
2025-08-12,76600864,WETH-USDT,0.3%,0x4e68ccd3e89f51c3074ca5072bbac773960dfa36
2025-08-13,66741671,WETH-USDT,0.3%,0x4e68ccd3e89f51c3074ca5072bbac773960dfa36
2025-08-14,72270860,WETH-USDT,0.3%,0x4e68ccd3e89f51c3074ca5072bbac773960dfa36
2025-08-15,65866219,WETH-USDT,0.3%,0x4e68ccd3e89f51c3074ca5072bbac773960dfa36
2025-08-16,71557130,WETH-USDT,0.3%,0x4e68ccd3e89f51c3074ca5072bbac773960dfa36
2025-08-17,72639889,WETH-USDT,0.3%,0x4e68ccd3e89f51c3074ca5072bbac773960dfa36
2025-08-18,73038062,WETH-USDT,0.3%,0x4e68ccd3e89f51c3074ca5072bbac773960dfa36
2025-08-19,91586137,WETH-USDT,0.3%,0x4e68ccd3e89f51c3074ca5072bbac773960dfa36
2025-08-20,99580179,WETH-USDT,0.3%,0x4e68ccd3e89f51c3074ca5072bbac773960dfa36
2025-08-21,99804863,WETH-USDT,0.3%,0x4e68ccd3e89f51c3074ca5072bbac773960dfa36
2025-08-22,93203491,WETH-USDT,0.3%,0x4e68ccd3e89f51c3074ca5072bbac773960dfa36
2025-08-23,93526315,WETH-USDT,0.3%,0x4e68ccd3e89f51c3074ca5072bbac773960dfa36
2025-08-24,92651563,WETH-USDT,0.3%,0x4e68ccd3e89f51c3074ca5072bbac773960dfa36
2025-08-25,93380944,WETH-USDT,0.3%,0x4e68ccd3e89f51c3074ca5072bbac773960dfa36
2025-08-26,92053308,WETH-USDT,0.3%,0x4e68ccd3e89f51c3074ca5072bbac773960dfa36
2025-08-27,94525572,WETH-USDT,0.3%,0x4e68ccd3e89f51c3074ca5072bbac773960dfa36
2025-08-28,94784321,WETH-USDT,0.3%,0x4e68ccd3e89f51c3074ca5072bbac773960dfa36
2025-08-29,96414974,WETH-USDT,0.3%,0x4e68ccd3e89f51c3074ca5072bbac773960dfa36
2025-08-30,102607341,WETH-USDT,0.3%,0x4e68ccd3e89f51c3074ca5072bbac773960dfa36
2025-08-31,103102134,WETH-USDT,0.3%,0x4e68ccd3e89f51c3074ca5072bbac773960dfa36
2025-09-01,109401450,WETH-USDT,0.3%,0x4e68ccd3e89f51c3074ca5072bbac773960dfa36
2025-09-02,106386451,WETH-USDT,0.3%,0x4e68ccd3e89f51c3074ca5072bbac773960dfa36
2025-09-03,110951962,WETH-USDT,0.3%,0x4e68ccd3e89f51c3074ca5072bbac773960dfa36
2025-09-04,145097197,WETH-USDT,0.3%,0x4e68ccd3e89f51c3074ca5072bbac773960dfa36
2025-09-05,134303758,WETH-USDT,0.3%,0x4e68ccd3e89f51c3074ca5072bbac773960dfa36
2025-09-06,139345346,WETH-USDT,0.3%,0x4e68ccd3e89f51c3074ca5072bbac773960dfa36
2025-09-07,121010685,WETH-USDT,0.3%,0x4e68ccd3e89f51c3074ca5072bbac773960dfa36
2025-09-08,121987063,WETH-USDT,0.3%,0x4e68ccd3e89f51c3074ca5072bbac773960dfa36
2025-09-09,124808613,WETH-USDT,0.3%,0x4e68ccd3e89f51c3074ca5072bbac773960dfa36
2025-09-10,125830456,WETH-USDT,0.3%,0x4e68ccd3e89f51c3074ca5072bbac773960dfa36
2025-09-11,127845570,WETH-USDT,0.3%,0x4e68ccd3e89f51c3074ca5072bbac773960dfa36
2025-09-12,117531040,WETH-USDT,0.3%,0x4e68ccd3e89f51c3074ca5072bbac773960dfa36
2025-09-13,116887541,WETH-USDT,0.3%,0x4e68ccd3e89f51c3074ca5072bbac773960dfa36
2025-09-14,118470162,WETH-USDT,0.3%,0x4e68ccd3e89f51c3074ca5072bbac773960dfa36
2025-09-15,123856883,WETH-USDT,0.3%,0x4e68ccd3e89f51c3074ca5072bbac773960dfa36
2025-09-16,124273751,WETH-USDT,0.3%,0x4e68ccd3e89f51c3074ca5072bbac773960dfa36
2025-09-17,130192776,WETH-USDT,0.3%,0x4e68ccd3e89f51c3074ca5072bbac773960dfa36
2025-09-18,129943355,WETH-USDT,0.3%,0x4e68ccd3e89f51c3074ca5072bbac773960dfa36
2025-09-19,133056703,WETH-USDT,0.3%,0x4e68ccd3e89f51c3074ca5072bbac773960dfa36
2025-09-20,132220633,WETH-USDT,0.3%,0x4e68ccd3e89f51c3074ca5072bbac773960dfa36
2025-09-21,132321081,WETH-USDT,0.3%,0x4e68ccd3e89f51c3074ca5072bbac773960dfa36
2025-09-22,133030916,WETH-USDT,0.3%,0x4e68ccd3e89f51c3074ca5072bbac773960dfa36
2025-09-23,132558436,WETH-USDT,0.3%,0x4e68ccd3e89f51c3074ca5072bbac773960dfa36
2025-09-24,141346775,WETH-USDT,0.3%,0x4e68ccd3e89f51c3074ca5072bbac773960dfa36
2025-09-25,140339557,WETH-USDT,0.3%,0x4e68ccd3e89f51c3074ca5072bbac773960dfa36
2025-09-26,144545408,WETH-USDT,0.3%,0x4e68ccd3e89f51c3074ca5072bbac773960dfa36
2025-09-27,143655440,WETH-USDT,0.3%,0x4e68ccd3e89f51c3074ca5072bbac773960dfa36
2025-09-28,146259815,WETH-USDT,0.3%,0x4e68ccd3e89f51c3074ca5072bbac773960dfa36
2025-09-29,147340800,WETH-USDT,0.3%,0x4e68ccd3e89f51c3074ca5072bbac773960dfa36
2025-09-30,145944748,WETH-USDT,0.3%,0x4e68ccd3e89f51c3074ca5072bbac773960dfa36
2025-10-01,143117070,WETH-USDT,0.3%,0x4e68ccd3e89f51c3074ca5072bbac773960dfa36
2025-10-02,161689365,WETH-USDT,0.3%,0x4e68ccd3e89f51c3074ca5072bbac773960dfa36
2025-10-03,161438233,WETH-USDT,0.3%,0x4e68ccd3e89f51c3074ca5072bbac773960dfa36
2025-10-04,171085678,WETH-USDT,0.3%,0x4e68ccd3e89f51c3074ca5072bbac773960dfa36
2025-10-05,169530616,WETH-USDT,0.3%,0x4e68ccd3e89f51c3074ca5072bbac773960dfa36
2025-10-06,164149128,WETH-USDT,0.3%,0x4e68ccd3e89f51c3074ca5072bbac773960dfa36
2025-10-07,158424173,WETH-USDT,0.3%,0x4e68ccd3e89f51c3074ca5072bbac773960dfa36
2025-10-08,159430889,WETH-USDT,0.3%,0x4e68ccd3e89f51c3074ca5072bbac773960dfa36
2025-10-09,156810413,WETH-USDT,0.3%,0x4e68ccd3e89f51c3074ca5072bbac773960dfa36
2025-10-10,150919411,WETH-USDT,0.3%,0x4e68ccd3e89f51c3074ca5072bbac773960dfa36
2025-10-11,145797064,WETH-USDT,0.3%,0x4e68ccd3e89f51c3074ca5072bbac773960dfa36
2025-10-12,159927857,WETH-USDT,0.3%,0x4e68ccd3e89f51c3074ca5072bbac773960dfa36
2025-10-13,164626254,WETH-USDT,0.3%,0x4e68ccd3e89f51c3074ca5072bbac773960dfa36
2025-10-14,163677135,WETH-USDT,0.3%,0x4e68ccd3e89f51c3074ca5072bbac773960dfa36
2025-10-15,157933182,WETH-USDT,0.3%,0x4e68ccd3e89f51c3074ca5072bbac773960dfa36
2025-10-16,154900268,WETH-USDT,0.3%,0x4e68ccd3e89f51c3074ca5072bbac773960dfa36
2025-10-17,153254468,WETH-USDT,0.3%,0x4e68ccd3e89f51c3074ca5072bbac773960dfa36
2025-10-18,154738410,WETH-USDT,0.3%,0x4e68ccd3e89f51c3074ca5072bbac773960dfa36
2025-10-19,160061526,WETH-USDT,0.3%,0x4e68ccd3e89f51c3074ca5072bbac773960dfa36
2025-10-20,159747516,WETH-USDT,0.3%,0x4e68ccd3e89f51c3074ca5072bbac773960dfa36
2025-10-21,157165243,WETH-USDT,0.3%,0x4e68ccd3e89f51c3074ca5072bbac773960dfa36
2025-10-22,153862857,WETH-USDT,0.3%,0x4e68ccd3e89f51c3074ca5072bbac773960dfa36
2025-10-23,158412911,WETH-USDT,0.3%,0x4e68ccd3e89f51c3074ca5072bbac773960dfa36
2025-10-24,161316001,WETH-USDT,0.3%,0x4e68ccd3e89f51c3074ca5072bbac773960dfa36
2025-10-25,162117846,WETH-USDT,0.3%,0x4e68ccd3e89f51c3074ca5072bbac773960dfa36
2025-10-26,165516343,WETH-USDT,0.3%,0x4e68ccd3e89f51c3074ca5072bbac773960dfa36
2025-10-27,166239381,WETH-USDT,0.3%,0x4e68ccd3e89f51c3074ca5072bbac773960dfa36
2025-10-28,165978784,WETH-USDT,0.3%,0x4e68ccd3e89f51c3074ca5072bbac773960dfa36
2025-10-29,162885876,WETH-USDT,0.3%,0x4e68ccd3e89f51c3074ca5072bbac773960dfa36
2025-10-30,164094014,WETH-USDT,0.3%,0x4e68ccd3e89f51c3074ca5072bbac773960dfa36
2025-10-31,161113667,WETH-USDT,0.3%,0x4e68ccd3e89f51c3074ca5072bbac773960dfa36
2025-11-01,158771686,WETH-USDT,0.3%,0x4e68ccd3e89f51c3074ca5072bbac773960dfa36
2025-11-02,158392061,WETH-USDT,0.3%,0x4e68ccd3e89f51c3074ca5072bbac773960dfa36
2025-11-03,148478344,WETH-USDT,0.3%,0x4e68ccd3e89f51c3074ca5072bbac773960dfa36
2025-11-04,173784864,WETH-USDT,0.3%,0x4e68ccd3e89f51c3074ca5072bbac773960dfa36
2025-11-05,186870870,WETH-USDT,0.3%,0x4e68ccd3e89f51c3074ca5072bbac773960dfa36
2025-11-06,181528540,WETH-USDT,0.3%,0x4e68ccd3e89f51c3074ca5072bbac773960dfa36
2025-11-07,187634314,WETH-USDT,0.3%,0x4e68ccd3e89f51c3074ca5072bbac773960dfa36
2025-11-08,186299957,WETH-USDT,0.3%,0x4e68ccd3e89f51c3074ca5072bbac773960dfa36
2025-11-09,197133234,WETH-USDT,0.3%,0x4e68ccd3e89f51c3074ca5072bbac773960dfa36
2025-11-10,194842988,WETH-USDT,0.3%,0x4e68ccd3e89f51c3074ca5072bbac773960dfa36
2025-11-11,187715277,WETH-USDT,0.3%,0x4e68ccd3e89f51c3074ca5072bbac773960dfa36
2025-11-12,186923197,WETH-USDT,0.3%,0x4e68ccd3e89f51c3074ca5072bbac773960dfa36
2025-11-13,177990900,WETH-USDT,0.3%,0x4e68ccd3e89f51c3074ca5072bbac773960dfa36
2025-11-14,171979955,WETH-USDT,0.3%,0x4e68ccd3e89f51c3074ca5072bbac773960dfa36
2025-11-15,104698013,WETH-USDT,0.3%,0x4e68ccd3e89f51c3074ca5072bbac773960dfa36
2025-11-16,112551938,WETH-USDT,0.3%,0x4e68ccd3e89f51c3074ca5072bbac773960dfa36
2025-11-17,112923784,WETH-USDT,0.3%,0x4e68ccd3e89f51c3074ca5072bbac773960dfa36
2025-11-18,116673035,WETH-USDT,0.3%,0x4e68ccd3e89f51c3074ca5072bbac773960dfa36
2025-11-19,110758552,WETH-USDT,0.3%,0x4e68ccd3e89f51c3074ca5072bbac773960dfa36
2025-11-20,104768825,WETH-USDT,0.3%,0x4e68ccd3e89f51c3074ca5072bbac773960dfa36
2025-11-21,79551223,WETH-USDT,0.3%,0x4e68ccd3e89f51c3074ca5072bbac773960dfa36
2025-11-22,75438234,WETH-USDT,0.3%,0x4e68ccd3e89f51c3074ca5072bbac773960dfa36
2025-11-23,71568491,WETH-USDT,0.3%,0x4e68ccd3e89f51c3074ca5072bbac773960dfa36
2025-11-24,74732762,WETH-USDT,0.3%,0x4e68ccd3e89f51c3074ca5072bbac773960dfa36
2025-11-25,75392820,WETH-USDT,0.3%,0x4e68ccd3e89f51c3074ca5072bbac773960dfa36
2025-11-26,78995032,WETH-USDT,0.3%,0x4e68ccd3e89f51c3074ca5072bbac773960dfa36
2025-11-27,78604251,WETH-USDT,0.3%,0x4e68ccd3e89f51c3074ca5072bbac773960dfa36
2025-11-28,63284981,WETH-USDT,0.3%,0x4e68ccd3e89f51c3074ca5072bbac773960dfa36
2025-11-29,66876926,WETH-USDT,0.3%,0x4e68ccd3e89f51c3074ca5072bbac773960dfa36
2025-11-30,67265084,WETH-USDT,0.3%,0x4e68ccd3e89f51c3074ca5072bbac773960dfa36
2025-12-01,65769008,WETH-USDT,0.3%,0x4e68ccd3e89f51c3074ca5072bbac773960dfa36
2025-12-02,69931392,WETH-USDT,0.3%,0x4e68ccd3e89f51c3074ca5072bbac773960dfa36
2025-12-03,74045659,WETH-USDT,0.3%,0x4e68ccd3e89f51c3074ca5072bbac773960dfa36
2025-12-04,74235334,WETH-USDT,0.3%,0x4e68ccd3e89f51c3074ca5072bbac773960dfa36
2025-12-05,73618994,WETH-USDT,0.3%,0x4e68ccd3e89f51c3074ca5072bbac773960dfa36
2025-12-06,74245633,WETH-USDT,0.3%,0x4e68ccd3e89f51c3074ca5072bbac773960dfa36
2025-12-07,74340607,WETH-USDT,0.3%,0x4e68ccd3e89f51c3074ca5072bbac773960dfa36
2025-12-08,76679763,WETH-USDT,0.3%,0x4e68ccd3e89f51c3074ca5072bbac773960dfa36
2025-12-09,80516842,WETH-USDT,0.3%,0x4e68ccd3e89f51c3074ca5072bbac773960dfa36
2025-12-10,82434465,WETH-USDT,0.3%,0x4e68ccd3e89f51c3074ca5072bbac773960dfa36
2025-12-11,82266040,WETH-USDT,0.3%,0x4e68ccd3e89f51c3074ca5072bbac773960dfa36
2025-12-12,83762514,WETH-USDT,0.3%,0x4e68ccd3e89f51c3074ca5072bbac773960dfa36
2025-12-13,84782627,WETH-USDT,0.3%,0x4e68ccd3e89f51c3074ca5072bbac773960dfa36
2025-12-14,84964464,WETH-USDT,0.3%,0x4e68ccd3e89f51c3074ca5072bbac773960dfa36
2025-12-15,82473949,WETH-USDT,0.3%,0x4e68ccd3e89f51c3074ca5072bbac773960dfa36
2025-12-16,86663029,WETH-USDT,0.3%,0x4e68ccd3e89f51c3074ca5072bbac773960dfa36
2025-12-17,85146625,WETH-USDT,0.3%,0x4e68ccd3e89f51c3074ca5072bbac773960dfa36
2025-12-18,94076307,WETH-USDT,0.3%,0x4e68ccd3e89f51c3074ca5072bbac773960dfa36
2025-12-19,100249754,WETH-USDT,0.3%,0x4e68ccd3e89f51c3074ca5072bbac773960dfa36
2025-12-20,100549038,WETH-USDT,0.3%,0x4e68ccd3e89f51c3074ca5072bbac773960dfa36
2025-12-21,100561699,WETH-USDT,0.3%,0x4e68ccd3e89f51c3074ca5072bbac773960dfa36
2025-12-22,101864091,WETH-USDT,0.3%,0x4e68ccd3e89f51c3074ca5072bbac773960dfa36
2025-12-23,102803215,WETH-USDT,0.3%,0x4e68ccd3e89f51c3074ca5072bbac773960dfa36
2025-12-24,103549495,WETH-USDT,0.3%,0x4e68ccd3e89f51c3074ca5072bbac773960dfa36
2025-12-25,102903613,WETH-USDT,0.3%,0x4e68ccd3e89f51c3074ca5072bbac773960dfa36
2025-12-26,103846668,WETH-USDT,0.3%,0x4e68ccd3e89f51c3074ca5072bbac773960dfa36
2025-12-27,103539069,WETH-USDT,0.3%,0x4e68ccd3e89f51c3074ca5072bbac773960dfa36
2025-12-28,104494585,WETH-USDT,0.3%,0x4e68ccd3e89f51c3074ca5072bbac773960dfa36
2025-12-29,104431900,WETH-USDT,0.3%,0x4e68ccd3e89f51c3074ca5072bbac773960dfa36
2025-12-30,105069026,WETH-USDT,0.3%,0x4e68ccd3e89f51c3074ca5072bbac773960dfa36
2025-12-31,105266734,WETH-USDT,0.3%,0x4e68ccd3e89f51c3074ca5072bbac773960dfa36
2026-01-01,106158547,WETH-USDT,0.3%,0x4e68ccd3e89f51c3074ca5072bbac773960dfa36
2026-01-02,108196309,WETH-USDT,0.3%,0x4e68ccd3e89f51c3074ca5072bbac773960dfa36
2026-01-03,107716313,WETH-USDT,0.3%,0x4e68ccd3e89f51c3074ca5072bbac773960dfa36
2026-01-04,113895085,WETH-USDT,0.3%,0x4e68ccd3e89f51c3074ca5072bbac773960dfa36
2026-01-05,113086593,WETH-USDT,0.3%,0x4e68ccd3e89f51c3074ca5072bbac773960dfa36
2026-01-06,114097279,WETH-USDT,0.3%,0x4e68ccd3e89f51c3074ca5072bbac773960dfa36
2026-01-07,111770056,WETH-USDT,0.3%,0x4e68ccd3e89f51c3074ca5072bbac773960dfa36
2026-01-08,111890304,WETH-USDT,0.3%,0x4e68ccd3e89f51c3074ca5072bbac773960dfa36
2026-01-09,112492384,WETH-USDT,0.3%,0x4e68ccd3e89f51c3074ca5072bbac773960dfa36
2026-01-10,115844959,WETH-USDT,0.3%,0x4e68ccd3e89f51c3074ca5072bbac773960dfa36
2026-01-11,115592394,WETH-USDT,0.3%,0x4e68ccd3e89f51c3074ca5072bbac773960dfa36
2026-01-12,113635593,WETH-USDT,0.3%,0x4e68ccd3e89f51c3074ca5072bbac773960dfa36
2026-01-13,120281118,WETH-USDT,0.3%,0x4e68ccd3e89f51c3074ca5072bbac773960dfa36
2026-01-14,116919322,WETH-USDT,0.3%,0x4e68ccd3e89f51c3074ca5072bbac773960dfa36
2026-01-15,119581405,WETH-USDT,0.3%,0x4e68ccd3e89f51c3074ca5072bbac773960dfa36
2026-01-16,120761604,WETH-USDT,0.3%,0x4e68ccd3e89f51c3074ca5072bbac773960dfa36
2026-01-17,121458344,WETH-USDT,0.3%,0x4e68ccd3e89f51c3074ca5072bbac773960dfa36
2026-01-18,122437271,WETH-USDT,0.3%,0x4e68ccd3e89f51c3074ca5072bbac773960dfa36
2026-01-19,116229663,WETH-USDT,0.3%,0x4e68ccd3e89f51c3074ca5072bbac773960dfa36
2026-01-20,109013776,WETH-USDT,0.3%,0x4e68ccd3e89f51c3074ca5072bbac773960dfa36
2026-01-21,111273648,WETH-USDT,0.3%,0x4e68ccd3e89f51c3074ca5072bbac773960dfa36
2026-01-22,112017805,WETH-USDT,0.3%,0x4e68ccd3e89f51c3074ca5072bbac773960dfa36
2026-01-23,112810152,WETH-USDT,0.3%,0x4e68ccd3e89f51c3074ca5072bbac773960dfa36
2026-01-24,112969377,WETH-USDT,0.3%,0x4e68ccd3e89f51c3074ca5072bbac773960dfa36
2026-01-25,108063444,WETH-USDT,0.3%,0x4e68ccd3e89f51c3074ca5072bbac773960dfa36
2026-01-26,115990163,WETH-USDT,0.3%,0x4e68ccd3e89f51c3074ca5072bbac773960dfa36
2026-01-27,119895105,WETH-USDT,0.3%,0x4e68ccd3e89f51c3074ca5072bbac773960dfa36
2026-01-28,118917330,WETH-USDT,0.3%,0x4e68ccd3e89f51c3074ca5072bbac773960dfa36
2026-01-29,113662290,WETH-USDT,0.3%,0x4e68ccd3e89f51c3074ca5072bbac773960dfa36
2026-01-30,110046603,WETH-USDT,0.3%,0x4e68ccd3e89f51c3074ca5072bbac773960dfa36
2026-01-31,89830435,WETH-USDT,0.3%,0x4e68ccd3e89f51c3074ca5072bbac773960dfa36
2026-02-01,86844803,WETH-USDT,0.3%,0x4e68ccd3e89f51c3074ca5072bbac773960dfa36
2026-02-02,94695931,WETH-USDT,0.3%,0x4e68ccd3e89f51c3074ca5072bbac773960dfa36
2026-02-03,93157886,WETH-USDT,0.3%,0x4e68ccd3e89f51c3074ca5072bbac773960dfa36
2026-02-04,88621237,WETH-USDT,0.3%,0x4e68ccd3e89f51c3074ca5072bbac773960dfa36
2026-02-05,53462372,WETH-USDT,0.3%,0x4e68ccd3e89f51c3074ca5072bbac773960dfa36
2026-02-06,61141615,WETH-USDT,0.3%,0x4e68ccd3e89f51c3074ca5072bbac773960dfa36
2026-02-07,62172322,WETH-USDT,0.3%,0x4e68ccd3e89f51c3074ca5072bbac773960dfa36
2026-02-08,62230602,WETH-USDT,0.3%,0x4e68ccd3e89f51c3074ca5072bbac773960dfa36
2026-02-09,71941419,WETH-USDT,0.3%,0x4e68ccd3e89f51c3074ca5072bbac773960dfa36
2026-02-10,62056669,WETH-USDT,0.3%,0x4e68ccd3e89f51c3074ca5072bbac773960dfa36
2026-02-11,60578853,WETH-USDT,0.3%,0x4e68ccd3e89f51c3074ca5072bbac773960dfa36
2026-02-12,60208885,WETH-USDT,0.3%,0x4e68ccd3e89f51c3074ca5072bbac773960dfa36
2026-02-13,62995373,WETH-USDT,0.3%,0x4e68ccd3e89f51c3074ca5072bbac773960dfa36
2026-02-14,64694209,WETH-USDT,0.3%,0x4e68ccd3e89f51c3074ca5072bbac773960dfa36
2026-02-15,60169402,WETH-USDT,0.3%,0x4e68ccd3e89f51c3074ca5072bbac773960dfa36
2026-02-16,60958158,WETH-USDT,0.3%,0x4e68ccd3e89f51c3074ca5072bbac773960dfa36
2026-02-17,61706272,WETH-USDT,0.3%,0x4e68ccd3e89f51c3074ca5072bbac773960dfa36
2026-02-18,60133967,WETH-USDT,0.3%,0x4e68ccd3e89f51c3074ca5072bbac773960dfa36
2026-02-19,59586015,WETH-USDT,0.3%,0x4e68ccd3e89f51c3074ca5072bbac773960dfa36
2026-02-20,59329399,WETH-USDT,0.3%,0x4e68ccd3e89f51c3074ca5072bbac773960dfa36
2026-02-21,59321139,WETH-USDT,0.3%,0x4e68ccd3e89f51c3074ca5072bbac773960dfa36
2026-02-22,59386220,WETH-USDT,0.3%,0x4e68ccd3e89f51c3074ca5072bbac773960dfa36
2026-02-23,53207269,WETH-USDT,0.3%,0x4e68ccd3e89f51c3074ca5072bbac773960dfa36
2026-02-24,51752466,WETH-USDT,0.3%,0x4e68ccd3e89f51c3074ca5072bbac773960dfa36
2026-02-25,57168281,WETH-USDT,0.3%,0x4e68ccd3e89f51c3074ca5072bbac773960dfa36
2026-02-26,55973571,WETH-USDT,0.3%,0x4e68ccd3e89f51c3074ca5072bbac773960dfa36
2026-02-27,53726174,WETH-USDT,0.3%,0x4e68ccd3e89f51c3074ca5072bbac773960dfa36
2026-02-28,53876676,WETH-USDT,0.3%,0x4e68ccd3e89f51c3074ca5072bbac773960dfa36
2026-03-01,53262213,WETH-USDT,0.3%,0x4e68ccd3e89f51c3074ca5072bbac773960dfa36
2026-03-02,56273486,WETH-USDT,0.3%,0x4e68ccd3e89f51c3074ca5072bbac773960dfa36
2026-03-03,55099132,WETH-USDT,0.3%,0x4e68ccd3e89f51c3074ca5072bbac773960dfa36
2026-03-04,57844823,WETH-USDT,0.3%,0x4e68ccd3e89f51c3074ca5072bbac773960dfa36
2026-03-05,56803627,WETH-USDT,0.3%,0x4e68ccd3e89f51c3074ca5072bbac773960dfa36
2026-03-06,55219070,WETH-USDT,0.3%,0x4e68ccd3e89f51c3074ca5072bbac773960dfa36
2026-03-07,56795006,WETH-USDT,0.3%,0x4e68ccd3e89f51c3074ca5072bbac773960dfa36
2026-03-08,55446673,WETH-USDT,0.3%,0x4e68ccd3e89f51c3074ca5072bbac773960dfa36
2026-03-09,57338665,WETH-USDT,0.3%,0x4e68ccd3e89f51c3074ca5072bbac773960dfa36
2026-03-10,58802256,WETH-USDT,0.3%,0x4e68ccd3e89f51c3074ca5072bbac773960dfa36
2026-03-11,59277837,WETH-USDT,0.3%,0x4e68ccd3e89f51c3074ca5072bbac773960dfa36
2026-03-12,61836280,WETH-USDT,0.3%,0x4e68ccd3e89f51c3074ca5072bbac773960dfa36
2026-03-13,62208453,WETH-USDT,0.3%,0x4e68ccd3e89f51c3074ca5072bbac773960dfa36
2026-03-14,62756047,WETH-USDT,0.3%,0x4e68ccd3e89f51c3074ca5072bbac773960dfa36
2026-03-15,65341745,WETH-USDT,0.3%,0x4e68ccd3e89f51c3074ca5072bbac773960dfa36
2026-03-16,67134330,WETH-USDT,0.3%,0x4e68ccd3e89f51c3074ca5072bbac773960dfa36
2026-03-17,67372732,WETH-USDT,0.3%,0x4e68ccd3e89f51c3074ca5072bbac773960dfa36
2026-03-18,64337902,WETH-USDT,0.3%,0x4e68ccd3e89f51c3074ca5072bbac773960dfa36
2026-03-19,66287031,WETH-USDT,0.3%,0x4e68ccd3e89f51c3074ca5072bbac773960dfa36
2026-03-20,67080568,WETH-USDT,0.3%,0x4e68ccd3e89f51c3074ca5072bbac773960dfa36
2026-03-21,66703221,WETH-USDT,0.3%,0x4e68ccd3e89f51c3074ca5072bbac773960dfa36
2026-03-22,63990102,WETH-USDT,0.3%,0x4e68ccd3e89f51c3074ca5072bbac773960dfa36
2026-03-23,65586486,WETH-USDT,0.3%,0x4e68ccd3e89f51c3074ca5072bbac773960dfa36
2026-03-24,66259920,WETH-USDT,0.3%,0x4e68ccd3e89f51c3074ca5072bbac773960dfa36
2026-03-25,66441524,WETH-USDT,0.3%,0x4e68ccd3e89f51c3074ca5072bbac773960dfa36
2026-03-26,64817182,WETH-USDT,0.3%,0x4e68ccd3e89f51c3074ca5072bbac773960dfa36
2026-03-27,64540531,WETH-USDT,0.3%,0x4e68ccd3e89f51c3074ca5072bbac773960dfa36
2026-03-28,65459971,WETH-USDT,0.3%,0x4e68ccd3e89f51c3074ca5072bbac773960dfa36
2026-03-29,64525040,WETH-USDT,0.3%,0x4e68ccd3e89f51c3074ca5072bbac773960dfa36
2026-03-30,66941541,WETH-USDT,0.3%,0x4e68ccd3e89f51c3074ca5072bbac773960dfa36
2026-03-31,68714497,WETH-USDT,0.3%,0x4e68ccd3e89f51c3074ca5072bbac773960dfa36
2026-04-01,69438876,WETH-USDT,0.3%,0x4e68ccd3e89f51c3074ca5072bbac773960dfa36
2026-04-02,67761463,WETH-USDT,0.3%,0x4e68ccd3e89f51c3074ca5072bbac773960dfa36
2026-04-03,68640975,WETH-USDT,0.3%,0x4e68ccd3e89f51c3074ca5072bbac773960dfa36
2026-04-04,68919380,WETH-USDT,0.3%,0x4e68ccd3e89f51c3074ca5072bbac773960dfa36
2026-04-05,69752758,WETH-USDT,0.3%,0x4e68ccd3e89f51c3074ca5072bbac773960dfa36
2026-04-06,70348558,WETH-USDT,0.3%,0x4e68ccd3e89f51c3074ca5072bbac773960dfa36
2026-04-07,71848653,WETH-USDT,0.3%,0x4e68ccd3e89f51c3074ca5072bbac773960dfa36
2026-04-08,69784772,WETH-USDT,0.3%,0x4e68ccd3e89f51c3074ca5072bbac773960dfa36
2026-04-09,69924799,WETH-USDT,0.3%,0x4e68ccd3e89f51c3074ca5072bbac773960dfa36
2026-04-10,73442991,WETH-USDT,0.3%,0x4e68ccd3e89f51c3074ca5072bbac773960dfa36
2026-04-11,76198665,WETH-USDT,0.3%,0x4e68ccd3e89f51c3074ca5072bbac773960dfa36
2026-04-12,73360944,WETH-USDT,0.3%,0x4e68ccd3e89f51c3074ca5072bbac773960dfa36
2026-04-13,76133767,WETH-USDT,0.3%,0x4e68ccd3e89f51c3074ca5072bbac773960dfa36
2026-04-14,73828877,WETH-USDT,0.3%,0x4e68ccd3e89f51c3074ca5072bbac773960dfa36
2026-04-15,75219004,WETH-USDT,0.3%,0x4e68ccd3e89f51c3074ca5072bbac773960dfa36
2026-04-16,75660649,WETH-USDT,0.3%,0x4e68ccd3e89f51c3074ca5072bbac773960dfa36
2026-04-17,81758107,WETH-USDT,0.3%,0x4e68ccd3e89f51c3074ca5072bbac773960dfa36
2026-04-18,80765147,WETH-USDT,0.3%,0x4e68ccd3e89f51c3074ca5072bbac773960dfa36
2026-04-19,72751087,WETH-USDT,0.3%,0x4e68ccd3e89f51c3074ca5072bbac773960dfa36
2026-04-20,70848250,WETH-USDT,0.3%,0x4e68ccd3e89f51c3074ca5072bbac773960dfa36
2026-04-21,69290060,WETH-USDT,0.3%,0x4e68ccd3e89f51c3074ca5072bbac773960dfa36
2026-04-22,70678533,WETH-USDT,0.3%,0x4e68ccd3e89f51c3074ca5072bbac773960dfa36
2026-04-23,69437874,WETH-USDT,0.3%,0x4e68ccd3e89f51c3074ca5072bbac773960dfa36
2026-04-24,69378593,WETH-USDT,0.3%,0x4e68ccd3e89f51c3074ca5072bbac773960dfa36
2026-04-25,69586608,WETH-USDT,0.3%,0x4e68ccd3e89f51c3074ca5072bbac773960dfa36
2026-04-26,69950792,WETH-USDT,0.3%,0x4e68ccd3e89f51c3074ca5072bbac773960dfa36
2026-04-27,74231389,WETH-USDT,0.3%,0x4e68ccd3e89f51c3074ca5072bbac773960dfa36
2026-04-28,74367950,WETH-USDT,0.3%,0x4e68ccd3e89f51c3074ca5072bbac773960dfa36
2026-04-29,75638842,WETH-USDT,0.3%,0x4e68ccd3e89f51c3074ca5072bbac773960dfa36
2026-04-30,80308692,WETH-USDT,0.3%,0x4e68ccd3e89f51c3074ca5072bbac773960dfa36
2026-05-01,81906866,WETH-USDT,0.3%,0x4e68ccd3e89f51c3074ca5072bbac773960dfa36
2026-05-02,81476036,WETH-USDT,0.3%,0x4e68ccd3e89f51c3074ca5072bbac773960dfa36
2026-05-03,81629941,WETH-USDT,0.3%,0x4e68ccd3e89f51c3074ca5072bbac773960dfa36
2026-05-04,83121740,WETH-USDT,0.3%,0x4e68ccd3e89f51c3074ca5072bbac773960dfa36
2026-05-05,83664533,WETH-USDT,0.3%,0x4e68ccd3e89f51c3074ca5072bbac773960dfa36
2026-05-06,82682642,WETH-USDT,0.3%,0x4e68ccd3e89f51c3074ca5072bbac773960dfa36
2026-05-07,86006643,WETH-USDT,0.3%,0x4e68ccd3e89f51c3074ca5072bbac773960dfa36
2026-05-08,86341778,WETH-USDT,0.3%,0x4e68ccd3e89f51c3074ca5072bbac773960dfa36
2026-05-09,87563260,WETH-USDT,0.3%,0x4e68ccd3e89f51c3074ca5072bbac773960dfa36
2026-05-10,85539238,WETH-USDT,0.3%,0x4e68ccd3e89f51c3074ca5072bbac773960dfa36
2026-05-11,85751189,WETH-USDT,0.3%,0x4e68ccd3e89f51c3074ca5072bbac773960dfa36
2026-05-12,85344484,WETH-USDT,0.3%,0x4e68ccd3e89f51c3074ca5072bbac773960dfa36
2026-05-13,89016266,WETH-USDT,0.3%,0x4e68ccd3e89f51c3074ca5072bbac773960dfa36
2026-05-14,90579011,WETH-USDT,0.3%,0x4e68ccd3e89f51c3074ca5072bbac773960dfa36
2026-05-15,85521684,WETH-USDT,0.3%,0x4e68ccd3e89f51c3074ca5072bbac773960dfa36
2026-05-16,88950943,WETH-USDT,0.3%,0x4e68ccd3e89f51c3074ca5072bbac773960dfa36
2026-05-17,90425241,WETH-USDT,0.3%,0x4e68ccd3e89f51c3074ca5072bbac773960dfa36
2026-05-18,84694647,WETH-USDT,0.3%,0x4e68ccd3e89f51c3074ca5072bbac773960dfa36
2026-05-19,90776767,WETH-USDT,0.3%,0x4e68ccd3e89f51c3074ca5072bbac773960dfa36
2026-05-20,90791113,WETH-USDT,0.3%,0x4e68ccd3e89f51c3074ca5072bbac773960dfa36
2026-05-21,92746339,WETH-USDT,0.3%,0x4e68ccd3e89f51c3074ca5072bbac773960dfa36
2026-05-22,91163299,WETH-USDT,0.3%,0x4e68ccd3e89f51c3074ca5072bbac773960dfa36
2026-05-23,85628047,WETH-USDT,0.3%,0x4e68ccd3e89f51c3074ca5072bbac773960dfa36
2026-05-24,88030418,WETH-USDT,0.3%,0x4e68ccd3e89f51c3074ca5072bbac773960dfa36
2026-05-25,86812070,WETH-USDT,0.3%,0x4e68ccd3e89f51c3074ca5072bbac773960dfa36
2026-05-26,83741162,WETH-USDT,0.3%,0x4e68ccd3e89f51c3074ca5072bbac773960dfa36
2026-05-27,87375456,WETH-USDT,0.3%,0x4e68ccd3e89f51c3074ca5072bbac773960dfa36
2026-05-28,88732774,WETH-USDT,0.3%,0x4e68ccd3e89f51c3074ca5072bbac773960dfa36
2026-05-29,88908827,WETH-USDT,0.3%,0x4e68ccd3e89f51c3074ca5072bbac773960dfa36
2026-05-30,89545885,WETH-USDT,0.3%,0x4e68ccd3e89f51c3074ca5072bbac773960dfa36
2026-05-31,88300199,WETH-USDT,0.3%,0x4e68ccd3e89f51c3074ca5072bbac773960dfa36
2026-06-01,87737278,WETH-USDT,0.3%,0x4e68ccd3e89f51c3074ca5072bbac773960dfa36
2026-06-02,80076367,WETH-USDT,0.3%,0x4e68ccd3e89f51c3074ca5072bbac773960dfa36
2026-06-03,73358141,WETH-USDT,0.3%,0x4e68ccd3e89f51c3074ca5072bbac773960dfa36
2026-06-04,70764755,WETH-USDT,0.3%,0x4e68ccd3e89f51c3074ca5072bbac773960dfa36
2026-06-05,61897836,WETH-USDT,0.3%,0x4e68ccd3e89f51c3074ca5072bbac773960dfa36
2026-06-06,69228325,WETH-USDT,0.3%,0x4e68ccd3e89f51c3074ca5072bbac773960dfa36
2026-06-07,73002187,WETH-USDT,0.3%,0x4e68ccd3e89f51c3074ca5072bbac773960dfa36
2026-06-08,75103433,WETH-USDT,0.3%,0x4e68ccd3e89f51c3074ca5072bbac773960dfa36
2026-06-09,74025445,WETH-USDT,0.3%,0x4e68ccd3e89f51c3074ca5072bbac773960dfa36
2026-06-10,71658625,WETH-USDT,0.3%,0x4e68ccd3e89f51c3074ca5072bbac773960dfa36
2026-06-11,73564598,WETH-USDT,0.3%,0x4e68ccd3e89f51c3074ca5072bbac773960dfa36
2026-06-12,73005811,WETH-USDT,0.3%,0x4e68ccd3e89f51c3074ca5072bbac773960dfa36
2026-06-13,73870848,WETH-USDT,0.3%,0x4e68ccd3e89f51c3074ca5072bbac773960dfa36
2026-06-14,75060141,WETH-USDT,0.3%,0x4e68ccd3e89f51c3074ca5072bbac773960dfa36
2026-06-15,75924729,WETH-USDT,0.3%,0x4e68ccd3e89f51c3074ca5072bbac773960dfa36
2026-06-16,75992251,WETH-USDT,0.3%,0x4e68ccd3e89f51c3074ca5072bbac773960dfa36
2026-06-17,74706816,WETH-USDT,0.3%,0x4e68ccd3e89f51c3074ca5072bbac773960dfa36
2026-06-18,74610396,WETH-USDT,0.3%,0x4e68ccd3e89f51c3074ca5072bbac773960dfa36
2026-06-19,76621425,WETH-USDT,0.3%,0x4e68ccd3e89f51c3074ca5072bbac773960dfa36
2026-06-20,77778948,WETH-USDT,0.3%,0x4e68ccd3e89f51c3074ca5072bbac773960dfa36
2026-06-21,76917899,WETH-USDT,0.3%,0x4e68ccd3e89f51c3074ca5072bbac773960dfa36
2026-06-22,78799182,WETH-USDT,0.3%,0x4e68ccd3e89f51c3074ca5072bbac773960dfa36
2026-06-23,76292624,WETH-USDT,0.3%,0x4e68ccd3e89f51c3074ca5072bbac773960dfa36
2026-06-24,74754609,WETH-USDT,0.3%,0x4e68ccd3e89f51c3074ca5072bbac773960dfa36
2026-06-25,72944019,WETH-USDT,0.3%,0x4e68ccd3e89f51c3074ca5072bbac773960dfa36
2026-06-26,73633414,WETH-USDT,0.3%,0x4e68ccd3e89f51c3074ca5072bbac773960dfa36
2026-06-27,74809800,WETH-USDT,0.3%,0x4e68ccd3e89f51c3074ca5072bbac773960dfa36
2026-06-28,73664876,WETH-USDT,0.3%,0x4e68ccd3e89f51c3074ca5072bbac773960dfa36
2026-06-29,77039129,WETH-USDT,0.3%,0x4e68ccd3e89f51c3074ca5072bbac773960dfa36
2026-06-30,75601706,WETH-USDT,0.3%,0x4e68ccd3e89f51c3074ca5072bbac773960dfa36
2026-07-01,77499354,WETH-USDT,0.3%,0x4e68ccd3e89f51c3074ca5072bbac773960dfa36
2026-07-02,80491324,WETH-USDT,0.3%,0x4e68ccd3e89f51c3074ca5072bbac773960dfa36
2026-07-03,82265550,WETH-USDT,0.3%,0x4e68ccd3e89f51c3074ca5072bbac773960dfa36
2026-07-04,83472168,WETH-USDT,0.3%,0x4e68ccd3e89f51c3074ca5072bbac773960dfa36
2026-07-05,82844089,WETH-USDT,0.3%,0x4e68ccd3e89f51c3074ca5072bbac773960dfa36
2026-07-06,83714609,WETH-USDT,0.3%,0x4e68ccd3e89f51c3074ca5072bbac773960dfa36
2026-07-07,83593000,WETH-USDT,0.3%,0x4e68ccd3e89f51c3074ca5072bbac773960dfa36
2026-07-08,83429845,WETH-USDT,0.3%,0x4e68ccd3e89f51c3074ca5072bbac773960dfa36
2026-07-09,83715671,WETH-USDT,0.3%,0x4e68ccd3e89f51c3074ca5072bbac773960dfa36
2026-07-10,85563413,WETH-USDT,0.3%,0x4e68ccd3e89f51c3074ca5072bbac773960dfa36
2026-07-11,84881858,WETH-USDT,0.3%,0x4e68ccd3e89f51c3074ca5072bbac773960dfa36
2026-07-12,83392002,WETH-USDT,0.3%,0x4e68ccd3e89f51c3074ca5072bbac773960dfa36
2026-07-13,82037787,WETH-USDT,0.3%,0x4e68ccd3e89f51c3074ca5072bbac773960dfa36
2026-07-14,85656885,WETH-USDT,0.3%,0x4e68ccd3e89f51c3074ca5072bbac773960dfa36
2026-07-15,85567532,WETH-USDT,0.3%,0x4e68ccd3e89f51c3074ca5072bbac773960dfa36
2026-07-16,86522116,WETH-USDT,0.3%,0x4e68ccd3e89f51c3074ca5072bbac773960dfa36
2026-07-17,84646048,WETH-USDT,0.3%,0x4e68ccd3e89f51c3074ca5072bbac773960dfa36
2026-07-18,84976561,WETH-USDT,0.3%,0x4e68ccd3e89f51c3074ca5072bbac773960dfa36
2026-07-19,84538611,WETH-USDT,0.3%,0x4e68ccd3e89f51c3074ca5072bbac773960dfa36
2026-07-20,85173097,WETH-USDT,0.3%,0x4e68ccd3e89f51c3074ca5072bbac773960dfa36
2026-07-21,86229429,WETH-USDT,0.3%,0x4e68ccd3e89f51c3074ca5072bbac773960dfa36
2026-07-22,86682331,WETH-USDT,0.3%,0x4e68ccd3e89f51c3074ca5072bbac773960dfa36
2026-07-23,85064051,WETH-USDT,0.3%,0x4e68ccd3e89f51c3074ca5072bbac773960dfa36
2026-07-24,84862632,WETH-USDT,0.3%,0x4e68ccd3e89f51c3074ca5072bbac773960dfa36
2026-07-25,85293616,WETH-USDT,0.3%,0x4e68ccd3e89f51c3074ca5072bbac773960dfa36
2026-07-26,86520311,WETH-USDT,0.3%,0x4e68ccd3e89f51c3074ca5072bbac773960dfa36
2026-07-27,82212200,WETH-USDT,0.3%,0x4e68ccd3e89f51c3074ca5072bbac773960dfa36
2026-07-28,84736902,WETH-USDT,0.3%,0x4e68ccd3e89f51c3074ca5072bbac773960dfa36
2026-07-29,84879959,WETH-USDT,0.3%,0x4e68ccd3e89f51c3074ca5072bbac773960dfa36
2026-07-30,85085071,WETH-USDT,0.3%,0x4e68ccd3e89f51c3074ca5072bbac773960dfa36
2026-07-31,83144388,WETH-USDT,0.3%,0x4e68ccd3e89f51c3074ca5072bbac773960dfa36
2026-08-01,82934937,WETH-USDT,0.3%,0x4e68ccd3e89f51c3074ca5072bbac773960dfa36
2026-08-02,84089087,WETH-USDT,0.3%,0x4e68ccd3e89f51c3074ca5072bbac773960dfa36
2026-08-03,83564667,WETH-USDT,0.3%,0x4e68ccd3e89f51c3074ca5072bbac773960dfa36
2026-08-04,83896369,WETH-USDT,0.3%,0x4e68ccd3e89f51c3074ca5072bbac773960dfa36
2026-08-05,76048062,WETH-USDT,0.3%,0x4e68ccd3e89f51c3074ca5072bbac773960dfa36
2026-08-06,76179254,WETH-USDT,0.3%,0x4e68ccd3e89f51c3074ca5072bbac773960dfa36
2026-08-07,76244908,WETH-USDT,0.3%,0x4e68ccd3e89f51c3074ca5072bbac773960dfa36
2026-08-08,77977592,WETH-USDT,0.3%,0x4e68ccd3e89f51c3074ca5072bbac773960dfa36
2026-08-09,78156018,WETH-USDT,0.3%,0x4e68ccd3e89f51c3074ca5072bbac773960dfa36
2026-08-10,76986984,WETH-USDT,0.3%,0x4e68ccd3e89f51c3074ca5072bbac773960dfa36
2026-08-11,79758981,WETH-USDT,0.3%,0x4e68ccd3e89f51c3074ca5072bbac773960dfa36
2026-08-12,79556604,WETH-USDT,0.3%,0x4e68ccd3e89f51c3074ca5072bbac773960dfa36
2026-08-13,79886653,WETH-USDT,0.3%,0x4e68ccd3e89f51c3074ca5072bbac773960dfa36
2026-08-14,79725528,WETH-USDT,0.3%,0x4e68ccd3e89f51c3074ca5072bbac773960dfa36
2026-08-15,79829788,WETH-USDT,0.3%,0x4e68ccd3e89f51c3074ca5072bbac773960dfa36
2026-08-16,79586228,WETH-USDT,0.3%,0x4e68ccd3e89f51c3074ca5072bbac773960dfa36
2026-08-17,80263039,WETH-USDT,0.3%,0x4e68ccd3e89f51c3074ca5072bbac773960dfa36
2026-08-18,80565919,WETH-USDT,0.3%,0x4e68ccd3e89f51c3074ca5072bbac773960dfa36
2026-08-19,79823977,WETH-USDT,0.3%,0x4e68ccd3e89f51c3074ca5072bbac773960dfa36
2026-08-20,88263825,WETH-USDT,0.3%,0x4e68ccd3e89f51c3074ca5072bbac773960dfa36
2026-08-21,116107661,WETH-USDT,0.3%,0x4e68ccd3e89f51c3074ca5072bbac773960dfa36
2026-08-22,115344728,WETH-USDT,0.3%,0x4e68ccd3e89f51c3074ca5072bbac773960dfa36
2026-08-23,117035350,WETH-USDT,0.3%,0x4e68ccd3e89f51c3074ca5072bbac773960dfa36
2026-08-24,118549468,WETH-USDT,0.3%,0x4e68ccd3e89f51c3074ca5072bbac773960dfa36
2026-08-25,122298361,WETH-USDT,0.3%,0x4e68ccd3e89f51c3074ca5072bbac773960dfa36
2026-08-26,123389292,WETH-USDT,0.3%,0x4e68ccd3e89f51c3074ca5072bbac773960dfa36
2026-08-27,114226956,WETH-USDT,0.3%,0x4e68ccd3e89f51c3074ca5072bbac773960dfa36
2026-08-28,113824367,WETH-USDT,0.3%,0x4e68ccd3e89f51c3074ca5072bbac773960dfa36
2026-08-29,113856033,WETH-USDT,0.3%,0x4e68ccd3e89f51c3074ca5072bbac773960dfa36
2026-08-30,113816521,WETH-USDT,0.3%,0x4e68ccd3e89f51c3074ca5072bbac773960dfa36
2026-08-31,113904368,WETH-USDT,0.3%,0x4e68ccd3e89f51c3074ca5072bbac773960dfa36
2026-09-01,110723823,WETH-USDT,0.3%,0x4e68ccd3e89f51c3074ca5072bbac773960dfa36
2026-09-02,110365088,WETH-USDT,0.3%,0x4e68ccd3e89f51c3074ca5072bbac773960dfa36
2026-09-03,105196132,WETH-USDT,0.3%,0x4e68ccd3e89f51c3074ca5072bbac773960dfa36
2026-09-04,108706227,WETH-USDT,0.3%,0x4e68ccd3e89f51c3074ca5072bbac773960dfa36
2026-09-05,108831653,WETH-USDT,0.3%,0x4e68ccd3e89f51c3074ca5072bbac773960dfa36
2026-09-06,109786074,WETH-USDT,0.3%,0x4e68ccd3e89f51c3074ca5072bbac773960dfa36
2026-09-07,109604096,WETH-USDT,0.3%,0x4e68ccd3e89f51c3074ca5072bbac773960dfa36
2026-09-08,109784177,WETH-USDT,0.3%,0x4e68ccd3e89f51c3074ca5072bbac773960dfa36
2026-09-09,108876258,WETH-USDT,0.3%,0x4e68ccd3e89f51c3074ca5072bbac773960dfa36
2026-09-10,108763636,WETH-USDT,0.3%,0x4e68ccd3e89f51c3074ca5072bbac773960dfa36
2026-09-11,111621661,WETH-USDT,0.3%,0x4e68ccd3e89f51c3074ca5072bbac773960dfa36
2026-09-12,112198378,WETH-USDT,0.3%,0x4e68ccd3e89f51c3074ca5072bbac773960dfa36
2026-09-13,112067868,WETH-USDT,0.3%,0x4e68ccd3e89f51c3074ca5072bbac773960dfa36
2026-09-14,113657395,WETH-USDT,0.3%,0x4e68ccd3e89f51c3074ca5072bbac773960dfa36
2026-09-15,109565878,WETH-USDT,0.3%,0x4e68ccd3e89f51c3074ca5072bbac773960dfa36
2026-09-16,109352589,WETH-USDT,0.3%,0x4e68ccd3e89f51c3074ca5072bbac773960dfa36
2022-03-27,322105482,USDC-WETH,0.05%,0x88e6a0c2ddd26feeb64f039a2c41296fcb3f5640
2022-03-28,323391555,USDC-WETH,0.05%,0x88e6a0c2ddd26feeb64f039a2c41296fcb3f5640
2022-03-29,319803491,USDC-WETH,0.05%,0x88e6a0c2ddd26feeb64f039a2c41296fcb3f5640
2022-03-30,311572103,USDC-WETH,0.05%,0x88e6a0c2ddd26feeb64f039a2c41296fcb3f5640
2022-03-31,300702225,USDC-WETH,0.05%,0x88e6a0c2ddd26feeb64f039a2c41296fcb3f5640
2022-04-01,305068901,USDC-WETH,0.05%,0x88e6a0c2ddd26feeb64f039a2c41296fcb3f5640
2022-04-02,307887999,USDC-WETH,0.05%,0x88e6a0c2ddd26feeb64f039a2c41296fcb3f5640
2022-04-03,312657893,USDC-WETH,0.05%,0x88e6a0c2ddd26feeb64f039a2c41296fcb3f5640
2022-04-04,310830012,USDC-WETH,0.05%,0x88e6a0c2ddd26feeb64f039a2c41296fcb3f5640
2022-04-05,313037355,USDC-WETH,0.05%,0x88e6a0c2ddd26feeb64f039a2c41296fcb3f5640
2022-04-06,311098003,USDC-WETH,0.05%,0x88e6a0c2ddd26feeb64f039a2c41296fcb3f5640
2022-04-07,337825709,USDC-WETH,0.05%,0x88e6a0c2ddd26feeb64f039a2c41296fcb3f5640
2022-04-08,338237653,USDC-WETH,0.05%,0x88e6a0c2ddd26feeb64f039a2c41296fcb3f5640
2022-04-09,345278352,USDC-WETH,0.05%,0x88e6a0c2ddd26feeb64f039a2c41296fcb3f5640
2022-04-10,330361177,USDC-WETH,0.05%,0x88e6a0c2ddd26feeb64f039a2c41296fcb3f5640
2022-04-11,325645341,USDC-WETH,0.05%,0x88e6a0c2ddd26feeb64f039a2c41296fcb3f5640
2022-04-12,326039136,USDC-WETH,0.05%,0x88e6a0c2ddd26feeb64f039a2c41296fcb3f5640
2022-04-13,336563313,USDC-WETH,0.05%,0x88e6a0c2ddd26feeb64f039a2c41296fcb3f5640
2022-04-14,331179688,USDC-WETH,0.05%,0x88e6a0c2ddd26feeb64f039a2c41296fcb3f5640
2022-04-15,265688224,USDC-WETH,0.05%,0x88e6a0c2ddd26feeb64f039a2c41296fcb3f5640
2022-04-16,263468656,USDC-WETH,0.05%,0x88e6a0c2ddd26feeb64f039a2c41296fcb3f5640
2022-04-17,265220010,USDC-WETH,0.05%,0x88e6a0c2ddd26feeb64f039a2c41296fcb3f5640
2022-04-18,260355511,USDC-WETH,0.05%,0x88e6a0c2ddd26feeb64f039a2c41296fcb3f5640
2022-04-19,260444619,USDC-WETH,0.05%,0x88e6a0c2ddd26feeb64f039a2c41296fcb3f5640
2022-04-20,271154744,USDC-WETH,0.05%,0x88e6a0c2ddd26feeb64f039a2c41296fcb3f5640
2022-04-21,262553985,USDC-WETH,0.05%,0x88e6a0c2ddd26feeb64f039a2c41296fcb3f5640
2022-04-22,261502608,USDC-WETH,0.05%,0x88e6a0c2ddd26feeb64f039a2c41296fcb3f5640
2022-04-23,257173830,USDC-WETH,0.05%,0x88e6a0c2ddd26feeb64f039a2c41296fcb3f5640
2022-04-24,259189799,USDC-WETH,0.05%,0x88e6a0c2ddd26feeb64f039a2c41296fcb3f5640
2022-04-25,260869314,USDC-WETH,0.05%,0x88e6a0c2ddd26feeb64f039a2c41296fcb3f5640
2022-04-26,252656866,USDC-WETH,0.05%,0x88e6a0c2ddd26feeb64f039a2c41296fcb3f5640
2022-04-27,275879003,USDC-WETH,0.05%,0x88e6a0c2ddd26feeb64f039a2c41296fcb3f5640
2022-04-28,277789466,USDC-WETH,0.05%,0x88e6a0c2ddd26feeb64f039a2c41296fcb3f5640
2022-04-29,280480920,USDC-WETH,0.05%,0x88e6a0c2ddd26feeb64f039a2c41296fcb3f5640
2022-04-30,291553350,USDC-WETH,0.05%,0x88e6a0c2ddd26feeb64f039a2c41296fcb3f5640
2022-05-01,291950731,USDC-WETH,0.05%,0x88e6a0c2ddd26feeb64f039a2c41296fcb3f5640
2022-05-02,303415521,USDC-WETH,0.05%,0x88e6a0c2ddd26feeb64f039a2c41296fcb3f5640
2022-05-03,310681557,USDC-WETH,0.05%,0x88e6a0c2ddd26feeb64f039a2c41296fcb3f5640
2022-05-04,319802619,USDC-WETH,0.05%,0x88e6a0c2ddd26feeb64f039a2c41296fcb3f5640
2022-05-05,295362431,USDC-WETH,0.05%,0x88e6a0c2ddd26feeb64f039a2c41296fcb3f5640
2022-05-06,305748568,USDC-WETH,0.05%,0x88e6a0c2ddd26feeb64f039a2c41296fcb3f5640
2022-05-07,295329299,USDC-WETH,0.05%,0x88e6a0c2ddd26feeb64f039a2c41296fcb3f5640
2022-05-08,290331453,USDC-WETH,0.05%,0x88e6a0c2ddd26feeb64f039a2c41296fcb3f5640
2022-05-09,235270277,USDC-WETH,0.05%,0x88e6a0c2ddd26feeb64f039a2c41296fcb3f5640
2022-05-10,233462951,USDC-WETH,0.05%,0x88e6a0c2ddd26feeb64f039a2c41296fcb3f5640
2022-05-11,218579822,USDC-WETH,0.05%,0x88e6a0c2ddd26feeb64f039a2c41296fcb3f5640
2022-05-12,208174531,USDC-WETH,0.05%,0x88e6a0c2ddd26feeb64f039a2c41296fcb3f5640
2022-05-13,209667454,USDC-WETH,0.05%,0x88e6a0c2ddd26feeb64f039a2c41296fcb3f5640
2022-05-14,230006673,USDC-WETH,0.05%,0x88e6a0c2ddd26feeb64f039a2c41296fcb3f5640
2022-05-15,241990998,USDC-WETH,0.05%,0x88e6a0c2ddd26feeb64f039a2c41296fcb3f5640
2022-05-16,239573089,USDC-WETH,0.05%,0x88e6a0c2ddd26feeb64f039a2c41296fcb3f5640
2022-05-17,248455847,USDC-WETH,0.05%,0x88e6a0c2ddd26feeb64f039a2c41296fcb3f5640
2022-05-18,246896354,USDC-WETH,0.05%,0x88e6a0c2ddd26feeb64f039a2c41296fcb3f5640
2022-05-19,256262066,USDC-WETH,0.05%,0x88e6a0c2ddd26feeb64f039a2c41296fcb3f5640
2022-05-20,267963539,USDC-WETH,0.05%,0x88e6a0c2ddd26feeb64f039a2c41296fcb3f5640
2022-05-21,274081654,USDC-WETH,0.05%,0x88e6a0c2ddd26feeb64f039a2c41296fcb3f5640
2022-05-22,278795091,USDC-WETH,0.05%,0x88e6a0c2ddd26feeb64f039a2c41296fcb3f5640
2022-05-23,304087581,USDC-WETH,0.05%,0x88e6a0c2ddd26feeb64f039a2c41296fcb3f5640
2022-05-24,302266117,USDC-WETH,0.05%,0x88e6a0c2ddd26feeb64f039a2c41296fcb3f5640
2022-05-25,302556969,USDC-WETH,0.05%,0x88e6a0c2ddd26feeb64f039a2c41296fcb3f5640
2022-05-26,256313713,USDC-WETH,0.05%,0x88e6a0c2ddd26feeb64f039a2c41296fcb3f5640
2022-05-27,251937771,USDC-WETH,0.05%,0x88e6a0c2ddd26feeb64f039a2c41296fcb3f5640
2022-05-28,264137472,USDC-WETH,0.05%,0x88e6a0c2ddd26feeb64f039a2c41296fcb3f5640
2022-05-29,267945521,USDC-WETH,0.05%,0x88e6a0c2ddd26feeb64f039a2c41296fcb3f5640
2022-05-30,283325994,USDC-WETH,0.05%,0x88e6a0c2ddd26feeb64f039a2c41296fcb3f5640
2022-05-31,284730082,USDC-WETH,0.05%,0x88e6a0c2ddd26feeb64f039a2c41296fcb3f5640
2022-06-01,269423868,USDC-WETH,0.05%,0x88e6a0c2ddd26feeb64f039a2c41296fcb3f5640
2022-06-02,283660933,USDC-WETH,0.05%,0x88e6a0c2ddd26feeb64f039a2c41296fcb3f5640
2022-06-03,279770178,USDC-WETH,0.05%,0x88e6a0c2ddd26feeb64f039a2c41296fcb3f5640
2022-06-05,309591758,USDC-WETH,0.05%,0x88e6a0c2ddd26feeb64f039a2c41296fcb3f5640
2022-06-06,318565107,USDC-WETH,0.05%,0x88e6a0c2ddd26feeb64f039a2c41296fcb3f5640
2022-06-07,314197176,USDC-WETH,0.05%,0x88e6a0c2ddd26feeb64f039a2c41296fcb3f5640
2022-06-08,330214393,USDC-WETH,0.05%,0x88e6a0c2ddd26feeb64f039a2c41296fcb3f5640
2022-06-09,315850622,USDC-WETH,0.05%,0x88e6a0c2ddd26feeb64f039a2c41296fcb3f5640
2022-06-10,301245374,USDC-WETH,0.05%,0x88e6a0c2ddd26feeb64f039a2c41296fcb3f5640
2022-06-11,240173499,USDC-WETH,0.05%,0x88e6a0c2ddd26feeb64f039a2c41296fcb3f5640
2022-06-12,241514965,USDC-WETH,0.05%,0x88e6a0c2ddd26feeb64f039a2c41296fcb3f5640
2022-06-13,194101619,USDC-WETH,0.05%,0x88e6a0c2ddd26feeb64f039a2c41296fcb3f5640
2022-06-14,196536901,USDC-WETH,0.05%,0x88e6a0c2ddd26feeb64f039a2c41296fcb3f5640
2022-06-15,200113082,USDC-WETH,0.05%,0x88e6a0c2ddd26feeb64f039a2c41296fcb3f5640
2022-06-16,193775926,USDC-WETH,0.05%,0x88e6a0c2ddd26feeb64f039a2c41296fcb3f5640
2022-06-17,193080138,USDC-WETH,0.05%,0x88e6a0c2ddd26feeb64f039a2c41296fcb3f5640
2022-06-18,171156029,USDC-WETH,0.05%,0x88e6a0c2ddd26feeb64f039a2c41296fcb3f5640
2022-06-19,189638513,USDC-WETH,0.05%,0x88e6a0c2ddd26feeb64f039a2c41296fcb3f5640
2022-06-20,190588291,USDC-WETH,0.05%,0x88e6a0c2ddd26feeb64f039a2c41296fcb3f5640
2022-06-21,193806078,USDC-WETH,0.05%,0x88e6a0c2ddd26feeb64f039a2c41296fcb3f5640
2022-06-22,187947468,USDC-WETH,0.05%,0x88e6a0c2ddd26feeb64f039a2c41296fcb3f5640
2022-06-23,193917922,USDC-WETH,0.05%,0x88e6a0c2ddd26feeb64f039a2c41296fcb3f5640
2022-06-24,203205239,USDC-WETH,0.05%,0x88e6a0c2ddd26feeb64f039a2c41296fcb3f5640
2022-06-25,195876136,USDC-WETH,0.05%,0x88e6a0c2ddd26feeb64f039a2c41296fcb3f5640
2022-06-26,194445720,USDC-WETH,0.05%,0x88e6a0c2ddd26feeb64f039a2c41296fcb3f5640
2022-06-27,209731299,USDC-WETH,0.05%,0x88e6a0c2ddd26feeb64f039a2c41296fcb3f5640
2022-06-28,191514516,USDC-WETH,0.05%,0x88e6a0c2ddd26feeb64f039a2c41296fcb3f5640
2022-06-29,202922681,USDC-WETH,0.05%,0x88e6a0c2ddd26feeb64f039a2c41296fcb3f5640
2022-06-30,203617542,USDC-WETH,0.05%,0x88e6a0c2ddd26feeb64f039a2c41296fcb3f5640
2022-07-01,208237158,USDC-WETH,0.05%,0x88e6a0c2ddd26feeb64f039a2c41296fcb3f5640
2022-07-02,203927487,USDC-WETH,0.05%,0x88e6a0c2ddd26feeb64f039a2c41296fcb3f5640
2022-07-03,204798872,USDC-WETH,0.05%,0x88e6a0c2ddd26feeb64f039a2c41296fcb3f5640
2022-07-04,215728461,USDC-WETH,0.05%,0x88e6a0c2ddd26feeb64f039a2c41296fcb3f5640
2022-07-05,213029542,USDC-WETH,0.05%,0x88e6a0c2ddd26feeb64f039a2c41296fcb3f5640
2022-07-06,225738267,USDC-WETH,0.05%,0x88e6a0c2ddd26feeb64f039a2c41296fcb3f5640
2022-07-07,233745085,USDC-WETH,0.05%,0x88e6a0c2ddd26feeb64f039a2c41296fcb3f5640
2022-07-08,231682878,USDC-WETH,0.05%,0x88e6a0c2ddd26feeb64f039a2c41296fcb3f5640
2022-07-09,228114064,USDC-WETH,0.05%,0x88e6a0c2ddd26feeb64f039a2c41296fcb3f5640
2022-07-10,215367115,USDC-WETH,0.05%,0x88e6a0c2ddd26feeb64f039a2c41296fcb3f5640
2022-07-11,213249648,USDC-WETH,0.05%,0x88e6a0c2ddd26feeb64f039a2c41296fcb3f5640
2022-07-12,211014156,USDC-WETH,0.05%,0x88e6a0c2ddd26feeb64f039a2c41296fcb3f5640
2022-07-13,217040217,USDC-WETH,0.05%,0x88e6a0c2ddd26feeb64f039a2c41296fcb3f5640
2022-07-14,228682627,USDC-WETH,0.05%,0x88e6a0c2ddd26feeb64f039a2c41296fcb3f5640
2022-07-15,234939427,USDC-WETH,0.05%,0x88e6a0c2ddd26feeb64f039a2c41296fcb3f5640
2022-07-16,240299033,USDC-WETH,0.05%,0x88e6a0c2ddd26feeb64f039a2c41296fcb3f5640
2022-07-17,241344971,USDC-WETH,0.05%,0x88e6a0c2ddd26feeb64f039a2c41296fcb3f5640
2022-07-18,258501867,USDC-WETH,0.05%,0x88e6a0c2ddd26feeb64f039a2c41296fcb3f5640
2022-07-19,260056596,USDC-WETH,0.05%,0x88e6a0c2ddd26feeb64f039a2c41296fcb3f5640
2022-07-20,263008752,USDC-WETH,0.05%,0x88e6a0c2ddd26feeb64f039a2c41296fcb3f5640
2022-07-21,266687473,USDC-WETH,0.05%,0x88e6a0c2ddd26feeb64f039a2c41296fcb3f5640
2022-07-22,272343771,USDC-WETH,0.05%,0x88e6a0c2ddd26feeb64f039a2c41296fcb3f5640
2022-07-23,256093579,USDC-WETH,0.05%,0x88e6a0c2ddd26feeb64f039a2c41296fcb3f5640
2022-07-24,278166219,USDC-WETH,0.05%,0x88e6a0c2ddd26feeb64f039a2c41296fcb3f5640
2022-07-25,258407317,USDC-WETH,0.05%,0x88e6a0c2ddd26feeb64f039a2c41296fcb3f5640
2022-07-26,254341183,USDC-WETH,0.05%,0x88e6a0c2ddd26feeb64f039a2c41296fcb3f5640
2022-07-27,273628031,USDC-WETH,0.05%,0x88e6a0c2ddd26feeb64f039a2c41296fcb3f5640
2022-07-28,283080005,USDC-WETH,0.05%,0x88e6a0c2ddd26feeb64f039a2c41296fcb3f5640
2022-07-29,281069016,USDC-WETH,0.05%,0x88e6a0c2ddd26feeb64f039a2c41296fcb3f5640
2022-07-30,281662282,USDC-WETH,0.05%,0x88e6a0c2ddd26feeb64f039a2c41296fcb3f5640
2022-07-31,280648727,USDC-WETH,0.05%,0x88e6a0c2ddd26feeb64f039a2c41296fcb3f5640
2022-08-01,289712582,USDC-WETH,0.05%,0x88e6a0c2ddd26feeb64f039a2c41296fcb3f5640
2022-08-02,283657176,USDC-WETH,0.05%,0x88e6a0c2ddd26feeb64f039a2c41296fcb3f5640
2022-08-03,292200220,USDC-WETH,0.05%,0x88e6a0c2ddd26feeb64f039a2c41296fcb3f5640
2022-08-04,289726268,USDC-WETH,0.05%,0x88e6a0c2ddd26feeb64f039a2c41296fcb3f5640
2022-08-05,283900451,USDC-WETH,0.05%,0x88e6a0c2ddd26feeb64f039a2c41296fcb3f5640
2022-08-06,297889090,USDC-WETH,0.05%,0x88e6a0c2ddd26feeb64f039a2c41296fcb3f5640
2022-08-07,294963153,USDC-WETH,0.05%,0x88e6a0c2ddd26feeb64f039a2c41296fcb3f5640
2022-08-08,301815253,USDC-WETH,0.05%,0x88e6a0c2ddd26feeb64f039a2c41296fcb3f5640
2022-08-09,297158024,USDC-WETH,0.05%,0x88e6a0c2ddd26feeb64f039a2c41296fcb3f5640
2022-08-10,296182360,USDC-WETH,0.05%,0x88e6a0c2ddd26feeb64f039a2c41296fcb3f5640
2022-08-11,325845393,USDC-WETH,0.05%,0x88e6a0c2ddd26feeb64f039a2c41296fcb3f5640
2022-08-12,322359590,USDC-WETH,0.05%,0x88e6a0c2ddd26feeb64f039a2c41296fcb3f5640
2022-08-13,327058210,USDC-WETH,0.05%,0x88e6a0c2ddd26feeb64f039a2c41296fcb3f5640
2022-08-14,321015114,USDC-WETH,0.05%,0x88e6a0c2ddd26feeb64f039a2c41296fcb3f5640
2022-08-15,295860195,USDC-WETH,0.05%,0x88e6a0c2ddd26feeb64f039a2c41296fcb3f5640
2022-08-16,292248951,USDC-WETH,0.05%,0x88e6a0c2ddd26feeb64f039a2c41296fcb3f5640
2022-08-17,288029195,USDC-WETH,0.05%,0x88e6a0c2ddd26feeb64f039a2c41296fcb3f5640
2022-08-18,294222406,USDC-WETH,0.05%,0x88e6a0c2ddd26feeb64f039a2c41296fcb3f5640
2022-08-19,259597194,USDC-WETH,0.05%,0x88e6a0c2ddd26feeb64f039a2c41296fcb3f5640
2022-08-20,256066169,USDC-WETH,0.05%,0x88e6a0c2ddd26feeb64f039a2c41296fcb3f5640
2022-08-21,269903157,USDC-WETH,0.05%,0x88e6a0c2ddd26feeb64f039a2c41296fcb3f5640
2022-08-22,241290939,USDC-WETH,0.05%,0x88e6a0c2ddd26feeb64f039a2c41296fcb3f5640
2022-08-23,265189455,USDC-WETH,0.05%,0x88e6a0c2ddd26feeb64f039a2c41296fcb3f5640
2022-08-24,269105384,USDC-WETH,0.05%,0x88e6a0c2ddd26feeb64f039a2c41296fcb3f5640
2022-08-25,272957011,USDC-WETH,0.05%,0x88e6a0c2ddd26feeb64f039a2c41296fcb3f5640
2022-08-26,256162969,USDC-WETH,0.05%,0x88e6a0c2ddd26feeb64f039a2c41296fcb3f5640
2022-08-27,258422759,USDC-WETH,0.05%,0x88e6a0c2ddd26feeb64f039a2c41296fcb3f5640
2022-08-28,260783312,USDC-WETH,0.05%,0x88e6a0c2ddd26feeb64f039a2c41296fcb3f5640
2022-08-29,288040639,USDC-WETH,0.05%,0x88e6a0c2ddd26feeb64f039a2c41296fcb3f5640
2022-08-30,314058059,USDC-WETH,0.05%,0x88e6a0c2ddd26feeb64f039a2c41296fcb3f5640
2022-08-31,301824422,USDC-WETH,0.05%,0x88e6a0c2ddd26feeb64f039a2c41296fcb3f5640
2022-09-01,303216443,USDC-WETH,0.05%,0x88e6a0c2ddd26feeb64f039a2c41296fcb3f5640
2022-09-02,301647605,USDC-WETH,0.05%,0x88e6a0c2ddd26feeb64f039a2c41296fcb3f5640
2022-09-03,300502045,USDC-WETH,0.05%,0x88e6a0c2ddd26feeb64f039a2c41296fcb3f5640
2022-09-04,301088423,USDC-WETH,0.05%,0x88e6a0c2ddd26feeb64f039a2c41296fcb3f5640
2022-09-05,304230028,USDC-WETH,0.05%,0x88e6a0c2ddd26feeb64f039a2c41296fcb3f5640
2022-09-06,292744806,USDC-WETH,0.05%,0x88e6a0c2ddd26feeb64f039a2c41296fcb3f5640
2022-09-07,301488905,USDC-WETH,0.05%,0x88e6a0c2ddd26feeb64f039a2c41296fcb3f5640
2022-09-09,303110584,USDC-WETH,0.05%,0x88e6a0c2ddd26feeb64f039a2c41296fcb3f5640
2022-09-10,318195942,USDC-WETH,0.05%,0x88e6a0c2ddd26feeb64f039a2c41296fcb3f5640
2022-09-11,299750839,USDC-WETH,0.05%,0x88e6a0c2ddd26feeb64f039a2c41296fcb3f5640
2022-09-12,297007531,USDC-WETH,0.05%,0x88e6a0c2ddd26feeb64f039a2c41296fcb3f5640
2022-09-13,278948165,USDC-WETH,0.05%,0x88e6a0c2ddd26feeb64f039a2c41296fcb3f5640
2022-09-14,250476605,USDC-WETH,0.05%,0x88e6a0c2ddd26feeb64f039a2c41296fcb3f5640
2022-09-15,262205365,USDC-WETH,0.05%,0x88e6a0c2ddd26feeb64f039a2c41296fcb3f5640
2022-09-16,252456688,USDC-WETH,0.05%,0x88e6a0c2ddd26feeb64f039a2c41296fcb3f5640
2022-09-17,266158914,USDC-WETH,0.05%,0x88e6a0c2ddd26feeb64f039a2c41296fcb3f5640
2022-09-18,249416833,USDC-WETH,0.05%,0x88e6a0c2ddd26feeb64f039a2c41296fcb3f5640
2022-09-19,261035488,USDC-WETH,0.05%,0x88e6a0c2ddd26feeb64f039a2c41296fcb3f5640
2022-09-20,123614493,USDC-WETH,0.05%,0x88e6a0c2ddd26feeb64f039a2c41296fcb3f5640
2022-09-21,117796494,USDC-WETH,0.05%,0x88e6a0c2ddd26feeb64f039a2c41296fcb3f5640
2022-09-22,123021362,USDC-WETH,0.05%,0x88e6a0c2ddd26feeb64f039a2c41296fcb3f5640
2022-09-23,128106560,USDC-WETH,0.05%,0x88e6a0c2ddd26feeb64f039a2c41296fcb3f5640
2022-09-24,134574392,USDC-WETH,0.05%,0x88e6a0c2ddd26feeb64f039a2c41296fcb3f5640
2022-09-25,139708858,USDC-WETH,0.05%,0x88e6a0c2ddd26feeb64f039a2c41296fcb3f5640
2022-09-26,144343032,USDC-WETH,0.05%,0x88e6a0c2ddd26feeb64f039a2c41296fcb3f5640
2022-09-27,143745636,USDC-WETH,0.05%,0x88e6a0c2ddd26feeb64f039a2c41296fcb3f5640
2022-09-28,146046530,USDC-WETH,0.05%,0x88e6a0c2ddd26feeb64f039a2c41296fcb3f5640
2022-09-29,141179939,USDC-WETH,0.05%,0x88e6a0c2ddd26feeb64f039a2c41296fcb3f5640
2022-09-30,146230598,USDC-WETH,0.05%,0x88e6a0c2ddd26feeb64f039a2c41296fcb3f5640
2022-10-01,144117581,USDC-WETH,0.05%,0x88e6a0c2ddd26feeb64f039a2c41296fcb3f5640
2022-10-02,143478901,USDC-WETH,0.05%,0x88e6a0c2ddd26feeb64f039a2c41296fcb3f5640
2022-10-03,147932465,USDC-WETH,0.05%,0x88e6a0c2ddd26feeb64f039a2c41296fcb3f5640
2022-10-04,153986205,USDC-WETH,0.05%,0x88e6a0c2ddd26feeb64f039a2c41296fcb3f5640
2022-10-05,149110656,USDC-WETH,0.05%,0x88e6a0c2ddd26feeb64f039a2c41296fcb3f5640
2022-10-06,152383077,USDC-WETH,0.05%,0x88e6a0c2ddd26feeb64f039a2c41296fcb3f5640
2022-10-07,155694120,USDC-WETH,0.05%,0x88e6a0c2ddd26feeb64f039a2c41296fcb3f5640
2022-10-08,154839492,USDC-WETH,0.05%,0x88e6a0c2ddd26feeb64f039a2c41296fcb3f5640
2022-10-09,153823412,USDC-WETH,0.05%,0x88e6a0c2ddd26feeb64f039a2c41296fcb3f5640
2022-10-10,152868616,USDC-WETH,0.05%,0x88e6a0c2ddd26feeb64f039a2c41296fcb3f5640
2022-10-11,152317484,USDC-WETH,0.05%,0x88e6a0c2ddd26feeb64f039a2c41296fcb3f5640
2022-10-12,156837743,USDC-WETH,0.05%,0x88e6a0c2ddd26feeb64f039a2c41296fcb3f5640
2022-10-13,148662797,USDC-WETH,0.05%,0x88e6a0c2ddd26feeb64f039a2c41296fcb3f5640
2022-10-14,154083420,USDC-WETH,0.05%,0x88e6a0c2ddd26feeb64f039a2c41296fcb3f5640
2022-10-15,150971965,USDC-WETH,0.05%,0x88e6a0c2ddd26feeb64f039a2c41296fcb3f5640
2022-10-16,155701713,USDC-WETH,0.05%,0x88e6a0c2ddd26feeb64f039a2c41296fcb3f5640
2022-10-17,160714802,USDC-WETH,0.05%,0x88e6a0c2ddd26feeb64f039a2c41296fcb3f5640
2022-10-18,163974307,USDC-WETH,0.05%,0x88e6a0c2ddd26feeb64f039a2c41296fcb3f5640
2022-10-19,160160674,USDC-WETH,0.05%,0x88e6a0c2ddd26feeb64f039a2c41296fcb3f5640
2022-10-20,160058692,USDC-WETH,0.05%,0x88e6a0c2ddd26feeb64f039a2c41296fcb3f5640
2022-10-21,166434689,USDC-WETH,0.05%,0x88e6a0c2ddd26feeb64f039a2c41296fcb3f5640
2022-10-22,169305435,USDC-WETH,0.05%,0x88e6a0c2ddd26feeb64f039a2c41296fcb3f5640
2022-10-23,169568178,USDC-WETH,0.05%,0x88e6a0c2ddd26feeb64f039a2c41296fcb3f5640
2022-10-24,169098706,USDC-WETH,0.05%,0x88e6a0c2ddd26feeb64f039a2c41296fcb3f5640
2022-10-25,182866344,USDC-WETH,0.05%,0x88e6a0c2ddd26feeb64f039a2c41296fcb3f5640
2022-10-26,192693096,USDC-WETH,0.05%,0x88e6a0c2ddd26feeb64f039a2c41296fcb3f5640
2022-10-27,193066708,USDC-WETH,0.05%,0x88e6a0c2ddd26feeb64f039a2c41296fcb3f5640
2022-10-28,193951356,USDC-WETH,0.05%,0x88e6a0c2ddd26feeb64f039a2c41296fcb3f5640
2022-10-29,192622107,USDC-WETH,0.05%,0x88e6a0c2ddd26feeb64f039a2c41296fcb3f5640
2022-10-30,187494975,USDC-WETH,0.05%,0x88e6a0c2ddd26feeb64f039a2c41296fcb3f5640
2022-10-31,174029776,USDC-WETH,0.05%,0x88e6a0c2ddd26feeb64f039a2c41296fcb3f5640
2022-11-01,191807624,USDC-WETH,0.05%,0x88e6a0c2ddd26feeb64f039a2c41296fcb3f5640
2022-11-02,185299701,USDC-WETH,0.05%,0x88e6a0c2ddd26feeb64f039a2c41296fcb3f5640
2022-11-03,186987931,USDC-WETH,0.05%,0x88e6a0c2ddd26feeb64f039a2c41296fcb3f5640
2022-11-04,191948607,USDC-WETH,0.05%,0x88e6a0c2ddd26feeb64f039a2c41296fcb3f5640
2022-11-05,199873102,USDC-WETH,0.05%,0x88e6a0c2ddd26feeb64f039a2c41296fcb3f5640
2022-11-06,199356315,USDC-WETH,0.05%,0x88e6a0c2ddd26feeb64f039a2c41296fcb3f5640
2022-11-07,200658384,USDC-WETH,0.05%,0x88e6a0c2ddd26feeb64f039a2c41296fcb3f5640
2022-11-08,154147617,USDC-WETH,0.05%,0x88e6a0c2ddd26feeb64f039a2c41296fcb3f5640
2022-11-09,126515316,USDC-WETH,0.05%,0x88e6a0c2ddd26feeb64f039a2c41296fcb3f5640
2022-11-10,141123872,USDC-WETH,0.05%,0x88e6a0c2ddd26feeb64f039a2c41296fcb3f5640
2022-11-11,132390433,USDC-WETH,0.05%,0x88e6a0c2ddd26feeb64f039a2c41296fcb3f5640
2022-11-12,138173869,USDC-WETH,0.05%,0x88e6a0c2ddd26feeb64f039a2c41296fcb3f5640
2022-11-13,136300603,USDC-WETH,0.05%,0x88e6a0c2ddd26feeb64f039a2c41296fcb3f5640
2022-11-14,139405171,USDC-WETH,0.05%,0x88e6a0c2ddd26feeb64f039a2c41296fcb3f5640
2022-11-15,141996964,USDC-WETH,0.05%,0x88e6a0c2ddd26feeb64f039a2c41296fcb3f5640
2022-11-16,137891998,USDC-WETH,0.05%,0x88e6a0c2ddd26feeb64f039a2c41296fcb3f5640
2022-11-17,141031042,USDC-WETH,0.05%,0x88e6a0c2ddd26feeb64f039a2c41296fcb3f5640
2022-11-18,140823108,USDC-WETH,0.05%,0x88e6a0c2ddd26feeb64f039a2c41296fcb3f5640
2022-11-19,145756703,USDC-WETH,0.05%,0x88e6a0c2ddd26feeb64f039a2c41296fcb3f5640
2022-11-20,133310899,USDC-WETH,0.05%,0x88e6a0c2ddd26feeb64f039a2c41296fcb3f5640
2022-11-21,130237543,USDC-WETH,0.05%,0x88e6a0c2ddd26feeb64f039a2c41296fcb3f5640
2022-11-22,131205294,USDC-WETH,0.05%,0x88e6a0c2ddd26feeb64f039a2c41296fcb3f5640
2022-11-23,136827738,USDC-WETH,0.05%,0x88e6a0c2ddd26feeb64f039a2c41296fcb3f5640
2022-11-24,145401879,USDC-WETH,0.05%,0x88e6a0c2ddd26feeb64f039a2c41296fcb3f5640
2022-11-25,150119562,USDC-WETH,0.05%,0x88e6a0c2ddd26feeb64f039a2c41296fcb3f5640
2022-11-26,150613054,USDC-WETH,0.05%,0x88e6a0c2ddd26feeb64f039a2c41296fcb3f5640
2022-11-27,149068753,USDC-WETH,0.05%,0x88e6a0c2ddd26feeb64f039a2c41296fcb3f5640
2022-11-28,141767368,USDC-WETH,0.05%,0x88e6a0c2ddd26feeb64f039a2c41296fcb3f5640
2022-11-29,148178704,USDC-WETH,0.05%,0x88e6a0c2ddd26feeb64f039a2c41296fcb3f5640
2022-11-30,159610170,USDC-WETH,0.05%,0x88e6a0c2ddd26feeb64f039a2c41296fcb3f5640
2022-12-01,160242948,USDC-WETH,0.05%,0x88e6a0c2ddd26feeb64f039a2c41296fcb3f5640
2022-12-02,164225215,USDC-WETH,0.05%,0x88e6a0c2ddd26feeb64f039a2c41296fcb3f5640
2022-12-03,157033857,USDC-WETH,0.05%,0x88e6a0c2ddd26feeb64f039a2c41296fcb3f5640
2022-12-04,162143604,USDC-WETH,0.05%,0x88e6a0c2ddd26feeb64f039a2c41296fcb3f5640
2022-12-05,168943778,USDC-WETH,0.05%,0x88e6a0c2ddd26feeb64f039a2c41296fcb3f5640
2022-12-06,160857553,USDC-WETH,0.05%,0x88e6a0c2ddd26feeb64f039a2c41296fcb3f5640
2022-12-07,167394083,USDC-WETH,0.05%,0x88e6a0c2ddd26feeb64f039a2c41296fcb3f5640
2022-12-08,178743707,USDC-WETH,0.05%,0x88e6a0c2ddd26feeb64f039a2c41296fcb3f5640
2022-12-09,178295578,USDC-WETH,0.05%,0x88e6a0c2ddd26feeb64f039a2c41296fcb3f5640
2022-12-10,176149834,USDC-WETH,0.05%,0x88e6a0c2ddd26feeb64f039a2c41296fcb3f5640
2022-12-11,179074510,USDC-WETH,0.05%,0x88e6a0c2ddd26feeb64f039a2c41296fcb3f5640
2022-12-12,174590757,USDC-WETH,0.05%,0x88e6a0c2ddd26feeb64f039a2c41296fcb3f5640
2022-12-13,182579158,USDC-WETH,0.05%,0x88e6a0c2ddd26feeb64f039a2c41296fcb3f5640
2022-12-14,182039553,USDC-WETH,0.05%,0x88e6a0c2ddd26feeb64f039a2c41296fcb3f5640
2022-12-15,175928830,USDC-WETH,0.05%,0x88e6a0c2ddd26feeb64f039a2c41296fcb3f5640
2022-12-16,168053439,USDC-WETH,0.05%,0x88e6a0c2ddd26feeb64f039a2c41296fcb3f5640
2022-12-17,163062825,USDC-WETH,0.05%,0x88e6a0c2ddd26feeb64f039a2c41296fcb3f5640
2022-12-18,166520617,USDC-WETH,0.05%,0x88e6a0c2ddd26feeb64f039a2c41296fcb3f5640
2022-12-19,163487582,USDC-WETH,0.05%,0x88e6a0c2ddd26feeb64f039a2c41296fcb3f5640
2022-12-20,58679759,USDC-WETH,0.05%,0x88e6a0c2ddd26feeb64f039a2c41296fcb3f5640
2022-12-21,172740516,USDC-WETH,0.05%,0x88e6a0c2ddd26feeb64f039a2c41296fcb3f5640
2022-12-22,171968698,USDC-WETH,0.05%,0x88e6a0c2ddd26feeb64f039a2c41296fcb3f5640
2022-12-23,174153467,USDC-WETH,0.05%,0x88e6a0c2ddd26feeb64f039a2c41296fcb3f5640
2022-12-24,175027899,USDC-WETH,0.05%,0x88e6a0c2ddd26feeb64f039a2c41296fcb3f5640
2022-12-25,177526474,USDC-WETH,0.05%,0x88e6a0c2ddd26feeb64f039a2c41296fcb3f5640
2022-12-26,180412115,USDC-WETH,0.05%,0x88e6a0c2ddd26feeb64f039a2c41296fcb3f5640
2022-12-27,186780886,USDC-WETH,0.05%,0x88e6a0c2ddd26feeb64f039a2c41296fcb3f5640
2022-12-28,184558515,USDC-WETH,0.05%,0x88e6a0c2ddd26feeb64f039a2c41296fcb3f5640
2022-12-29,186252549,USDC-WETH,0.05%,0x88e6a0c2ddd26feeb64f039a2c41296fcb3f5640
2022-12-30,191959440,USDC-WETH,0.05%,0x88e6a0c2ddd26feeb64f039a2c41296fcb3f5640
2022-12-31,178685703,USDC-WETH,0.05%,0x88e6a0c2ddd26feeb64f039a2c41296fcb3f5640
2023-01-01,182459872,USDC-WETH,0.05%,0x88e6a0c2ddd26feeb64f039a2c41296fcb3f5640
2023-01-02,182085498,USDC-WETH,0.05%,0x88e6a0c2ddd26feeb64f039a2c41296fcb3f5640
2023-01-03,193807005,USDC-WETH,0.05%,0x88e6a0c2ddd26feeb64f039a2c41296fcb3f5640
2023-01-04,197233229,USDC-WETH,0.05%,0x88e6a0c2ddd26feeb64f039a2c41296fcb3f5640
2023-01-05,201104844,USDC-WETH,0.05%,0x88e6a0c2ddd26feeb64f039a2c41296fcb3f5640
2023-01-06,205412324,USDC-WETH,0.05%,0x88e6a0c2ddd26feeb64f039a2c41296fcb3f5640
2023-01-07,204176450,USDC-WETH,0.05%,0x88e6a0c2ddd26feeb64f039a2c41296fcb3f5640
2023-01-08,201677132,USDC-WETH,0.05%,0x88e6a0c2ddd26feeb64f039a2c41296fcb3f5640
2023-01-09,178955002,USDC-WETH,0.05%,0x88e6a0c2ddd26feeb64f039a2c41296fcb3f5640
2023-01-10,179293959,USDC-WETH,0.05%,0x88e6a0c2ddd26feeb64f039a2c41296fcb3f5640
2023-01-11,177015252,USDC-WETH,0.05%,0x88e6a0c2ddd26feeb64f039a2c41296fcb3f5640
2023-01-12,185117831,USDC-WETH,0.05%,0x88e6a0c2ddd26feeb64f039a2c41296fcb3f5640
2023-01-13,169916197,USDC-WETH,0.05%,0x88e6a0c2ddd26feeb64f039a2c41296fcb3f5640
2023-01-14,178643431,USDC-WETH,0.05%,0x88e6a0c2ddd26feeb64f039a2c41296fcb3f5640
2023-01-15,181867050,USDC-WETH,0.05%,0x88e6a0c2ddd26feeb64f039a2c41296fcb3f5640
2023-01-16,180315513,USDC-WETH,0.05%,0x88e6a0c2ddd26feeb64f039a2c41296fcb3f5640
2023-01-17,174042226,USDC-WETH,0.05%,0x88e6a0c2ddd26feeb64f039a2c41296fcb3f5640
2023-01-18,172542212,USDC-WETH,0.05%,0x88e6a0c2ddd26feeb64f039a2c41296fcb3f5640
2023-01-19,177662612,USDC-WETH,0.05%,0x88e6a0c2ddd26feeb64f039a2c41296fcb3f5640
2023-01-20,165787647,USDC-WETH,0.05%,0x88e6a0c2ddd26feeb64f039a2c41296fcb3f5640
2023-01-21,171960660,USDC-WETH,0.05%,0x88e6a0c2ddd26feeb64f039a2c41296fcb3f5640
2023-01-22,169361209,USDC-WETH,0.05%,0x88e6a0c2ddd26feeb64f039a2c41296fcb3f5640
2023-01-23,154446978,USDC-WETH,0.05%,0x88e6a0c2ddd26feeb64f039a2c41296fcb3f5640
2023-01-24,160843073,USDC-WETH,0.05%,0x88e6a0c2ddd26feeb64f039a2c41296fcb3f5640
2023-01-25,153217809,USDC-WETH,0.05%,0x88e6a0c2ddd26feeb64f039a2c41296fcb3f5640
2023-01-26,170198399,USDC-WETH,0.05%,0x88e6a0c2ddd26feeb64f039a2c41296fcb3f5640
2023-01-27,170382458,USDC-WETH,0.05%,0x88e6a0c2ddd26feeb64f039a2c41296fcb3f5640
2023-01-28,173483838,USDC-WETH,0.05%,0x88e6a0c2ddd26feeb64f039a2c41296fcb3f5640
2023-01-29,170966275,USDC-WETH,0.05%,0x88e6a0c2ddd26feeb64f039a2c41296fcb3f5640
2023-01-30,169931709,USDC-WETH,0.05%,0x88e6a0c2ddd26feeb64f039a2c41296fcb3f5640
2023-01-31,166472308,USDC-WETH,0.05%,0x88e6a0c2ddd26feeb64f039a2c41296fcb3f5640
2023-02-01,174814533,USDC-WETH,0.05%,0x88e6a0c2ddd26feeb64f039a2c41296fcb3f5640
2023-02-02,176361628,USDC-WETH,0.05%,0x88e6a0c2ddd26feeb64f039a2c41296fcb3f5640
2023-02-03,188017830,USDC-WETH,0.05%,0x88e6a0c2ddd26feeb64f039a2c41296fcb3f5640
2023-02-04,186156120,USDC-WETH,0.05%,0x88e6a0c2ddd26feeb64f039a2c41296fcb3f5640
2023-02-05,184134447,USDC-WETH,0.05%,0x88e6a0c2ddd26feeb64f039a2c41296fcb3f5640
2023-02-06,184791193,USDC-WETH,0.05%,0x88e6a0c2ddd26feeb64f039a2c41296fcb3f5640
2023-02-07,187061282,USDC-WETH,0.05%,0x88e6a0c2ddd26feeb64f039a2c41296fcb3f5640
2023-02-08,187548948,USDC-WETH,0.05%,0x88e6a0c2ddd26feeb64f039a2c41296fcb3f5640
2023-02-09,189671196,USDC-WETH,0.05%,0x88e6a0c2ddd26feeb64f039a2c41296fcb3f5640
2023-02-10,186888957,USDC-WETH,0.05%,0x88e6a0c2ddd26feeb64f039a2c41296fcb3f5640
2023-02-12,203278362,USDC-WETH,0.05%,0x88e6a0c2ddd26feeb64f039a2c41296fcb3f5640
2023-02-13,191412324,USDC-WETH,0.05%,0x88e6a0c2ddd26feeb64f039a2c41296fcb3f5640
2023-02-14,194633461,USDC-WETH,0.05%,0x88e6a0c2ddd26feeb64f039a2c41296fcb3f5640
2023-02-15,197125569,USDC-WETH,0.05%,0x88e6a0c2ddd26feeb64f039a2c41296fcb3f5640
2023-02-16,191960430,USDC-WETH,0.05%,0x88e6a0c2ddd26feeb64f039a2c41296fcb3f5640
2023-02-17,195385047,USDC-WETH,0.05%,0x88e6a0c2ddd26feeb64f039a2c41296fcb3f5640
2023-02-18,195735443,USDC-WETH,0.05%,0x88e6a0c2ddd26feeb64f039a2c41296fcb3f5640
2023-02-19,198623881,USDC-WETH,0.05%,0x88e6a0c2ddd26feeb64f039a2c41296fcb3f5640
2023-02-20,198181826,USDC-WETH,0.05%,0x88e6a0c2ddd26feeb64f039a2c41296fcb3f5640
2023-02-21,190597719,USDC-WETH,0.05%,0x88e6a0c2ddd26feeb64f039a2c41296fcb3f5640
2023-02-22,186829169,USDC-WETH,0.05%,0x88e6a0c2ddd26feeb64f039a2c41296fcb3f5640
2023-02-23,194503723,USDC-WETH,0.05%,0x88e6a0c2ddd26feeb64f039a2c41296fcb3f5640
2023-02-24,191679182,USDC-WETH,0.05%,0x88e6a0c2ddd26feeb64f039a2c41296fcb3f5640
2023-02-25,190418593,USDC-WETH,0.05%,0x88e6a0c2ddd26feeb64f039a2c41296fcb3f5640
2023-02-26,193231270,USDC-WETH,0.05%,0x88e6a0c2ddd26feeb64f039a2c41296fcb3f5640
2023-02-27,192912701,USDC-WETH,0.05%,0x88e6a0c2ddd26feeb64f039a2c41296fcb3f5640
2023-02-28,193072767,USDC-WETH,0.05%,0x88e6a0c2ddd26feeb64f039a2c41296fcb3f5640
2023-03-01,194624401,USDC-WETH,0.05%,0x88e6a0c2ddd26feeb64f039a2c41296fcb3f5640
2023-03-02,194720613,USDC-WETH,0.05%,0x88e6a0c2ddd26feeb64f039a2c41296fcb3f5640
2023-03-03,189187449,USDC-WETH,0.05%,0x88e6a0c2ddd26feeb64f039a2c41296fcb3f5640
2023-03-04,193982923,USDC-WETH,0.05%,0x88e6a0c2ddd26feeb64f039a2c41296fcb3f5640
2023-03-05,189243609,USDC-WETH,0.05%,0x88e6a0c2ddd26feeb64f039a2c41296fcb3f5640
2023-03-06,190265177,USDC-WETH,0.05%,0x88e6a0c2ddd26feeb64f039a2c41296fcb3f5640
2023-03-07,174589245,USDC-WETH,0.05%,0x88e6a0c2ddd26feeb64f039a2c41296fcb3f5640
2023-03-08,190469823,USDC-WETH,0.05%,0x88e6a0c2ddd26feeb64f039a2c41296fcb3f5640
2023-03-09,174721702,USDC-WETH,0.05%,0x88e6a0c2ddd26feeb64f039a2c41296fcb3f5640
2023-03-10,173306349,USDC-WETH,0.05%,0x88e6a0c2ddd26feeb64f039a2c41296fcb3f5640
2023-03-11,134480885,USDC-WETH,0.05%,0x88e6a0c2ddd26feeb64f039a2c41296fcb3f5640
2023-03-12,134149723,USDC-WETH,0.05%,0x88e6a0c2ddd26feeb64f039a2c41296fcb3f5640
2023-03-13,161113305,USDC-WETH,0.05%,0x88e6a0c2ddd26feeb64f039a2c41296fcb3f5640
2023-03-14,186719032,USDC-WETH,0.05%,0x88e6a0c2ddd26feeb64f039a2c41296fcb3f5640
2023-03-15,191215848,USDC-WETH,0.05%,0x88e6a0c2ddd26feeb64f039a2c41296fcb3f5640
2023-03-16,192779067,USDC-WETH,0.05%,0x88e6a0c2ddd26feeb64f039a2c41296fcb3f5640
2023-03-17,174005838,USDC-WETH,0.05%,0x88e6a0c2ddd26feeb64f039a2c41296fcb3f5640
2023-03-18,170635833,USDC-WETH,0.05%,0x88e6a0c2ddd26feeb64f039a2c41296fcb3f5640
2023-03-19,172009081,USDC-WETH,0.05%,0x88e6a0c2ddd26feeb64f039a2c41296fcb3f5640
2023-03-20,171413252,USDC-WETH,0.05%,0x88e6a0c2ddd26feeb64f039a2c41296fcb3f5640
2023-03-21,174559725,USDC-WETH,0.05%,0x88e6a0c2ddd26feeb64f039a2c41296fcb3f5640
2023-03-22,187499886,USDC-WETH,0.05%,0x88e6a0c2ddd26feeb64f039a2c41296fcb3f5640
2023-03-23,187396932,USDC-WETH,0.05%,0x88e6a0c2ddd26feeb64f039a2c41296fcb3f5640
2023-03-24,192230600,USDC-WETH,0.05%,0x88e6a0c2ddd26feeb64f039a2c41296fcb3f5640
2023-03-25,191578103,USDC-WETH,0.05%,0x88e6a0c2ddd26feeb64f039a2c41296fcb3f5640
2023-03-26,190334221,USDC-WETH,0.05%,0x88e6a0c2ddd26feeb64f039a2c41296fcb3f5640
2023-03-27,192889560,USDC-WETH,0.05%,0x88e6a0c2ddd26feeb64f039a2c41296fcb3f5640
2023-03-28,234844252,USDC-WETH,0.05%,0x88e6a0c2ddd26feeb64f039a2c41296fcb3f5640
2023-03-29,241979901,USDC-WETH,0.05%,0x88e6a0c2ddd26feeb64f039a2c41296fcb3f5640
2023-03-30,238694759,USDC-WETH,0.05%,0x88e6a0c2ddd26feeb64f039a2c41296fcb3f5640
2023-03-31,236918592,USDC-WETH,0.05%,0x88e6a0c2ddd26feeb64f039a2c41296fcb3f5640
2023-04-01,252180884,USDC-WETH,0.05%,0x88e6a0c2ddd26feeb64f039a2c41296fcb3f5640
2023-04-02,247438934,USDC-WETH,0.05%,0x88e6a0c2ddd26feeb64f039a2c41296fcb3f5640
2023-04-03,255779863,USDC-WETH,0.05%,0x88e6a0c2ddd26feeb64f039a2c41296fcb3f5640
2023-04-04,264119977,USDC-WETH,0.05%,0x88e6a0c2ddd26feeb64f039a2c41296fcb3f5640
2023-04-05,251892317,USDC-WETH,0.05%,0x88e6a0c2ddd26feeb64f039a2c41296fcb3f5640
2023-04-06,244971880,USDC-WETH,0.05%,0x88e6a0c2ddd26feeb64f039a2c41296fcb3f5640
2023-04-07,244091690,USDC-WETH,0.05%,0x88e6a0c2ddd26feeb64f039a2c41296fcb3f5640
2023-04-08,244388070,USDC-WETH,0.05%,0x88e6a0c2ddd26feeb64f039a2c41296fcb3f5640
2023-04-09,247250512,USDC-WETH,0.05%,0x88e6a0c2ddd26feeb64f039a2c41296fcb3f5640
2023-04-10,251208949,USDC-WETH,0.05%,0x88e6a0c2ddd26feeb64f039a2c41296fcb3f5640
2023-04-11,239341356,USDC-WETH,0.05%,0x88e6a0c2ddd26feeb64f039a2c41296fcb3f5640
2023-04-12,241668786,USDC-WETH,0.05%,0x88e6a0c2ddd26feeb64f039a2c41296fcb3f5640
2023-04-13,248233814,USDC-WETH,0.05%,0x88e6a0c2ddd26feeb64f039a2c41296fcb3f5640
2023-04-14,266568951,USDC-WETH,0.05%,0x88e6a0c2ddd26feeb64f039a2c41296fcb3f5640
2023-04-15,266552346,USDC-WETH,0.05%,0x88e6a0c2ddd26feeb64f039a2c41296fcb3f5640
2023-04-16,268497990,USDC-WETH,0.05%,0x88e6a0c2ddd26feeb64f039a2c41296fcb3f5640
2023-04-17,240297103,USDC-WETH,0.05%,0x88e6a0c2ddd26feeb64f039a2c41296fcb3f5640
2023-04-18,280233308,USDC-WETH,0.05%,0x88e6a0c2ddd26feeb64f039a2c41296fcb3f5640
2023-04-19,270095007,USDC-WETH,0.05%,0x88e6a0c2ddd26feeb64f039a2c41296fcb3f5640
2023-04-20,284399094,USDC-WETH,0.05%,0x88e6a0c2ddd26feeb64f039a2c41296fcb3f5640
2023-04-21,264499400,USDC-WETH,0.05%,0x88e6a0c2ddd26feeb64f039a2c41296fcb3f5640
2023-04-22,261258634,USDC-WETH,0.05%,0x88e6a0c2ddd26feeb64f039a2c41296fcb3f5640
2023-04-23,262811927,USDC-WETH,0.05%,0x88e6a0c2ddd26feeb64f039a2c41296fcb3f5640
2023-04-24,257478317,USDC-WETH,0.05%,0x88e6a0c2ddd26feeb64f039a2c41296fcb3f5640
2023-04-25,258994119,USDC-WETH,0.05%,0x88e6a0c2ddd26feeb64f039a2c41296fcb3f5640
2023-04-26,255355947,USDC-WETH,0.05%,0x88e6a0c2ddd26feeb64f039a2c41296fcb3f5640
2023-04-27,260829620,USDC-WETH,0.05%,0x88e6a0c2ddd26feeb64f039a2c41296fcb3f5640
2023-04-28,259392360,USDC-WETH,0.05%,0x88e6a0c2ddd26feeb64f039a2c41296fcb3f5640
2023-04-29,256953551,USDC-WETH,0.05%,0x88e6a0c2ddd26feeb64f039a2c41296fcb3f5640
2023-04-30,252377221,USDC-WETH,0.05%,0x88e6a0c2ddd26feeb64f039a2c41296fcb3f5640
2023-05-01,242008530,USDC-WETH,0.05%,0x88e6a0c2ddd26feeb64f039a2c41296fcb3f5640
2023-05-02,249217729,USDC-WETH,0.05%,0x88e6a0c2ddd26feeb64f039a2c41296fcb3f5640
2023-05-03,247935600,USDC-WETH,0.05%,0x88e6a0c2ddd26feeb64f039a2c41296fcb3f5640
2023-05-04,256725489,USDC-WETH,0.05%,0x88e6a0c2ddd26feeb64f039a2c41296fcb3f5640
2023-05-05,262109320,USDC-WETH,0.05%,0x88e6a0c2ddd26feeb64f039a2c41296fcb3f5640
2023-05-06,266236044,USDC-WETH,0.05%,0x88e6a0c2ddd26feeb64f039a2c41296fcb3f5640
2023-05-07,267101374,USDC-WETH,0.05%,0x88e6a0c2ddd26feeb64f039a2c41296fcb3f5640
2023-05-08,262508877,USDC-WETH,0.05%,0x88e6a0c2ddd26feeb64f039a2c41296fcb3f5640
2023-05-09,260286453,USDC-WETH,0.05%,0x88e6a0c2ddd26feeb64f039a2c41296fcb3f5640
2023-05-10,227913128,USDC-WETH,0.05%,0x88e6a0c2ddd26feeb64f039a2c41296fcb3f5640
2023-05-11,223284940,USDC-WETH,0.05%,0x88e6a0c2ddd26feeb64f039a2c41296fcb3f5640
2023-05-12,224280894,USDC-WETH,0.05%,0x88e6a0c2ddd26feeb64f039a2c41296fcb3f5640
2023-05-13,227158175,USDC-WETH,0.05%,0x88e6a0c2ddd26feeb64f039a2c41296fcb3f5640
2023-05-14,227523182,USDC-WETH,0.05%,0x88e6a0c2ddd26feeb64f039a2c41296fcb3f5640
2023-05-15,229328210,USDC-WETH,0.05%,0x88e6a0c2ddd26feeb64f039a2c41296fcb3f5640
2023-05-16,227144394,USDC-WETH,0.05%,0x88e6a0c2ddd26feeb64f039a2c41296fcb3f5640
2023-05-17,227544864,USDC-WETH,0.05%,0x88e6a0c2ddd26feeb64f039a2c41296fcb3f5640
2023-05-18,226459249,USDC-WETH,0.05%,0x88e6a0c2ddd26feeb64f039a2c41296fcb3f5640
2023-05-19,236427039,USDC-WETH,0.05%,0x88e6a0c2ddd26feeb64f039a2c41296fcb3f5640
2023-05-20,236229654,USDC-WETH,0.05%,0x88e6a0c2ddd26feeb64f039a2c41296fcb3f5640
2023-05-21,233885898,USDC-WETH,0.05%,0x88e6a0c2ddd26feeb64f039a2c41296fcb3f5640
2023-05-22,236707106,USDC-WETH,0.05%,0x88e6a0c2ddd26feeb64f039a2c41296fcb3f5640
2023-05-23,236750275,USDC-WETH,0.05%,0x88e6a0c2ddd26feeb64f039a2c41296fcb3f5640
2023-05-24,230982334,USDC-WETH,0.05%,0x88e6a0c2ddd26feeb64f039a2c41296fcb3f5640
2023-05-25,229267588,USDC-WETH,0.05%,0x88e6a0c2ddd26feeb64f039a2c41296fcb3f5640
2023-05-26,229928804,USDC-WETH,0.05%,0x88e6a0c2ddd26feeb64f039a2c41296fcb3f5640
2023-05-27,237378370,USDC-WETH,0.05%,0x88e6a0c2ddd26feeb64f039a2c41296fcb3f5640
2023-05-28,229268365,USDC-WETH,0.05%,0x88e6a0c2ddd26feeb64f039a2c41296fcb3f5640
2023-05-29,239418098,USDC-WETH,0.05%,0x88e6a0c2ddd26feeb64f039a2c41296fcb3f5640
2023-05-30,240585554,USDC-WETH,0.05%,0x88e6a0c2ddd26feeb64f039a2c41296fcb3f5640
2023-05-31,235349455,USDC-WETH,0.05%,0x88e6a0c2ddd26feeb64f039a2c41296fcb3f5640
2023-06-01,232931549,USDC-WETH,0.05%,0x88e6a0c2ddd26feeb64f039a2c41296fcb3f5640
2023-06-02,252457388,USDC-WETH,0.05%,0x88e6a0c2ddd26feeb64f039a2c41296fcb3f5640
2023-06-03,253029055,USDC-WETH,0.05%,0x88e6a0c2ddd26feeb64f039a2c41296fcb3f5640
2023-06-04,254938522,USDC-WETH,0.05%,0x88e6a0c2ddd26feeb64f039a2c41296fcb3f5640
2023-06-05,249339224,USDC-WETH,0.05%,0x88e6a0c2ddd26feeb64f039a2c41296fcb3f5640
2023-06-06,259956716,USDC-WETH,0.05%,0x88e6a0c2ddd26feeb64f039a2c41296fcb3f5640
2023-06-07,256611947,USDC-WETH,0.05%,0x88e6a0c2ddd26feeb64f039a2c41296fcb3f5640
2023-06-08,258376974,USDC-WETH,0.05%,0x88e6a0c2ddd26feeb64f039a2c41296fcb3f5640
2023-06-09,259464752,USDC-WETH,0.05%,0x88e6a0c2ddd26feeb64f039a2c41296fcb3f5640
2023-06-10,237286375,USDC-WETH,0.05%,0x88e6a0c2ddd26feeb64f039a2c41296fcb3f5640
2023-06-11,237073695,USDC-WETH,0.05%,0x88e6a0c2ddd26feeb64f039a2c41296fcb3f5640
2023-06-12,236084896,USDC-WETH,0.05%,0x88e6a0c2ddd26feeb64f039a2c41296fcb3f5640
2023-06-13,247420159,USDC-WETH,0.05%,0x88e6a0c2ddd26feeb64f039a2c41296fcb3f5640
2023-06-14,222998331,USDC-WETH,0.05%,0x88e6a0c2ddd26feeb64f039a2c41296fcb3f5640
2023-06-15,226973427,USDC-WETH,0.05%,0x88e6a0c2ddd26feeb64f039a2c41296fcb3f5640
2023-06-16,233315634,USDC-WETH,0.05%,0x88e6a0c2ddd26feeb64f039a2c41296fcb3f5640
2023-06-17,216403977,USDC-WETH,0.05%,0x88e6a0c2ddd26feeb64f039a2c41296fcb3f5640
2023-06-18,216690101,USDC-WETH,0.05%,0x88e6a0c2ddd26feeb64f039a2c41296fcb3f5640
2023-06-19,216635102,USDC-WETH,0.05%,0x88e6a0c2ddd26feeb64f039a2c41296fcb3f5640
2023-06-20,220957719,USDC-WETH,0.05%,0x88e6a0c2ddd26feeb64f039a2c41296fcb3f5640
2023-06-21,222485070,USDC-WETH,0.05%,0x88e6a0c2ddd26feeb64f039a2c41296fcb3f5640
2023-06-22,228308136,USDC-WETH,0.05%,0x88e6a0c2ddd26feeb64f039a2c41296fcb3f5640
2023-06-23,228419947,USDC-WETH,0.05%,0x88e6a0c2ddd26feeb64f039a2c41296fcb3f5640
2023-06-24,226758131,USDC-WETH,0.05%,0x88e6a0c2ddd26feeb64f039a2c41296fcb3f5640
2023-06-25,228344436,USDC-WETH,0.05%,0x88e6a0c2ddd26feeb64f039a2c41296fcb3f5640
2023-06-26,226417433,USDC-WETH,0.05%,0x88e6a0c2ddd26feeb64f039a2c41296fcb3f5640
2023-06-27,229470264,USDC-WETH,0.05%,0x88e6a0c2ddd26feeb64f039a2c41296fcb3f5640
2023-06-28,226811241,USDC-WETH,0.05%,0x88e6a0c2ddd26feeb64f039a2c41296fcb3f5640
2023-06-29,227696039,USDC-WETH,0.05%,0x88e6a0c2ddd26feeb64f039a2c41296fcb3f5640
2023-06-30,230580698,USDC-WETH,0.05%,0x88e6a0c2ddd26feeb64f039a2c41296fcb3f5640
2023-07-01,243749362,USDC-WETH,0.05%,0x88e6a0c2ddd26feeb64f039a2c41296fcb3f5640
2023-07-02,245489402,USDC-WETH,0.05%,0x88e6a0c2ddd26feeb64f039a2c41296fcb3f5640
2023-07-03,246980938,USDC-WETH,0.05%,0x88e6a0c2ddd26feeb64f039a2c41296fcb3f5640
2023-07-04,256398874,USDC-WETH,0.05%,0x88e6a0c2ddd26feeb64f039a2c41296fcb3f5640
2023-07-05,261181005,USDC-WETH,0.05%,0x88e6a0c2ddd26feeb64f039a2c41296fcb3f5640
2023-07-06,257262891,USDC-WETH,0.05%,0x88e6a0c2ddd26feeb64f039a2c41296fcb3f5640
2023-07-07,258427054,USDC-WETH,0.05%,0x88e6a0c2ddd26feeb64f039a2c41296fcb3f5640
2023-07-08,249451575,USDC-WETH,0.05%,0x88e6a0c2ddd26feeb64f039a2c41296fcb3f5640
2023-07-09,250234726,USDC-WETH,0.05%,0x88e6a0c2ddd26feeb64f039a2c41296fcb3f5640
2023-07-10,249396839,USDC-WETH,0.05%,0x88e6a0c2ddd26feeb64f039a2c41296fcb3f5640
2023-07-11,249141127,USDC-WETH,0.05%,0x88e6a0c2ddd26feeb64f039a2c41296fcb3f5640
2023-07-12,251055795,USDC-WETH,0.05%,0x88e6a0c2ddd26feeb64f039a2c41296fcb3f5640
2023-07-13,248588511,USDC-WETH,0.05%,0x88e6a0c2ddd26feeb64f039a2c41296fcb3f5640
2023-07-14,243477670,USDC-WETH,0.05%,0x88e6a0c2ddd26feeb64f039a2c41296fcb3f5640
2023-07-15,245369329,USDC-WETH,0.05%,0x88e6a0c2ddd26feeb64f039a2c41296fcb3f5640
2023-07-16,245635681,USDC-WETH,0.05%,0x88e6a0c2ddd26feeb64f039a2c41296fcb3f5640
2023-07-17,242843668,USDC-WETH,0.05%,0x88e6a0c2ddd26feeb64f039a2c41296fcb3f5640
2023-07-18,243667092,USDC-WETH,0.05%,0x88e6a0c2ddd26feeb64f039a2c41296fcb3f5640
2023-07-19,243173361,USDC-WETH,0.05%,0x88e6a0c2ddd26feeb64f039a2c41296fcb3f5640
2023-07-20,243854397,USDC-WETH,0.05%,0x88e6a0c2ddd26feeb64f039a2c41296fcb3f5640
2023-07-21,243942097,USDC-WETH,0.05%,0x88e6a0c2ddd26feeb64f039a2c41296fcb3f5640
2023-07-22,243559136,USDC-WETH,0.05%,0x88e6a0c2ddd26feeb64f039a2c41296fcb3f5640
2023-07-23,243762785,USDC-WETH,0.05%,0x88e6a0c2ddd26feeb64f039a2c41296fcb3f5640
2023-07-24,242156077,USDC-WETH,0.05%,0x88e6a0c2ddd26feeb64f039a2c41296fcb3f5640
2023-07-25,238468345,USDC-WETH,0.05%,0x88e6a0c2ddd26feeb64f039a2c41296fcb3f5640
2023-07-26,241265461,USDC-WETH,0.05%,0x88e6a0c2ddd26feeb64f039a2c41296fcb3f5640
2023-07-27,240041987,USDC-WETH,0.05%,0x88e6a0c2ddd26feeb64f039a2c41296fcb3f5640
2023-07-28,242377989,USDC-WETH,0.05%,0x88e6a0c2ddd26feeb64f039a2c41296fcb3f5640
2023-07-29,241389535,USDC-WETH,0.05%,0x88e6a0c2ddd26feeb64f039a2c41296fcb3f5640
2023-07-30,240268092,USDC-WETH,0.05%,0x88e6a0c2ddd26feeb64f039a2c41296fcb3f5640
2023-07-31,242393398,USDC-WETH,0.05%,0x88e6a0c2ddd26feeb64f039a2c41296fcb3f5640
2023-08-01,239751406,USDC-WETH,0.05%,0x88e6a0c2ddd26feeb64f039a2c41296fcb3f5640
2023-08-02,239256576,USDC-WETH,0.05%,0x88e6a0c2ddd26feeb64f039a2c41296fcb3f5640
2023-08-03,238398481,USDC-WETH,0.05%,0x88e6a0c2ddd26feeb64f039a2c41296fcb3f5640
2023-08-04,240543407,USDC-WETH,0.05%,0x88e6a0c2ddd26feeb64f039a2c41296fcb3f5640
2023-08-05,240916584,USDC-WETH,0.05%,0x88e6a0c2ddd26feeb64f039a2c41296fcb3f5640
2023-08-06,241346506,USDC-WETH,0.05%,0x88e6a0c2ddd26feeb64f039a2c41296fcb3f5640
2023-08-07,242898185,USDC-WETH,0.05%,0x88e6a0c2ddd26feeb64f039a2c41296fcb3f5640
2023-08-08,243431004,USDC-WETH,0.05%,0x88e6a0c2ddd26feeb64f039a2c41296fcb3f5640
2023-08-29,217857351,USDC-WETH,0.05%,0x88e6a0c2ddd26feeb64f039a2c41296fcb3f5640
2023-08-30,214478858,USDC-WETH,0.05%,0x88e6a0c2ddd26feeb64f039a2c41296fcb3f5640
2023-08-31,213605702,USDC-WETH,0.05%,0x88e6a0c2ddd26feeb64f039a2c41296fcb3f5640
2023-09-01,234217027,USDC-WETH,0.05%,0x88e6a0c2ddd26feeb64f039a2c41296fcb3f5640
2023-09-04,227221779,USDC-WETH,0.05%,0x88e6a0c2ddd26feeb64f039a2c41296fcb3f5640
2023-09-05,221978282,USDC-WETH,0.05%,0x88e6a0c2ddd26feeb64f039a2c41296fcb3f5640
2023-09-06,233658223,USDC-WETH,0.05%,0x88e6a0c2ddd26feeb64f039a2c41296fcb3f5640
2023-09-07,234580469,USDC-WETH,0.05%,0x88e6a0c2ddd26feeb64f039a2c41296fcb3f5640
2023-09-08,211606292,USDC-WETH,0.05%,0x88e6a0c2ddd26feeb64f039a2c41296fcb3f5640
2023-09-09,212664149,USDC-WETH,0.05%,0x88e6a0c2ddd26feeb64f039a2c41296fcb3f5640
2023-09-10,207942346,USDC-WETH,0.05%,0x88e6a0c2ddd26feeb64f039a2c41296fcb3f5640
2023-09-11,197206955,USDC-WETH,0.05%,0x88e6a0c2ddd26feeb64f039a2c41296fcb3f5640
2023-09-12,198136630,USDC-WETH,0.05%,0x88e6a0c2ddd26feeb64f039a2c41296fcb3f5640
2023-09-13,197562267,USDC-WETH,0.05%,0x88e6a0c2ddd26feeb64f039a2c41296fcb3f5640
2023-09-14,199765229,USDC-WETH,0.05%,0x88e6a0c2ddd26feeb64f039a2c41296fcb3f5640
2023-09-15,204712836,USDC-WETH,0.05%,0x88e6a0c2ddd26feeb64f039a2c41296fcb3f5640
2023-09-16,202635989,USDC-WETH,0.05%,0x88e6a0c2ddd26feeb64f039a2c41296fcb3f5640
2023-09-17,203445241,USDC-WETH,0.05%,0x88e6a0c2ddd26feeb64f039a2c41296fcb3f5640
2023-09-18,203290083,USDC-WETH,0.05%,0x88e6a0c2ddd26feeb64f039a2c41296fcb3f5640
2023-09-19,203900886,USDC-WETH,0.05%,0x88e6a0c2ddd26feeb64f039a2c41296fcb3f5640
2023-09-20,200006432,USDC-WETH,0.05%,0x88e6a0c2ddd26feeb64f039a2c41296fcb3f5640
2023-09-21,196180377,USDC-WETH,0.05%,0x88e6a0c2ddd26feeb64f039a2c41296fcb3f5640
2023-09-22,198037396,USDC-WETH,0.05%,0x88e6a0c2ddd26feeb64f039a2c41296fcb3f5640
2023-09-23,199722311,USDC-WETH,0.05%,0x88e6a0c2ddd26feeb64f039a2c41296fcb3f5640
2023-09-24,204998824,USDC-WETH,0.05%,0x88e6a0c2ddd26feeb64f039a2c41296fcb3f5640
2023-09-25,202062214,USDC-WETH,0.05%,0x88e6a0c2ddd26feeb64f039a2c41296fcb3f5640
2023-09-26,199474521,USDC-WETH,0.05%,0x88e6a0c2ddd26feeb64f039a2c41296fcb3f5640
2023-09-27,197735927,USDC-WETH,0.05%,0x88e6a0c2ddd26feeb64f039a2c41296fcb3f5640
2023-09-28,200375544,USDC-WETH,0.05%,0x88e6a0c2ddd26feeb64f039a2c41296fcb3f5640
2023-09-29,190154501,USDC-WETH,0.05%,0x88e6a0c2ddd26feeb64f039a2c41296fcb3f5640
2023-09-30,189996149,USDC-WETH,0.05%,0x88e6a0c2ddd26feeb64f039a2c41296fcb3f5640
2023-10-01,194420324,USDC-WETH,0.05%,0x88e6a0c2ddd26feeb64f039a2c41296fcb3f5640
2023-10-02,186167673,USDC-WETH,0.05%,0x88e6a0c2ddd26feeb64f039a2c41296fcb3f5640
2023-10-03,188030280,USDC-WETH,0.05%,0x88e6a0c2ddd26feeb64f039a2c41296fcb3f5640
2023-10-04,182941471,USDC-WETH,0.05%,0x88e6a0c2ddd26feeb64f039a2c41296fcb3f5640
2023-10-05,185075160,USDC-WETH,0.05%,0x88e6a0c2ddd26feeb64f039a2c41296fcb3f5640
2023-10-06,183011978,USDC-WETH,0.05%,0x88e6a0c2ddd26feeb64f039a2c41296fcb3f5640
2023-10-07,184446749,USDC-WETH,0.05%,0x88e6a0c2ddd26feeb64f039a2c41296fcb3f5640
2023-10-08,184369382,USDC-WETH,0.05%,0x88e6a0c2ddd26feeb64f039a2c41296fcb3f5640
2023-10-09,176557361,USDC-WETH,0.05%,0x88e6a0c2ddd26feeb64f039a2c41296fcb3f5640
2023-10-10,178521426,USDC-WETH,0.05%,0x88e6a0c2ddd26feeb64f039a2c41296fcb3f5640
2023-10-11,177188469,USDC-WETH,0.05%,0x88e6a0c2ddd26feeb64f039a2c41296fcb3f5640
2023-10-12,179770309,USDC-WETH,0.05%,0x88e6a0c2ddd26feeb64f039a2c41296fcb3f5640
2023-10-13,177712379,USDC-WETH,0.05%,0x88e6a0c2ddd26feeb64f039a2c41296fcb3f5640
2023-10-14,179906523,USDC-WETH,0.05%,0x88e6a0c2ddd26feeb64f039a2c41296fcb3f5640
2023-10-15,178500236,USDC-WETH,0.05%,0x88e6a0c2ddd26feeb64f039a2c41296fcb3f5640
2023-10-16,182319015,USDC-WETH,0.05%,0x88e6a0c2ddd26feeb64f039a2c41296fcb3f5640
2023-10-17,179921636,USDC-WETH,0.05%,0x88e6a0c2ddd26feeb64f039a2c41296fcb3f5640
2023-10-18,179449178,USDC-WETH,0.05%,0x88e6a0c2ddd26feeb64f039a2c41296fcb3f5640
2023-10-19,178185466,USDC-WETH,0.05%,0x88e6a0c2ddd26feeb64f039a2c41296fcb3f5640
2023-10-20,181102747,USDC-WETH,0.05%,0x88e6a0c2ddd26feeb64f039a2c41296fcb3f5640
2023-10-21,186949415,USDC-WETH,0.05%,0x88e6a0c2ddd26feeb64f039a2c41296fcb3f5640
2023-10-22,190047231,USDC-WETH,0.05%,0x88e6a0c2ddd26feeb64f039a2c41296fcb3f5640
2023-10-23,192912279,USDC-WETH,0.05%,0x88e6a0c2ddd26feeb64f039a2c41296fcb3f5640
2023-10-24,196367990,USDC-WETH,0.05%,0x88e6a0c2ddd26feeb64f039a2c41296fcb3f5640
2023-10-25,196652904,USDC-WETH,0.05%,0x88e6a0c2ddd26feeb64f039a2c41296fcb3f5640
2023-10-26,201686777,USDC-WETH,0.05%,0x88e6a0c2ddd26feeb64f039a2c41296fcb3f5640
2023-10-27,206553660,USDC-WETH,0.05%,0x88e6a0c2ddd26feeb64f039a2c41296fcb3f5640
2023-10-28,207079268,USDC-WETH,0.05%,0x88e6a0c2ddd26feeb64f039a2c41296fcb3f5640
2023-10-29,207821672,USDC-WETH,0.05%,0x88e6a0c2ddd26feeb64f039a2c41296fcb3f5640
2023-10-30,265591181,USDC-WETH,0.05%,0x88e6a0c2ddd26feeb64f039a2c41296fcb3f5640
2023-10-31,193122595,USDC-WETH,0.05%,0x88e6a0c2ddd26feeb64f039a2c41296fcb3f5640
2023-11-01,195507143,USDC-WETH,0.05%,0x88e6a0c2ddd26feeb64f039a2c41296fcb3f5640
2023-11-02,195951634,USDC-WETH,0.05%,0x88e6a0c2ddd26feeb64f039a2c41296fcb3f5640
2023-11-03,197895421,USDC-WETH,0.05%,0x88e6a0c2ddd26feeb64f039a2c41296fcb3f5640
2023-11-04,198544638,USDC-WETH,0.05%,0x88e6a0c2ddd26feeb64f039a2c41296fcb3f5640
2023-11-05,198264381,USDC-WETH,0.05%,0x88e6a0c2ddd26feeb64f039a2c41296fcb3f5640
2023-11-06,199098136,USDC-WETH,0.05%,0x88e6a0c2ddd26feeb64f039a2c41296fcb3f5640
2023-11-07,199277518,USDC-WETH,0.05%,0x88e6a0c2ddd26feeb64f039a2c41296fcb3f5640
2023-11-08,201869495,USDC-WETH,0.05%,0x88e6a0c2ddd26feeb64f039a2c41296fcb3f5640
2023-11-09,201731478,USDC-WETH,0.05%,0x88e6a0c2ddd26feeb64f039a2c41296fcb3f5640
2023-11-10,161645760,USDC-WETH,0.05%,0x88e6a0c2ddd26feeb64f039a2c41296fcb3f5640
2023-11-11,151309725,USDC-WETH,0.05%,0x88e6a0c2ddd26feeb64f039a2c41296fcb3f5640
2023-11-12,151018080,USDC-WETH,0.05%,0x88e6a0c2ddd26feeb64f039a2c41296fcb3f5640
2023-11-13,153609059,USDC-WETH,0.05%,0x88e6a0c2ddd26feeb64f039a2c41296fcb3f5640
2023-11-14,151619740,USDC-WETH,0.05%,0x88e6a0c2ddd26feeb64f039a2c41296fcb3f5640
2023-11-15,153506114,USDC-WETH,0.05%,0x88e6a0c2ddd26feeb64f039a2c41296fcb3f5640
2023-11-16,154452063,USDC-WETH,0.05%,0x88e6a0c2ddd26feeb64f039a2c41296fcb3f5640
2023-11-17,154483786,USDC-WETH,0.05%,0x88e6a0c2ddd26feeb64f039a2c41296fcb3f5640
2023-11-18,154569791,USDC-WETH,0.05%,0x88e6a0c2ddd26feeb64f039a2c41296fcb3f5640
2023-11-19,156246139,USDC-WETH,0.05%,0x88e6a0c2ddd26feeb64f039a2c41296fcb3f5640
2023-11-20,161910086,USDC-WETH,0.05%,0x88e6a0c2ddd26feeb64f039a2c41296fcb3f5640
2023-11-21,154962443,USDC-WETH,0.05%,0x88e6a0c2ddd26feeb64f039a2c41296fcb3f5640
2023-11-22,226022875,USDC-WETH,0.05%,0x88e6a0c2ddd26feeb64f039a2c41296fcb3f5640
2023-11-23,160289801,USDC-WETH,0.05%,0x88e6a0c2ddd26feeb64f039a2c41296fcb3f5640
2023-11-24,157469507,USDC-WETH,0.05%,0x88e6a0c2ddd26feeb64f039a2c41296fcb3f5640
2023-11-25,157699748,USDC-WETH,0.05%,0x88e6a0c2ddd26feeb64f039a2c41296fcb3f5640
2023-11-26,158444581,USDC-WETH,0.05%,0x88e6a0c2ddd26feeb64f039a2c41296fcb3f5640
2023-11-27,157509478,USDC-WETH,0.05%,0x88e6a0c2ddd26feeb64f039a2c41296fcb3f5640
2023-11-28,160576607,USDC-WETH,0.05%,0x88e6a0c2ddd26feeb64f039a2c41296fcb3f5640
2023-11-29,158876662,USDC-WETH,0.05%,0x88e6a0c2ddd26feeb64f039a2c41296fcb3f5640
2023-11-30,155560457,USDC-WETH,0.05%,0x88e6a0c2ddd26feeb64f039a2c41296fcb3f5640
2023-12-01,154884699,USDC-WETH,0.05%,0x88e6a0c2ddd26feeb64f039a2c41296fcb3f5640
2023-12-02,153622409,USDC-WETH,0.05%,0x88e6a0c2ddd26feeb64f039a2c41296fcb3f5640
2023-12-03,153048484,USDC-WETH,0.05%,0x88e6a0c2ddd26feeb64f039a2c41296fcb3f5640
2023-12-04,148876410,USDC-WETH,0.05%,0x88e6a0c2ddd26feeb64f039a2c41296fcb3f5640
2023-12-05,148842449,USDC-WETH,0.05%,0x88e6a0c2ddd26feeb64f039a2c41296fcb3f5640
2023-12-06,148650063,USDC-WETH,0.05%,0x88e6a0c2ddd26feeb64f039a2c41296fcb3f5640
2023-12-07,148008726,USDC-WETH,0.05%,0x88e6a0c2ddd26feeb64f039a2c41296fcb3f5640
2023-12-08,146087026,USDC-WETH,0.05%,0x88e6a0c2ddd26feeb64f039a2c41296fcb3f5640
2023-12-09,140133736,USDC-WETH,0.05%,0x88e6a0c2ddd26feeb64f039a2c41296fcb3f5640
2023-12-10,140366828,USDC-WETH,0.05%,0x88e6a0c2ddd26feeb64f039a2c41296fcb3f5640
2023-12-11,139319581,USDC-WETH,0.05%,0x88e6a0c2ddd26feeb64f039a2c41296fcb3f5640
2023-12-12,142175164,USDC-WETH,0.05%,0x88e6a0c2ddd26feeb64f039a2c41296fcb3f5640
2023-12-13,143023944,USDC-WETH,0.05%,0x88e6a0c2ddd26feeb64f039a2c41296fcb3f5640
2023-12-14,142278953,USDC-WETH,0.05%,0x88e6a0c2ddd26feeb64f039a2c41296fcb3f5640
2023-12-15,147136283,USDC-WETH,0.05%,0x88e6a0c2ddd26feeb64f039a2c41296fcb3f5640
2023-12-16,147224015,USDC-WETH,0.05%,0x88e6a0c2ddd26feeb64f039a2c41296fcb3f5640
2023-12-17,143156312,USDC-WETH,0.05%,0x88e6a0c2ddd26feeb64f039a2c41296fcb3f5640
2023-12-18,144713700,USDC-WETH,0.05%,0x88e6a0c2ddd26feeb64f039a2c41296fcb3f5640
2023-12-19,144602039,USDC-WETH,0.05%,0x88e6a0c2ddd26feeb64f039a2c41296fcb3f5640
2023-12-20,140813273,USDC-WETH,0.05%,0x88e6a0c2ddd26feeb64f039a2c41296fcb3f5640
2023-12-21,141222031,USDC-WETH,0.05%,0x88e6a0c2ddd26feeb64f039a2c41296fcb3f5640
2023-12-22,144419925,USDC-WETH,0.05%,0x88e6a0c2ddd26feeb64f039a2c41296fcb3f5640
2023-12-23,144091706,USDC-WETH,0.05%,0x88e6a0c2ddd26feeb64f039a2c41296fcb3f5640
2023-12-24,144218785,USDC-WETH,0.05%,0x88e6a0c2ddd26feeb64f039a2c41296fcb3f5640
2023-12-25,140464118,USDC-WETH,0.05%,0x88e6a0c2ddd26feeb64f039a2c41296fcb3f5640
2023-12-26,138812532,USDC-WETH,0.05%,0x88e6a0c2ddd26feeb64f039a2c41296fcb3f5640
2023-12-27,139248371,USDC-WETH,0.05%,0x88e6a0c2ddd26feeb64f039a2c41296fcb3f5640
2023-12-28,140694971,USDC-WETH,0.05%,0x88e6a0c2ddd26feeb64f039a2c41296fcb3f5640
2023-12-29,138736678,USDC-WETH,0.05%,0x88e6a0c2ddd26feeb64f039a2c41296fcb3f5640
2023-12-30,138754200,USDC-WETH,0.05%,0x88e6a0c2ddd26feeb64f039a2c41296fcb3f5640
2023-12-31,138842205,USDC-WETH,0.05%,0x88e6a0c2ddd26feeb64f039a2c41296fcb3f5640
2024-01-01,139495247,USDC-WETH,0.05%,0x88e6a0c2ddd26feeb64f039a2c41296fcb3f5640
2024-01-02,138717998,USDC-WETH,0.05%,0x88e6a0c2ddd26feeb64f039a2c41296fcb3f5640
2024-01-03,132422436,USDC-WETH,0.05%,0x88e6a0c2ddd26feeb64f039a2c41296fcb3f5640
2024-01-04,135340214,USDC-WETH,0.05%,0x88e6a0c2ddd26feeb64f039a2c41296fcb3f5640
2024-01-05,132275804,USDC-WETH,0.05%,0x88e6a0c2ddd26feeb64f039a2c41296fcb3f5640
2024-01-06,133053350,USDC-WETH,0.05%,0x88e6a0c2ddd26feeb64f039a2c41296fcb3f5640
2024-01-07,130610585,USDC-WETH,0.05%,0x88e6a0c2ddd26feeb64f039a2c41296fcb3f5640
2024-01-08,130826571,USDC-WETH,0.05%,0x88e6a0c2ddd26feeb64f039a2c41296fcb3f5640
2024-01-09,132483453,USDC-WETH,0.05%,0x88e6a0c2ddd26feeb64f039a2c41296fcb3f5640
2024-01-10,133772188,USDC-WETH,0.05%,0x88e6a0c2ddd26feeb64f039a2c41296fcb3f5640
2024-01-11,131781548,USDC-WETH,0.05%,0x88e6a0c2ddd26feeb64f039a2c41296fcb3f5640
2024-01-12,132650367,USDC-WETH,0.05%,0x88e6a0c2ddd26feeb64f039a2c41296fcb3f5640
2024-01-13,136202861,USDC-WETH,0.05%,0x88e6a0c2ddd26feeb64f039a2c41296fcb3f5640
2024-01-14,138517209,USDC-WETH,0.05%,0x88e6a0c2ddd26feeb64f039a2c41296fcb3f5640
2024-01-15,136787838,USDC-WETH,0.05%,0x88e6a0c2ddd26feeb64f039a2c41296fcb3f5640
2024-01-16,138729039,USDC-WETH,0.05%,0x88e6a0c2ddd26feeb64f039a2c41296fcb3f5640
2024-01-17,135826372,USDC-WETH,0.05%,0x88e6a0c2ddd26feeb64f039a2c41296fcb3f5640
2024-01-18,136986234,USDC-WETH,0.05%,0x88e6a0c2ddd26feeb64f039a2c41296fcb3f5640
2024-01-19,145295519,USDC-WETH,0.05%,0x88e6a0c2ddd26feeb64f039a2c41296fcb3f5640
2024-01-20,145039828,USDC-WETH,0.05%,0x88e6a0c2ddd26feeb64f039a2c41296fcb3f5640
2024-01-21,145072232,USDC-WETH,0.05%,0x88e6a0c2ddd26feeb64f039a2c41296fcb3f5640
2024-01-22,143474452,USDC-WETH,0.05%,0x88e6a0c2ddd26feeb64f039a2c41296fcb3f5640
2024-01-23,130663008,USDC-WETH,0.05%,0x88e6a0c2ddd26feeb64f039a2c41296fcb3f5640
2024-01-24,132791143,USDC-WETH,0.05%,0x88e6a0c2ddd26feeb64f039a2c41296fcb3f5640
2024-01-25,137853097,USDC-WETH,0.05%,0x88e6a0c2ddd26feeb64f039a2c41296fcb3f5640
2024-01-26,138582398,USDC-WETH,0.05%,0x88e6a0c2ddd26feeb64f039a2c41296fcb3f5640
2024-01-27,138669726,USDC-WETH,0.05%,0x88e6a0c2ddd26feeb64f039a2c41296fcb3f5640
2024-01-28,138412375,USDC-WETH,0.05%,0x88e6a0c2ddd26feeb64f039a2c41296fcb3f5640
2024-01-29,139982718,USDC-WETH,0.05%,0x88e6a0c2ddd26feeb64f039a2c41296fcb3f5640
2024-01-30,147293491,USDC-WETH,0.05%,0x88e6a0c2ddd26feeb64f039a2c41296fcb3f5640
2024-01-31,145762829,USDC-WETH,0.05%,0x88e6a0c2ddd26feeb64f039a2c41296fcb3f5640
2024-02-01,146586700,USDC-WETH,0.05%,0x88e6a0c2ddd26feeb64f039a2c41296fcb3f5640
2024-02-02,146912015,USDC-WETH,0.05%,0x88e6a0c2ddd26feeb64f039a2c41296fcb3f5640
2024-02-03,145129995,USDC-WETH,0.05%,0x88e6a0c2ddd26feeb64f039a2c41296fcb3f5640
2024-02-04,144671725,USDC-WETH,0.05%,0x88e6a0c2ddd26feeb64f039a2c41296fcb3f5640
2024-02-05,146142770,USDC-WETH,0.05%,0x88e6a0c2ddd26feeb64f039a2c41296fcb3f5640
2024-02-06,149204352,USDC-WETH,0.05%,0x88e6a0c2ddd26feeb64f039a2c41296fcb3f5640
2024-02-07,147345654,USDC-WETH,0.05%,0x88e6a0c2ddd26feeb64f039a2c41296fcb3f5640
2024-02-08,152481021,USDC-WETH,0.05%,0x88e6a0c2ddd26feeb64f039a2c41296fcb3f5640
2024-02-09,135542163,USDC-WETH,0.05%,0x88e6a0c2ddd26feeb64f039a2c41296fcb3f5640
2024-02-10,136253222,USDC-WETH,0.05%,0x88e6a0c2ddd26feeb64f039a2c41296fcb3f5640
2024-02-11,139843269,USDC-WETH,0.05%,0x88e6a0c2ddd26feeb64f039a2c41296fcb3f5640
2024-02-12,141583643,USDC-WETH,0.05%,0x88e6a0c2ddd26feeb64f039a2c41296fcb3f5640
2024-02-13,129080805,USDC-WETH,0.05%,0x88e6a0c2ddd26feeb64f039a2c41296fcb3f5640
2024-02-14,129905312,USDC-WETH,0.05%,0x88e6a0c2ddd26feeb64f039a2c41296fcb3f5640
2024-02-15,129187478,USDC-WETH,0.05%,0x88e6a0c2ddd26feeb64f039a2c41296fcb3f5640
2024-02-16,128612472,USDC-WETH,0.05%,0x88e6a0c2ddd26feeb64f039a2c41296fcb3f5640
2024-02-17,131553659,USDC-WETH,0.05%,0x88e6a0c2ddd26feeb64f039a2c41296fcb3f5640
2024-02-18,130091911,USDC-WETH,0.05%,0x88e6a0c2ddd26feeb64f039a2c41296fcb3f5640
2024-02-19,130321605,USDC-WETH,0.05%,0x88e6a0c2ddd26feeb64f039a2c41296fcb3f5640
2024-02-20,128283165,USDC-WETH,0.05%,0x88e6a0c2ddd26feeb64f039a2c41296fcb3f5640
2024-02-21,134398662,USDC-WETH,0.05%,0x88e6a0c2ddd26feeb64f039a2c41296fcb3f5640
2024-02-22,133315580,USDC-WETH,0.05%,0x88e6a0c2ddd26feeb64f039a2c41296fcb3f5640
2024-02-23,132120372,USDC-WETH,0.05%,0x88e6a0c2ddd26feeb64f039a2c41296fcb3f5640
2024-02-24,137096951,USDC-WETH,0.05%,0x88e6a0c2ddd26feeb64f039a2c41296fcb3f5640
2024-02-25,134561406,USDC-WETH,0.05%,0x88e6a0c2ddd26feeb64f039a2c41296fcb3f5640
2024-02-26,129221469,USDC-WETH,0.05%,0x88e6a0c2ddd26feeb64f039a2c41296fcb3f5640
2024-02-27,136007082,USDC-WETH,0.05%,0x88e6a0c2ddd26feeb64f039a2c41296fcb3f5640
2024-02-28,120587160,USDC-WETH,0.05%,0x88e6a0c2ddd26feeb64f039a2c41296fcb3f5640
2024-02-29,112400305,USDC-WETH,0.05%,0x88e6a0c2ddd26feeb64f039a2c41296fcb3f5640
2024-03-01,124078146,USDC-WETH,0.05%,0x88e6a0c2ddd26feeb64f039a2c41296fcb3f5640
2024-03-02,140004595,USDC-WETH,0.05%,0x88e6a0c2ddd26feeb64f039a2c41296fcb3f5640
2024-03-03,140867210,USDC-WETH,0.05%,0x88e6a0c2ddd26feeb64f039a2c41296fcb3f5640
2024-03-04,119497734,USDC-WETH,0.05%,0x88e6a0c2ddd26feeb64f039a2c41296fcb3f5640
2024-03-05,108100347,USDC-WETH,0.05%,0x88e6a0c2ddd26feeb64f039a2c41296fcb3f5640
2024-03-06,111997451,USDC-WETH,0.05%,0x88e6a0c2ddd26feeb64f039a2c41296fcb3f5640
2024-03-07,108098588,USDC-WETH,0.05%,0x88e6a0c2ddd26feeb64f039a2c41296fcb3f5640
2024-03-08,105080605,USDC-WETH,0.05%,0x88e6a0c2ddd26feeb64f039a2c41296fcb3f5640
2024-03-09,107088059,USDC-WETH,0.05%,0x88e6a0c2ddd26feeb64f039a2c41296fcb3f5640
2024-03-10,109859518,USDC-WETH,0.05%,0x88e6a0c2ddd26feeb64f039a2c41296fcb3f5640
2024-03-11,114279540,USDC-WETH,0.05%,0x88e6a0c2ddd26feeb64f039a2c41296fcb3f5640
2024-03-12,110868273,USDC-WETH,0.05%,0x88e6a0c2ddd26feeb64f039a2c41296fcb3f5640
2024-03-13,107816194,USDC-WETH,0.05%,0x88e6a0c2ddd26feeb64f039a2c41296fcb3f5640
2024-03-14,110022816,USDC-WETH,0.05%,0x88e6a0c2ddd26feeb64f039a2c41296fcb3f5640
2024-03-15,111510142,USDC-WETH,0.05%,0x88e6a0c2ddd26feeb64f039a2c41296fcb3f5640
2024-03-16,105871065,USDC-WETH,0.05%,0x88e6a0c2ddd26feeb64f039a2c41296fcb3f5640
2024-03-17,109658413,USDC-WETH,0.05%,0x88e6a0c2ddd26feeb64f039a2c41296fcb3f5640
2024-03-18,114452175,USDC-WETH,0.05%,0x88e6a0c2ddd26feeb64f039a2c41296fcb3f5640
2024-03-19,110209598,USDC-WETH,0.05%,0x88e6a0c2ddd26feeb64f039a2c41296fcb3f5640
2024-03-20,127188577,USDC-WETH,0.05%,0x88e6a0c2ddd26feeb64f039a2c41296fcb3f5640
2024-03-22,123333772,USDC-WETH,0.05%,0x88e6a0c2ddd26feeb64f039a2c41296fcb3f5640
2024-03-23,130925169,USDC-WETH,0.05%,0x88e6a0c2ddd26feeb64f039a2c41296fcb3f5640
2024-03-24,131818798,USDC-WETH,0.05%,0x88e6a0c2ddd26feeb64f039a2c41296fcb3f5640
2024-03-25,133483432,USDC-WETH,0.05%,0x88e6a0c2ddd26feeb64f039a2c41296fcb3f5640
2024-03-26,144282625,USDC-WETH,0.05%,0x88e6a0c2ddd26feeb64f039a2c41296fcb3f5640
2024-03-27,142443052,USDC-WETH,0.05%,0x88e6a0c2ddd26feeb64f039a2c41296fcb3f5640
2024-03-28,145592466,USDC-WETH,0.05%,0x88e6a0c2ddd26feeb64f039a2c41296fcb3f5640
2024-03-29,141299203,USDC-WETH,0.05%,0x88e6a0c2ddd26feeb64f039a2c41296fcb3f5640
2024-03-30,143626714,USDC-WETH,0.05%,0x88e6a0c2ddd26feeb64f039a2c41296fcb3f5640
2024-03-31,139300660,USDC-WETH,0.05%,0x88e6a0c2ddd26feeb64f039a2c41296fcb3f5640
2024-04-01,129283516,USDC-WETH,0.05%,0x88e6a0c2ddd26feeb64f039a2c41296fcb3f5640
2024-04-02,148808342,USDC-WETH,0.05%,0x88e6a0c2ddd26feeb64f039a2c41296fcb3f5640
2024-04-03,151930178,USDC-WETH,0.05%,0x88e6a0c2ddd26feeb64f039a2c41296fcb3f5640
2024-04-04,150897975,USDC-WETH,0.05%,0x88e6a0c2ddd26feeb64f039a2c41296fcb3f5640
2024-04-05,151007603,USDC-WETH,0.05%,0x88e6a0c2ddd26feeb64f039a2c41296fcb3f5640
2024-04-06,152548813,USDC-WETH,0.05%,0x88e6a0c2ddd26feeb64f039a2c41296fcb3f5640
2024-04-07,177540441,USDC-WETH,0.05%,0x88e6a0c2ddd26feeb64f039a2c41296fcb3f5640
2024-04-08,190454942,USDC-WETH,0.05%,0x88e6a0c2ddd26feeb64f039a2c41296fcb3f5640
2024-04-09,174144650,USDC-WETH,0.05%,0x88e6a0c2ddd26feeb64f039a2c41296fcb3f5640
2024-04-10,181633958,USDC-WETH,0.05%,0x88e6a0c2ddd26feeb64f039a2c41296fcb3f5640
2024-04-11,173911123,USDC-WETH,0.05%,0x88e6a0c2ddd26feeb64f039a2c41296fcb3f5640
2024-04-12,152068447,USDC-WETH,0.05%,0x88e6a0c2ddd26feeb64f039a2c41296fcb3f5640
2024-04-13,143679841,USDC-WETH,0.05%,0x88e6a0c2ddd26feeb64f039a2c41296fcb3f5640
2024-04-14,154347947,USDC-WETH,0.05%,0x88e6a0c2ddd26feeb64f039a2c41296fcb3f5640
2024-04-15,159998751,USDC-WETH,0.05%,0x88e6a0c2ddd26feeb64f039a2c41296fcb3f5640
2024-04-16,156284584,USDC-WETH,0.05%,0x88e6a0c2ddd26feeb64f039a2c41296fcb3f5640
2024-04-17,151659263,USDC-WETH,0.05%,0x88e6a0c2ddd26feeb64f039a2c41296fcb3f5640
2024-04-18,158510112,USDC-WETH,0.05%,0x88e6a0c2ddd26feeb64f039a2c41296fcb3f5640
2024-04-19,164079449,USDC-WETH,0.05%,0x88e6a0c2ddd26feeb64f039a2c41296fcb3f5640
2024-04-20,166594143,USDC-WETH,0.05%,0x88e6a0c2ddd26feeb64f039a2c41296fcb3f5640
2024-04-21,169510100,USDC-WETH,0.05%,0x88e6a0c2ddd26feeb64f039a2c41296fcb3f5640
2024-04-22,170529488,USDC-WETH,0.05%,0x88e6a0c2ddd26feeb64f039a2c41296fcb3f5640
2024-04-23,160174579,USDC-WETH,0.05%,0x88e6a0c2ddd26feeb64f039a2c41296fcb3f5640
2024-04-24,161003384,USDC-WETH,0.05%,0x88e6a0c2ddd26feeb64f039a2c41296fcb3f5640
2024-04-25,161638120,USDC-WETH,0.05%,0x88e6a0c2ddd26feeb64f039a2c41296fcb3f5640
2024-04-26,160891561,USDC-WETH,0.05%,0x88e6a0c2ddd26feeb64f039a2c41296fcb3f5640
2024-04-29,172952938,USDC-WETH,0.05%,0x88e6a0c2ddd26feeb64f039a2c41296fcb3f5640
2024-04-30,165302584,USDC-WETH,0.05%,0x88e6a0c2ddd26feeb64f039a2c41296fcb3f5640
2024-05-01,137169441,USDC-WETH,0.05%,0x88e6a0c2ddd26feeb64f039a2c41296fcb3f5640
2024-05-02,138002906,USDC-WETH,0.05%,0x88e6a0c2ddd26feeb64f039a2c41296fcb3f5640
2024-05-03,150351023,USDC-WETH,0.05%,0x88e6a0c2ddd26feeb64f039a2c41296fcb3f5640
2024-05-04,155350818,USDC-WETH,0.05%,0x88e6a0c2ddd26feeb64f039a2c41296fcb3f5640
2024-05-05,152540803,USDC-WETH,0.05%,0x88e6a0c2ddd26feeb64f039a2c41296fcb3f5640
2024-05-06,150141382,USDC-WETH,0.05%,0x88e6a0c2ddd26feeb64f039a2c41296fcb3f5640
2024-05-07,158090982,USDC-WETH,0.05%,0x88e6a0c2ddd26feeb64f039a2c41296fcb3f5640
2024-05-08,157877347,USDC-WETH,0.05%,0x88e6a0c2ddd26feeb64f039a2c41296fcb3f5640
2024-05-09,158415191,USDC-WETH,0.05%,0x88e6a0c2ddd26feeb64f039a2c41296fcb3f5640
2024-05-10,159327384,USDC-WETH,0.05%,0x88e6a0c2ddd26feeb64f039a2c41296fcb3f5640
2024-05-11,156352108,USDC-WETH,0.05%,0x88e6a0c2ddd26feeb64f039a2c41296fcb3f5640
2024-05-12,150742265,USDC-WETH,0.05%,0x88e6a0c2ddd26feeb64f039a2c41296fcb3f5640
2024-05-13,152297585,USDC-WETH,0.05%,0x88e6a0c2ddd26feeb64f039a2c41296fcb3f5640
2024-05-14,151694949,USDC-WETH,0.05%,0x88e6a0c2ddd26feeb64f039a2c41296fcb3f5640
2024-05-15,162069005,USDC-WETH,0.05%,0x88e6a0c2ddd26feeb64f039a2c41296fcb3f5640
2024-05-16,159900312,USDC-WETH,0.05%,0x88e6a0c2ddd26feeb64f039a2c41296fcb3f5640
2024-05-17,165216563,USDC-WETH,0.05%,0x88e6a0c2ddd26feeb64f039a2c41296fcb3f5640
2024-05-18,160718866,USDC-WETH,0.05%,0x88e6a0c2ddd26feeb64f039a2c41296fcb3f5640
2024-05-19,151836207,USDC-WETH,0.05%,0x88e6a0c2ddd26feeb64f039a2c41296fcb3f5640
2024-05-20,170554870,USDC-WETH,0.05%,0x88e6a0c2ddd26feeb64f039a2c41296fcb3f5640
2024-05-21,155447790,USDC-WETH,0.05%,0x88e6a0c2ddd26feeb64f039a2c41296fcb3f5640
2024-05-22,152321560,USDC-WETH,0.05%,0x88e6a0c2ddd26feeb64f039a2c41296fcb3f5640
2024-05-23,208594354,USDC-WETH,0.05%,0x88e6a0c2ddd26feeb64f039a2c41296fcb3f5640
2024-05-24,208056927,USDC-WETH,0.05%,0x88e6a0c2ddd26feeb64f039a2c41296fcb3f5640
2024-05-25,209185593,USDC-WETH,0.05%,0x88e6a0c2ddd26feeb64f039a2c41296fcb3f5640
2024-05-26,158145323,USDC-WETH,0.05%,0x88e6a0c2ddd26feeb64f039a2c41296fcb3f5640
2024-05-27,158192383,USDC-WETH,0.05%,0x88e6a0c2ddd26feeb64f039a2c41296fcb3f5640
2024-05-28,158874532,USDC-WETH,0.05%,0x88e6a0c2ddd26feeb64f039a2c41296fcb3f5640
2024-05-29,198832508,USDC-WETH,0.05%,0x88e6a0c2ddd26feeb64f039a2c41296fcb3f5640
2024-05-30,199859353,USDC-WETH,0.05%,0x88e6a0c2ddd26feeb64f039a2c41296fcb3f5640
2024-05-31,148267127,USDC-WETH,0.05%,0x88e6a0c2ddd26feeb64f039a2c41296fcb3f5640
2024-06-01,149249860,USDC-WETH,0.05%,0x88e6a0c2ddd26feeb64f039a2c41296fcb3f5640
2024-06-02,148917245,USDC-WETH,0.05%,0x88e6a0c2ddd26feeb64f039a2c41296fcb3f5640
2024-06-03,148198349,USDC-WETH,0.05%,0x88e6a0c2ddd26feeb64f039a2c41296fcb3f5640
2024-06-04,141823078,USDC-WETH,0.05%,0x88e6a0c2ddd26feeb64f039a2c41296fcb3f5640
2024-06-05,136850448,USDC-WETH,0.05%,0x88e6a0c2ddd26feeb64f039a2c41296fcb3f5640
2024-06-06,148380392,USDC-WETH,0.05%,0x88e6a0c2ddd26feeb64f039a2c41296fcb3f5640
2024-06-07,146257191,USDC-WETH,0.05%,0x88e6a0c2ddd26feeb64f039a2c41296fcb3f5640
2024-06-08,146775469,USDC-WETH,0.05%,0x88e6a0c2ddd26feeb64f039a2c41296fcb3f5640
2024-06-09,167460567,USDC-WETH,0.05%,0x88e6a0c2ddd26feeb64f039a2c41296fcb3f5640
2024-06-10,165966779,USDC-WETH,0.05%,0x88e6a0c2ddd26feeb64f039a2c41296fcb3f5640
2024-06-11,166376769,USDC-WETH,0.05%,0x88e6a0c2ddd26feeb64f039a2c41296fcb3f5640
2024-06-12,162784336,USDC-WETH,0.05%,0x88e6a0c2ddd26feeb64f039a2c41296fcb3f5640
2024-06-13,170806386,USDC-WETH,0.05%,0x88e6a0c2ddd26feeb64f039a2c41296fcb3f5640
2024-06-14,172895453,USDC-WETH,0.05%,0x88e6a0c2ddd26feeb64f039a2c41296fcb3f5640
2024-06-15,170451281,USDC-WETH,0.05%,0x88e6a0c2ddd26feeb64f039a2c41296fcb3f5640
2024-06-16,164156493,USDC-WETH,0.05%,0x88e6a0c2ddd26feeb64f039a2c41296fcb3f5640
2024-06-17,165314420,USDC-WETH,0.05%,0x88e6a0c2ddd26feeb64f039a2c41296fcb3f5640
2024-06-18,166819372,USDC-WETH,0.05%,0x88e6a0c2ddd26feeb64f039a2c41296fcb3f5640
2024-06-19,169476953,USDC-WETH,0.05%,0x88e6a0c2ddd26feeb64f039a2c41296fcb3f5640
2024-06-20,172158172,USDC-WETH,0.05%,0x88e6a0c2ddd26feeb64f039a2c41296fcb3f5640
2024-06-21,173718892,USDC-WETH,0.05%,0x88e6a0c2ddd26feeb64f039a2c41296fcb3f5640
2024-06-22,173307720,USDC-WETH,0.05%,0x88e6a0c2ddd26feeb64f039a2c41296fcb3f5640
2024-06-23,227640241,USDC-WETH,0.05%,0x88e6a0c2ddd26feeb64f039a2c41296fcb3f5640
2024-06-24,171044247,USDC-WETH,0.05%,0x88e6a0c2ddd26feeb64f039a2c41296fcb3f5640
2024-06-25,172212077,USDC-WETH,0.05%,0x88e6a0c2ddd26feeb64f039a2c41296fcb3f5640
2024-06-26,222345170,USDC-WETH,0.05%,0x88e6a0c2ddd26feeb64f039a2c41296fcb3f5640
2024-06-27,164347916,USDC-WETH,0.05%,0x88e6a0c2ddd26feeb64f039a2c41296fcb3f5640
2024-06-28,164169416,USDC-WETH,0.05%,0x88e6a0c2ddd26feeb64f039a2c41296fcb3f5640
2024-06-29,163834337,USDC-WETH,0.05%,0x88e6a0c2ddd26feeb64f039a2c41296fcb3f5640
2024-06-30,166151092,USDC-WETH,0.05%,0x88e6a0c2ddd26feeb64f039a2c41296fcb3f5640
2024-07-01,166663377,USDC-WETH,0.05%,0x88e6a0c2ddd26feeb64f039a2c41296fcb3f5640
2024-07-02,171144839,USDC-WETH,0.05%,0x88e6a0c2ddd26feeb64f039a2c41296fcb3f5640
2024-07-03,165334116,USDC-WETH,0.05%,0x88e6a0c2ddd26feeb64f039a2c41296fcb3f5640
2024-07-04,158405870,USDC-WETH,0.05%,0x88e6a0c2ddd26feeb64f039a2c41296fcb3f5640
2024-07-05,148235761,USDC-WETH,0.05%,0x88e6a0c2ddd26feeb64f039a2c41296fcb3f5640
2024-07-06,153282447,USDC-WETH,0.05%,0x88e6a0c2ddd26feeb64f039a2c41296fcb3f5640
2024-07-07,143085904,USDC-WETH,0.05%,0x88e6a0c2ddd26feeb64f039a2c41296fcb3f5640
2024-07-08,145361575,USDC-WETH,0.05%,0x88e6a0c2ddd26feeb64f039a2c41296fcb3f5640
2024-07-09,145586541,USDC-WETH,0.05%,0x88e6a0c2ddd26feeb64f039a2c41296fcb3f5640
2024-07-10,146130976,USDC-WETH,0.05%,0x88e6a0c2ddd26feeb64f039a2c41296fcb3f5640
2024-07-11,144653984,USDC-WETH,0.05%,0x88e6a0c2ddd26feeb64f039a2c41296fcb3f5640
2024-07-12,145669932,USDC-WETH,0.05%,0x88e6a0c2ddd26feeb64f039a2c41296fcb3f5640
2024-07-13,147600192,USDC-WETH,0.05%,0x88e6a0c2ddd26feeb64f039a2c41296fcb3f5640
2024-07-14,151121519,USDC-WETH,0.05%,0x88e6a0c2ddd26feeb64f039a2c41296fcb3f5640
2024-07-15,156963039,USDC-WETH,0.05%,0x88e6a0c2ddd26feeb64f039a2c41296fcb3f5640
2024-07-16,154076380,USDC-WETH,0.05%,0x88e6a0c2ddd26feeb64f039a2c41296fcb3f5640
2024-07-17,158695175,USDC-WETH,0.05%,0x88e6a0c2ddd26feeb64f039a2c41296fcb3f5640
2024-07-18,167152837,USDC-WETH,0.05%,0x88e6a0c2ddd26feeb64f039a2c41296fcb3f5640
2024-07-19,170678170,USDC-WETH,0.05%,0x88e6a0c2ddd26feeb64f039a2c41296fcb3f5640
2024-07-20,170405666,USDC-WETH,0.05%,0x88e6a0c2ddd26feeb64f039a2c41296fcb3f5640
2024-07-21,157609971,USDC-WETH,0.05%,0x88e6a0c2ddd26feeb64f039a2c41296fcb3f5640
2024-07-22,170216732,USDC-WETH,0.05%,0x88e6a0c2ddd26feeb64f039a2c41296fcb3f5640
2024-07-23,158649936,USDC-WETH,0.05%,0x88e6a0c2ddd26feeb64f039a2c41296fcb3f5640
2024-07-24,168300758,USDC-WETH,0.05%,0x88e6a0c2ddd26feeb64f039a2c41296fcb3f5640
2024-07-25,128587406,USDC-WETH,0.05%,0x88e6a0c2ddd26feeb64f039a2c41296fcb3f5640
2024-07-26,159381468,USDC-WETH,0.05%,0x88e6a0c2ddd26feeb64f039a2c41296fcb3f5640
2024-07-27,158175514,USDC-WETH,0.05%,0x88e6a0c2ddd26feeb64f039a2c41296fcb3f5640
2024-07-28,155686399,USDC-WETH,0.05%,0x88e6a0c2ddd26feeb64f039a2c41296fcb3f5640
2024-07-29,162585359,USDC-WETH,0.05%,0x88e6a0c2ddd26feeb64f039a2c41296fcb3f5640
2024-07-30,156333424,USDC-WETH,0.05%,0x88e6a0c2ddd26feeb64f039a2c41296fcb3f5640
2024-07-31,153633205,USDC-WETH,0.05%,0x88e6a0c2ddd26feeb64f039a2c41296fcb3f5640
2024-08-01,154323715,USDC-WETH,0.05%,0x88e6a0c2ddd26feeb64f039a2c41296fcb3f5640
2024-08-02,155219874,USDC-WETH,0.05%,0x88e6a0c2ddd26feeb64f039a2c41296fcb3f5640
2024-08-03,149110199,USDC-WETH,0.05%,0x88e6a0c2ddd26feeb64f039a2c41296fcb3f5640
2024-08-04,142089121,USDC-WETH,0.05%,0x88e6a0c2ddd26feeb64f039a2c41296fcb3f5640
2024-08-05,130863978,USDC-WETH,0.05%,0x88e6a0c2ddd26feeb64f039a2c41296fcb3f5640
2024-08-06,130037787,USDC-WETH,0.05%,0x88e6a0c2ddd26feeb64f039a2c41296fcb3f5640
2024-08-07,121720365,USDC-WETH,0.05%,0x88e6a0c2ddd26feeb64f039a2c41296fcb3f5640
2024-08-08,124968224,USDC-WETH,0.05%,0x88e6a0c2ddd26feeb64f039a2c41296fcb3f5640
2024-08-09,127970626,USDC-WETH,0.05%,0x88e6a0c2ddd26feeb64f039a2c41296fcb3f5640
2024-08-10,130930944,USDC-WETH,0.05%,0x88e6a0c2ddd26feeb64f039a2c41296fcb3f5640
2024-08-11,128090650,USDC-WETH,0.05%,0x88e6a0c2ddd26feeb64f039a2c41296fcb3f5640
2024-08-12,138147112,USDC-WETH,0.05%,0x88e6a0c2ddd26feeb64f039a2c41296fcb3f5640
2024-08-13,167292923,USDC-WETH,0.05%,0x88e6a0c2ddd26feeb64f039a2c41296fcb3f5640
2024-08-14,167396801,USDC-WETH,0.05%,0x88e6a0c2ddd26feeb64f039a2c41296fcb3f5640
2024-08-15,163511722,USDC-WETH,0.05%,0x88e6a0c2ddd26feeb64f039a2c41296fcb3f5640
2024-08-16,162612241,USDC-WETH,0.05%,0x88e6a0c2ddd26feeb64f039a2c41296fcb3f5640
2024-08-17,163289234,USDC-WETH,0.05%,0x88e6a0c2ddd26feeb64f039a2c41296fcb3f5640
2024-08-18,164468286,USDC-WETH,0.05%,0x88e6a0c2ddd26feeb64f039a2c41296fcb3f5640
2024-08-19,164344857,USDC-WETH,0.05%,0x88e6a0c2ddd26feeb64f039a2c41296fcb3f5640
2024-08-20,162895435,USDC-WETH,0.05%,0x88e6a0c2ddd26feeb64f039a2c41296fcb3f5640
2024-08-21,163619273,USDC-WETH,0.05%,0x88e6a0c2ddd26feeb64f039a2c41296fcb3f5640
2024-08-22,163300664,USDC-WETH,0.05%,0x88e6a0c2ddd26feeb64f039a2c41296fcb3f5640
2024-08-23,166809375,USDC-WETH,0.05%,0x88e6a0c2ddd26feeb64f039a2c41296fcb3f5640
2024-08-24,166859060,USDC-WETH,0.05%,0x88e6a0c2ddd26feeb64f039a2c41296fcb3f5640
2024-08-25,167688050,USDC-WETH,0.05%,0x88e6a0c2ddd26feeb64f039a2c41296fcb3f5640
2024-08-26,164231923,USDC-WETH,0.05%,0x88e6a0c2ddd26feeb64f039a2c41296fcb3f5640
2024-08-27,157137959,USDC-WETH,0.05%,0x88e6a0c2ddd26feeb64f039a2c41296fcb3f5640
2024-08-28,159165299,USDC-WETH,0.05%,0x88e6a0c2ddd26feeb64f039a2c41296fcb3f5640
2024-08-29,159906511,USDC-WETH,0.05%,0x88e6a0c2ddd26feeb64f039a2c41296fcb3f5640
2024-08-30,160171210,USDC-WETH,0.05%,0x88e6a0c2ddd26feeb64f039a2c41296fcb3f5640
2024-08-31,160075838,USDC-WETH,0.05%,0x88e6a0c2ddd26feeb64f039a2c41296fcb3f5640
2024-09-01,156871240,USDC-WETH,0.05%,0x88e6a0c2ddd26feeb64f039a2c41296fcb3f5640
2024-09-02,164957414,USDC-WETH,0.05%,0x88e6a0c2ddd26feeb64f039a2c41296fcb3f5640
2024-09-03,145066751,USDC-WETH,0.05%,0x88e6a0c2ddd26feeb64f039a2c41296fcb3f5640
2024-09-04,145202072,USDC-WETH,0.05%,0x88e6a0c2ddd26feeb64f039a2c41296fcb3f5640
2024-09-05,144498191,USDC-WETH,0.05%,0x88e6a0c2ddd26feeb64f039a2c41296fcb3f5640
2024-09-06,138139042,USDC-WETH,0.05%,0x88e6a0c2ddd26feeb64f039a2c41296fcb3f5640
2024-09-07,142838161,USDC-WETH,0.05%,0x88e6a0c2ddd26feeb64f039a2c41296fcb3f5640
2024-09-08,144147334,USDC-WETH,0.05%,0x88e6a0c2ddd26feeb64f039a2c41296fcb3f5640
2024-09-09,145957308,USDC-WETH,0.05%,0x88e6a0c2ddd26feeb64f039a2c41296fcb3f5640
2024-09-10,147964925,USDC-WETH,0.05%,0x88e6a0c2ddd26feeb64f039a2c41296fcb3f5640
2024-09-11,150335096,USDC-WETH,0.05%,0x88e6a0c2ddd26feeb64f039a2c41296fcb3f5640
2024-09-12,151369867,USDC-WETH,0.05%,0x88e6a0c2ddd26feeb64f039a2c41296fcb3f5640
2024-09-13,153826436,USDC-WETH,0.05%,0x88e6a0c2ddd26feeb64f039a2c41296fcb3f5640
2024-09-14,151472739,USDC-WETH,0.05%,0x88e6a0c2ddd26feeb64f039a2c41296fcb3f5640
2024-09-15,143196081,USDC-WETH,0.05%,0x88e6a0c2ddd26feeb64f039a2c41296fcb3f5640
2024-09-16,141356821,USDC-WETH,0.05%,0x88e6a0c2ddd26feeb64f039a2c41296fcb3f5640
2024-09-17,144159089,USDC-WETH,0.05%,0x88e6a0c2ddd26feeb64f039a2c41296fcb3f5640
2024-09-18,142703591,USDC-WETH,0.05%,0x88e6a0c2ddd26feeb64f039a2c41296fcb3f5640
2024-09-19,146580345,USDC-WETH,0.05%,0x88e6a0c2ddd26feeb64f039a2c41296fcb3f5640
2024-09-20,147898706,USDC-WETH,0.05%,0x88e6a0c2ddd26feeb64f039a2c41296fcb3f5640
2024-09-21,147829030,USDC-WETH,0.05%,0x88e6a0c2ddd26feeb64f039a2c41296fcb3f5640
2024-09-22,148276376,USDC-WETH,0.05%,0x88e6a0c2ddd26feeb64f039a2c41296fcb3f5640
2024-09-23,149669838,USDC-WETH,0.05%,0x88e6a0c2ddd26feeb64f039a2c41296fcb3f5640
2024-09-24,155320720,USDC-WETH,0.05%,0x88e6a0c2ddd26feeb64f039a2c41296fcb3f5640
2024-09-25,152937728,USDC-WETH,0.05%,0x88e6a0c2ddd26feeb64f039a2c41296fcb3f5640
2024-09-26,156563933,USDC-WETH,0.05%,0x88e6a0c2ddd26feeb64f039a2c41296fcb3f5640
2024-09-27,158364786,USDC-WETH,0.05%,0x88e6a0c2ddd26feeb64f039a2c41296fcb3f5640
2024-09-28,155396933,USDC-WETH,0.05%,0x88e6a0c2ddd26feeb64f039a2c41296fcb3f5640
2024-09-29,155315574,USDC-WETH,0.05%,0x88e6a0c2ddd26feeb64f039a2c41296fcb3f5640
2024-09-30,154012681,USDC-WETH,0.05%,0x88e6a0c2ddd26feeb64f039a2c41296fcb3f5640
2024-10-01,150037188,USDC-WETH,0.05%,0x88e6a0c2ddd26feeb64f039a2c41296fcb3f5640
2024-10-02,143791289,USDC-WETH,0.05%,0x88e6a0c2ddd26feeb64f039a2c41296fcb3f5640
2024-10-03,143286062,USDC-WETH,0.05%,0x88e6a0c2ddd26feeb64f039a2c41296fcb3f5640
2024-10-04,152928171,USDC-WETH,0.05%,0x88e6a0c2ddd26feeb64f039a2c41296fcb3f5640
2024-10-05,145906975,USDC-WETH,0.05%,0x88e6a0c2ddd26feeb64f039a2c41296fcb3f5640
2024-10-06,146558595,USDC-WETH,0.05%,0x88e6a0c2ddd26feeb64f039a2c41296fcb3f5640
2024-10-07,146221563,USDC-WETH,0.05%,0x88e6a0c2ddd26feeb64f039a2c41296fcb3f5640
2024-10-08,146776478,USDC-WETH,0.05%,0x88e6a0c2ddd26feeb64f039a2c41296fcb3f5640
2024-10-09,144994542,USDC-WETH,0.05%,0x88e6a0c2ddd26feeb64f039a2c41296fcb3f5640
2024-10-10,145048305,USDC-WETH,0.05%,0x88e6a0c2ddd26feeb64f039a2c41296fcb3f5640
2024-10-11,146764742,USDC-WETH,0.05%,0x88e6a0c2ddd26feeb64f039a2c41296fcb3f5640
2024-10-12,148373054,USDC-WETH,0.05%,0x88e6a0c2ddd26feeb64f039a2c41296fcb3f5640
2024-10-13,147998208,USDC-WETH,0.05%,0x88e6a0c2ddd26feeb64f039a2c41296fcb3f5640
2024-10-14,152835035,USDC-WETH,0.05%,0x88e6a0c2ddd26feeb64f039a2c41296fcb3f5640
2024-10-15,151263088,USDC-WETH,0.05%,0x88e6a0c2ddd26feeb64f039a2c41296fcb3f5640
2024-10-16,156552585,USDC-WETH,0.05%,0x88e6a0c2ddd26feeb64f039a2c41296fcb3f5640
2024-10-17,152047752,USDC-WETH,0.05%,0x88e6a0c2ddd26feeb64f039a2c41296fcb3f5640
2024-10-18,152808986,USDC-WETH,0.05%,0x88e6a0c2ddd26feeb64f039a2c41296fcb3f5640
2024-10-19,152998153,USDC-WETH,0.05%,0x88e6a0c2ddd26feeb64f039a2c41296fcb3f5640
2024-10-20,151008287,USDC-WETH,0.05%,0x88e6a0c2ddd26feeb64f039a2c41296fcb3f5640
2024-10-21,149019553,USDC-WETH,0.05%,0x88e6a0c2ddd26feeb64f039a2c41296fcb3f5640
2024-10-22,148398681,USDC-WETH,0.05%,0x88e6a0c2ddd26feeb64f039a2c41296fcb3f5640
2024-10-23,149903778,USDC-WETH,0.05%,0x88e6a0c2ddd26feeb64f039a2c41296fcb3f5640
2024-10-24,150678285,USDC-WETH,0.05%,0x88e6a0c2ddd26feeb64f039a2c41296fcb3f5640
2024-10-25,149656184,USDC-WETH,0.05%,0x88e6a0c2ddd26feeb64f039a2c41296fcb3f5640
2024-10-26,151074193,USDC-WETH,0.05%,0x88e6a0c2ddd26feeb64f039a2c41296fcb3f5640
2024-10-27,155511304,USDC-WETH,0.05%,0x88e6a0c2ddd26feeb64f039a2c41296fcb3f5640
2024-10-28,155060661,USDC-WETH,0.05%,0x88e6a0c2ddd26feeb64f039a2c41296fcb3f5640
2024-10-29,152571044,USDC-WETH,0.05%,0x88e6a0c2ddd26feeb64f039a2c41296fcb3f5640
2024-10-30,159504035,USDC-WETH,0.05%,0x88e6a0c2ddd26feeb64f039a2c41296fcb3f5640
2024-10-31,155995531,USDC-WETH,0.05%,0x88e6a0c2ddd26feeb64f039a2c41296fcb3f5640
2024-11-01,150492159,USDC-WETH,0.05%,0x88e6a0c2ddd26feeb64f039a2c41296fcb3f5640
2024-11-02,149844902,USDC-WETH,0.05%,0x88e6a0c2ddd26feeb64f039a2c41296fcb3f5640
2024-11-03,149077646,USDC-WETH,0.05%,0x88e6a0c2ddd26feeb64f039a2c41296fcb3f5640
2024-11-04,143759138,USDC-WETH,0.05%,0x88e6a0c2ddd26feeb64f039a2c41296fcb3f5640
2024-11-05,150977051,USDC-WETH,0.05%,0x88e6a0c2ddd26feeb64f039a2c41296fcb3f5640
2024-11-06,154064244,USDC-WETH,0.05%,0x88e6a0c2ddd26feeb64f039a2c41296fcb3f5640
2024-11-07,157564268,USDC-WETH,0.05%,0x88e6a0c2ddd26feeb64f039a2c41296fcb3f5640
2024-11-08,159204833,USDC-WETH,0.05%,0x88e6a0c2ddd26feeb64f039a2c41296fcb3f5640
2024-11-09,168255756,USDC-WETH,0.05%,0x88e6a0c2ddd26feeb64f039a2c41296fcb3f5640
2024-11-10,160121035,USDC-WETH,0.05%,0x88e6a0c2ddd26feeb64f039a2c41296fcb3f5640
2024-11-11,157929023,USDC-WETH,0.05%,0x88e6a0c2ddd26feeb64f039a2c41296fcb3f5640
2024-11-12,166750953,USDC-WETH,0.05%,0x88e6a0c2ddd26feeb64f039a2c41296fcb3f5640
2024-11-13,163166709,USDC-WETH,0.05%,0x88e6a0c2ddd26feeb64f039a2c41296fcb3f5640
2024-11-14,161505875,USDC-WETH,0.05%,0x88e6a0c2ddd26feeb64f039a2c41296fcb3f5640
2024-11-15,157638858,USDC-WETH,0.05%,0x88e6a0c2ddd26feeb64f039a2c41296fcb3f5640
2024-11-16,171447095,USDC-WETH,0.05%,0x88e6a0c2ddd26feeb64f039a2c41296fcb3f5640
2024-11-17,175881252,USDC-WETH,0.05%,0x88e6a0c2ddd26feeb64f039a2c41296fcb3f5640
2024-11-18,173312597,USDC-WETH,0.05%,0x88e6a0c2ddd26feeb64f039a2c41296fcb3f5640
2024-11-19,143411251,USDC-WETH,0.05%,0x88e6a0c2ddd26feeb64f039a2c41296fcb3f5640
2024-11-20,134622977,USDC-WETH,0.05%,0x88e6a0c2ddd26feeb64f039a2c41296fcb3f5640
2024-11-21,136900607,USDC-WETH,0.05%,0x88e6a0c2ddd26feeb64f039a2c41296fcb3f5640
2024-11-22,137072488,USDC-WETH,0.05%,0x88e6a0c2ddd26feeb64f039a2c41296fcb3f5640
2024-11-23,127611118,USDC-WETH,0.05%,0x88e6a0c2ddd26feeb64f039a2c41296fcb3f5640
2024-11-24,129235344,USDC-WETH,0.05%,0x88e6a0c2ddd26feeb64f039a2c41296fcb3f5640
2024-11-25,128825968,USDC-WETH,0.05%,0x88e6a0c2ddd26feeb64f039a2c41296fcb3f5640
2024-11-26,129685842,USDC-WETH,0.05%,0x88e6a0c2ddd26feeb64f039a2c41296fcb3f5640
2024-11-27,142931657,USDC-WETH,0.05%,0x88e6a0c2ddd26feeb64f039a2c41296fcb3f5640
2024-11-28,122421737,USDC-WETH,0.05%,0x88e6a0c2ddd26feeb64f039a2c41296fcb3f5640
2024-11-29,123052232,USDC-WETH,0.05%,0x88e6a0c2ddd26feeb64f039a2c41296fcb3f5640
2024-11-30,121957476,USDC-WETH,0.05%,0x88e6a0c2ddd26feeb64f039a2c41296fcb3f5640
2024-12-01,125925104,USDC-WETH,0.05%,0x88e6a0c2ddd26feeb64f039a2c41296fcb3f5640
2024-12-02,120785118,USDC-WETH,0.05%,0x88e6a0c2ddd26feeb64f039a2c41296fcb3f5640
2024-12-03,121431769,USDC-WETH,0.05%,0x88e6a0c2ddd26feeb64f039a2c41296fcb3f5640
2024-12-04,181357820,USDC-WETH,0.05%,0x88e6a0c2ddd26feeb64f039a2c41296fcb3f5640
2024-12-05,167830030,USDC-WETH,0.05%,0x88e6a0c2ddd26feeb64f039a2c41296fcb3f5640
2024-12-06,133187315,USDC-WETH,0.05%,0x88e6a0c2ddd26feeb64f039a2c41296fcb3f5640
2024-12-07,128066510,USDC-WETH,0.05%,0x88e6a0c2ddd26feeb64f039a2c41296fcb3f5640
2024-12-08,114932847,USDC-WETH,0.05%,0x88e6a0c2ddd26feeb64f039a2c41296fcb3f5640
2024-12-09,109659664,USDC-WETH,0.05%,0x88e6a0c2ddd26feeb64f039a2c41296fcb3f5640
2024-12-10,109174246,USDC-WETH,0.05%,0x88e6a0c2ddd26feeb64f039a2c41296fcb3f5640
2024-12-11,111166099,USDC-WETH,0.05%,0x88e6a0c2ddd26feeb64f039a2c41296fcb3f5640
2024-12-12,139445145,USDC-WETH,0.05%,0x88e6a0c2ddd26feeb64f039a2c41296fcb3f5640
2024-12-13,159351942,USDC-WETH,0.05%,0x88e6a0c2ddd26feeb64f039a2c41296fcb3f5640
2024-12-14,157189934,USDC-WETH,0.05%,0x88e6a0c2ddd26feeb64f039a2c41296fcb3f5640
2024-12-15,136140721,USDC-WETH,0.05%,0x88e6a0c2ddd26feeb64f039a2c41296fcb3f5640
2024-12-16,122146306,USDC-WETH,0.05%,0x88e6a0c2ddd26feeb64f039a2c41296fcb3f5640
2024-12-17,134545828,USDC-WETH,0.05%,0x88e6a0c2ddd26feeb64f039a2c41296fcb3f5640
2024-12-18,144681045,USDC-WETH,0.05%,0x88e6a0c2ddd26feeb64f039a2c41296fcb3f5640
2024-12-19,138083174,USDC-WETH,0.05%,0x88e6a0c2ddd26feeb64f039a2c41296fcb3f5640
2024-12-20,134843654,USDC-WETH,0.05%,0x88e6a0c2ddd26feeb64f039a2c41296fcb3f5640
2024-12-21,132304244,USDC-WETH,0.05%,0x88e6a0c2ddd26feeb64f039a2c41296fcb3f5640
2024-12-22,130991454,USDC-WETH,0.05%,0x88e6a0c2ddd26feeb64f039a2c41296fcb3f5640
2024-12-23,136282740,USDC-WETH,0.05%,0x88e6a0c2ddd26feeb64f039a2c41296fcb3f5640
2024-12-24,165137697,USDC-WETH,0.05%,0x88e6a0c2ddd26feeb64f039a2c41296fcb3f5640
2024-12-25,164199756,USDC-WETH,0.05%,0x88e6a0c2ddd26feeb64f039a2c41296fcb3f5640
2024-12-26,160745487,USDC-WETH,0.05%,0x88e6a0c2ddd26feeb64f039a2c41296fcb3f5640
2024-12-27,160860957,USDC-WETH,0.05%,0x88e6a0c2ddd26feeb64f039a2c41296fcb3f5640
2024-12-28,163610778,USDC-WETH,0.05%,0x88e6a0c2ddd26feeb64f039a2c41296fcb3f5640
2024-12-29,163292378,USDC-WETH,0.05%,0x88e6a0c2ddd26feeb64f039a2c41296fcb3f5640
2024-12-30,136277589,USDC-WETH,0.05%,0x88e6a0c2ddd26feeb64f039a2c41296fcb3f5640
2024-12-31,134960071,USDC-WETH,0.05%,0x88e6a0c2ddd26feeb64f039a2c41296fcb3f5640
2025-01-01,136250632,USDC-WETH,0.05%,0x88e6a0c2ddd26feeb64f039a2c41296fcb3f5640
2025-01-02,137859184,USDC-WETH,0.05%,0x88e6a0c2ddd26feeb64f039a2c41296fcb3f5640
2025-01-03,141995581,USDC-WETH,0.05%,0x88e6a0c2ddd26feeb64f039a2c41296fcb3f5640
2025-01-04,135973165,USDC-WETH,0.05%,0x88e6a0c2ddd26feeb64f039a2c41296fcb3f5640
2025-01-05,139553307,USDC-WETH,0.05%,0x88e6a0c2ddd26feeb64f039a2c41296fcb3f5640
2025-01-06,140014490,USDC-WETH,0.05%,0x88e6a0c2ddd26feeb64f039a2c41296fcb3f5640
2025-01-07,135710762,USDC-WETH,0.05%,0x88e6a0c2ddd26feeb64f039a2c41296fcb3f5640
2025-01-08,134179411,USDC-WETH,0.05%,0x88e6a0c2ddd26feeb64f039a2c41296fcb3f5640
2025-01-09,132974763,USDC-WETH,0.05%,0x88e6a0c2ddd26feeb64f039a2c41296fcb3f5640
2025-01-10,136981837,USDC-WETH,0.05%,0x88e6a0c2ddd26feeb64f039a2c41296fcb3f5640
2025-01-11,136541835,USDC-WETH,0.05%,0x88e6a0c2ddd26feeb64f039a2c41296fcb3f5640
2025-01-12,140637714,USDC-WETH,0.05%,0x88e6a0c2ddd26feeb64f039a2c41296fcb3f5640
2025-01-13,140237504,USDC-WETH,0.05%,0x88e6a0c2ddd26feeb64f039a2c41296fcb3f5640
2025-01-14,143161573,USDC-WETH,0.05%,0x88e6a0c2ddd26feeb64f039a2c41296fcb3f5640
2025-01-15,130067733,USDC-WETH,0.05%,0x88e6a0c2ddd26feeb64f039a2c41296fcb3f5640
2025-01-16,130956833,USDC-WETH,0.05%,0x88e6a0c2ddd26feeb64f039a2c41296fcb3f5640
2025-01-17,133039174,USDC-WETH,0.05%,0x88e6a0c2ddd26feeb64f039a2c41296fcb3f5640
2025-01-18,148286322,USDC-WETH,0.05%,0x88e6a0c2ddd26feeb64f039a2c41296fcb3f5640
2025-01-19,132580207,USDC-WETH,0.05%,0x88e6a0c2ddd26feeb64f039a2c41296fcb3f5640
2025-01-20,153845665,USDC-WETH,0.05%,0x88e6a0c2ddd26feeb64f039a2c41296fcb3f5640
2025-01-21,180325110,USDC-WETH,0.05%,0x88e6a0c2ddd26feeb64f039a2c41296fcb3f5640
2025-01-22,176983847,USDC-WETH,0.05%,0x88e6a0c2ddd26feeb64f039a2c41296fcb3f5640
2025-01-23,180395346,USDC-WETH,0.05%,0x88e6a0c2ddd26feeb64f039a2c41296fcb3f5640
2025-01-24,194366206,USDC-WETH,0.05%,0x88e6a0c2ddd26feeb64f039a2c41296fcb3f5640
2025-01-25,194115360,USDC-WETH,0.05%,0x88e6a0c2ddd26feeb64f039a2c41296fcb3f5640
2025-01-26,189827178,USDC-WETH,0.05%,0x88e6a0c2ddd26feeb64f039a2c41296fcb3f5640
2025-01-27,177920483,USDC-WETH,0.05%,0x88e6a0c2ddd26feeb64f039a2c41296fcb3f5640
2025-01-28,175789638,USDC-WETH,0.05%,0x88e6a0c2ddd26feeb64f039a2c41296fcb3f5640
2025-01-29,176540854,USDC-WETH,0.05%,0x88e6a0c2ddd26feeb64f039a2c41296fcb3f5640
2025-01-30,181047792,USDC-WETH,0.05%,0x88e6a0c2ddd26feeb64f039a2c41296fcb3f5640
2025-01-31,183178050,USDC-WETH,0.05%,0x88e6a0c2ddd26feeb64f039a2c41296fcb3f5640
2025-02-01,180608169,USDC-WETH,0.05%,0x88e6a0c2ddd26feeb64f039a2c41296fcb3f5640
2025-02-02,166855537,USDC-WETH,0.05%,0x88e6a0c2ddd26feeb64f039a2c41296fcb3f5640
2025-02-03,192238705,USDC-WETH,0.05%,0x88e6a0c2ddd26feeb64f039a2c41296fcb3f5640
2025-02-04,200589918,USDC-WETH,0.05%,0x88e6a0c2ddd26feeb64f039a2c41296fcb3f5640
2025-02-05,203731352,USDC-WETH,0.05%,0x88e6a0c2ddd26feeb64f039a2c41296fcb3f5640
2025-02-06,199933922,USDC-WETH,0.05%,0x88e6a0c2ddd26feeb64f039a2c41296fcb3f5640
2025-02-07,194626914,USDC-WETH,0.05%,0x88e6a0c2ddd26feeb64f039a2c41296fcb3f5640
2025-02-08,194289071,USDC-WETH,0.05%,0x88e6a0c2ddd26feeb64f039a2c41296fcb3f5640
2025-02-09,193895649,USDC-WETH,0.05%,0x88e6a0c2ddd26feeb64f039a2c41296fcb3f5640
2025-02-10,191890087,USDC-WETH,0.05%,0x88e6a0c2ddd26feeb64f039a2c41296fcb3f5640
2025-02-11,189287375,USDC-WETH,0.05%,0x88e6a0c2ddd26feeb64f039a2c41296fcb3f5640
2025-02-12,172290689,USDC-WETH,0.05%,0x88e6a0c2ddd26feeb64f039a2c41296fcb3f5640
2025-02-13,170228168,USDC-WETH,0.05%,0x88e6a0c2ddd26feeb64f039a2c41296fcb3f5640
2025-02-14,172357803,USDC-WETH,0.05%,0x88e6a0c2ddd26feeb64f039a2c41296fcb3f5640
2025-02-15,195333690,USDC-WETH,0.05%,0x88e6a0c2ddd26feeb64f039a2c41296fcb3f5640
2025-02-16,195325294,USDC-WETH,0.05%,0x88e6a0c2ddd26feeb64f039a2c41296fcb3f5640
2025-02-17,197644147,USDC-WETH,0.05%,0x88e6a0c2ddd26feeb64f039a2c41296fcb3f5640
2025-02-18,202663012,USDC-WETH,0.05%,0x88e6a0c2ddd26feeb64f039a2c41296fcb3f5640
2025-02-19,206683643,USDC-WETH,0.05%,0x88e6a0c2ddd26feeb64f039a2c41296fcb3f5640
2025-02-20,204580140,USDC-WETH,0.05%,0x88e6a0c2ddd26feeb64f039a2c41296fcb3f5640
2025-02-21,199759779,USDC-WETH,0.05%,0x88e6a0c2ddd26feeb64f039a2c41296fcb3f5640
2025-02-22,207747384,USDC-WETH,0.05%,0x88e6a0c2ddd26feeb64f039a2c41296fcb3f5640
2025-02-23,209386653,USDC-WETH,0.05%,0x88e6a0c2ddd26feeb64f039a2c41296fcb3f5640
2025-02-24,195801137,USDC-WETH,0.05%,0x88e6a0c2ddd26feeb64f039a2c41296fcb3f5640
2025-02-25,183632616,USDC-WETH,0.05%,0x88e6a0c2ddd26feeb64f039a2c41296fcb3f5640
2025-02-26,173181247,USDC-WETH,0.05%,0x88e6a0c2ddd26feeb64f039a2c41296fcb3f5640
2025-02-27,174248869,USDC-WETH,0.05%,0x88e6a0c2ddd26feeb64f039a2c41296fcb3f5640
2025-02-28,143644473,USDC-WETH,0.05%,0x88e6a0c2ddd26feeb64f039a2c41296fcb3f5640
2025-03-01,148694731,USDC-WETH,0.05%,0x88e6a0c2ddd26feeb64f039a2c41296fcb3f5640
2025-03-02,176807942,USDC-WETH,0.05%,0x88e6a0c2ddd26feeb64f039a2c41296fcb3f5640
2025-03-03,140987317,USDC-WETH,0.05%,0x88e6a0c2ddd26feeb64f039a2c41296fcb3f5640
2025-03-04,147511049,USDC-WETH,0.05%,0x88e6a0c2ddd26feeb64f039a2c41296fcb3f5640
2025-03-05,150452345,USDC-WETH,0.05%,0x88e6a0c2ddd26feeb64f039a2c41296fcb3f5640
2025-03-06,152981115,USDC-WETH,0.05%,0x88e6a0c2ddd26feeb64f039a2c41296fcb3f5640
2025-03-07,150591337,USDC-WETH,0.05%,0x88e6a0c2ddd26feeb64f039a2c41296fcb3f5640
2025-03-08,153084449,USDC-WETH,0.05%,0x88e6a0c2ddd26feeb64f039a2c41296fcb3f5640
2025-03-09,143701472,USDC-WETH,0.05%,0x88e6a0c2ddd26feeb64f039a2c41296fcb3f5640
2025-03-10,129434431,USDC-WETH,0.05%,0x88e6a0c2ddd26feeb64f039a2c41296fcb3f5640
2025-03-11,158810176,USDC-WETH,0.05%,0x88e6a0c2ddd26feeb64f039a2c41296fcb3f5640
2025-03-12,153241594,USDC-WETH,0.05%,0x88e6a0c2ddd26feeb64f039a2c41296fcb3f5640
2025-03-13,153325078,USDC-WETH,0.05%,0x88e6a0c2ddd26feeb64f039a2c41296fcb3f5640
2025-03-14,150232457,USDC-WETH,0.05%,0x88e6a0c2ddd26feeb64f039a2c41296fcb3f5640
2025-03-15,152351959,USDC-WETH,0.05%,0x88e6a0c2ddd26feeb64f039a2c41296fcb3f5640
2025-03-16,148810681,USDC-WETH,0.05%,0x88e6a0c2ddd26feeb64f039a2c41296fcb3f5640
2025-03-17,151442791,USDC-WETH,0.05%,0x88e6a0c2ddd26feeb64f039a2c41296fcb3f5640
2025-03-18,150502956,USDC-WETH,0.05%,0x88e6a0c2ddd26feeb64f039a2c41296fcb3f5640
2025-03-19,153210273,USDC-WETH,0.05%,0x88e6a0c2ddd26feeb64f039a2c41296fcb3f5640
2025-03-20,163851255,USDC-WETH,0.05%,0x88e6a0c2ddd26feeb64f039a2c41296fcb3f5640
2025-03-21,164433455,USDC-WETH,0.05%,0x88e6a0c2ddd26feeb64f039a2c41296fcb3f5640
2025-03-22,154414161,USDC-WETH,0.05%,0x88e6a0c2ddd26feeb64f039a2c41296fcb3f5640
2025-03-23,155203930,USDC-WETH,0.05%,0x88e6a0c2ddd26feeb64f039a2c41296fcb3f5640
2025-03-24,159360133,USDC-WETH,0.05%,0x88e6a0c2ddd26feeb64f039a2c41296fcb3f5640
2025-03-25,147874118,USDC-WETH,0.05%,0x88e6a0c2ddd26feeb64f039a2c41296fcb3f5640
2025-03-26,149297313,USDC-WETH,0.05%,0x88e6a0c2ddd26feeb64f039a2c41296fcb3f5640
2025-03-27,152228467,USDC-WETH,0.05%,0x88e6a0c2ddd26feeb64f039a2c41296fcb3f5640
2025-03-28,146011626,USDC-WETH,0.05%,0x88e6a0c2ddd26feeb64f039a2c41296fcb3f5640
2025-03-29,143753943,USDC-WETH,0.05%,0x88e6a0c2ddd26feeb64f039a2c41296fcb3f5640
2025-03-30,142838250,USDC-WETH,0.05%,0x88e6a0c2ddd26feeb64f039a2c41296fcb3f5640
2025-03-31,147773710,USDC-WETH,0.05%,0x88e6a0c2ddd26feeb64f039a2c41296fcb3f5640
2025-04-01,149266177,USDC-WETH,0.05%,0x88e6a0c2ddd26feeb64f039a2c41296fcb3f5640
2025-04-02,144595118,USDC-WETH,0.05%,0x88e6a0c2ddd26feeb64f039a2c41296fcb3f5640
2025-04-03,146391654,USDC-WETH,0.05%,0x88e6a0c2ddd26feeb64f039a2c41296fcb3f5640
2025-04-04,146820862,USDC-WETH,0.05%,0x88e6a0c2ddd26feeb64f039a2c41296fcb3f5640
2025-04-05,145342091,USDC-WETH,0.05%,0x88e6a0c2ddd26feeb64f039a2c41296fcb3f5640
2025-04-06,131015607,USDC-WETH,0.05%,0x88e6a0c2ddd26feeb64f039a2c41296fcb3f5640
2025-04-07,104726162,USDC-WETH,0.05%,0x88e6a0c2ddd26feeb64f039a2c41296fcb3f5640
2025-04-08,104035212,USDC-WETH,0.05%,0x88e6a0c2ddd26feeb64f039a2c41296fcb3f5640
2025-04-09,107861663,USDC-WETH,0.05%,0x88e6a0c2ddd26feeb64f039a2c41296fcb3f5640
2025-04-10,95032859,USDC-WETH,0.05%,0x88e6a0c2ddd26feeb64f039a2c41296fcb3f5640
2025-04-11,101881067,USDC-WETH,0.05%,0x88e6a0c2ddd26feeb64f039a2c41296fcb3f5640
2025-04-12,102689997,USDC-WETH,0.05%,0x88e6a0c2ddd26feeb64f039a2c41296fcb3f5640
2025-04-13,100897873,USDC-WETH,0.05%,0x88e6a0c2ddd26feeb64f039a2c41296fcb3f5640
2025-04-14,102761735,USDC-WETH,0.05%,0x88e6a0c2ddd26feeb64f039a2c41296fcb3f5640
2025-04-15,102905363,USDC-WETH,0.05%,0x88e6a0c2ddd26feeb64f039a2c41296fcb3f5640
2025-04-16,105445090,USDC-WETH,0.05%,0x88e6a0c2ddd26feeb64f039a2c41296fcb3f5640
2025-04-17,108231614,USDC-WETH,0.05%,0x88e6a0c2ddd26feeb64f039a2c41296fcb3f5640
2025-04-18,109432765,USDC-WETH,0.05%,0x88e6a0c2ddd26feeb64f039a2c41296fcb3f5640
2025-04-19,110125716,USDC-WETH,0.05%,0x88e6a0c2ddd26feeb64f039a2c41296fcb3f5640
2025-04-20,107074389,USDC-WETH,0.05%,0x88e6a0c2ddd26feeb64f039a2c41296fcb3f5640
2025-04-21,105387879,USDC-WETH,0.05%,0x88e6a0c2ddd26feeb64f039a2c41296fcb3f5640
2025-04-22,118147118,USDC-WETH,0.05%,0x88e6a0c2ddd26feeb64f039a2c41296fcb3f5640
2025-04-23,109906481,USDC-WETH,0.05%,0x88e6a0c2ddd26feeb64f039a2c41296fcb3f5640
2025-04-24,108208157,USDC-WETH,0.05%,0x88e6a0c2ddd26feeb64f039a2c41296fcb3f5640
2025-04-25,110073974,USDC-WETH,0.05%,0x88e6a0c2ddd26feeb64f039a2c41296fcb3f5640
2025-04-26,111530053,USDC-WETH,0.05%,0x88e6a0c2ddd26feeb64f039a2c41296fcb3f5640
2025-04-27,109700605,USDC-WETH,0.05%,0x88e6a0c2ddd26feeb64f039a2c41296fcb3f5640
2025-04-28,109327113,USDC-WETH,0.05%,0x88e6a0c2ddd26feeb64f039a2c41296fcb3f5640
2025-04-29,110250964,USDC-WETH,0.05%,0x88e6a0c2ddd26feeb64f039a2c41296fcb3f5640
2025-04-30,109272184,USDC-WETH,0.05%,0x88e6a0c2ddd26feeb64f039a2c41296fcb3f5640
2025-05-01,110599686,USDC-WETH,0.05%,0x88e6a0c2ddd26feeb64f039a2c41296fcb3f5640
2025-05-02,110371956,USDC-WETH,0.05%,0x88e6a0c2ddd26feeb64f039a2c41296fcb3f5640
2025-05-03,111030751,USDC-WETH,0.05%,0x88e6a0c2ddd26feeb64f039a2c41296fcb3f5640
2025-05-04,110573456,USDC-WETH,0.05%,0x88e6a0c2ddd26feeb64f039a2c41296fcb3f5640
2025-05-05,110822090,USDC-WETH,0.05%,0x88e6a0c2ddd26feeb64f039a2c41296fcb3f5640
2025-05-06,107701614,USDC-WETH,0.05%,0x88e6a0c2ddd26feeb64f039a2c41296fcb3f5640
2025-05-07,105660139,USDC-WETH,0.05%,0x88e6a0c2ddd26feeb64f039a2c41296fcb3f5640
2025-05-08,112839967,USDC-WETH,0.05%,0x88e6a0c2ddd26feeb64f039a2c41296fcb3f5640
2025-05-09,117001202,USDC-WETH,0.05%,0x88e6a0c2ddd26feeb64f039a2c41296fcb3f5640
2025-05-10,114326570,USDC-WETH,0.05%,0x88e6a0c2ddd26feeb64f039a2c41296fcb3f5640
2025-05-11,116353978,USDC-WETH,0.05%,0x88e6a0c2ddd26feeb64f039a2c41296fcb3f5640
2025-05-12,115751554,USDC-WETH,0.05%,0x88e6a0c2ddd26feeb64f039a2c41296fcb3f5640
2025-05-13,123683006,USDC-WETH,0.05%,0x88e6a0c2ddd26feeb64f039a2c41296fcb3f5640
2025-05-14,124402089,USDC-WETH,0.05%,0x88e6a0c2ddd26feeb64f039a2c41296fcb3f5640
2025-05-15,121127402,USDC-WETH,0.05%,0x88e6a0c2ddd26feeb64f039a2c41296fcb3f5640
2025-05-16,123437235,USDC-WETH,0.05%,0x88e6a0c2ddd26feeb64f039a2c41296fcb3f5640
2025-05-17,119593016,USDC-WETH,0.05%,0x88e6a0c2ddd26feeb64f039a2c41296fcb3f5640
2025-05-18,118285866,USDC-WETH,0.05%,0x88e6a0c2ddd26feeb64f039a2c41296fcb3f5640
2025-05-19,118642919,USDC-WETH,0.05%,0x88e6a0c2ddd26feeb64f039a2c41296fcb3f5640
2025-05-20,119228647,USDC-WETH,0.05%,0x88e6a0c2ddd26feeb64f039a2c41296fcb3f5640
2025-05-21,118934200,USDC-WETH,0.05%,0x88e6a0c2ddd26feeb64f039a2c41296fcb3f5640
2025-05-22,121316001,USDC-WETH,0.05%,0x88e6a0c2ddd26feeb64f039a2c41296fcb3f5640
2025-05-23,112066202,USDC-WETH,0.05%,0x88e6a0c2ddd26feeb64f039a2c41296fcb3f5640
2025-05-24,111936241,USDC-WETH,0.05%,0x88e6a0c2ddd26feeb64f039a2c41296fcb3f5640
2025-05-25,112320840,USDC-WETH,0.05%,0x88e6a0c2ddd26feeb64f039a2c41296fcb3f5640
2025-05-26,113140587,USDC-WETH,0.05%,0x88e6a0c2ddd26feeb64f039a2c41296fcb3f5640
2025-05-27,114233274,USDC-WETH,0.05%,0x88e6a0c2ddd26feeb64f039a2c41296fcb3f5640
2025-05-28,113207096,USDC-WETH,0.05%,0x88e6a0c2ddd26feeb64f039a2c41296fcb3f5640
2025-05-29,113797026,USDC-WETH,0.05%,0x88e6a0c2ddd26feeb64f039a2c41296fcb3f5640
2025-05-30,111919517,USDC-WETH,0.05%,0x88e6a0c2ddd26feeb64f039a2c41296fcb3f5640
2025-05-31,108583227,USDC-WETH,0.05%,0x88e6a0c2ddd26feeb64f039a2c41296fcb3f5640
2025-06-01,111327332,USDC-WETH,0.05%,0x88e6a0c2ddd26feeb64f039a2c41296fcb3f5640
2025-06-02,112298167,USDC-WETH,0.05%,0x88e6a0c2ddd26feeb64f039a2c41296fcb3f5640
2025-06-03,112439183,USDC-WETH,0.05%,0x88e6a0c2ddd26feeb64f039a2c41296fcb3f5640
2025-06-04,111972218,USDC-WETH,0.05%,0x88e6a0c2ddd26feeb64f039a2c41296fcb3f5640
2025-06-05,108475573,USDC-WETH,0.05%,0x88e6a0c2ddd26feeb64f039a2c41296fcb3f5640
2025-06-06,109920019,USDC-WETH,0.05%,0x88e6a0c2ddd26feeb64f039a2c41296fcb3f5640
2025-06-07,110848714,USDC-WETH,0.05%,0x88e6a0c2ddd26feeb64f039a2c41296fcb3f5640
2025-06-08,110518973,USDC-WETH,0.05%,0x88e6a0c2ddd26feeb64f039a2c41296fcb3f5640
2025-06-09,114492943,USDC-WETH,0.05%,0x88e6a0c2ddd26feeb64f039a2c41296fcb3f5640
2025-06-10,117280633,USDC-WETH,0.05%,0x88e6a0c2ddd26feeb64f039a2c41296fcb3f5640
2025-06-11,124789280,USDC-WETH,0.05%,0x88e6a0c2ddd26feeb64f039a2c41296fcb3f5640
2025-06-12,115459794,USDC-WETH,0.05%,0x88e6a0c2ddd26feeb64f039a2c41296fcb3f5640
2025-06-13,116331386,USDC-WETH,0.05%,0x88e6a0c2ddd26feeb64f039a2c41296fcb3f5640
2025-06-14,115565160,USDC-WETH,0.05%,0x88e6a0c2ddd26feeb64f039a2c41296fcb3f5640
2025-06-15,117991596,USDC-WETH,0.05%,0x88e6a0c2ddd26feeb64f039a2c41296fcb3f5640
2025-06-16,116364711,USDC-WETH,0.05%,0x88e6a0c2ddd26feeb64f039a2c41296fcb3f5640
2025-06-17,115346426,USDC-WETH,0.05%,0x88e6a0c2ddd26feeb64f039a2c41296fcb3f5640
2025-06-18,114568563,USDC-WETH,0.05%,0x88e6a0c2ddd26feeb64f039a2c41296fcb3f5640
2025-06-19,114503977,USDC-WETH,0.05%,0x88e6a0c2ddd26feeb64f039a2c41296fcb3f5640
2025-06-20,111746610,USDC-WETH,0.05%,0x88e6a0c2ddd26feeb64f039a2c41296fcb3f5640
2025-06-21,109900585,USDC-WETH,0.05%,0x88e6a0c2ddd26feeb64f039a2c41296fcb3f5640
2025-06-22,94107190,USDC-WETH,0.05%,0x88e6a0c2ddd26feeb64f039a2c41296fcb3f5640
2025-06-23,98878885,USDC-WETH,0.05%,0x88e6a0c2ddd26feeb64f039a2c41296fcb3f5640
2025-06-24,99415537,USDC-WETH,0.05%,0x88e6a0c2ddd26feeb64f039a2c41296fcb3f5640
2025-06-25,98132765,USDC-WETH,0.05%,0x88e6a0c2ddd26feeb64f039a2c41296fcb3f5640
2025-06-26,97757242,USDC-WETH,0.05%,0x88e6a0c2ddd26feeb64f039a2c41296fcb3f5640
2025-06-27,95061286,USDC-WETH,0.05%,0x88e6a0c2ddd26feeb64f039a2c41296fcb3f5640
2025-06-28,95198347,USDC-WETH,0.05%,0x88e6a0c2ddd26feeb64f039a2c41296fcb3f5640
2025-06-29,95743961,USDC-WETH,0.05%,0x88e6a0c2ddd26feeb64f039a2c41296fcb3f5640
2025-06-30,95383854,USDC-WETH,0.05%,0x88e6a0c2ddd26feeb64f039a2c41296fcb3f5640
2025-07-01,94107137,USDC-WETH,0.05%,0x88e6a0c2ddd26feeb64f039a2c41296fcb3f5640
2025-07-02,96247580,USDC-WETH,0.05%,0x88e6a0c2ddd26feeb64f039a2c41296fcb3f5640
2025-07-03,96208945,USDC-WETH,0.05%,0x88e6a0c2ddd26feeb64f039a2c41296fcb3f5640
2025-07-04,95679854,USDC-WETH,0.05%,0x88e6a0c2ddd26feeb64f039a2c41296fcb3f5640
2025-07-05,95689793,USDC-WETH,0.05%,0x88e6a0c2ddd26feeb64f039a2c41296fcb3f5640
2025-07-06,97285106,USDC-WETH,0.05%,0x88e6a0c2ddd26feeb64f039a2c41296fcb3f5640
2025-07-07,95670317,USDC-WETH,0.05%,0x88e6a0c2ddd26feeb64f039a2c41296fcb3f5640
2025-07-08,96867640,USDC-WETH,0.05%,0x88e6a0c2ddd26feeb64f039a2c41296fcb3f5640
2025-07-09,98013042,USDC-WETH,0.05%,0x88e6a0c2ddd26feeb64f039a2c41296fcb3f5640
2025-07-10,96478753,USDC-WETH,0.05%,0x88e6a0c2ddd26feeb64f039a2c41296fcb3f5640
2025-07-11,96133823,USDC-WETH,0.05%,0x88e6a0c2ddd26feeb64f039a2c41296fcb3f5640
2025-07-12,96498964,USDC-WETH,0.05%,0x88e6a0c2ddd26feeb64f039a2c41296fcb3f5640
2025-07-13,93641121,USDC-WETH,0.05%,0x88e6a0c2ddd26feeb64f039a2c41296fcb3f5640
2025-07-14,93432564,USDC-WETH,0.05%,0x88e6a0c2ddd26feeb64f039a2c41296fcb3f5640
2025-07-15,93089995,USDC-WETH,0.05%,0x88e6a0c2ddd26feeb64f039a2c41296fcb3f5640
2025-07-16,93191128,USDC-WETH,0.05%,0x88e6a0c2ddd26feeb64f039a2c41296fcb3f5640
2025-07-17,91917619,USDC-WETH,0.05%,0x88e6a0c2ddd26feeb64f039a2c41296fcb3f5640
2025-07-18,94553092,USDC-WETH,0.05%,0x88e6a0c2ddd26feeb64f039a2c41296fcb3f5640
2025-07-19,95932042,USDC-WETH,0.05%,0x88e6a0c2ddd26feeb64f039a2c41296fcb3f5640
2025-07-20,96958023,USDC-WETH,0.05%,0x88e6a0c2ddd26feeb64f039a2c41296fcb3f5640
2025-07-21,96516507,USDC-WETH,0.05%,0x88e6a0c2ddd26feeb64f039a2c41296fcb3f5640
2025-07-22,94583545,USDC-WETH,0.05%,0x88e6a0c2ddd26feeb64f039a2c41296fcb3f5640
2025-07-23,93454403,USDC-WETH,0.05%,0x88e6a0c2ddd26feeb64f039a2c41296fcb3f5640
2025-07-24,94465934,USDC-WETH,0.05%,0x88e6a0c2ddd26feeb64f039a2c41296fcb3f5640
2025-07-25,94287357,USDC-WETH,0.05%,0x88e6a0c2ddd26feeb64f039a2c41296fcb3f5640
2025-07-26,94541207,USDC-WETH,0.05%,0x88e6a0c2ddd26feeb64f039a2c41296fcb3f5640
2025-07-27,92902537,USDC-WETH,0.05%,0x88e6a0c2ddd26feeb64f039a2c41296fcb3f5640
2025-07-28,92321164,USDC-WETH,0.05%,0x88e6a0c2ddd26feeb64f039a2c41296fcb3f5640
2025-07-29,91414021,USDC-WETH,0.05%,0x88e6a0c2ddd26feeb64f039a2c41296fcb3f5640
2025-07-30,91396618,USDC-WETH,0.05%,0x88e6a0c2ddd26feeb64f039a2c41296fcb3f5640
2025-07-31,85161908,USDC-WETH,0.05%,0x88e6a0c2ddd26feeb64f039a2c41296fcb3f5640
2025-08-01,82159084,USDC-WETH,0.05%,0x88e6a0c2ddd26feeb64f039a2c41296fcb3f5640
2025-08-02,81923107,USDC-WETH,0.05%,0x88e6a0c2ddd26feeb64f039a2c41296fcb3f5640
2025-08-03,83290999,USDC-WETH,0.05%,0x88e6a0c2ddd26feeb64f039a2c41296fcb3f5640
2025-08-04,85176279,USDC-WETH,0.05%,0x88e6a0c2ddd26feeb64f039a2c41296fcb3f5640
2025-08-05,84601105,USDC-WETH,0.05%,0x88e6a0c2ddd26feeb64f039a2c41296fcb3f5640
2025-08-06,85621514,USDC-WETH,0.05%,0x88e6a0c2ddd26feeb64f039a2c41296fcb3f5640
2025-08-07,85656156,USDC-WETH,0.05%,0x88e6a0c2ddd26feeb64f039a2c41296fcb3f5640
2025-08-08,85200411,USDC-WETH,0.05%,0x88e6a0c2ddd26feeb64f039a2c41296fcb3f5640
2025-08-09,84772990,USDC-WETH,0.05%,0x88e6a0c2ddd26feeb64f039a2c41296fcb3f5640
2025-08-10,84536563,USDC-WETH,0.05%,0x88e6a0c2ddd26feeb64f039a2c41296fcb3f5640
2025-08-11,83993133,USDC-WETH,0.05%,0x88e6a0c2ddd26feeb64f039a2c41296fcb3f5640
2025-08-12,92980247,USDC-WETH,0.05%,0x88e6a0c2ddd26feeb64f039a2c41296fcb3f5640
2025-08-13,102401050,USDC-WETH,0.05%,0x88e6a0c2ddd26feeb64f039a2c41296fcb3f5640
2025-08-14,96271343,USDC-WETH,0.05%,0x88e6a0c2ddd26feeb64f039a2c41296fcb3f5640
2025-08-15,87030380,USDC-WETH,0.05%,0x88e6a0c2ddd26feeb64f039a2c41296fcb3f5640
2025-08-16,95379677,USDC-WETH,0.05%,0x88e6a0c2ddd26feeb64f039a2c41296fcb3f5640
2025-08-17,107786270,USDC-WETH,0.05%,0x88e6a0c2ddd26feeb64f039a2c41296fcb3f5640
2025-08-18,89230260,USDC-WETH,0.05%,0x88e6a0c2ddd26feeb64f039a2c41296fcb3f5640
2025-08-19,87870164,USDC-WETH,0.05%,0x88e6a0c2ddd26feeb64f039a2c41296fcb3f5640
2025-08-20,89130509,USDC-WETH,0.05%,0x88e6a0c2ddd26feeb64f039a2c41296fcb3f5640
2025-08-21,88778820,USDC-WETH,0.05%,0x88e6a0c2ddd26feeb64f039a2c41296fcb3f5640
2025-08-22,90168374,USDC-WETH,0.05%,0x88e6a0c2ddd26feeb64f039a2c41296fcb3f5640
2025-08-23,89878534,USDC-WETH,0.05%,0x88e6a0c2ddd26feeb64f039a2c41296fcb3f5640
2025-08-24,89573018,USDC-WETH,0.05%,0x88e6a0c2ddd26feeb64f039a2c41296fcb3f5640
2025-08-25,87055882,USDC-WETH,0.05%,0x88e6a0c2ddd26feeb64f039a2c41296fcb3f5640
2025-08-26,96173439,USDC-WETH,0.05%,0x88e6a0c2ddd26feeb64f039a2c41296fcb3f5640
2025-08-27,88555283,USDC-WETH,0.05%,0x88e6a0c2ddd26feeb64f039a2c41296fcb3f5640
2025-08-28,88932652,USDC-WETH,0.05%,0x88e6a0c2ddd26feeb64f039a2c41296fcb3f5640
2025-08-29,89467592,USDC-WETH,0.05%,0x88e6a0c2ddd26feeb64f039a2c41296fcb3f5640
2025-08-30,91545086,USDC-WETH,0.05%,0x88e6a0c2ddd26feeb64f039a2c41296fcb3f5640
2025-08-31,99397297,USDC-WETH,0.05%,0x88e6a0c2ddd26feeb64f039a2c41296fcb3f5640
2025-09-01,93124748,USDC-WETH,0.05%,0x88e6a0c2ddd26feeb64f039a2c41296fcb3f5640
2025-09-02,93103567,USDC-WETH,0.05%,0x88e6a0c2ddd26feeb64f039a2c41296fcb3f5640
2025-09-03,94188318,USDC-WETH,0.05%,0x88e6a0c2ddd26feeb64f039a2c41296fcb3f5640
2025-09-04,92599077,USDC-WETH,0.05%,0x88e6a0c2ddd26feeb64f039a2c41296fcb3f5640
2025-09-05,92003496,USDC-WETH,0.05%,0x88e6a0c2ddd26feeb64f039a2c41296fcb3f5640
2025-09-06,91903617,USDC-WETH,0.05%,0x88e6a0c2ddd26feeb64f039a2c41296fcb3f5640
2025-09-07,92858395,USDC-WETH,0.05%,0x88e6a0c2ddd26feeb64f039a2c41296fcb3f5640
2025-09-08,91428801,USDC-WETH,0.05%,0x88e6a0c2ddd26feeb64f039a2c41296fcb3f5640
2025-09-09,94108209,USDC-WETH,0.05%,0x88e6a0c2ddd26feeb64f039a2c41296fcb3f5640
2025-09-10,94198259,USDC-WETH,0.05%,0x88e6a0c2ddd26feeb64f039a2c41296fcb3f5640
2025-09-11,93664986,USDC-WETH,0.05%,0x88e6a0c2ddd26feeb64f039a2c41296fcb3f5640
2025-09-12,94824230,USDC-WETH,0.05%,0x88e6a0c2ddd26feeb64f039a2c41296fcb3f5640
2025-09-13,94905991,USDC-WETH,0.05%,0x88e6a0c2ddd26feeb64f039a2c41296fcb3f5640
2025-09-14,94549595,USDC-WETH,0.05%,0x88e6a0c2ddd26feeb64f039a2c41296fcb3f5640
2025-09-15,93975716,USDC-WETH,0.05%,0x88e6a0c2ddd26feeb64f039a2c41296fcb3f5640
2025-09-16,89031665,USDC-WETH,0.05%,0x88e6a0c2ddd26feeb64f039a2c41296fcb3f5640
2025-09-17,88526168,USDC-WETH,0.05%,0x88e6a0c2ddd26feeb64f039a2c41296fcb3f5640
2025-09-18,90848517,USDC-WETH,0.05%,0x88e6a0c2ddd26feeb64f039a2c41296fcb3f5640
2025-09-19,90078941,USDC-WETH,0.05%,0x88e6a0c2ddd26feeb64f039a2c41296fcb3f5640
2025-09-20,90280064,USDC-WETH,0.05%,0x88e6a0c2ddd26feeb64f039a2c41296fcb3f5640
2025-09-21,90526118,USDC-WETH,0.05%,0x88e6a0c2ddd26feeb64f039a2c41296fcb3f5640
2025-09-22,79811449,USDC-WETH,0.05%,0x88e6a0c2ddd26feeb64f039a2c41296fcb3f5640
2025-09-23,79492880,USDC-WETH,0.05%,0x88e6a0c2ddd26feeb64f039a2c41296fcb3f5640
2025-09-24,80012945,USDC-WETH,0.05%,0x88e6a0c2ddd26feeb64f039a2c41296fcb3f5640
2025-09-25,76259787,USDC-WETH,0.05%,0x88e6a0c2ddd26feeb64f039a2c41296fcb3f5640
2025-09-26,75698658,USDC-WETH,0.05%,0x88e6a0c2ddd26feeb64f039a2c41296fcb3f5640
2025-09-27,75617659,USDC-WETH,0.05%,0x88e6a0c2ddd26feeb64f039a2c41296fcb3f5640
2025-09-28,76005021,USDC-WETH,0.05%,0x88e6a0c2ddd26feeb64f039a2c41296fcb3f5640
2025-09-29,75273068,USDC-WETH,0.05%,0x88e6a0c2ddd26feeb64f039a2c41296fcb3f5640
2025-09-30,73891565,USDC-WETH,0.05%,0x88e6a0c2ddd26feeb64f039a2c41296fcb3f5640
2025-10-01,73172464,USDC-WETH,0.05%,0x88e6a0c2ddd26feeb64f039a2c41296fcb3f5640
2025-10-02,73622227,USDC-WETH,0.05%,0x88e6a0c2ddd26feeb64f039a2c41296fcb3f5640
2025-10-03,73914450,USDC-WETH,0.05%,0x88e6a0c2ddd26feeb64f039a2c41296fcb3f5640
2025-10-04,74002232,USDC-WETH,0.05%,0x88e6a0c2ddd26feeb64f039a2c41296fcb3f5640
2025-10-05,73682835,USDC-WETH,0.05%,0x88e6a0c2ddd26feeb64f039a2c41296fcb3f5640
2025-10-06,74155731,USDC-WETH,0.05%,0x88e6a0c2ddd26feeb64f039a2c41296fcb3f5640
2025-10-07,74332117,USDC-WETH,0.05%,0x88e6a0c2ddd26feeb64f039a2c41296fcb3f5640
2025-10-08,73997450,USDC-WETH,0.05%,0x88e6a0c2ddd26feeb64f039a2c41296fcb3f5640
2025-10-09,73976262,USDC-WETH,0.05%,0x88e6a0c2ddd26feeb64f039a2c41296fcb3f5640
2025-10-10,71826930,USDC-WETH,0.05%,0x88e6a0c2ddd26feeb64f039a2c41296fcb3f5640
2025-10-11,73575951,USDC-WETH,0.05%,0x88e6a0c2ddd26feeb64f039a2c41296fcb3f5640
2025-10-12,73958372,USDC-WETH,0.05%,0x88e6a0c2ddd26feeb64f039a2c41296fcb3f5640
2025-10-13,82226629,USDC-WETH,0.05%,0x88e6a0c2ddd26feeb64f039a2c41296fcb3f5640
2025-10-14,84623251,USDC-WETH,0.05%,0x88e6a0c2ddd26feeb64f039a2c41296fcb3f5640
2025-10-15,73183882,USDC-WETH,0.05%,0x88e6a0c2ddd26feeb64f039a2c41296fcb3f5640
2025-10-16,72663132,USDC-WETH,0.05%,0x88e6a0c2ddd26feeb64f039a2c41296fcb3f5640
2025-10-17,72099413,USDC-WETH,0.05%,0x88e6a0c2ddd26feeb64f039a2c41296fcb3f5640
2025-10-18,72336217,USDC-WETH,0.05%,0x88e6a0c2ddd26feeb64f039a2c41296fcb3f5640
2025-10-19,72390207,USDC-WETH,0.05%,0x88e6a0c2ddd26feeb64f039a2c41296fcb3f5640
2025-10-20,72568666,USDC-WETH,0.05%,0x88e6a0c2ddd26feeb64f039a2c41296fcb3f5640
2025-10-21,73266392,USDC-WETH,0.05%,0x88e6a0c2ddd26feeb64f039a2c41296fcb3f5640
2025-10-22,73810767,USDC-WETH,0.05%,0x88e6a0c2ddd26feeb64f039a2c41296fcb3f5640
2025-10-23,74383645,USDC-WETH,0.05%,0x88e6a0c2ddd26feeb64f039a2c41296fcb3f5640
2025-10-24,74814778,USDC-WETH,0.05%,0x88e6a0c2ddd26feeb64f039a2c41296fcb3f5640
2025-10-25,75208924,USDC-WETH,0.05%,0x88e6a0c2ddd26feeb64f039a2c41296fcb3f5640
2025-10-26,75499465,USDC-WETH,0.05%,0x88e6a0c2ddd26feeb64f039a2c41296fcb3f5640
2025-10-27,75526451,USDC-WETH,0.05%,0x88e6a0c2ddd26feeb64f039a2c41296fcb3f5640
2025-10-28,74036306,USDC-WETH,0.05%,0x88e6a0c2ddd26feeb64f039a2c41296fcb3f5640
2025-10-29,73551518,USDC-WETH,0.05%,0x88e6a0c2ddd26feeb64f039a2c41296fcb3f5640
2025-10-30,76559830,USDC-WETH,0.05%,0x88e6a0c2ddd26feeb64f039a2c41296fcb3f5640
2025-10-31,73353146,USDC-WETH,0.05%,0x88e6a0c2ddd26feeb64f039a2c41296fcb3f5640
2025-11-01,74567803,USDC-WETH,0.05%,0x88e6a0c2ddd26feeb64f039a2c41296fcb3f5640
2025-11-02,74515516,USDC-WETH,0.05%,0x88e6a0c2ddd26feeb64f039a2c41296fcb3f5640
2025-11-03,73813730,USDC-WETH,0.05%,0x88e6a0c2ddd26feeb64f039a2c41296fcb3f5640
2025-11-04,71463884,USDC-WETH,0.05%,0x88e6a0c2ddd26feeb64f039a2c41296fcb3f5640
2025-11-05,71207937,USDC-WETH,0.05%,0x88e6a0c2ddd26feeb64f039a2c41296fcb3f5640
2025-11-06,73993647,USDC-WETH,0.05%,0x88e6a0c2ddd26feeb64f039a2c41296fcb3f5640
2025-11-07,74776299,USDC-WETH,0.05%,0x88e6a0c2ddd26feeb64f039a2c41296fcb3f5640
2025-11-08,74584689,USDC-WETH,0.05%,0x88e6a0c2ddd26feeb64f039a2c41296fcb3f5640
2025-11-09,75688530,USDC-WETH,0.05%,0x88e6a0c2ddd26feeb64f039a2c41296fcb3f5640
2025-11-10,74332231,USDC-WETH,0.05%,0x88e6a0c2ddd26feeb64f039a2c41296fcb3f5640
2025-11-11,73995489,USDC-WETH,0.05%,0x88e6a0c2ddd26feeb64f039a2c41296fcb3f5640
2025-11-12,73796891,USDC-WETH,0.05%,0x88e6a0c2ddd26feeb64f039a2c41296fcb3f5640
2025-11-13,73130612,USDC-WETH,0.05%,0x88e6a0c2ddd26feeb64f039a2c41296fcb3f5640
2025-11-14,72832206,USDC-WETH,0.05%,0x88e6a0c2ddd26feeb64f039a2c41296fcb3f5640
2025-11-15,72191556,USDC-WETH,0.05%,0x88e6a0c2ddd26feeb64f039a2c41296fcb3f5640
2025-11-16,70885380,USDC-WETH,0.05%,0x88e6a0c2ddd26feeb64f039a2c41296fcb3f5640
2025-11-17,70465412,USDC-WETH,0.05%,0x88e6a0c2ddd26feeb64f039a2c41296fcb3f5640
2025-11-18,70731670,USDC-WETH,0.05%,0x88e6a0c2ddd26feeb64f039a2c41296fcb3f5640
2025-11-19,70708296,USDC-WETH,0.05%,0x88e6a0c2ddd26feeb64f039a2c41296fcb3f5640
2025-11-20,69680904,USDC-WETH,0.05%,0x88e6a0c2ddd26feeb64f039a2c41296fcb3f5640
2025-11-21,66882492,USDC-WETH,0.05%,0x88e6a0c2ddd26feeb64f039a2c41296fcb3f5640
2025-11-22,66033517,USDC-WETH,0.05%,0x88e6a0c2ddd26feeb64f039a2c41296fcb3f5640
2025-11-23,69542394,USDC-WETH,0.05%,0x88e6a0c2ddd26feeb64f039a2c41296fcb3f5640
2025-11-24,67993765,USDC-WETH,0.05%,0x88e6a0c2ddd26feeb64f039a2c41296fcb3f5640
2025-11-25,68441080,USDC-WETH,0.05%,0x88e6a0c2ddd26feeb64f039a2c41296fcb3f5640
2025-11-26,68774021,USDC-WETH,0.05%,0x88e6a0c2ddd26feeb64f039a2c41296fcb3f5640
2025-11-27,69080471,USDC-WETH,0.05%,0x88e6a0c2ddd26feeb64f039a2c41296fcb3f5640
2025-11-28,68800464,USDC-WETH,0.05%,0x88e6a0c2ddd26feeb64f039a2c41296fcb3f5640
2025-11-29,68566963,USDC-WETH,0.05%,0x88e6a0c2ddd26feeb64f039a2c41296fcb3f5640
2025-11-30,68917014,USDC-WETH,0.05%,0x88e6a0c2ddd26feeb64f039a2c41296fcb3f5640
2025-12-01,67337966,USDC-WETH,0.05%,0x88e6a0c2ddd26feeb64f039a2c41296fcb3f5640
2025-12-02,67971148,USDC-WETH,0.05%,0x88e6a0c2ddd26feeb64f039a2c41296fcb3f5640
2025-12-03,70673309,USDC-WETH,0.05%,0x88e6a0c2ddd26feeb64f039a2c41296fcb3f5640
2025-12-04,70493913,USDC-WETH,0.05%,0x88e6a0c2ddd26feeb64f039a2c41296fcb3f5640
2025-12-05,69830352,USDC-WETH,0.05%,0x88e6a0c2ddd26feeb64f039a2c41296fcb3f5640
2025-12-06,69956292,USDC-WETH,0.05%,0x88e6a0c2ddd26feeb64f039a2c41296fcb3f5640
2025-12-07,69944637,USDC-WETH,0.05%,0x88e6a0c2ddd26feeb64f039a2c41296fcb3f5640
2025-12-08,70543843,USDC-WETH,0.05%,0x88e6a0c2ddd26feeb64f039a2c41296fcb3f5640
2025-12-09,72060408,USDC-WETH,0.05%,0x88e6a0c2ddd26feeb64f039a2c41296fcb3f5640
2025-12-10,71660195,USDC-WETH,0.05%,0x88e6a0c2ddd26feeb64f039a2c41296fcb3f5640
2025-12-11,71256483,USDC-WETH,0.05%,0x88e6a0c2ddd26feeb64f039a2c41296fcb3f5640
2025-12-12,70494322,USDC-WETH,0.05%,0x88e6a0c2ddd26feeb64f039a2c41296fcb3f5640
2025-12-13,70669157,USDC-WETH,0.05%,0x88e6a0c2ddd26feeb64f039a2c41296fcb3f5640
2025-12-14,70485769,USDC-WETH,0.05%,0x88e6a0c2ddd26feeb64f039a2c41296fcb3f5640
2025-12-15,68804579,USDC-WETH,0.05%,0x88e6a0c2ddd26feeb64f039a2c41296fcb3f5640
2025-12-16,68724160,USDC-WETH,0.05%,0x88e6a0c2ddd26feeb64f039a2c41296fcb3f5640
2025-12-17,67669336,USDC-WETH,0.05%,0x88e6a0c2ddd26feeb64f039a2c41296fcb3f5640
2025-12-18,66721612,USDC-WETH,0.05%,0x88e6a0c2ddd26feeb64f039a2c41296fcb3f5640
2025-12-19,69035197,USDC-WETH,0.05%,0x88e6a0c2ddd26feeb64f039a2c41296fcb3f5640
2025-12-20,69059778,USDC-WETH,0.05%,0x88e6a0c2ddd26feeb64f039a2c41296fcb3f5640
2025-12-21,69184405,USDC-WETH,0.05%,0x88e6a0c2ddd26feeb64f039a2c41296fcb3f5640
2025-12-22,69459549,USDC-WETH,0.05%,0x88e6a0c2ddd26feeb64f039a2c41296fcb3f5640
2025-12-23,69245799,USDC-WETH,0.05%,0x88e6a0c2ddd26feeb64f039a2c41296fcb3f5640
2025-12-24,69365956,USDC-WETH,0.05%,0x88e6a0c2ddd26feeb64f039a2c41296fcb3f5640
2025-12-25,69248731,USDC-WETH,0.05%,0x88e6a0c2ddd26feeb64f039a2c41296fcb3f5640
2025-12-26,69176172,USDC-WETH,0.05%,0x88e6a0c2ddd26feeb64f039a2c41296fcb3f5640
2025-12-27,69199880,USDC-WETH,0.05%,0x88e6a0c2ddd26feeb64f039a2c41296fcb3f5640
2025-12-28,69250857,USDC-WETH,0.05%,0x88e6a0c2ddd26feeb64f039a2c41296fcb3f5640
2025-12-29,70693430,USDC-WETH,0.05%,0x88e6a0c2ddd26feeb64f039a2c41296fcb3f5640
2025-12-30,69133535,USDC-WETH,0.05%,0x88e6a0c2ddd26feeb64f039a2c41296fcb3f5640
2025-12-31,71052171,USDC-WETH,0.05%,0x88e6a0c2ddd26feeb64f039a2c41296fcb3f5640
2026-01-01,72701449,USDC-WETH,0.05%,0x88e6a0c2ddd26feeb64f039a2c41296fcb3f5640
2026-01-02,70444087,USDC-WETH,0.05%,0x88e6a0c2ddd26feeb64f039a2c41296fcb3f5640
2026-01-03,70264880,USDC-WETH,0.05%,0x88e6a0c2ddd26feeb64f039a2c41296fcb3f5640
2026-01-04,73517842,USDC-WETH,0.05%,0x88e6a0c2ddd26feeb64f039a2c41296fcb3f5640
2026-01-05,74059667,USDC-WETH,0.05%,0x88e6a0c2ddd26feeb64f039a2c41296fcb3f5640
2026-01-06,74768296,USDC-WETH,0.05%,0x88e6a0c2ddd26feeb64f039a2c41296fcb3f5640
2026-01-07,74073985,USDC-WETH,0.05%,0x88e6a0c2ddd26feeb64f039a2c41296fcb3f5640
2026-01-08,73781462,USDC-WETH,0.05%,0x88e6a0c2ddd26feeb64f039a2c41296fcb3f5640
2026-01-09,73498237,USDC-WETH,0.05%,0x88e6a0c2ddd26feeb64f039a2c41296fcb3f5640
2026-01-10,74344551,USDC-WETH,0.05%,0x88e6a0c2ddd26feeb64f039a2c41296fcb3f5640
2026-01-11,74301627,USDC-WETH,0.05%,0x88e6a0c2ddd26feeb64f039a2c41296fcb3f5640
2026-01-12,74225395,USDC-WETH,0.05%,0x88e6a0c2ddd26feeb64f039a2c41296fcb3f5640
2026-01-13,76135992,USDC-WETH,0.05%,0x88e6a0c2ddd26feeb64f039a2c41296fcb3f5640
2026-01-14,76574092,USDC-WETH,0.05%,0x88e6a0c2ddd26feeb64f039a2c41296fcb3f5640
2026-01-15,77299940,USDC-WETH,0.05%,0x88e6a0c2ddd26feeb64f039a2c41296fcb3f5640
2026-01-16,77483822,USDC-WETH,0.05%,0x88e6a0c2ddd26feeb64f039a2c41296fcb3f5640
2026-01-17,77516833,USDC-WETH,0.05%,0x88e6a0c2ddd26feeb64f039a2c41296fcb3f5640
2026-01-18,77809619,USDC-WETH,0.05%,0x88e6a0c2ddd26feeb64f039a2c41296fcb3f5640
2026-01-19,77005684,USDC-WETH,0.05%,0x88e6a0c2ddd26feeb64f039a2c41296fcb3f5640
2026-01-20,75146437,USDC-WETH,0.05%,0x88e6a0c2ddd26feeb64f039a2c41296fcb3f5640
2026-01-21,75408479,USDC-WETH,0.05%,0x88e6a0c2ddd26feeb64f039a2c41296fcb3f5640
2026-01-22,74881581,USDC-WETH,0.05%,0x88e6a0c2ddd26feeb64f039a2c41296fcb3f5640
2026-01-23,74865216,USDC-WETH,0.05%,0x88e6a0c2ddd26feeb64f039a2c41296fcb3f5640
2026-01-24,75554650,USDC-WETH,0.05%,0x88e6a0c2ddd26feeb64f039a2c41296fcb3f5640
2026-01-25,73320959,USDC-WETH,0.05%,0x88e6a0c2ddd26feeb64f039a2c41296fcb3f5640
2026-01-26,72860089,USDC-WETH,0.05%,0x88e6a0c2ddd26feeb64f039a2c41296fcb3f5640
2026-01-27,74781018,USDC-WETH,0.05%,0x88e6a0c2ddd26feeb64f039a2c41296fcb3f5640
2026-01-28,75201897,USDC-WETH,0.05%,0x88e6a0c2ddd26feeb64f039a2c41296fcb3f5640
2026-01-29,74157907,USDC-WETH,0.05%,0x88e6a0c2ddd26feeb64f039a2c41296fcb3f5640
2026-01-30,73259163,USDC-WETH,0.05%,0x88e6a0c2ddd26feeb64f039a2c41296fcb3f5640
2026-01-31,68016521,USDC-WETH,0.05%,0x88e6a0c2ddd26feeb64f039a2c41296fcb3f5640
2026-02-01,66293331,USDC-WETH,0.05%,0x88e6a0c2ddd26feeb64f039a2c41296fcb3f5640
2026-02-02,66464473,USDC-WETH,0.05%,0x88e6a0c2ddd26feeb64f039a2c41296fcb3f5640
2026-02-03,65436517,USDC-WETH,0.05%,0x88e6a0c2ddd26feeb64f039a2c41296fcb3f5640
2026-02-04,64263079,USDC-WETH,0.05%,0x88e6a0c2ddd26feeb64f039a2c41296fcb3f5640
2026-02-05,60216888,USDC-WETH,0.05%,0x88e6a0c2ddd26feeb64f039a2c41296fcb3f5640
2026-02-06,69945031,USDC-WETH,0.05%,0x88e6a0c2ddd26feeb64f039a2c41296fcb3f5640
2026-02-07,71129076,USDC-WETH,0.05%,0x88e6a0c2ddd26feeb64f039a2c41296fcb3f5640
2026-02-08,72009175,USDC-WETH,0.05%,0x88e6a0c2ddd26feeb64f039a2c41296fcb3f5640
2026-02-09,71954632,USDC-WETH,0.05%,0x88e6a0c2ddd26feeb64f039a2c41296fcb3f5640
2026-02-10,71239270,USDC-WETH,0.05%,0x88e6a0c2ddd26feeb64f039a2c41296fcb3f5640
2026-02-11,79969467,USDC-WETH,0.05%,0x88e6a0c2ddd26feeb64f039a2c41296fcb3f5640
2026-02-12,78943594,USDC-WETH,0.05%,0x88e6a0c2ddd26feeb64f039a2c41296fcb3f5640
2026-02-13,81385232,USDC-WETH,0.05%,0x88e6a0c2ddd26feeb64f039a2c41296fcb3f5640
2026-02-14,83139005,USDC-WETH,0.05%,0x88e6a0c2ddd26feeb64f039a2c41296fcb3f5640
2026-02-15,80720568,USDC-WETH,0.05%,0x88e6a0c2ddd26feeb64f039a2c41296fcb3f5640
2026-02-16,84754739,USDC-WETH,0.05%,0x88e6a0c2ddd26feeb64f039a2c41296fcb3f5640
2026-02-17,85265958,USDC-WETH,0.05%,0x88e6a0c2ddd26feeb64f039a2c41296fcb3f5640
2026-02-18,82842575,USDC-WETH,0.05%,0x88e6a0c2ddd26feeb64f039a2c41296fcb3f5640
2026-02-19,85572565,USDC-WETH,0.05%,0x88e6a0c2ddd26feeb64f039a2c41296fcb3f5640
2026-02-20,86063142,USDC-WETH,0.05%,0x88e6a0c2ddd26feeb64f039a2c41296fcb3f5640
2026-02-21,86720308,USDC-WETH,0.05%,0x88e6a0c2ddd26feeb64f039a2c41296fcb3f5640
2026-02-22,86491546,USDC-WETH,0.05%,0x88e6a0c2ddd26feeb64f039a2c41296fcb3f5640
2026-02-23,83909122,USDC-WETH,0.05%,0x88e6a0c2ddd26feeb64f039a2c41296fcb3f5640
2026-02-24,84861976,USDC-WETH,0.05%,0x88e6a0c2ddd26feeb64f039a2c41296fcb3f5640
2026-02-25,90660314,USDC-WETH,0.05%,0x88e6a0c2ddd26feeb64f039a2c41296fcb3f5640
2026-02-26,89876978,USDC-WETH,0.05%,0x88e6a0c2ddd26feeb64f039a2c41296fcb3f5640
2026-02-27,87989275,USDC-WETH,0.05%,0x88e6a0c2ddd26feeb64f039a2c41296fcb3f5640
2026-02-28,89812982,USDC-WETH,0.05%,0x88e6a0c2ddd26feeb64f039a2c41296fcb3f5640
2026-03-01,89858839,USDC-WETH,0.05%,0x88e6a0c2ddd26feeb64f039a2c41296fcb3f5640
2026-03-02,91935633,USDC-WETH,0.05%,0x88e6a0c2ddd26feeb64f039a2c41296fcb3f5640
2026-03-03,92653759,USDC-WETH,0.05%,0x88e6a0c2ddd26feeb64f039a2c41296fcb3f5640
2026-03-04,96012128,USDC-WETH,0.05%,0x88e6a0c2ddd26feeb64f039a2c41296fcb3f5640
2026-03-05,95271692,USDC-WETH,0.05%,0x88e6a0c2ddd26feeb64f039a2c41296fcb3f5640
2026-03-06,93350246,USDC-WETH,0.05%,0x88e6a0c2ddd26feeb64f039a2c41296fcb3f5640
2026-03-07,92060647,USDC-WETH,0.05%,0x88e6a0c2ddd26feeb64f039a2c41296fcb3f5640
2026-03-08,91472536,USDC-WETH,0.05%,0x88e6a0c2ddd26feeb64f039a2c41296fcb3f5640
2026-03-09,93409562,USDC-WETH,0.05%,0x88e6a0c2ddd26feeb64f039a2c41296fcb3f5640
2026-03-10,94464931,USDC-WETH,0.05%,0x88e6a0c2ddd26feeb64f039a2c41296fcb3f5640
2026-03-11,95256770,USDC-WETH,0.05%,0x88e6a0c2ddd26feeb64f039a2c41296fcb3f5640
2026-03-12,95633229,USDC-WETH,0.05%,0x88e6a0c2ddd26feeb64f039a2c41296fcb3f5640
2026-03-13,95510831,USDC-WETH,0.05%,0x88e6a0c2ddd26feeb64f039a2c41296fcb3f5640
2026-03-14,95549482,USDC-WETH,0.05%,0x88e6a0c2ddd26feeb64f039a2c41296fcb3f5640
2026-03-15,97263423,USDC-WETH,0.05%,0x88e6a0c2ddd26feeb64f039a2c41296fcb3f5640
2026-03-16,95548130,USDC-WETH,0.05%,0x88e6a0c2ddd26feeb64f039a2c41296fcb3f5640
2026-03-17,95268613,USDC-WETH,0.05%,0x88e6a0c2ddd26feeb64f039a2c41296fcb3f5640
2026-03-18,93876030,USDC-WETH,0.05%,0x88e6a0c2ddd26feeb64f039a2c41296fcb3f5640
2026-03-19,93152956,USDC-WETH,0.05%,0x88e6a0c2ddd26feeb64f039a2c41296fcb3f5640
2026-03-20,94081709,USDC-WETH,0.05%,0x88e6a0c2ddd26feeb64f039a2c41296fcb3f5640
2026-03-21,94197123,USDC-WETH,0.05%,0x88e6a0c2ddd26feeb64f039a2c41296fcb3f5640
2026-03-22,94889126,USDC-WETH,0.05%,0x88e6a0c2ddd26feeb64f039a2c41296fcb3f5640
2026-03-23,94654964,USDC-WETH,0.05%,0x88e6a0c2ddd26feeb64f039a2c41296fcb3f5640
2026-03-24,94563610,USDC-WETH,0.05%,0x88e6a0c2ddd26feeb64f039a2c41296fcb3f5640
2026-03-25,94860574,USDC-WETH,0.05%,0x88e6a0c2ddd26feeb64f039a2c41296fcb3f5640
2026-03-26,96303671,USDC-WETH,0.05%,0x88e6a0c2ddd26feeb64f039a2c41296fcb3f5640
2026-03-27,94726430,USDC-WETH,0.05%,0x88e6a0c2ddd26feeb64f039a2c41296fcb3f5640
2026-03-28,96009871,USDC-WETH,0.05%,0x88e6a0c2ddd26feeb64f039a2c41296fcb3f5640
2026-03-29,95505306,USDC-WETH,0.05%,0x88e6a0c2ddd26feeb64f039a2c41296fcb3f5640
2026-03-30,96939418,USDC-WETH,0.05%,0x88e6a0c2ddd26feeb64f039a2c41296fcb3f5640
2026-03-31,98990150,USDC-WETH,0.05%,0x88e6a0c2ddd26feeb64f039a2c41296fcb3f5640
2026-04-01,99759273,USDC-WETH,0.05%,0x88e6a0c2ddd26feeb64f039a2c41296fcb3f5640
2026-04-02,99959356,USDC-WETH,0.05%,0x88e6a0c2ddd26feeb64f039a2c41296fcb3f5640
2026-04-03,100304846,USDC-WETH,0.05%,0x88e6a0c2ddd26feeb64f039a2c41296fcb3f5640
2026-04-04,100565946,USDC-WETH,0.05%,0x88e6a0c2ddd26feeb64f039a2c41296fcb3f5640
2026-04-05,101078850,USDC-WETH,0.05%,0x88e6a0c2ddd26feeb64f039a2c41296fcb3f5640
2026-04-06,101563202,USDC-WETH,0.05%,0x88e6a0c2ddd26feeb64f039a2c41296fcb3f5640
2026-04-07,101721920,USDC-WETH,0.05%,0x88e6a0c2ddd26feeb64f039a2c41296fcb3f5640
2026-04-08,99360327,USDC-WETH,0.05%,0x88e6a0c2ddd26feeb64f039a2c41296fcb3f5640
2026-04-09,99806635,USDC-WETH,0.05%,0x88e6a0c2ddd26feeb64f039a2c41296fcb3f5640
2026-04-10,100620416,USDC-WETH,0.05%,0x88e6a0c2ddd26feeb64f039a2c41296fcb3f5640
2026-04-11,100394784,USDC-WETH,0.05%,0x88e6a0c2ddd26feeb64f039a2c41296fcb3f5640
2026-04-12,99285651,USDC-WETH,0.05%,0x88e6a0c2ddd26feeb64f039a2c41296fcb3f5640
2026-04-13,101238340,USDC-WETH,0.05%,0x88e6a0c2ddd26feeb64f039a2c41296fcb3f5640
2026-04-14,101194208,USDC-WETH,0.05%,0x88e6a0c2ddd26feeb64f039a2c41296fcb3f5640
2026-04-15,101284614,USDC-WETH,0.05%,0x88e6a0c2ddd26feeb64f039a2c41296fcb3f5640
2026-04-16,100569430,USDC-WETH,0.05%,0x88e6a0c2ddd26feeb64f039a2c41296fcb3f5640
2026-04-17,100591811,USDC-WETH,0.05%,0x88e6a0c2ddd26feeb64f039a2c41296fcb3f5640
2026-04-18,99532474,USDC-WETH,0.05%,0x88e6a0c2ddd26feeb64f039a2c41296fcb3f5640
2026-04-19,99373865,USDC-WETH,0.05%,0x88e6a0c2ddd26feeb64f039a2c41296fcb3f5640
2026-04-20,100073271,USDC-WETH,0.05%,0x88e6a0c2ddd26feeb64f039a2c41296fcb3f5640
2026-04-21,99960046,USDC-WETH,0.05%,0x88e6a0c2ddd26feeb64f039a2c41296fcb3f5640
2026-04-22,102461980,USDC-WETH,0.05%,0x88e6a0c2ddd26feeb64f039a2c41296fcb3f5640
2026-04-23,103531516,USDC-WETH,0.05%,0x88e6a0c2ddd26feeb64f039a2c41296fcb3f5640
2026-04-24,103429392,USDC-WETH,0.05%,0x88e6a0c2ddd26feeb64f039a2c41296fcb3f5640
2026-04-25,100756578,USDC-WETH,0.05%,0x88e6a0c2ddd26feeb64f039a2c41296fcb3f5640
2026-04-26,102354692,USDC-WETH,0.05%,0x88e6a0c2ddd26feeb64f039a2c41296fcb3f5640
2026-04-27,100632909,USDC-WETH,0.05%,0x88e6a0c2ddd26feeb64f039a2c41296fcb3f5640
2026-04-28,100855989,USDC-WETH,0.05%,0x88e6a0c2ddd26feeb64f039a2c41296fcb3f5640
2026-04-29,101057835,USDC-WETH,0.05%,0x88e6a0c2ddd26feeb64f039a2c41296fcb3f5640
2026-04-30,102159095,USDC-WETH,0.05%,0x88e6a0c2ddd26feeb64f039a2c41296fcb3f5640
2026-05-01,102694418,USDC-WETH,0.05%,0x88e6a0c2ddd26feeb64f039a2c41296fcb3f5640
2026-05-02,102696940,USDC-WETH,0.05%,0x88e6a0c2ddd26feeb64f039a2c41296fcb3f5640
2026-05-03,102904836,USDC-WETH,0.05%,0x88e6a0c2ddd26feeb64f039a2c41296fcb3f5640
2026-05-04,102857527,USDC-WETH,0.05%,0x88e6a0c2ddd26feeb64f039a2c41296fcb3f5640
2026-05-05,103934973,USDC-WETH,0.05%,0x88e6a0c2ddd26feeb64f039a2c41296fcb3f5640
2026-05-06,102713273,USDC-WETH,0.05%,0x88e6a0c2ddd26feeb64f039a2c41296fcb3f5640
2026-05-07,101597173,USDC-WETH,0.05%,0x88e6a0c2ddd26feeb64f039a2c41296fcb3f5640
2026-05-08,101877930,USDC-WETH,0.05%,0x88e6a0c2ddd26feeb64f039a2c41296fcb3f5640
2026-05-09,102428718,USDC-WETH,0.05%,0x88e6a0c2ddd26feeb64f039a2c41296fcb3f5640
2026-05-10,103196712,USDC-WETH,0.05%,0x88e6a0c2ddd26feeb64f039a2c41296fcb3f5640
2026-05-11,103025868,USDC-WETH,0.05%,0x88e6a0c2ddd26feeb64f039a2c41296fcb3f5640
2026-05-12,102105853,USDC-WETH,0.05%,0x88e6a0c2ddd26feeb64f039a2c41296fcb3f5640
2026-05-13,101524589,USDC-WETH,0.05%,0x88e6a0c2ddd26feeb64f039a2c41296fcb3f5640
2026-05-14,102455146,USDC-WETH,0.05%,0x88e6a0c2ddd26feeb64f039a2c41296fcb3f5640
2026-05-15,102217593,USDC-WETH,0.05%,0x88e6a0c2ddd26feeb64f039a2c41296fcb3f5640
2026-05-16,101757233,USDC-WETH,0.05%,0x88e6a0c2ddd26feeb64f039a2c41296fcb3f5640
2026-05-17,101773607,USDC-WETH,0.05%,0x88e6a0c2ddd26feeb64f039a2c41296fcb3f5640
2026-05-18,99575210,USDC-WETH,0.05%,0x88e6a0c2ddd26feeb64f039a2c41296fcb3f5640
2026-05-19,99209183,USDC-WETH,0.05%,0x88e6a0c2ddd26feeb64f039a2c41296fcb3f5640
2026-05-20,99617432,USDC-WETH,0.05%,0x88e6a0c2ddd26feeb64f039a2c41296fcb3f5640
2026-05-21,99437924,USDC-WETH,0.05%,0x88e6a0c2ddd26feeb64f039a2c41296fcb3f5640
2026-05-22,100707441,USDC-WETH,0.05%,0x88e6a0c2ddd26feeb64f039a2c41296fcb3f5640
2026-05-23,101090287,USDC-WETH,0.05%,0x88e6a0c2ddd26feeb64f039a2c41296fcb3f5640
2026-05-24,101132013,USDC-WETH,0.05%,0x88e6a0c2ddd26feeb64f039a2c41296fcb3f5640
2026-05-25,101354741,USDC-WETH,0.05%,0x88e6a0c2ddd26feeb64f039a2c41296fcb3f5640
2026-05-26,100426260,USDC-WETH,0.05%,0x88e6a0c2ddd26feeb64f039a2c41296fcb3f5640
2026-05-27,97290033,USDC-WETH,0.05%,0x88e6a0c2ddd26feeb64f039a2c41296fcb3f5640
2026-05-28,96750156,USDC-WETH,0.05%,0x88e6a0c2ddd26feeb64f039a2c41296fcb3f5640
2026-05-29,97615777,USDC-WETH,0.05%,0x88e6a0c2ddd26feeb64f039a2c41296fcb3f5640
2026-05-30,97977208,USDC-WETH,0.05%,0x88e6a0c2ddd26feeb64f039a2c41296fcb3f5640
2026-05-31,98128464,USDC-WETH,0.05%,0x88e6a0c2ddd26feeb64f039a2c41296fcb3f5640
2026-06-01,97026117,USDC-WETH,0.05%,0x88e6a0c2ddd26feeb64f039a2c41296fcb3f5640
2026-06-02,92282287,USDC-WETH,0.05%,0x88e6a0c2ddd26feeb64f039a2c41296fcb3f5640
2026-06-03,91927052,USDC-WETH,0.05%,0x88e6a0c2ddd26feeb64f039a2c41296fcb3f5640
2026-06-04,88924036,USDC-WETH,0.05%,0x88e6a0c2ddd26feeb64f039a2c41296fcb3f5640
2026-06-05,78384919,USDC-WETH,0.05%,0x88e6a0c2ddd26feeb64f039a2c41296fcb3f5640
2026-06-06,81528754,USDC-WETH,0.05%,0x88e6a0c2ddd26feeb64f039a2c41296fcb3f5640
2026-06-07,85352022,USDC-WETH,0.05%,0x88e6a0c2ddd26feeb64f039a2c41296fcb3f5640
2026-06-08,86360698,USDC-WETH,0.05%,0x88e6a0c2ddd26feeb64f039a2c41296fcb3f5640
2026-06-09,83600625,USDC-WETH,0.05%,0x88e6a0c2ddd26feeb64f039a2c41296fcb3f5640
2026-06-10,83627550,USDC-WETH,0.05%,0x88e6a0c2ddd26feeb64f039a2c41296fcb3f5640
2026-06-11,86055722,USDC-WETH,0.05%,0x88e6a0c2ddd26feeb64f039a2c41296fcb3f5640
2026-06-12,85481951,USDC-WETH,0.05%,0x88e6a0c2ddd26feeb64f039a2c41296fcb3f5640
2026-06-13,86290857,USDC-WETH,0.05%,0x88e6a0c2ddd26feeb64f039a2c41296fcb3f5640
2026-06-14,87071197,USDC-WETH,0.05%,0x88e6a0c2ddd26feeb64f039a2c41296fcb3f5640
2026-06-15,89814666,USDC-WETH,0.05%,0x88e6a0c2ddd26feeb64f039a2c41296fcb3f5640
2026-06-16,90023797,USDC-WETH,0.05%,0x88e6a0c2ddd26feeb64f039a2c41296fcb3f5640
2026-06-17,88084356,USDC-WETH,0.05%,0x88e6a0c2ddd26feeb64f039a2c41296fcb3f5640
2026-06-18,86774997,USDC-WETH,0.05%,0x88e6a0c2ddd26feeb64f039a2c41296fcb3f5640
2026-06-19,86637477,USDC-WETH,0.05%,0x88e6a0c2ddd26feeb64f039a2c41296fcb3f5640
2026-06-20,88066141,USDC-WETH,0.05%,0x88e6a0c2ddd26feeb64f039a2c41296fcb3f5640
2026-06-21,86876034,USDC-WETH,0.05%,0x88e6a0c2ddd26feeb64f039a2c41296fcb3f5640
2026-06-22,87037484,USDC-WETH,0.05%,0x88e6a0c2ddd26feeb64f039a2c41296fcb3f5640
2026-06-23,84568482,USDC-WETH,0.05%,0x88e6a0c2ddd26feeb64f039a2c41296fcb3f5640
2026-06-24,82452732,USDC-WETH,0.05%,0x88e6a0c2ddd26feeb64f039a2c41296fcb3f5640
2026-06-25,80358980,USDC-WETH,0.05%,0x88e6a0c2ddd26feeb64f039a2c41296fcb3f5640
2026-06-26,80627062,USDC-WETH,0.05%,0x88e6a0c2ddd26feeb64f039a2c41296fcb3f5640
2026-06-27,80629824,USDC-WETH,0.05%,0x88e6a0c2ddd26feeb64f039a2c41296fcb3f5640
2026-06-28,79961345,USDC-WETH,0.05%,0x88e6a0c2ddd26feeb64f039a2c41296fcb3f5640
2026-06-29,82058373,USDC-WETH,0.05%,0x88e6a0c2ddd26feeb64f039a2c41296fcb3f5640
2026-06-30,80464424,USDC-WETH,0.05%,0x88e6a0c2ddd26feeb64f039a2c41296fcb3f5640
2026-07-01,82576365,USDC-WETH,0.05%,0x88e6a0c2ddd26feeb64f039a2c41296fcb3f5640
2026-07-02,85111623,USDC-WETH,0.05%,0x88e6a0c2ddd26feeb64f039a2c41296fcb3f5640
2026-07-03,86875101,USDC-WETH,0.05%,0x88e6a0c2ddd26feeb64f039a2c41296fcb3f5640
2026-07-04,87545486,USDC-WETH,0.05%,0x88e6a0c2ddd26feeb64f039a2c41296fcb3f5640
2026-07-05,87813847,USDC-WETH,0.05%,0x88e6a0c2ddd26feeb64f039a2c41296fcb3f5640
2026-07-06,88384524,USDC-WETH,0.05%,0x88e6a0c2ddd26feeb64f039a2c41296fcb3f5640
2026-07-07,86562712,USDC-WETH,0.05%,0x88e6a0c2ddd26feeb64f039a2c41296fcb3f5640
2026-07-08,85319985,USDC-WETH,0.05%,0x88e6a0c2ddd26feeb64f039a2c41296fcb3f5640
2026-07-09,85848379,USDC-WETH,0.05%,0x88e6a0c2ddd26feeb64f039a2c41296fcb3f5640
2026-07-10,87687440,USDC-WETH,0.05%,0x88e6a0c2ddd26feeb64f039a2c41296fcb3f5640
2026-07-11,88132022,USDC-WETH,0.05%,0x88e6a0c2ddd26feeb64f039a2c41296fcb3f5640
2026-07-12,87854547,USDC-WETH,0.05%,0x88e6a0c2ddd26feeb64f039a2c41296fcb3f5640
2026-07-13,86350961,USDC-WETH,0.05%,0x88e6a0c2ddd26feeb64f039a2c41296fcb3f5640
2026-07-14,91739441,USDC-WETH,0.05%,0x88e6a0c2ddd26feeb64f039a2c41296fcb3f5640
2026-07-15,95158089,USDC-WETH,0.05%,0x88e6a0c2ddd26feeb64f039a2c41296fcb3f5640
2026-07-16,93444616,USDC-WETH,0.05%,0x88e6a0c2ddd26feeb64f039a2c41296fcb3f5640
2026-07-17,92459624,USDC-WETH,0.05%,0x88e6a0c2ddd26feeb64f039a2c41296fcb3f5640
2026-07-18,93206101,USDC-WETH,0.05%,0x88e6a0c2ddd26feeb64f039a2c41296fcb3f5640
2026-07-19,93336054,USDC-WETH,0.05%,0x88e6a0c2ddd26feeb64f039a2c41296fcb3f5640
2026-07-20,94636884,USDC-WETH,0.05%,0x88e6a0c2ddd26feeb64f039a2c41296fcb3f5640
2026-07-21,95572533,USDC-WETH,0.05%,0x88e6a0c2ddd26feeb64f039a2c41296fcb3f5640
2026-07-22,96317130,USDC-WETH,0.05%,0x88e6a0c2ddd26feeb64f039a2c41296fcb3f5640
2026-07-23,94621774,USDC-WETH,0.05%,0x88e6a0c2ddd26feeb64f039a2c41296fcb3f5640
2026-07-24,94030706,USDC-WETH,0.05%,0x88e6a0c2ddd26feeb64f039a2c41296fcb3f5640
2026-07-25,95806904,USDC-WETH,0.05%,0x88e6a0c2ddd26feeb64f039a2c41296fcb3f5640
2026-07-26,97487063,USDC-WETH,0.05%,0x88e6a0c2ddd26feeb64f039a2c41296fcb3f5640
2026-07-27,94907051,USDC-WETH,0.05%,0x88e6a0c2ddd26feeb64f039a2c41296fcb3f5640
2026-07-28,99660351,USDC-WETH,0.05%,0x88e6a0c2ddd26feeb64f039a2c41296fcb3f5640
2026-07-29,99956135,USDC-WETH,0.05%,0x88e6a0c2ddd26feeb64f039a2c41296fcb3f5640
2026-07-30,100794624,USDC-WETH,0.05%,0x88e6a0c2ddd26feeb64f039a2c41296fcb3f5640
2026-07-31,98673906,USDC-WETH,0.05%,0x88e6a0c2ddd26feeb64f039a2c41296fcb3f5640
2026-08-01,97981626,USDC-WETH,0.05%,0x88e6a0c2ddd26feeb64f039a2c41296fcb3f5640
2026-08-02,99435186,USDC-WETH,0.05%,0x88e6a0c2ddd26feeb64f039a2c41296fcb3f5640
2026-08-03,98768452,USDC-WETH,0.05%,0x88e6a0c2ddd26feeb64f039a2c41296fcb3f5640
2026-08-04,99329437,USDC-WETH,0.05%,0x88e6a0c2ddd26feeb64f039a2c41296fcb3f5640
2026-08-05,95328311,USDC-WETH,0.05%,0x88e6a0c2ddd26feeb64f039a2c41296fcb3f5640
2026-08-06,95088000,USDC-WETH,0.05%,0x88e6a0c2ddd26feeb64f039a2c41296fcb3f5640
2026-08-07,95268753,USDC-WETH,0.05%,0x88e6a0c2ddd26feeb64f039a2c41296fcb3f5640
2026-08-08,95641323,USDC-WETH,0.05%,0x88e6a0c2ddd26feeb64f039a2c41296fcb3f5640
2026-08-09,95495827,USDC-WETH,0.05%,0x88e6a0c2ddd26feeb64f039a2c41296fcb3f5640
2026-08-10,94319730,USDC-WETH,0.05%,0x88e6a0c2ddd26feeb64f039a2c41296fcb3f5640
2026-08-11,97261863,USDC-WETH,0.05%,0x88e6a0c2ddd26feeb64f039a2c41296fcb3f5640
2026-08-12,97154795,USDC-WETH,0.05%,0x88e6a0c2ddd26feeb64f039a2c41296fcb3f5640
2026-08-13,97801746,USDC-WETH,0.05%,0x88e6a0c2ddd26feeb64f039a2c41296fcb3f5640
2026-08-14,97530219,USDC-WETH,0.05%,0x88e6a0c2ddd26feeb64f039a2c41296fcb3f5640
2026-08-15,97839087,USDC-WETH,0.05%,0x88e6a0c2ddd26feeb64f039a2c41296fcb3f5640
2026-08-16,97784552,USDC-WETH,0.05%,0x88e6a0c2ddd26feeb64f039a2c41296fcb3f5640
2026-08-17,98773631,USDC-WETH,0.05%,0x88e6a0c2ddd26feeb64f039a2c41296fcb3f5640
2026-08-18,99005395,USDC-WETH,0.05%,0x88e6a0c2ddd26feeb64f039a2c41296fcb3f5640
2026-08-19,103600944,USDC-WETH,0.05%,0x88e6a0c2ddd26feeb64f039a2c41296fcb3f5640
2026-08-20,104327876,USDC-WETH,0.05%,0x88e6a0c2ddd26feeb64f039a2c41296fcb3f5640
2026-08-21,104648052,USDC-WETH,0.05%,0x88e6a0c2ddd26feeb64f039a2c41296fcb3f5640
2026-08-22,103581710,USDC-WETH,0.05%,0x88e6a0c2ddd26feeb64f039a2c41296fcb3f5640
2026-08-23,103471415,USDC-WETH,0.05%,0x88e6a0c2ddd26feeb64f039a2c41296fcb3f5640
2026-08-24,104459011,USDC-WETH,0.05%,0x88e6a0c2ddd26feeb64f039a2c41296fcb3f5640
2026-08-25,106377173,USDC-WETH,0.05%,0x88e6a0c2ddd26feeb64f039a2c41296fcb3f5640
2026-08-26,106873112,USDC-WETH,0.05%,0x88e6a0c2ddd26feeb64f039a2c41296fcb3f5640
2026-08-27,107062757,USDC-WETH,0.05%,0x88e6a0c2ddd26feeb64f039a2c41296fcb3f5640
2026-08-28,105480132,USDC-WETH,0.05%,0x88e6a0c2ddd26feeb64f039a2c41296fcb3f5640
2026-08-29,106600440,USDC-WETH,0.05%,0x88e6a0c2ddd26feeb64f039a2c41296fcb3f5640
2026-08-30,106941653,USDC-WETH,0.05%,0x88e6a0c2ddd26feeb64f039a2c41296fcb3f5640
2026-08-31,105473892,USDC-WETH,0.05%,0x88e6a0c2ddd26feeb64f039a2c41296fcb3f5640
2026-09-01,104468437,USDC-WETH,0.05%,0x88e6a0c2ddd26feeb64f039a2c41296fcb3f5640
2026-09-02,104022634,USDC-WETH,0.05%,0x88e6a0c2ddd26feeb64f039a2c41296fcb3f5640
2026-09-03,105522049,USDC-WETH,0.05%,0x88e6a0c2ddd26feeb64f039a2c41296fcb3f5640
2026-09-04,105053039,USDC-WETH,0.05%,0x88e6a0c2ddd26feeb64f039a2c41296fcb3f5640
2026-09-05,105240439,USDC-WETH,0.05%,0x88e6a0c2ddd26feeb64f039a2c41296fcb3f5640
2026-09-06,105632861,USDC-WETH,0.05%,0x88e6a0c2ddd26feeb64f039a2c41296fcb3f5640
2026-09-07,105401153,USDC-WETH,0.05%,0x88e6a0c2ddd26feeb64f039a2c41296fcb3f5640
2026-09-08,105598151,USDC-WETH,0.05%,0x88e6a0c2ddd26feeb64f039a2c41296fcb3f5640
2026-09-09,105560702,USDC-WETH,0.05%,0x88e6a0c2ddd26feeb64f039a2c41296fcb3f5640
2026-09-10,105458697,USDC-WETH,0.05%,0x88e6a0c2ddd26feeb64f039a2c41296fcb3f5640
2026-09-11,106064269,USDC-WETH,0.05%,0x88e6a0c2ddd26feeb64f039a2c41296fcb3f5640
2026-09-12,106610594,USDC-WETH,0.05%,0x88e6a0c2ddd26feeb64f039a2c41296fcb3f5640
2026-09-13,105846630,USDC-WETH,0.05%,0x88e6a0c2ddd26feeb64f039a2c41296fcb3f5640
2026-09-14,106033949,USDC-WETH,0.05%,0x88e6a0c2ddd26feeb64f039a2c41296fcb3f5640
2026-09-15,104359151,USDC-WETH,0.05%,0x88e6a0c2ddd26feeb64f039a2c41296fcb3f5640
2026-09-16,104437099,USDC-WETH,0.05%,0x88e6a0c2ddd26feeb64f039a2c41296fcb3f5640
2022-03-27,420580148,USDC-WETH,0.3%,0x8ad599c3a0ff1de082011efddc58f1908eb6e6d8
2022-03-28,416536052,USDC-WETH,0.3%,0x8ad599c3a0ff1de082011efddc58f1908eb6e6d8
2022-03-29,417865639,USDC-WETH,0.3%,0x8ad599c3a0ff1de082011efddc58f1908eb6e6d8
2022-03-30,415593539,USDC-WETH,0.3%,0x8ad599c3a0ff1de082011efddc58f1908eb6e6d8
2022-03-31,407781993,USDC-WETH,0.3%,0x8ad599c3a0ff1de082011efddc58f1908eb6e6d8
2022-04-01,418037350,USDC-WETH,0.3%,0x8ad599c3a0ff1de082011efddc58f1908eb6e6d8
2022-04-02,420653349,USDC-WETH,0.3%,0x8ad599c3a0ff1de082011efddc58f1908eb6e6d8
2022-04-03,422629208,USDC-WETH,0.3%,0x8ad599c3a0ff1de082011efddc58f1908eb6e6d8
2022-04-04,425410819,USDC-WETH,0.3%,0x8ad599c3a0ff1de082011efddc58f1908eb6e6d8
2022-04-05,422914117,USDC-WETH,0.3%,0x8ad599c3a0ff1de082011efddc58f1908eb6e6d8
2022-04-06,409021959,USDC-WETH,0.3%,0x8ad599c3a0ff1de082011efddc58f1908eb6e6d8
2022-04-07,409211263,USDC-WETH,0.3%,0x8ad599c3a0ff1de082011efddc58f1908eb6e6d8
2022-04-08,409057028,USDC-WETH,0.3%,0x8ad599c3a0ff1de082011efddc58f1908eb6e6d8
2022-04-09,419039595,USDC-WETH,0.3%,0x8ad599c3a0ff1de082011efddc58f1908eb6e6d8
2022-04-10,414180886,USDC-WETH,0.3%,0x8ad599c3a0ff1de082011efddc58f1908eb6e6d8
2022-04-11,395873316,USDC-WETH,0.3%,0x8ad599c3a0ff1de082011efddc58f1908eb6e6d8
2022-04-12,397247636,USDC-WETH,0.3%,0x8ad599c3a0ff1de082011efddc58f1908eb6e6d8
2022-04-13,410732891,USDC-WETH,0.3%,0x8ad599c3a0ff1de082011efddc58f1908eb6e6d8
2022-04-14,402160742,USDC-WETH,0.3%,0x8ad599c3a0ff1de082011efddc58f1908eb6e6d8
2022-04-15,404809706,USDC-WETH,0.3%,0x8ad599c3a0ff1de082011efddc58f1908eb6e6d8
2022-04-16,405748176,USDC-WETH,0.3%,0x8ad599c3a0ff1de082011efddc58f1908eb6e6d8
2022-04-17,405973477,USDC-WETH,0.3%,0x8ad599c3a0ff1de082011efddc58f1908eb6e6d8
2022-04-18,402407218,USDC-WETH,0.3%,0x8ad599c3a0ff1de082011efddc58f1908eb6e6d8
2022-04-19,406648764,USDC-WETH,0.3%,0x8ad599c3a0ff1de082011efddc58f1908eb6e6d8
2022-04-20,404998135,USDC-WETH,0.3%,0x8ad599c3a0ff1de082011efddc58f1908eb6e6d8
2022-04-21,397743486,USDC-WETH,0.3%,0x8ad599c3a0ff1de082011efddc58f1908eb6e6d8
2022-04-22,395700822,USDC-WETH,0.3%,0x8ad599c3a0ff1de082011efddc58f1908eb6e6d8
2022-04-23,398365106,USDC-WETH,0.3%,0x8ad599c3a0ff1de082011efddc58f1908eb6e6d8
2022-04-24,396469201,USDC-WETH,0.3%,0x8ad599c3a0ff1de082011efddc58f1908eb6e6d8
2022-04-25,403276729,USDC-WETH,0.3%,0x8ad599c3a0ff1de082011efddc58f1908eb6e6d8
2022-04-26,393007004,USDC-WETH,0.3%,0x8ad599c3a0ff1de082011efddc58f1908eb6e6d8
2022-04-27,383967590,USDC-WETH,0.3%,0x8ad599c3a0ff1de082011efddc58f1908eb6e6d8
2022-04-28,389442085,USDC-WETH,0.3%,0x8ad599c3a0ff1de082011efddc58f1908eb6e6d8
2022-04-29,384108358,USDC-WETH,0.3%,0x8ad599c3a0ff1de082011efddc58f1908eb6e6d8
2022-04-30,392222900,USDC-WETH,0.3%,0x8ad599c3a0ff1de082011efddc58f1908eb6e6d8
2022-05-01,394360378,USDC-WETH,0.3%,0x8ad599c3a0ff1de082011efddc58f1908eb6e6d8
2022-05-02,399662028,USDC-WETH,0.3%,0x8ad599c3a0ff1de082011efddc58f1908eb6e6d8
2022-05-03,393514260,USDC-WETH,0.3%,0x8ad599c3a0ff1de082011efddc58f1908eb6e6d8
2022-05-04,406412486,USDC-WETH,0.3%,0x8ad599c3a0ff1de082011efddc58f1908eb6e6d8
2022-05-05,389290174,USDC-WETH,0.3%,0x8ad599c3a0ff1de082011efddc58f1908eb6e6d8
2022-05-06,407534575,USDC-WETH,0.3%,0x8ad599c3a0ff1de082011efddc58f1908eb6e6d8
2022-05-07,408848232,USDC-WETH,0.3%,0x8ad599c3a0ff1de082011efddc58f1908eb6e6d8
2022-05-08,398471171,USDC-WETH,0.3%,0x8ad599c3a0ff1de082011efddc58f1908eb6e6d8
2022-05-09,348438121,USDC-WETH,0.3%,0x8ad599c3a0ff1de082011efddc58f1908eb6e6d8
2022-05-10,346749534,USDC-WETH,0.3%,0x8ad599c3a0ff1de082011efddc58f1908eb6e6d8
2022-05-11,330083652,USDC-WETH,0.3%,0x8ad599c3a0ff1de082011efddc58f1908eb6e6d8
2022-05-12,317945738,USDC-WETH,0.3%,0x8ad599c3a0ff1de082011efddc58f1908eb6e6d8
2022-05-13,331730387,USDC-WETH,0.3%,0x8ad599c3a0ff1de082011efddc58f1908eb6e6d8
2022-05-14,331457803,USDC-WETH,0.3%,0x8ad599c3a0ff1de082011efddc58f1908eb6e6d8
2022-05-15,343649851,USDC-WETH,0.3%,0x8ad599c3a0ff1de082011efddc58f1908eb6e6d8
2022-05-16,339040015,USDC-WETH,0.3%,0x8ad599c3a0ff1de082011efddc58f1908eb6e6d8
2022-05-17,355995640,USDC-WETH,0.3%,0x8ad599c3a0ff1de082011efddc58f1908eb6e6d8
2022-05-18,343652320,USDC-WETH,0.3%,0x8ad599c3a0ff1de082011efddc58f1908eb6e6d8
2022-05-19,348363654,USDC-WETH,0.3%,0x8ad599c3a0ff1de082011efddc58f1908eb6e6d8
2022-05-20,347415980,USDC-WETH,0.3%,0x8ad599c3a0ff1de082011efddc58f1908eb6e6d8
2022-05-21,350187575,USDC-WETH,0.3%,0x8ad599c3a0ff1de082011efddc58f1908eb6e6d8
2022-05-22,357659912,USDC-WETH,0.3%,0x8ad599c3a0ff1de082011efddc58f1908eb6e6d8
2022-05-23,349774795,USDC-WETH,0.3%,0x8ad599c3a0ff1de082011efddc58f1908eb6e6d8
2022-05-24,347709203,USDC-WETH,0.3%,0x8ad599c3a0ff1de082011efddc58f1908eb6e6d8
2022-05-25,350673111,USDC-WETH,0.3%,0x8ad599c3a0ff1de082011efddc58f1908eb6e6d8
2022-05-26,313174081,USDC-WETH,0.3%,0x8ad599c3a0ff1de082011efddc58f1908eb6e6d8
2022-05-27,310211520,USDC-WETH,0.3%,0x8ad599c3a0ff1de082011efddc58f1908eb6e6d8
2022-05-28,315512682,USDC-WETH,0.3%,0x8ad599c3a0ff1de082011efddc58f1908eb6e6d8
2022-05-29,318977486,USDC-WETH,0.3%,0x8ad599c3a0ff1de082011efddc58f1908eb6e6d8
2022-05-30,332390690,USDC-WETH,0.3%,0x8ad599c3a0ff1de082011efddc58f1908eb6e6d8
2022-05-31,329051881,USDC-WETH,0.3%,0x8ad599c3a0ff1de082011efddc58f1908eb6e6d8
2022-06-01,313460673,USDC-WETH,0.3%,0x8ad599c3a0ff1de082011efddc58f1908eb6e6d8
2022-06-02,318955203,USDC-WETH,0.3%,0x8ad599c3a0ff1de082011efddc58f1908eb6e6d8
2022-06-03,320358699,USDC-WETH,0.3%,0x8ad599c3a0ff1de082011efddc58f1908eb6e6d8
2022-06-05,331868665,USDC-WETH,0.3%,0x8ad599c3a0ff1de082011efddc58f1908eb6e6d8
2022-06-06,345006765,USDC-WETH,0.3%,0x8ad599c3a0ff1de082011efddc58f1908eb6e6d8
2022-06-07,350388869,USDC-WETH,0.3%,0x8ad599c3a0ff1de082011efddc58f1908eb6e6d8
2022-06-08,337885942,USDC-WETH,0.3%,0x8ad599c3a0ff1de082011efddc58f1908eb6e6d8
2022-06-09,351998252,USDC-WETH,0.3%,0x8ad599c3a0ff1de082011efddc58f1908eb6e6d8
2022-06-10,339474031,USDC-WETH,0.3%,0x8ad599c3a0ff1de082011efddc58f1908eb6e6d8
2022-06-11,335352149,USDC-WETH,0.3%,0x8ad599c3a0ff1de082011efddc58f1908eb6e6d8
2022-06-12,310624074,USDC-WETH,0.3%,0x8ad599c3a0ff1de082011efddc58f1908eb6e6d8
2022-06-13,291959073,USDC-WETH,0.3%,0x8ad599c3a0ff1de082011efddc58f1908eb6e6d8
2022-06-14,252426009,USDC-WETH,0.3%,0x8ad599c3a0ff1de082011efddc58f1908eb6e6d8
2022-06-15,275385384,USDC-WETH,0.3%,0x8ad599c3a0ff1de082011efddc58f1908eb6e6d8
2022-06-16,278518600,USDC-WETH,0.3%,0x8ad599c3a0ff1de082011efddc58f1908eb6e6d8
2022-06-17,302881694,USDC-WETH,0.3%,0x8ad599c3a0ff1de082011efddc58f1908eb6e6d8
2022-06-18,283889198,USDC-WETH,0.3%,0x8ad599c3a0ff1de082011efddc58f1908eb6e6d8
2022-06-19,318781727,USDC-WETH,0.3%,0x8ad599c3a0ff1de082011efddc58f1908eb6e6d8
2022-06-20,316529402,USDC-WETH,0.3%,0x8ad599c3a0ff1de082011efddc58f1908eb6e6d8
2022-06-21,321778128,USDC-WETH,0.3%,0x8ad599c3a0ff1de082011efddc58f1908eb6e6d8
2022-06-22,309165064,USDC-WETH,0.3%,0x8ad599c3a0ff1de082011efddc58f1908eb6e6d8
2022-06-23,328343181,USDC-WETH,0.3%,0x8ad599c3a0ff1de082011efddc58f1908eb6e6d8
2022-06-24,342092765,USDC-WETH,0.3%,0x8ad599c3a0ff1de082011efddc58f1908eb6e6d8
2022-06-25,345277060,USDC-WETH,0.3%,0x8ad599c3a0ff1de082011efddc58f1908eb6e6d8
2022-06-26,339906626,USDC-WETH,0.3%,0x8ad599c3a0ff1de082011efddc58f1908eb6e6d8
2022-06-27,323290244,USDC-WETH,0.3%,0x8ad599c3a0ff1de082011efddc58f1908eb6e6d8
2022-06-28,331150691,USDC-WETH,0.3%,0x8ad599c3a0ff1de082011efddc58f1908eb6e6d8
2022-06-29,298914968,USDC-WETH,0.3%,0x8ad599c3a0ff1de082011efddc58f1908eb6e6d8
2022-06-30,279885894,USDC-WETH,0.3%,0x8ad599c3a0ff1de082011efddc58f1908eb6e6d8
2022-07-01,290327374,USDC-WETH,0.3%,0x8ad599c3a0ff1de082011efddc58f1908eb6e6d8
2022-07-02,290606459,USDC-WETH,0.3%,0x8ad599c3a0ff1de082011efddc58f1908eb6e6d8
2022-07-03,289792601,USDC-WETH,0.3%,0x8ad599c3a0ff1de082011efddc58f1908eb6e6d8
2022-07-04,296159776,USDC-WETH,0.3%,0x8ad599c3a0ff1de082011efddc58f1908eb6e6d8
2022-07-05,300188153,USDC-WETH,0.3%,0x8ad599c3a0ff1de082011efddc58f1908eb6e6d8
2022-07-06,304729940,USDC-WETH,0.3%,0x8ad599c3a0ff1de082011efddc58f1908eb6e6d8
2022-07-07,312902012,USDC-WETH,0.3%,0x8ad599c3a0ff1de082011efddc58f1908eb6e6d8
2022-07-08,314668322,USDC-WETH,0.3%,0x8ad599c3a0ff1de082011efddc58f1908eb6e6d8
2022-07-09,314505842,USDC-WETH,0.3%,0x8ad599c3a0ff1de082011efddc58f1908eb6e6d8
2022-07-10,314869424,USDC-WETH,0.3%,0x8ad599c3a0ff1de082011efddc58f1908eb6e6d8
2022-07-11,300141593,USDC-WETH,0.3%,0x8ad599c3a0ff1de082011efddc58f1908eb6e6d8
2022-07-12,293670521,USDC-WETH,0.3%,0x8ad599c3a0ff1de082011efddc58f1908eb6e6d8
2022-07-13,294373051,USDC-WETH,0.3%,0x8ad599c3a0ff1de082011efddc58f1908eb6e6d8
2022-07-14,309987604,USDC-WETH,0.3%,0x8ad599c3a0ff1de082011efddc58f1908eb6e6d8
2022-07-15,321134252,USDC-WETH,0.3%,0x8ad599c3a0ff1de082011efddc58f1908eb6e6d8
2022-07-16,340413203,USDC-WETH,0.3%,0x8ad599c3a0ff1de082011efddc58f1908eb6e6d8
2022-07-17,344234653,USDC-WETH,0.3%,0x8ad599c3a0ff1de082011efddc58f1908eb6e6d8
2022-07-18,338626807,USDC-WETH,0.3%,0x8ad599c3a0ff1de082011efddc58f1908eb6e6d8
2022-07-19,340227559,USDC-WETH,0.3%,0x8ad599c3a0ff1de082011efddc58f1908eb6e6d8
2022-07-20,336924635,USDC-WETH,0.3%,0x8ad599c3a0ff1de082011efddc58f1908eb6e6d8
2022-07-21,312046627,USDC-WETH,0.3%,0x8ad599c3a0ff1de082011efddc58f1908eb6e6d8
2022-07-22,306576891,USDC-WETH,0.3%,0x8ad599c3a0ff1de082011efddc58f1908eb6e6d8
2022-07-23,309024696,USDC-WETH,0.3%,0x8ad599c3a0ff1de082011efddc58f1908eb6e6d8
2022-07-24,316945403,USDC-WETH,0.3%,0x8ad599c3a0ff1de082011efddc58f1908eb6e6d8
2022-07-25,305827731,USDC-WETH,0.3%,0x8ad599c3a0ff1de082011efddc58f1908eb6e6d8
2022-07-26,300031539,USDC-WETH,0.3%,0x8ad599c3a0ff1de082011efddc58f1908eb6e6d8
2022-07-27,324188847,USDC-WETH,0.3%,0x8ad599c3a0ff1de082011efddc58f1908eb6e6d8
2022-07-28,339074634,USDC-WETH,0.3%,0x8ad599c3a0ff1de082011efddc58f1908eb6e6d8
2022-07-29,340133098,USDC-WETH,0.3%,0x8ad599c3a0ff1de082011efddc58f1908eb6e6d8
2022-07-30,336754977,USDC-WETH,0.3%,0x8ad599c3a0ff1de082011efddc58f1908eb6e6d8
2022-07-31,335245998,USDC-WETH,0.3%,0x8ad599c3a0ff1de082011efddc58f1908eb6e6d8
2022-08-01,332789358,USDC-WETH,0.3%,0x8ad599c3a0ff1de082011efddc58f1908eb6e6d8
2022-08-02,339675982,USDC-WETH,0.3%,0x8ad599c3a0ff1de082011efddc58f1908eb6e6d8
2022-08-03,337607995,USDC-WETH,0.3%,0x8ad599c3a0ff1de082011efddc58f1908eb6e6d8
2022-08-04,336467654,USDC-WETH,0.3%,0x8ad599c3a0ff1de082011efddc58f1908eb6e6d8
2022-08-05,349469209,USDC-WETH,0.3%,0x8ad599c3a0ff1de082011efddc58f1908eb6e6d8
2022-08-06,348879661,USDC-WETH,0.3%,0x8ad599c3a0ff1de082011efddc58f1908eb6e6d8
2022-08-07,349572807,USDC-WETH,0.3%,0x8ad599c3a0ff1de082011efddc58f1908eb6e6d8
2022-08-08,330281345,USDC-WETH,0.3%,0x8ad599c3a0ff1de082011efddc58f1908eb6e6d8
2022-08-09,327549023,USDC-WETH,0.3%,0x8ad599c3a0ff1de082011efddc58f1908eb6e6d8
2022-08-10,340062129,USDC-WETH,0.3%,0x8ad599c3a0ff1de082011efddc58f1908eb6e6d8
2022-08-11,343695790,USDC-WETH,0.3%,0x8ad599c3a0ff1de082011efddc58f1908eb6e6d8
2022-08-12,343136286,USDC-WETH,0.3%,0x8ad599c3a0ff1de082011efddc58f1908eb6e6d8
2022-08-13,343860091,USDC-WETH,0.3%,0x8ad599c3a0ff1de082011efddc58f1908eb6e6d8
2022-08-14,341615208,USDC-WETH,0.3%,0x8ad599c3a0ff1de082011efddc58f1908eb6e6d8
2022-08-15,343880284,USDC-WETH,0.3%,0x8ad599c3a0ff1de082011efddc58f1908eb6e6d8
2022-08-16,341402061,USDC-WETH,0.3%,0x8ad599c3a0ff1de082011efddc58f1908eb6e6d8
2022-08-17,341321056,USDC-WETH,0.3%,0x8ad599c3a0ff1de082011efddc58f1908eb6e6d8
2022-08-18,344589680,USDC-WETH,0.3%,0x8ad599c3a0ff1de082011efddc58f1908eb6e6d8
2022-08-19,325057285,USDC-WETH,0.3%,0x8ad599c3a0ff1de082011efddc58f1908eb6e6d8
2022-08-20,322516413,USDC-WETH,0.3%,0x8ad599c3a0ff1de082011efddc58f1908eb6e6d8
2022-08-21,329213698,USDC-WETH,0.3%,0x8ad599c3a0ff1de082011efddc58f1908eb6e6d8
2022-08-22,324671965,USDC-WETH,0.3%,0x8ad599c3a0ff1de082011efddc58f1908eb6e6d8
2022-08-23,329191983,USDC-WETH,0.3%,0x8ad599c3a0ff1de082011efddc58f1908eb6e6d8
2022-08-24,330313258,USDC-WETH,0.3%,0x8ad599c3a0ff1de082011efddc58f1908eb6e6d8
2022-08-25,335067404,USDC-WETH,0.3%,0x8ad599c3a0ff1de082011efddc58f1908eb6e6d8
2022-08-26,321178424,USDC-WETH,0.3%,0x8ad599c3a0ff1de082011efddc58f1908eb6e6d8
2022-08-27,315446258,USDC-WETH,0.3%,0x8ad599c3a0ff1de082011efddc58f1908eb6e6d8
2022-08-28,310761441,USDC-WETH,0.3%,0x8ad599c3a0ff1de082011efddc58f1908eb6e6d8
2022-08-29,329748049,USDC-WETH,0.3%,0x8ad599c3a0ff1de082011efddc58f1908eb6e6d8
2022-08-30,332042037,USDC-WETH,0.3%,0x8ad599c3a0ff1de082011efddc58f1908eb6e6d8
2022-08-31,329783739,USDC-WETH,0.3%,0x8ad599c3a0ff1de082011efddc58f1908eb6e6d8
2022-09-01,335109030,USDC-WETH,0.3%,0x8ad599c3a0ff1de082011efddc58f1908eb6e6d8
2022-09-02,333796238,USDC-WETH,0.3%,0x8ad599c3a0ff1de082011efddc58f1908eb6e6d8
2022-09-03,341420790,USDC-WETH,0.3%,0x8ad599c3a0ff1de082011efddc58f1908eb6e6d8
2022-09-04,341008784,USDC-WETH,0.3%,0x8ad599c3a0ff1de082011efddc58f1908eb6e6d8
2022-09-05,344181381,USDC-WETH,0.3%,0x8ad599c3a0ff1de082011efddc58f1908eb6e6d8
2022-09-06,334326618,USDC-WETH,0.3%,0x8ad599c3a0ff1de082011efddc58f1908eb6e6d8
2022-09-07,324092518,USDC-WETH,0.3%,0x8ad599c3a0ff1de082011efddc58f1908eb6e6d8
2022-09-09,347701314,USDC-WETH,0.3%,0x8ad599c3a0ff1de082011efddc58f1908eb6e6d8
2022-09-10,349974759,USDC-WETH,0.3%,0x8ad599c3a0ff1de082011efddc58f1908eb6e6d8
2022-09-11,343728401,USDC-WETH,0.3%,0x8ad599c3a0ff1de082011efddc58f1908eb6e6d8
2022-09-12,336088415,USDC-WETH,0.3%,0x8ad599c3a0ff1de082011efddc58f1908eb6e6d8
2022-09-13,310850870,USDC-WETH,0.3%,0x8ad599c3a0ff1de082011efddc58f1908eb6e6d8
2022-09-14,291963396,USDC-WETH,0.3%,0x8ad599c3a0ff1de082011efddc58f1908eb6e6d8
2022-09-15,299182996,USDC-WETH,0.3%,0x8ad599c3a0ff1de082011efddc58f1908eb6e6d8
2022-09-16,307461282,USDC-WETH,0.3%,0x8ad599c3a0ff1de082011efddc58f1908eb6e6d8
2022-09-17,315949826,USDC-WETH,0.3%,0x8ad599c3a0ff1de082011efddc58f1908eb6e6d8
2022-09-18,312606847,USDC-WETH,0.3%,0x8ad599c3a0ff1de082011efddc58f1908eb6e6d8
2022-09-19,323061610,USDC-WETH,0.3%,0x8ad599c3a0ff1de082011efddc58f1908eb6e6d8
2022-09-20,175850710,USDC-WETH,0.3%,0x8ad599c3a0ff1de082011efddc58f1908eb6e6d8
2022-09-21,165196055,USDC-WETH,0.3%,0x8ad599c3a0ff1de082011efddc58f1908eb6e6d8
2022-09-22,177887451,USDC-WETH,0.3%,0x8ad599c3a0ff1de082011efddc58f1908eb6e6d8
2022-09-23,181066827,USDC-WETH,0.3%,0x8ad599c3a0ff1de082011efddc58f1908eb6e6d8
2022-09-24,187212887,USDC-WETH,0.3%,0x8ad599c3a0ff1de082011efddc58f1908eb6e6d8
2022-09-25,186902566,USDC-WETH,0.3%,0x8ad599c3a0ff1de082011efddc58f1908eb6e6d8
2022-09-26,196853905,USDC-WETH,0.3%,0x8ad599c3a0ff1de082011efddc58f1908eb6e6d8
2022-09-27,211445784,USDC-WETH,0.3%,0x8ad599c3a0ff1de082011efddc58f1908eb6e6d8
2022-09-28,209484393,USDC-WETH,0.3%,0x8ad599c3a0ff1de082011efddc58f1908eb6e6d8
2022-09-29,209450323,USDC-WETH,0.3%,0x8ad599c3a0ff1de082011efddc58f1908eb6e6d8
2022-09-30,212753956,USDC-WETH,0.3%,0x8ad599c3a0ff1de082011efddc58f1908eb6e6d8
2022-10-01,209719761,USDC-WETH,0.3%,0x8ad599c3a0ff1de082011efddc58f1908eb6e6d8
2022-10-02,205712987,USDC-WETH,0.3%,0x8ad599c3a0ff1de082011efddc58f1908eb6e6d8
2022-10-03,207960462,USDC-WETH,0.3%,0x8ad599c3a0ff1de082011efddc58f1908eb6e6d8
2022-10-04,206677864,USDC-WETH,0.3%,0x8ad599c3a0ff1de082011efddc58f1908eb6e6d8
2022-10-05,203377846,USDC-WETH,0.3%,0x8ad599c3a0ff1de082011efddc58f1908eb6e6d8
2022-10-06,203432051,USDC-WETH,0.3%,0x8ad599c3a0ff1de082011efddc58f1908eb6e6d8
2022-10-07,202120327,USDC-WETH,0.3%,0x8ad599c3a0ff1de082011efddc58f1908eb6e6d8
2022-10-08,198137896,USDC-WETH,0.3%,0x8ad599c3a0ff1de082011efddc58f1908eb6e6d8
2022-10-09,201816785,USDC-WETH,0.3%,0x8ad599c3a0ff1de082011efddc58f1908eb6e6d8
2022-10-10,194669766,USDC-WETH,0.3%,0x8ad599c3a0ff1de082011efddc58f1908eb6e6d8
2022-10-11,190795131,USDC-WETH,0.3%,0x8ad599c3a0ff1de082011efddc58f1908eb6e6d8
2022-10-12,191236501,USDC-WETH,0.3%,0x8ad599c3a0ff1de082011efddc58f1908eb6e6d8
2022-10-13,191455409,USDC-WETH,0.3%,0x8ad599c3a0ff1de082011efddc58f1908eb6e6d8
2022-10-14,190735367,USDC-WETH,0.3%,0x8ad599c3a0ff1de082011efddc58f1908eb6e6d8
2022-10-15,184958049,USDC-WETH,0.3%,0x8ad599c3a0ff1de082011efddc58f1908eb6e6d8
2022-10-16,187942234,USDC-WETH,0.3%,0x8ad599c3a0ff1de082011efddc58f1908eb6e6d8
2022-10-17,189886606,USDC-WETH,0.3%,0x8ad599c3a0ff1de082011efddc58f1908eb6e6d8
2022-10-18,186982095,USDC-WETH,0.3%,0x8ad599c3a0ff1de082011efddc58f1908eb6e6d8
2022-10-19,183596936,USDC-WETH,0.3%,0x8ad599c3a0ff1de082011efddc58f1908eb6e6d8
2022-10-20,184293623,USDC-WETH,0.3%,0x8ad599c3a0ff1de082011efddc58f1908eb6e6d8
2022-10-21,187114279,USDC-WETH,0.3%,0x8ad599c3a0ff1de082011efddc58f1908eb6e6d8
2022-10-22,188122784,USDC-WETH,0.3%,0x8ad599c3a0ff1de082011efddc58f1908eb6e6d8
2022-10-23,192483142,USDC-WETH,0.3%,0x8ad599c3a0ff1de082011efddc58f1908eb6e6d8
2022-10-24,189945144,USDC-WETH,0.3%,0x8ad599c3a0ff1de082011efddc58f1908eb6e6d8
2022-10-25,192139130,USDC-WETH,0.3%,0x8ad599c3a0ff1de082011efddc58f1908eb6e6d8
2022-10-26,198257809,USDC-WETH,0.3%,0x8ad599c3a0ff1de082011efddc58f1908eb6e6d8
2022-10-27,196162675,USDC-WETH,0.3%,0x8ad599c3a0ff1de082011efddc58f1908eb6e6d8
2022-10-28,198458889,USDC-WETH,0.3%,0x8ad599c3a0ff1de082011efddc58f1908eb6e6d8
2022-10-29,200054885,USDC-WETH,0.3%,0x8ad599c3a0ff1de082011efddc58f1908eb6e6d8
2022-10-30,197006495,USDC-WETH,0.3%,0x8ad599c3a0ff1de082011efddc58f1908eb6e6d8
2022-10-31,193808370,USDC-WETH,0.3%,0x8ad599c3a0ff1de082011efddc58f1908eb6e6d8
2022-11-01,193913967,USDC-WETH,0.3%,0x8ad599c3a0ff1de082011efddc58f1908eb6e6d8
2022-11-02,189700914,USDC-WETH,0.3%,0x8ad599c3a0ff1de082011efddc58f1908eb6e6d8
2022-11-03,191156355,USDC-WETH,0.3%,0x8ad599c3a0ff1de082011efddc58f1908eb6e6d8
2022-11-04,199032170,USDC-WETH,0.3%,0x8ad599c3a0ff1de082011efddc58f1908eb6e6d8
2022-11-05,197161907,USDC-WETH,0.3%,0x8ad599c3a0ff1de082011efddc58f1908eb6e6d8
2022-11-06,194194740,USDC-WETH,0.3%,0x8ad599c3a0ff1de082011efddc58f1908eb6e6d8
2022-11-07,192911125,USDC-WETH,0.3%,0x8ad599c3a0ff1de082011efddc58f1908eb6e6d8
2022-11-08,170786981,USDC-WETH,0.3%,0x8ad599c3a0ff1de082011efddc58f1908eb6e6d8
2022-11-09,134036794,USDC-WETH,0.3%,0x8ad599c3a0ff1de082011efddc58f1908eb6e6d8
2022-11-10,159514080,USDC-WETH,0.3%,0x8ad599c3a0ff1de082011efddc58f1908eb6e6d8
2022-11-11,159516043,USDC-WETH,0.3%,0x8ad599c3a0ff1de082011efddc58f1908eb6e6d8
2022-11-12,157793182,USDC-WETH,0.3%,0x8ad599c3a0ff1de082011efddc58f1908eb6e6d8
2022-11-13,157768887,USDC-WETH,0.3%,0x8ad599c3a0ff1de082011efddc58f1908eb6e6d8
2022-11-14,160568651,USDC-WETH,0.3%,0x8ad599c3a0ff1de082011efddc58f1908eb6e6d8
2022-11-15,164634966,USDC-WETH,0.3%,0x8ad599c3a0ff1de082011efddc58f1908eb6e6d8
2022-11-16,162235111,USDC-WETH,0.3%,0x8ad599c3a0ff1de082011efddc58f1908eb6e6d8
2022-11-17,160672587,USDC-WETH,0.3%,0x8ad599c3a0ff1de082011efddc58f1908eb6e6d8
2022-11-18,160995716,USDC-WETH,0.3%,0x8ad599c3a0ff1de082011efddc58f1908eb6e6d8
2022-11-19,156509614,USDC-WETH,0.3%,0x8ad599c3a0ff1de082011efddc58f1908eb6e6d8
2022-11-20,148732394,USDC-WETH,0.3%,0x8ad599c3a0ff1de082011efddc58f1908eb6e6d8
2022-11-21,146652743,USDC-WETH,0.3%,0x8ad599c3a0ff1de082011efddc58f1908eb6e6d8
2022-11-22,151776733,USDC-WETH,0.3%,0x8ad599c3a0ff1de082011efddc58f1908eb6e6d8
2022-11-23,153748495,USDC-WETH,0.3%,0x8ad599c3a0ff1de082011efddc58f1908eb6e6d8
2022-11-24,156695737,USDC-WETH,0.3%,0x8ad599c3a0ff1de082011efddc58f1908eb6e6d8
2022-11-25,158327695,USDC-WETH,0.3%,0x8ad599c3a0ff1de082011efddc58f1908eb6e6d8
2022-11-26,162899800,USDC-WETH,0.3%,0x8ad599c3a0ff1de082011efddc58f1908eb6e6d8
2022-11-27,162806162,USDC-WETH,0.3%,0x8ad599c3a0ff1de082011efddc58f1908eb6e6d8
2022-11-28,161259821,USDC-WETH,0.3%,0x8ad599c3a0ff1de082011efddc58f1908eb6e6d8
2022-11-29,171272799,USDC-WETH,0.3%,0x8ad599c3a0ff1de082011efddc58f1908eb6e6d8
2022-11-30,175803588,USDC-WETH,0.3%,0x8ad599c3a0ff1de082011efddc58f1908eb6e6d8
2022-12-01,173258730,USDC-WETH,0.3%,0x8ad599c3a0ff1de082011efddc58f1908eb6e6d8
2022-12-02,170068759,USDC-WETH,0.3%,0x8ad599c3a0ff1de082011efddc58f1908eb6e6d8
2022-12-03,167519486,USDC-WETH,0.3%,0x8ad599c3a0ff1de082011efddc58f1908eb6e6d8
2022-12-04,170382192,USDC-WETH,0.3%,0x8ad599c3a0ff1de082011efddc58f1908eb6e6d8
2022-12-05,166745688,USDC-WETH,0.3%,0x8ad599c3a0ff1de082011efddc58f1908eb6e6d8
2022-12-06,179931994,USDC-WETH,0.3%,0x8ad599c3a0ff1de082011efddc58f1908eb6e6d8
2022-12-07,180224158,USDC-WETH,0.3%,0x8ad599c3a0ff1de082011efddc58f1908eb6e6d8
2022-12-08,184937789,USDC-WETH,0.3%,0x8ad599c3a0ff1de082011efddc58f1908eb6e6d8
2022-12-09,183469737,USDC-WETH,0.3%,0x8ad599c3a0ff1de082011efddc58f1908eb6e6d8
2022-12-10,183798420,USDC-WETH,0.3%,0x8ad599c3a0ff1de082011efddc58f1908eb6e6d8
2022-12-11,182914859,USDC-WETH,0.3%,0x8ad599c3a0ff1de082011efddc58f1908eb6e6d8
2022-12-12,185382055,USDC-WETH,0.3%,0x8ad599c3a0ff1de082011efddc58f1908eb6e6d8
2022-12-13,190936187,USDC-WETH,0.3%,0x8ad599c3a0ff1de082011efddc58f1908eb6e6d8
2022-12-14,191620647,USDC-WETH,0.3%,0x8ad599c3a0ff1de082011efddc58f1908eb6e6d8
2022-12-15,188453366,USDC-WETH,0.3%,0x8ad599c3a0ff1de082011efddc58f1908eb6e6d8
2022-12-16,183996960,USDC-WETH,0.3%,0x8ad599c3a0ff1de082011efddc58f1908eb6e6d8
2022-12-17,158762587,USDC-WETH,0.3%,0x8ad599c3a0ff1de082011efddc58f1908eb6e6d8
2022-12-18,159598924,USDC-WETH,0.3%,0x8ad599c3a0ff1de082011efddc58f1908eb6e6d8
2022-12-19,157176911,USDC-WETH,0.3%,0x8ad599c3a0ff1de082011efddc58f1908eb6e6d8
2022-12-20,161171989,USDC-WETH,0.3%,0x8ad599c3a0ff1de082011efddc58f1908eb6e6d8
2022-12-21,185000753,USDC-WETH,0.3%,0x8ad599c3a0ff1de082011efddc58f1908eb6e6d8
2022-12-22,160254793,USDC-WETH,0.3%,0x8ad599c3a0ff1de082011efddc58f1908eb6e6d8
2022-12-23,160163564,USDC-WETH,0.3%,0x8ad599c3a0ff1de082011efddc58f1908eb6e6d8
2022-12-24,159825508,USDC-WETH,0.3%,0x8ad599c3a0ff1de082011efddc58f1908eb6e6d8
2022-12-25,159036284,USDC-WETH,0.3%,0x8ad599c3a0ff1de082011efddc58f1908eb6e6d8
2022-12-26,159041746,USDC-WETH,0.3%,0x8ad599c3a0ff1de082011efddc58f1908eb6e6d8
2022-12-27,156009754,USDC-WETH,0.3%,0x8ad599c3a0ff1de082011efddc58f1908eb6e6d8
2022-12-28,153679800,USDC-WETH,0.3%,0x8ad599c3a0ff1de082011efddc58f1908eb6e6d8
2022-12-29,153726607,USDC-WETH,0.3%,0x8ad599c3a0ff1de082011efddc58f1908eb6e6d8
2022-12-30,151900374,USDC-WETH,0.3%,0x8ad599c3a0ff1de082011efddc58f1908eb6e6d8
2022-12-31,139808451,USDC-WETH,0.3%,0x8ad599c3a0ff1de082011efddc58f1908eb6e6d8
2023-01-01,136097032,USDC-WETH,0.3%,0x8ad599c3a0ff1de082011efddc58f1908eb6e6d8
2023-01-02,134096257,USDC-WETH,0.3%,0x8ad599c3a0ff1de082011efddc58f1908eb6e6d8
2023-01-03,135444438,USDC-WETH,0.3%,0x8ad599c3a0ff1de082011efddc58f1908eb6e6d8
2023-01-04,128778751,USDC-WETH,0.3%,0x8ad599c3a0ff1de082011efddc58f1908eb6e6d8
2023-01-05,135948340,USDC-WETH,0.3%,0x8ad599c3a0ff1de082011efddc58f1908eb6e6d8
2023-01-06,136279382,USDC-WETH,0.3%,0x8ad599c3a0ff1de082011efddc58f1908eb6e6d8
2023-01-07,135599279,USDC-WETH,0.3%,0x8ad599c3a0ff1de082011efddc58f1908eb6e6d8
2023-01-08,136029133,USDC-WETH,0.3%,0x8ad599c3a0ff1de082011efddc58f1908eb6e6d8
2023-01-09,134887541,USDC-WETH,0.3%,0x8ad599c3a0ff1de082011efddc58f1908eb6e6d8
2023-01-10,135423001,USDC-WETH,0.3%,0x8ad599c3a0ff1de082011efddc58f1908eb6e6d8
2023-01-11,135777800,USDC-WETH,0.3%,0x8ad599c3a0ff1de082011efddc58f1908eb6e6d8
2023-01-12,138722026,USDC-WETH,0.3%,0x8ad599c3a0ff1de082011efddc58f1908eb6e6d8
2023-01-13,142588917,USDC-WETH,0.3%,0x8ad599c3a0ff1de082011efddc58f1908eb6e6d8
2023-01-14,141185244,USDC-WETH,0.3%,0x8ad599c3a0ff1de082011efddc58f1908eb6e6d8
2023-01-15,142132427,USDC-WETH,0.3%,0x8ad599c3a0ff1de082011efddc58f1908eb6e6d8
2023-01-16,150327816,USDC-WETH,0.3%,0x8ad599c3a0ff1de082011efddc58f1908eb6e6d8
2023-01-17,169177921,USDC-WETH,0.3%,0x8ad599c3a0ff1de082011efddc58f1908eb6e6d8
2023-01-18,166685599,USDC-WETH,0.3%,0x8ad599c3a0ff1de082011efddc58f1908eb6e6d8
2023-01-19,169527814,USDC-WETH,0.3%,0x8ad599c3a0ff1de082011efddc58f1908eb6e6d8
2023-01-20,176151356,USDC-WETH,0.3%,0x8ad599c3a0ff1de082011efddc58f1908eb6e6d8
2023-01-21,172680716,USDC-WETH,0.3%,0x8ad599c3a0ff1de082011efddc58f1908eb6e6d8
2023-01-22,172607859,USDC-WETH,0.3%,0x8ad599c3a0ff1de082011efddc58f1908eb6e6d8
2023-01-23,172445227,USDC-WETH,0.3%,0x8ad599c3a0ff1de082011efddc58f1908eb6e6d8
2023-01-24,166631423,USDC-WETH,0.3%,0x8ad599c3a0ff1de082011efddc58f1908eb6e6d8
2023-01-25,163887417,USDC-WETH,0.3%,0x8ad599c3a0ff1de082011efddc58f1908eb6e6d8
2023-01-26,165361214,USDC-WETH,0.3%,0x8ad599c3a0ff1de082011efddc58f1908eb6e6d8
2023-01-27,164905671,USDC-WETH,0.3%,0x8ad599c3a0ff1de082011efddc58f1908eb6e6d8
2023-01-28,164833336,USDC-WETH,0.3%,0x8ad599c3a0ff1de082011efddc58f1908eb6e6d8
2023-01-29,168303174,USDC-WETH,0.3%,0x8ad599c3a0ff1de082011efddc58f1908eb6e6d8
2023-01-30,163891986,USDC-WETH,0.3%,0x8ad599c3a0ff1de082011efddc58f1908eb6e6d8
2023-01-31,165498081,USDC-WETH,0.3%,0x8ad599c3a0ff1de082011efddc58f1908eb6e6d8
2023-02-01,169437820,USDC-WETH,0.3%,0x8ad599c3a0ff1de082011efddc58f1908eb6e6d8
2023-02-02,168415541,USDC-WETH,0.3%,0x8ad599c3a0ff1de082011efddc58f1908eb6e6d8
2023-02-03,176783263,USDC-WETH,0.3%,0x8ad599c3a0ff1de082011efddc58f1908eb6e6d8
2023-02-04,179548730,USDC-WETH,0.3%,0x8ad599c3a0ff1de082011efddc58f1908eb6e6d8
2023-02-05,176438643,USDC-WETH,0.3%,0x8ad599c3a0ff1de082011efddc58f1908eb6e6d8
2023-02-06,176646299,USDC-WETH,0.3%,0x8ad599c3a0ff1de082011efddc58f1908eb6e6d8
2023-02-07,177353525,USDC-WETH,0.3%,0x8ad599c3a0ff1de082011efddc58f1908eb6e6d8
2023-02-08,177825993,USDC-WETH,0.3%,0x8ad599c3a0ff1de082011efddc58f1908eb6e6d8
2023-02-09,177646598,USDC-WETH,0.3%,0x8ad599c3a0ff1de082011efddc58f1908eb6e6d8
2023-02-10,171336183,USDC-WETH,0.3%,0x8ad599c3a0ff1de082011efddc58f1908eb6e6d8
2023-02-12,171053950,USDC-WETH,0.3%,0x8ad599c3a0ff1de082011efddc58f1908eb6e6d8
2023-02-13,165315736,USDC-WETH,0.3%,0x8ad599c3a0ff1de082011efddc58f1908eb6e6d8
2023-02-14,170263497,USDC-WETH,0.3%,0x8ad599c3a0ff1de082011efddc58f1908eb6e6d8
2023-02-15,171723700,USDC-WETH,0.3%,0x8ad599c3a0ff1de082011efddc58f1908eb6e6d8
2023-02-16,175120736,USDC-WETH,0.3%,0x8ad599c3a0ff1de082011efddc58f1908eb6e6d8
2023-02-17,178231430,USDC-WETH,0.3%,0x8ad599c3a0ff1de082011efddc58f1908eb6e6d8
2023-02-18,176156125,USDC-WETH,0.3%,0x8ad599c3a0ff1de082011efddc58f1908eb6e6d8
2023-02-19,175893055,USDC-WETH,0.3%,0x8ad599c3a0ff1de082011efddc58f1908eb6e6d8
2023-02-20,174955933,USDC-WETH,0.3%,0x8ad599c3a0ff1de082011efddc58f1908eb6e6d8
2023-02-21,173200069,USDC-WETH,0.3%,0x8ad599c3a0ff1de082011efddc58f1908eb6e6d8
2023-02-22,173001515,USDC-WETH,0.3%,0x8ad599c3a0ff1de082011efddc58f1908eb6e6d8
2023-02-23,173414574,USDC-WETH,0.3%,0x8ad599c3a0ff1de082011efddc58f1908eb6e6d8
2023-02-24,170725114,USDC-WETH,0.3%,0x8ad599c3a0ff1de082011efddc58f1908eb6e6d8
2023-02-25,169122949,USDC-WETH,0.3%,0x8ad599c3a0ff1de082011efddc58f1908eb6e6d8
2023-02-26,159451255,USDC-WETH,0.3%,0x8ad599c3a0ff1de082011efddc58f1908eb6e6d8
2023-02-27,161105891,USDC-WETH,0.3%,0x8ad599c3a0ff1de082011efddc58f1908eb6e6d8
2023-02-28,158818553,USDC-WETH,0.3%,0x8ad599c3a0ff1de082011efddc58f1908eb6e6d8
2023-03-01,161450274,USDC-WETH,0.3%,0x8ad599c3a0ff1de082011efddc58f1908eb6e6d8
2023-03-02,161023051,USDC-WETH,0.3%,0x8ad599c3a0ff1de082011efddc58f1908eb6e6d8
2023-03-03,156103508,USDC-WETH,0.3%,0x8ad599c3a0ff1de082011efddc58f1908eb6e6d8
2023-03-04,155160658,USDC-WETH,0.3%,0x8ad599c3a0ff1de082011efddc58f1908eb6e6d8
2023-03-05,156001461,USDC-WETH,0.3%,0x8ad599c3a0ff1de082011efddc58f1908eb6e6d8
2023-03-06,156698570,USDC-WETH,0.3%,0x8ad599c3a0ff1de082011efddc58f1908eb6e6d8
2023-03-07,155000677,USDC-WETH,0.3%,0x8ad599c3a0ff1de082011efddc58f1908eb6e6d8
2023-03-08,155722896,USDC-WETH,0.3%,0x8ad599c3a0ff1de082011efddc58f1908eb6e6d8
2023-03-09,138971456,USDC-WETH,0.3%,0x8ad599c3a0ff1de082011efddc58f1908eb6e6d8
2023-03-10,139599351,USDC-WETH,0.3%,0x8ad599c3a0ff1de082011efddc58f1908eb6e6d8
2023-03-11,115663638,USDC-WETH,0.3%,0x8ad599c3a0ff1de082011efddc58f1908eb6e6d8
2023-03-12,120329825,USDC-WETH,0.3%,0x8ad599c3a0ff1de082011efddc58f1908eb6e6d8
2023-03-13,129229862,USDC-WETH,0.3%,0x8ad599c3a0ff1de082011efddc58f1908eb6e6d8
2023-03-14,119930733,USDC-WETH,0.3%,0x8ad599c3a0ff1de082011efddc58f1908eb6e6d8
2023-03-15,119170076,USDC-WETH,0.3%,0x8ad599c3a0ff1de082011efddc58f1908eb6e6d8
2023-03-16,119155531,USDC-WETH,0.3%,0x8ad599c3a0ff1de082011efddc58f1908eb6e6d8
2023-03-17,123756879,USDC-WETH,0.3%,0x8ad599c3a0ff1de082011efddc58f1908eb6e6d8
2023-03-18,122291841,USDC-WETH,0.3%,0x8ad599c3a0ff1de082011efddc58f1908eb6e6d8
2023-03-19,124542949,USDC-WETH,0.3%,0x8ad599c3a0ff1de082011efddc58f1908eb6e6d8
2023-03-20,119733313,USDC-WETH,0.3%,0x8ad599c3a0ff1de082011efddc58f1908eb6e6d8
2023-03-21,119910644,USDC-WETH,0.3%,0x8ad599c3a0ff1de082011efddc58f1908eb6e6d8
2023-03-22,116682538,USDC-WETH,0.3%,0x8ad599c3a0ff1de082011efddc58f1908eb6e6d8
2023-03-23,118416886,USDC-WETH,0.3%,0x8ad599c3a0ff1de082011efddc58f1908eb6e6d8
2023-03-24,116664110,USDC-WETH,0.3%,0x8ad599c3a0ff1de082011efddc58f1908eb6e6d8
2023-03-25,117020885,USDC-WETH,0.3%,0x8ad599c3a0ff1de082011efddc58f1908eb6e6d8
2023-03-26,123329981,USDC-WETH,0.3%,0x8ad599c3a0ff1de082011efddc58f1908eb6e6d8
2023-03-27,126317572,USDC-WETH,0.3%,0x8ad599c3a0ff1de082011efddc58f1908eb6e6d8
2023-03-28,128298710,USDC-WETH,0.3%,0x8ad599c3a0ff1de082011efddc58f1908eb6e6d8
2023-03-29,129047882,USDC-WETH,0.3%,0x8ad599c3a0ff1de082011efddc58f1908eb6e6d8
2023-03-30,129822214,USDC-WETH,0.3%,0x8ad599c3a0ff1de082011efddc58f1908eb6e6d8
2023-03-31,131860131,USDC-WETH,0.3%,0x8ad599c3a0ff1de082011efddc58f1908eb6e6d8
2023-04-01,130102221,USDC-WETH,0.3%,0x8ad599c3a0ff1de082011efddc58f1908eb6e6d8
2023-04-02,129561694,USDC-WETH,0.3%,0x8ad599c3a0ff1de082011efddc58f1908eb6e6d8
2023-04-03,131483146,USDC-WETH,0.3%,0x8ad599c3a0ff1de082011efddc58f1908eb6e6d8
2023-04-04,132803792,USDC-WETH,0.3%,0x8ad599c3a0ff1de082011efddc58f1908eb6e6d8
2023-04-05,116997768,USDC-WETH,0.3%,0x8ad599c3a0ff1de082011efddc58f1908eb6e6d8
2023-04-06,115917774,USDC-WETH,0.3%,0x8ad599c3a0ff1de082011efddc58f1908eb6e6d8
2023-04-07,115786243,USDC-WETH,0.3%,0x8ad599c3a0ff1de082011efddc58f1908eb6e6d8
2023-04-08,115339001,USDC-WETH,0.3%,0x8ad599c3a0ff1de082011efddc58f1908eb6e6d8
2023-04-09,115995978,USDC-WETH,0.3%,0x8ad599c3a0ff1de082011efddc58f1908eb6e6d8
2023-04-10,116780359,USDC-WETH,0.3%,0x8ad599c3a0ff1de082011efddc58f1908eb6e6d8
2023-04-11,116241283,USDC-WETH,0.3%,0x8ad599c3a0ff1de082011efddc58f1908eb6e6d8
2023-04-12,115620085,USDC-WETH,0.3%,0x8ad599c3a0ff1de082011efddc58f1908eb6e6d8
2023-04-13,116638661,USDC-WETH,0.3%,0x8ad599c3a0ff1de082011efddc58f1908eb6e6d8
2023-04-14,118134433,USDC-WETH,0.3%,0x8ad599c3a0ff1de082011efddc58f1908eb6e6d8
2023-04-15,115709896,USDC-WETH,0.3%,0x8ad599c3a0ff1de082011efddc58f1908eb6e6d8
2023-04-16,116915090,USDC-WETH,0.3%,0x8ad599c3a0ff1de082011efddc58f1908eb6e6d8
2023-04-17,115828361,USDC-WETH,0.3%,0x8ad599c3a0ff1de082011efddc58f1908eb6e6d8
2023-04-18,101171611,USDC-WETH,0.3%,0x8ad599c3a0ff1de082011efddc58f1908eb6e6d8
2023-04-19,102744880,USDC-WETH,0.3%,0x8ad599c3a0ff1de082011efddc58f1908eb6e6d8
2023-04-20,124544354,USDC-WETH,0.3%,0x8ad599c3a0ff1de082011efddc58f1908eb6e6d8
2023-04-21,134342677,USDC-WETH,0.3%,0x8ad599c3a0ff1de082011efddc58f1908eb6e6d8
2023-04-22,134795367,USDC-WETH,0.3%,0x8ad599c3a0ff1de082011efddc58f1908eb6e6d8
2023-04-23,134435195,USDC-WETH,0.3%,0x8ad599c3a0ff1de082011efddc58f1908eb6e6d8
2023-04-24,132958361,USDC-WETH,0.3%,0x8ad599c3a0ff1de082011efddc58f1908eb6e6d8
2023-04-25,135480071,USDC-WETH,0.3%,0x8ad599c3a0ff1de082011efddc58f1908eb6e6d8
2023-04-26,134717462,USDC-WETH,0.3%,0x8ad599c3a0ff1de082011efddc58f1908eb6e6d8
2023-04-27,99820988,USDC-WETH,0.3%,0x8ad599c3a0ff1de082011efddc58f1908eb6e6d8
2023-04-28,98987645,USDC-WETH,0.3%,0x8ad599c3a0ff1de082011efddc58f1908eb6e6d8
2023-04-29,98674723,USDC-WETH,0.3%,0x8ad599c3a0ff1de082011efddc58f1908eb6e6d8
2023-04-30,98598869,USDC-WETH,0.3%,0x8ad599c3a0ff1de082011efddc58f1908eb6e6d8
2023-05-01,96940677,USDC-WETH,0.3%,0x8ad599c3a0ff1de082011efddc58f1908eb6e6d8
2023-05-02,98654854,USDC-WETH,0.3%,0x8ad599c3a0ff1de082011efddc58f1908eb6e6d8
2023-05-03,99517536,USDC-WETH,0.3%,0x8ad599c3a0ff1de082011efddc58f1908eb6e6d8
2023-05-04,95578816,USDC-WETH,0.3%,0x8ad599c3a0ff1de082011efddc58f1908eb6e6d8
2023-05-05,98596933,USDC-WETH,0.3%,0x8ad599c3a0ff1de082011efddc58f1908eb6e6d8
2023-05-06,96437084,USDC-WETH,0.3%,0x8ad599c3a0ff1de082011efddc58f1908eb6e6d8
2023-05-07,96748319,USDC-WETH,0.3%,0x8ad599c3a0ff1de082011efddc58f1908eb6e6d8
2023-05-08,94132699,USDC-WETH,0.3%,0x8ad599c3a0ff1de082011efddc58f1908eb6e6d8
2023-05-09,92812522,USDC-WETH,0.3%,0x8ad599c3a0ff1de082011efddc58f1908eb6e6d8
2023-05-10,92154720,USDC-WETH,0.3%,0x8ad599c3a0ff1de082011efddc58f1908eb6e6d8
2023-05-11,96747896,USDC-WETH,0.3%,0x8ad599c3a0ff1de082011efddc58f1908eb6e6d8
2023-05-12,98631402,USDC-WETH,0.3%,0x8ad599c3a0ff1de082011efddc58f1908eb6e6d8
2023-05-13,100483218,USDC-WETH,0.3%,0x8ad599c3a0ff1de082011efddc58f1908eb6e6d8
2023-05-14,105257589,USDC-WETH,0.3%,0x8ad599c3a0ff1de082011efddc58f1908eb6e6d8
2023-05-15,106002160,USDC-WETH,0.3%,0x8ad599c3a0ff1de082011efddc58f1908eb6e6d8
2023-05-16,105707493,USDC-WETH,0.3%,0x8ad599c3a0ff1de082011efddc58f1908eb6e6d8
2023-05-17,105470651,USDC-WETH,0.3%,0x8ad599c3a0ff1de082011efddc58f1908eb6e6d8
2023-05-18,105118980,USDC-WETH,0.3%,0x8ad599c3a0ff1de082011efddc58f1908eb6e6d8
2023-05-19,98299194,USDC-WETH,0.3%,0x8ad599c3a0ff1de082011efddc58f1908eb6e6d8
2023-05-20,98712846,USDC-WETH,0.3%,0x8ad599c3a0ff1de082011efddc58f1908eb6e6d8
2023-05-21,98257463,USDC-WETH,0.3%,0x8ad599c3a0ff1de082011efddc58f1908eb6e6d8
2023-05-22,101581621,USDC-WETH,0.3%,0x8ad599c3a0ff1de082011efddc58f1908eb6e6d8
2023-05-23,102259704,USDC-WETH,0.3%,0x8ad599c3a0ff1de082011efddc58f1908eb6e6d8
2023-05-24,104193447,USDC-WETH,0.3%,0x8ad599c3a0ff1de082011efddc58f1908eb6e6d8
2023-05-25,108904875,USDC-WETH,0.3%,0x8ad599c3a0ff1de082011efddc58f1908eb6e6d8
2023-05-26,108901407,USDC-WETH,0.3%,0x8ad599c3a0ff1de082011efddc58f1908eb6e6d8
2023-05-27,101559634,USDC-WETH,0.3%,0x8ad599c3a0ff1de082011efddc58f1908eb6e6d8
2023-05-28,103350115,USDC-WETH,0.3%,0x8ad599c3a0ff1de082011efddc58f1908eb6e6d8
2023-05-29,92308326,USDC-WETH,0.3%,0x8ad599c3a0ff1de082011efddc58f1908eb6e6d8
2023-05-30,92583607,USDC-WETH,0.3%,0x8ad599c3a0ff1de082011efddc58f1908eb6e6d8
2023-05-31,92517916,USDC-WETH,0.3%,0x8ad599c3a0ff1de082011efddc58f1908eb6e6d8
2023-06-01,92505802,USDC-WETH,0.3%,0x8ad599c3a0ff1de082011efddc58f1908eb6e6d8
2023-06-02,93697902,USDC-WETH,0.3%,0x8ad599c3a0ff1de082011efddc58f1908eb6e6d8
2023-06-03,93199027,USDC-WETH,0.3%,0x8ad599c3a0ff1de082011efddc58f1908eb6e6d8
2023-06-04,92353969,USDC-WETH,0.3%,0x8ad599c3a0ff1de082011efddc58f1908eb6e6d8
2023-06-05,90672068,USDC-WETH,0.3%,0x8ad599c3a0ff1de082011efddc58f1908eb6e6d8
2023-06-06,82715208,USDC-WETH,0.3%,0x8ad599c3a0ff1de082011efddc58f1908eb6e6d8
2023-06-07,81763105,USDC-WETH,0.3%,0x8ad599c3a0ff1de082011efddc58f1908eb6e6d8
2023-06-08,81366052,USDC-WETH,0.3%,0x8ad599c3a0ff1de082011efddc58f1908eb6e6d8
2023-06-09,87781946,USDC-WETH,0.3%,0x8ad599c3a0ff1de082011efddc58f1908eb6e6d8
2023-06-10,85997266,USDC-WETH,0.3%,0x8ad599c3a0ff1de082011efddc58f1908eb6e6d8
2023-06-11,86433851,USDC-WETH,0.3%,0x8ad599c3a0ff1de082011efddc58f1908eb6e6d8
2023-06-12,86247050,USDC-WETH,0.3%,0x8ad599c3a0ff1de082011efddc58f1908eb6e6d8
2023-06-13,86036264,USDC-WETH,0.3%,0x8ad599c3a0ff1de082011efddc58f1908eb6e6d8
2023-06-14,83958644,USDC-WETH,0.3%,0x8ad599c3a0ff1de082011efddc58f1908eb6e6d8
2023-06-15,83883130,USDC-WETH,0.3%,0x8ad599c3a0ff1de082011efddc58f1908eb6e6d8
2023-06-16,84587519,USDC-WETH,0.3%,0x8ad599c3a0ff1de082011efddc58f1908eb6e6d8
2023-06-17,84760610,USDC-WETH,0.3%,0x8ad599c3a0ff1de082011efddc58f1908eb6e6d8
2023-06-18,84330870,USDC-WETH,0.3%,0x8ad599c3a0ff1de082011efddc58f1908eb6e6d8
2023-06-19,84525435,USDC-WETH,0.3%,0x8ad599c3a0ff1de082011efddc58f1908eb6e6d8
2023-06-20,87051048,USDC-WETH,0.3%,0x8ad599c3a0ff1de082011efddc58f1908eb6e6d8
2023-06-21,88545376,USDC-WETH,0.3%,0x8ad599c3a0ff1de082011efddc58f1908eb6e6d8
2023-06-22,87533787,USDC-WETH,0.3%,0x8ad599c3a0ff1de082011efddc58f1908eb6e6d8
2023-06-23,87866675,USDC-WETH,0.3%,0x8ad599c3a0ff1de082011efddc58f1908eb6e6d8
2023-06-24,87353481,USDC-WETH,0.3%,0x8ad599c3a0ff1de082011efddc58f1908eb6e6d8
2023-06-25,87836242,USDC-WETH,0.3%,0x8ad599c3a0ff1de082011efddc58f1908eb6e6d8
2023-06-26,86959488,USDC-WETH,0.3%,0x8ad599c3a0ff1de082011efddc58f1908eb6e6d8
2023-06-27,87551870,USDC-WETH,0.3%,0x8ad599c3a0ff1de082011efddc58f1908eb6e6d8
2023-06-28,86103762,USDC-WETH,0.3%,0x8ad599c3a0ff1de082011efddc58f1908eb6e6d8
2023-06-29,86871347,USDC-WETH,0.3%,0x8ad599c3a0ff1de082011efddc58f1908eb6e6d8
2023-06-30,89792420,USDC-WETH,0.3%,0x8ad599c3a0ff1de082011efddc58f1908eb6e6d8
2023-07-01,89821136,USDC-WETH,0.3%,0x8ad599c3a0ff1de082011efddc58f1908eb6e6d8
2023-07-02,90129500,USDC-WETH,0.3%,0x8ad599c3a0ff1de082011efddc58f1908eb6e6d8
2023-07-03,90446049,USDC-WETH,0.3%,0x8ad599c3a0ff1de082011efddc58f1908eb6e6d8
2023-07-04,90141427,USDC-WETH,0.3%,0x8ad599c3a0ff1de082011efddc58f1908eb6e6d8
2023-07-05,89121101,USDC-WETH,0.3%,0x8ad599c3a0ff1de082011efddc58f1908eb6e6d8
2023-07-06,88351623,USDC-WETH,0.3%,0x8ad599c3a0ff1de082011efddc58f1908eb6e6d8
2023-07-07,88239385,USDC-WETH,0.3%,0x8ad599c3a0ff1de082011efddc58f1908eb6e6d8
2023-07-08,88293980,USDC-WETH,0.3%,0x8ad599c3a0ff1de082011efddc58f1908eb6e6d8
2023-07-09,88389866,USDC-WETH,0.3%,0x8ad599c3a0ff1de082011efddc58f1908eb6e6d8
2023-07-10,88354358,USDC-WETH,0.3%,0x8ad599c3a0ff1de082011efddc58f1908eb6e6d8
2023-07-11,88726413,USDC-WETH,0.3%,0x8ad599c3a0ff1de082011efddc58f1908eb6e6d8
2023-07-12,88442953,USDC-WETH,0.3%,0x8ad599c3a0ff1de082011efddc58f1908eb6e6d8
2023-07-13,97692493,USDC-WETH,0.3%,0x8ad599c3a0ff1de082011efddc58f1908eb6e6d8
2023-07-14,88942755,USDC-WETH,0.3%,0x8ad599c3a0ff1de082011efddc58f1908eb6e6d8
2023-07-15,89210580,USDC-WETH,0.3%,0x8ad599c3a0ff1de082011efddc58f1908eb6e6d8
2023-07-16,88917646,USDC-WETH,0.3%,0x8ad599c3a0ff1de082011efddc58f1908eb6e6d8
2023-07-17,90188485,USDC-WETH,0.3%,0x8ad599c3a0ff1de082011efddc58f1908eb6e6d8
2023-07-18,90022405,USDC-WETH,0.3%,0x8ad599c3a0ff1de082011efddc58f1908eb6e6d8
2023-07-19,96444593,USDC-WETH,0.3%,0x8ad599c3a0ff1de082011efddc58f1908eb6e6d8
2023-07-20,96593866,USDC-WETH,0.3%,0x8ad599c3a0ff1de082011efddc58f1908eb6e6d8
2023-07-21,96553370,USDC-WETH,0.3%,0x8ad599c3a0ff1de082011efddc58f1908eb6e6d8
2023-07-22,96341941,USDC-WETH,0.3%,0x8ad599c3a0ff1de082011efddc58f1908eb6e6d8
2023-07-23,96462186,USDC-WETH,0.3%,0x8ad599c3a0ff1de082011efddc58f1908eb6e6d8
2023-07-24,95222832,USDC-WETH,0.3%,0x8ad599c3a0ff1de082011efddc58f1908eb6e6d8
2023-07-25,95544368,USDC-WETH,0.3%,0x8ad599c3a0ff1de082011efddc58f1908eb6e6d8
2023-07-26,95632249,USDC-WETH,0.3%,0x8ad599c3a0ff1de082011efddc58f1908eb6e6d8
2023-07-27,95208763,USDC-WETH,0.3%,0x8ad599c3a0ff1de082011efddc58f1908eb6e6d8
2023-07-28,95714452,USDC-WETH,0.3%,0x8ad599c3a0ff1de082011efddc58f1908eb6e6d8
2023-07-29,95819989,USDC-WETH,0.3%,0x8ad599c3a0ff1de082011efddc58f1908eb6e6d8
2023-07-30,95197219,USDC-WETH,0.3%,0x8ad599c3a0ff1de082011efddc58f1908eb6e6d8
2023-07-31,94967034,USDC-WETH,0.3%,0x8ad599c3a0ff1de082011efddc58f1908eb6e6d8
2023-08-01,95018832,USDC-WETH,0.3%,0x8ad599c3a0ff1de082011efddc58f1908eb6e6d8
2023-08-02,94880366,USDC-WETH,0.3%,0x8ad599c3a0ff1de082011efddc58f1908eb6e6d8
2023-08-03,94810733,USDC-WETH,0.3%,0x8ad599c3a0ff1de082011efddc58f1908eb6e6d8
2023-08-04,93189771,USDC-WETH,0.3%,0x8ad599c3a0ff1de082011efddc58f1908eb6e6d8
2023-08-05,93363366,USDC-WETH,0.3%,0x8ad599c3a0ff1de082011efddc58f1908eb6e6d8
2023-08-06,93158405,USDC-WETH,0.3%,0x8ad599c3a0ff1de082011efddc58f1908eb6e6d8
2023-08-07,92993120,USDC-WETH,0.3%,0x8ad599c3a0ff1de082011efddc58f1908eb6e6d8
2023-08-08,96430188,USDC-WETH,0.3%,0x8ad599c3a0ff1de082011efddc58f1908eb6e6d8
2023-08-29,62296034,USDC-WETH,0.3%,0x8ad599c3a0ff1de082011efddc58f1908eb6e6d8
2023-08-30,61970817,USDC-WETH,0.3%,0x8ad599c3a0ff1de082011efddc58f1908eb6e6d8
2023-08-31,60444344,USDC-WETH,0.3%,0x8ad599c3a0ff1de082011efddc58f1908eb6e6d8
2023-09-01,60331985,USDC-WETH,0.3%,0x8ad599c3a0ff1de082011efddc58f1908eb6e6d8
2023-09-04,59717870,USDC-WETH,0.3%,0x8ad599c3a0ff1de082011efddc58f1908eb6e6d8
2023-09-05,59973851,USDC-WETH,0.3%,0x8ad599c3a0ff1de082011efddc58f1908eb6e6d8
2023-09-06,59898732,USDC-WETH,0.3%,0x8ad599c3a0ff1de082011efddc58f1908eb6e6d8
2023-09-07,60329416,USDC-WETH,0.3%,0x8ad599c3a0ff1de082011efddc58f1908eb6e6d8
2023-09-08,59956977,USDC-WETH,0.3%,0x8ad599c3a0ff1de082011efddc58f1908eb6e6d8
2023-09-09,60056245,USDC-WETH,0.3%,0x8ad599c3a0ff1de082011efddc58f1908eb6e6d8
2023-09-10,59517079,USDC-WETH,0.3%,0x8ad599c3a0ff1de082011efddc58f1908eb6e6d8
2023-09-11,58112122,USDC-WETH,0.3%,0x8ad599c3a0ff1de082011efddc58f1908eb6e6d8
2023-09-12,59123878,USDC-WETH,0.3%,0x8ad599c3a0ff1de082011efddc58f1908eb6e6d8
2023-09-13,59420194,USDC-WETH,0.3%,0x8ad599c3a0ff1de082011efddc58f1908eb6e6d8
2023-09-14,59800081,USDC-WETH,0.3%,0x8ad599c3a0ff1de082011efddc58f1908eb6e6d8
2023-09-15,60210689,USDC-WETH,0.3%,0x8ad599c3a0ff1de082011efddc58f1908eb6e6d8
2023-09-16,59895843,USDC-WETH,0.3%,0x8ad599c3a0ff1de082011efddc58f1908eb6e6d8
2023-09-17,59464869,USDC-WETH,0.3%,0x8ad599c3a0ff1de082011efddc58f1908eb6e6d8
2023-09-18,59981248,USDC-WETH,0.3%,0x8ad599c3a0ff1de082011efddc58f1908eb6e6d8
2023-09-19,59987599,USDC-WETH,0.3%,0x8ad599c3a0ff1de082011efddc58f1908eb6e6d8
2023-09-20,59514487,USDC-WETH,0.3%,0x8ad599c3a0ff1de082011efddc58f1908eb6e6d8
2023-09-21,58958820,USDC-WETH,0.3%,0x8ad599c3a0ff1de082011efddc58f1908eb6e6d8
2023-09-22,58902540,USDC-WETH,0.3%,0x8ad599c3a0ff1de082011efddc58f1908eb6e6d8
2023-09-23,58835483,USDC-WETH,0.3%,0x8ad599c3a0ff1de082011efddc58f1908eb6e6d8
2023-09-24,58821084,USDC-WETH,0.3%,0x8ad599c3a0ff1de082011efddc58f1908eb6e6d8
2023-09-25,58006535,USDC-WETH,0.3%,0x8ad599c3a0ff1de082011efddc58f1908eb6e6d8
2023-09-26,57837185,USDC-WETH,0.3%,0x8ad599c3a0ff1de082011efddc58f1908eb6e6d8
2023-09-27,58039191,USDC-WETH,0.3%,0x8ad599c3a0ff1de082011efddc58f1908eb6e6d8
2023-09-28,59299026,USDC-WETH,0.3%,0x8ad599c3a0ff1de082011efddc58f1908eb6e6d8
2023-09-29,59682288,USDC-WETH,0.3%,0x8ad599c3a0ff1de082011efddc58f1908eb6e6d8
2023-09-30,59907509,USDC-WETH,0.3%,0x8ad599c3a0ff1de082011efddc58f1908eb6e6d8
2023-10-01,61086756,USDC-WETH,0.3%,0x8ad599c3a0ff1de082011efddc58f1908eb6e6d8
2023-10-02,65692403,USDC-WETH,0.3%,0x8ad599c3a0ff1de082011efddc58f1908eb6e6d8
2023-10-03,65588304,USDC-WETH,0.3%,0x8ad599c3a0ff1de082011efddc58f1908eb6e6d8
2023-10-04,65455154,USDC-WETH,0.3%,0x8ad599c3a0ff1de082011efddc58f1908eb6e6d8
2023-10-05,64923742,USDC-WETH,0.3%,0x8ad599c3a0ff1de082011efddc58f1908eb6e6d8
2023-10-06,66259804,USDC-WETH,0.3%,0x8ad599c3a0ff1de082011efddc58f1908eb6e6d8
2023-10-07,65345521,USDC-WETH,0.3%,0x8ad599c3a0ff1de082011efddc58f1908eb6e6d8
2023-10-08,67054398,USDC-WETH,0.3%,0x8ad599c3a0ff1de082011efddc58f1908eb6e6d8
2023-10-09,65608729,USDC-WETH,0.3%,0x8ad599c3a0ff1de082011efddc58f1908eb6e6d8
2023-10-10,65333427,USDC-WETH,0.3%,0x8ad599c3a0ff1de082011efddc58f1908eb6e6d8
2023-10-11,65849747,USDC-WETH,0.3%,0x8ad599c3a0ff1de082011efddc58f1908eb6e6d8
2023-10-12,64973121,USDC-WETH,0.3%,0x8ad599c3a0ff1de082011efddc58f1908eb6e6d8
2023-10-13,65624820,USDC-WETH,0.3%,0x8ad599c3a0ff1de082011efddc58f1908eb6e6d8
2023-10-14,65766223,USDC-WETH,0.3%,0x8ad599c3a0ff1de082011efddc58f1908eb6e6d8
2023-10-15,65791175,USDC-WETH,0.3%,0x8ad599c3a0ff1de082011efddc58f1908eb6e6d8
2023-10-16,66887731,USDC-WETH,0.3%,0x8ad599c3a0ff1de082011efddc58f1908eb6e6d8
2023-10-17,66164373,USDC-WETH,0.3%,0x8ad599c3a0ff1de082011efddc58f1908eb6e6d8
2023-10-18,66241714,USDC-WETH,0.3%,0x8ad599c3a0ff1de082011efddc58f1908eb6e6d8
2023-10-19,66218956,USDC-WETH,0.3%,0x8ad599c3a0ff1de082011efddc58f1908eb6e6d8
2023-10-20,67876219,USDC-WETH,0.3%,0x8ad599c3a0ff1de082011efddc58f1908eb6e6d8
2023-10-21,67894815,USDC-WETH,0.3%,0x8ad599c3a0ff1de082011efddc58f1908eb6e6d8
2023-10-22,68580773,USDC-WETH,0.3%,0x8ad599c3a0ff1de082011efddc58f1908eb6e6d8
2023-10-23,70719762,USDC-WETH,0.3%,0x8ad599c3a0ff1de082011efddc58f1908eb6e6d8
2023-10-24,69535005,USDC-WETH,0.3%,0x8ad599c3a0ff1de082011efddc58f1908eb6e6d8
2023-10-25,69717448,USDC-WETH,0.3%,0x8ad599c3a0ff1de082011efddc58f1908eb6e6d8
2023-10-26,70951890,USDC-WETH,0.3%,0x8ad599c3a0ff1de082011efddc58f1908eb6e6d8
2023-10-27,70334683,USDC-WETH,0.3%,0x8ad599c3a0ff1de082011efddc58f1908eb6e6d8
2023-10-28,73156610,USDC-WETH,0.3%,0x8ad599c3a0ff1de082011efddc58f1908eb6e6d8
2023-10-29,71110442,USDC-WETH,0.3%,0x8ad599c3a0ff1de082011efddc58f1908eb6e6d8
2023-10-30,71334336,USDC-WETH,0.3%,0x8ad599c3a0ff1de082011efddc58f1908eb6e6d8
2023-10-31,71247835,USDC-WETH,0.3%,0x8ad599c3a0ff1de082011efddc58f1908eb6e6d8
2023-11-01,72017554,USDC-WETH,0.3%,0x8ad599c3a0ff1de082011efddc58f1908eb6e6d8
2023-11-02,70795602,USDC-WETH,0.3%,0x8ad599c3a0ff1de082011efddc58f1908eb6e6d8
2023-11-03,71648827,USDC-WETH,0.3%,0x8ad599c3a0ff1de082011efddc58f1908eb6e6d8
2023-11-04,71922026,USDC-WETH,0.3%,0x8ad599c3a0ff1de082011efddc58f1908eb6e6d8
2023-11-05,72763373,USDC-WETH,0.3%,0x8ad599c3a0ff1de082011efddc58f1908eb6e6d8
2023-11-06,72899488,USDC-WETH,0.3%,0x8ad599c3a0ff1de082011efddc58f1908eb6e6d8
2023-11-07,71989649,USDC-WETH,0.3%,0x8ad599c3a0ff1de082011efddc58f1908eb6e6d8
2023-11-08,72023061,USDC-WETH,0.3%,0x8ad599c3a0ff1de082011efddc58f1908eb6e6d8
2023-11-09,72838488,USDC-WETH,0.3%,0x8ad599c3a0ff1de082011efddc58f1908eb6e6d8
2023-11-10,87992656,USDC-WETH,0.3%,0x8ad599c3a0ff1de082011efddc58f1908eb6e6d8
2023-11-11,87761611,USDC-WETH,0.3%,0x8ad599c3a0ff1de082011efddc58f1908eb6e6d8
2023-11-12,87931385,USDC-WETH,0.3%,0x8ad599c3a0ff1de082011efddc58f1908eb6e6d8
2023-11-13,88207782,USDC-WETH,0.3%,0x8ad599c3a0ff1de082011efddc58f1908eb6e6d8
2023-11-14,86070615,USDC-WETH,0.3%,0x8ad599c3a0ff1de082011efddc58f1908eb6e6d8
2023-11-15,88240838,USDC-WETH,0.3%,0x8ad599c3a0ff1de082011efddc58f1908eb6e6d8
2023-11-16,86321214,USDC-WETH,0.3%,0x8ad599c3a0ff1de082011efddc58f1908eb6e6d8
2023-11-17,83586302,USDC-WETH,0.3%,0x8ad599c3a0ff1de082011efddc58f1908eb6e6d8
2023-11-18,81869194,USDC-WETH,0.3%,0x8ad599c3a0ff1de082011efddc58f1908eb6e6d8
2023-11-19,79481103,USDC-WETH,0.3%,0x8ad599c3a0ff1de082011efddc58f1908eb6e6d8
2023-11-20,79115876,USDC-WETH,0.3%,0x8ad599c3a0ff1de082011efddc58f1908eb6e6d8
2023-11-21,77482966,USDC-WETH,0.3%,0x8ad599c3a0ff1de082011efddc58f1908eb6e6d8
2023-11-22,79857534,USDC-WETH,0.3%,0x8ad599c3a0ff1de082011efddc58f1908eb6e6d8
2023-11-23,79750153,USDC-WETH,0.3%,0x8ad599c3a0ff1de082011efddc58f1908eb6e6d8
2023-11-24,79685219,USDC-WETH,0.3%,0x8ad599c3a0ff1de082011efddc58f1908eb6e6d8
2023-11-25,84968322,USDC-WETH,0.3%,0x8ad599c3a0ff1de082011efddc58f1908eb6e6d8
2023-11-26,84848416,USDC-WETH,0.3%,0x8ad599c3a0ff1de082011efddc58f1908eb6e6d8
2023-11-27,83045874,USDC-WETH,0.3%,0x8ad599c3a0ff1de082011efddc58f1908eb6e6d8
2023-11-28,83688533,USDC-WETH,0.3%,0x8ad599c3a0ff1de082011efddc58f1908eb6e6d8
2023-11-29,83290291,USDC-WETH,0.3%,0x8ad599c3a0ff1de082011efddc58f1908eb6e6d8
2023-11-30,83503816,USDC-WETH,0.3%,0x8ad599c3a0ff1de082011efddc58f1908eb6e6d8
2023-12-01,84076634,USDC-WETH,0.3%,0x8ad599c3a0ff1de082011efddc58f1908eb6e6d8
2023-12-02,79734731,USDC-WETH,0.3%,0x8ad599c3a0ff1de082011efddc58f1908eb6e6d8
2023-12-03,79083094,USDC-WETH,0.3%,0x8ad599c3a0ff1de082011efddc58f1908eb6e6d8
2023-12-04,80672299,USDC-WETH,0.3%,0x8ad599c3a0ff1de082011efddc58f1908eb6e6d8
2023-12-05,80578320,USDC-WETH,0.3%,0x8ad599c3a0ff1de082011efddc58f1908eb6e6d8
2023-12-06,70420762,USDC-WETH,0.3%,0x8ad599c3a0ff1de082011efddc58f1908eb6e6d8
2023-12-07,69040213,USDC-WETH,0.3%,0x8ad599c3a0ff1de082011efddc58f1908eb6e6d8
2023-12-08,71571563,USDC-WETH,0.3%,0x8ad599c3a0ff1de082011efddc58f1908eb6e6d8
2023-12-09,71948841,USDC-WETH,0.3%,0x8ad599c3a0ff1de082011efddc58f1908eb6e6d8
2023-12-10,72291298,USDC-WETH,0.3%,0x8ad599c3a0ff1de082011efddc58f1908eb6e6d8
2023-12-11,71295996,USDC-WETH,0.3%,0x8ad599c3a0ff1de082011efddc58f1908eb6e6d8
2023-12-12,68724802,USDC-WETH,0.3%,0x8ad599c3a0ff1de082011efddc58f1908eb6e6d8
2023-12-13,69795070,USDC-WETH,0.3%,0x8ad599c3a0ff1de082011efddc58f1908eb6e6d8
2023-12-14,69158346,USDC-WETH,0.3%,0x8ad599c3a0ff1de082011efddc58f1908eb6e6d8
2023-12-15,68274534,USDC-WETH,0.3%,0x8ad599c3a0ff1de082011efddc58f1908eb6e6d8
2023-12-16,68512198,USDC-WETH,0.3%,0x8ad599c3a0ff1de082011efddc58f1908eb6e6d8
2023-12-17,68007725,USDC-WETH,0.3%,0x8ad599c3a0ff1de082011efddc58f1908eb6e6d8
2023-12-18,68203748,USDC-WETH,0.3%,0x8ad599c3a0ff1de082011efddc58f1908eb6e6d8
2023-12-19,67786617,USDC-WETH,0.3%,0x8ad599c3a0ff1de082011efddc58f1908eb6e6d8
2023-12-20,67854459,USDC-WETH,0.3%,0x8ad599c3a0ff1de082011efddc58f1908eb6e6d8
2023-12-21,68625693,USDC-WETH,0.3%,0x8ad599c3a0ff1de082011efddc58f1908eb6e6d8
2023-12-22,69848331,USDC-WETH,0.3%,0x8ad599c3a0ff1de082011efddc58f1908eb6e6d8
2023-12-23,70628108,USDC-WETH,0.3%,0x8ad599c3a0ff1de082011efddc58f1908eb6e6d8
2023-12-24,70322874,USDC-WETH,0.3%,0x8ad599c3a0ff1de082011efddc58f1908eb6e6d8
2023-12-25,70309610,USDC-WETH,0.3%,0x8ad599c3a0ff1de082011efddc58f1908eb6e6d8
2023-12-26,69591459,USDC-WETH,0.3%,0x8ad599c3a0ff1de082011efddc58f1908eb6e6d8
2023-12-27,71104760,USDC-WETH,0.3%,0x8ad599c3a0ff1de082011efddc58f1908eb6e6d8
2023-12-28,67626063,USDC-WETH,0.3%,0x8ad599c3a0ff1de082011efddc58f1908eb6e6d8
2023-12-29,66877166,USDC-WETH,0.3%,0x8ad599c3a0ff1de082011efddc58f1908eb6e6d8
2023-12-30,67217596,USDC-WETH,0.3%,0x8ad599c3a0ff1de082011efddc58f1908eb6e6d8
2023-12-31,66704890,USDC-WETH,0.3%,0x8ad599c3a0ff1de082011efddc58f1908eb6e6d8
2024-01-01,67566210,USDC-WETH,0.3%,0x8ad599c3a0ff1de082011efddc58f1908eb6e6d8
2024-01-02,72368234,USDC-WETH,0.3%,0x8ad599c3a0ff1de082011efddc58f1908eb6e6d8
2024-01-03,71072725,USDC-WETH,0.3%,0x8ad599c3a0ff1de082011efddc58f1908eb6e6d8
2024-01-04,71834435,USDC-WETH,0.3%,0x8ad599c3a0ff1de082011efddc58f1908eb6e6d8
2024-01-05,71669135,USDC-WETH,0.3%,0x8ad599c3a0ff1de082011efddc58f1908eb6e6d8
2024-01-06,70993019,USDC-WETH,0.3%,0x8ad599c3a0ff1de082011efddc58f1908eb6e6d8
2024-01-07,71047400,USDC-WETH,0.3%,0x8ad599c3a0ff1de082011efddc58f1908eb6e6d8
2024-01-08,73202655,USDC-WETH,0.3%,0x8ad599c3a0ff1de082011efddc58f1908eb6e6d8
2024-01-09,72903474,USDC-WETH,0.3%,0x8ad599c3a0ff1de082011efddc58f1908eb6e6d8
2024-01-10,72294885,USDC-WETH,0.3%,0x8ad599c3a0ff1de082011efddc58f1908eb6e6d8
2024-01-11,73969489,USDC-WETH,0.3%,0x8ad599c3a0ff1de082011efddc58f1908eb6e6d8
2024-01-12,77628065,USDC-WETH,0.3%,0x8ad599c3a0ff1de082011efddc58f1908eb6e6d8
2024-01-13,78612046,USDC-WETH,0.3%,0x8ad599c3a0ff1de082011efddc58f1908eb6e6d8
2024-01-14,78399339,USDC-WETH,0.3%,0x8ad599c3a0ff1de082011efddc58f1908eb6e6d8
2024-01-15,78625081,USDC-WETH,0.3%,0x8ad599c3a0ff1de082011efddc58f1908eb6e6d8
2024-01-16,79525208,USDC-WETH,0.3%,0x8ad599c3a0ff1de082011efddc58f1908eb6e6d8
2024-01-17,78512638,USDC-WETH,0.3%,0x8ad599c3a0ff1de082011efddc58f1908eb6e6d8
2024-01-18,77077755,USDC-WETH,0.3%,0x8ad599c3a0ff1de082011efddc58f1908eb6e6d8
2024-01-19,77378221,USDC-WETH,0.3%,0x8ad599c3a0ff1de082011efddc58f1908eb6e6d8
2024-01-20,77107760,USDC-WETH,0.3%,0x8ad599c3a0ff1de082011efddc58f1908eb6e6d8
2024-01-21,77159393,USDC-WETH,0.3%,0x8ad599c3a0ff1de082011efddc58f1908eb6e6d8
2024-01-22,78278359,USDC-WETH,0.3%,0x8ad599c3a0ff1de082011efddc58f1908eb6e6d8
2024-01-23,71832124,USDC-WETH,0.3%,0x8ad599c3a0ff1de082011efddc58f1908eb6e6d8
2024-01-24,72226120,USDC-WETH,0.3%,0x8ad599c3a0ff1de082011efddc58f1908eb6e6d8
2024-01-25,66709848,USDC-WETH,0.3%,0x8ad599c3a0ff1de082011efddc58f1908eb6e6d8
2024-01-26,67405287,USDC-WETH,0.3%,0x8ad599c3a0ff1de082011efddc58f1908eb6e6d8
2024-01-27,67332786,USDC-WETH,0.3%,0x8ad599c3a0ff1de082011efddc58f1908eb6e6d8
2024-01-28,66846571,USDC-WETH,0.3%,0x8ad599c3a0ff1de082011efddc58f1908eb6e6d8
2024-01-29,65028964,USDC-WETH,0.3%,0x8ad599c3a0ff1de082011efddc58f1908eb6e6d8
2024-01-30,65543558,USDC-WETH,0.3%,0x8ad599c3a0ff1de082011efddc58f1908eb6e6d8
2024-01-31,64072146,USDC-WETH,0.3%,0x8ad599c3a0ff1de082011efddc58f1908eb6e6d8
2024-02-01,64475803,USDC-WETH,0.3%,0x8ad599c3a0ff1de082011efddc58f1908eb6e6d8
2024-02-02,64505217,USDC-WETH,0.3%,0x8ad599c3a0ff1de082011efddc58f1908eb6e6d8
2024-02-03,64390245,USDC-WETH,0.3%,0x8ad599c3a0ff1de082011efddc58f1908eb6e6d8
2024-02-04,64175466,USDC-WETH,0.3%,0x8ad599c3a0ff1de082011efddc58f1908eb6e6d8
2024-02-05,64150773,USDC-WETH,0.3%,0x8ad599c3a0ff1de082011efddc58f1908eb6e6d8
2024-02-06,65227758,USDC-WETH,0.3%,0x8ad599c3a0ff1de082011efddc58f1908eb6e6d8
2024-02-07,65855509,USDC-WETH,0.3%,0x8ad599c3a0ff1de082011efddc58f1908eb6e6d8
2024-02-08,65968537,USDC-WETH,0.3%,0x8ad599c3a0ff1de082011efddc58f1908eb6e6d8
2024-02-09,72701312,USDC-WETH,0.3%,0x8ad599c3a0ff1de082011efddc58f1908eb6e6d8
2024-02-10,72737182,USDC-WETH,0.3%,0x8ad599c3a0ff1de082011efddc58f1908eb6e6d8
2024-02-11,67216271,USDC-WETH,0.3%,0x8ad599c3a0ff1de082011efddc58f1908eb6e6d8
2024-02-12,67503319,USDC-WETH,0.3%,0x8ad599c3a0ff1de082011efddc58f1908eb6e6d8
2024-02-13,55649818,USDC-WETH,0.3%,0x8ad599c3a0ff1de082011efddc58f1908eb6e6d8
2024-02-14,55907507,USDC-WETH,0.3%,0x8ad599c3a0ff1de082011efddc58f1908eb6e6d8
2024-02-15,56368254,USDC-WETH,0.3%,0x8ad599c3a0ff1de082011efddc58f1908eb6e6d8
2024-02-16,56257471,USDC-WETH,0.3%,0x8ad599c3a0ff1de082011efddc58f1908eb6e6d8
2024-02-17,56014404,USDC-WETH,0.3%,0x8ad599c3a0ff1de082011efddc58f1908eb6e6d8
2024-02-18,56494711,USDC-WETH,0.3%,0x8ad599c3a0ff1de082011efddc58f1908eb6e6d8
2024-02-19,54436224,USDC-WETH,0.3%,0x8ad599c3a0ff1de082011efddc58f1908eb6e6d8
2024-02-20,51641901,USDC-WETH,0.3%,0x8ad599c3a0ff1de082011efddc58f1908eb6e6d8
2024-02-21,128150988,USDC-WETH,0.3%,0x8ad599c3a0ff1de082011efddc58f1908eb6e6d8
2024-02-22,128126135,USDC-WETH,0.3%,0x8ad599c3a0ff1de082011efddc58f1908eb6e6d8
2024-02-23,127033719,USDC-WETH,0.3%,0x8ad599c3a0ff1de082011efddc58f1908eb6e6d8
2024-02-24,128691990,USDC-WETH,0.3%,0x8ad599c3a0ff1de082011efddc58f1908eb6e6d8
2024-02-25,121680210,USDC-WETH,0.3%,0x8ad599c3a0ff1de082011efddc58f1908eb6e6d8
2024-02-26,123109214,USDC-WETH,0.3%,0x8ad599c3a0ff1de082011efddc58f1908eb6e6d8
2024-02-27,43575606,USDC-WETH,0.3%,0x8ad599c3a0ff1de082011efddc58f1908eb6e6d8
2024-02-28,40887418,USDC-WETH,0.3%,0x8ad599c3a0ff1de082011efddc58f1908eb6e6d8
2024-02-29,39924115,USDC-WETH,0.3%,0x8ad599c3a0ff1de082011efddc58f1908eb6e6d8
2024-03-01,128842506,USDC-WETH,0.3%,0x8ad599c3a0ff1de082011efddc58f1908eb6e6d8
2024-03-02,128053936,USDC-WETH,0.3%,0x8ad599c3a0ff1de082011efddc58f1908eb6e6d8
2024-03-03,129648720,USDC-WETH,0.3%,0x8ad599c3a0ff1de082011efddc58f1908eb6e6d8
2024-03-04,133918621,USDC-WETH,0.3%,0x8ad599c3a0ff1de082011efddc58f1908eb6e6d8
2024-03-05,134472938,USDC-WETH,0.3%,0x8ad599c3a0ff1de082011efddc58f1908eb6e6d8
2024-03-06,41489413,USDC-WETH,0.3%,0x8ad599c3a0ff1de082011efddc58f1908eb6e6d8
2024-03-07,41499041,USDC-WETH,0.3%,0x8ad599c3a0ff1de082011efddc58f1908eb6e6d8
2024-03-08,46151853,USDC-WETH,0.3%,0x8ad599c3a0ff1de082011efddc58f1908eb6e6d8
2024-03-09,44003983,USDC-WETH,0.3%,0x8ad599c3a0ff1de082011efddc58f1908eb6e6d8
2024-03-10,47479269,USDC-WETH,0.3%,0x8ad599c3a0ff1de082011efddc58f1908eb6e6d8
2024-03-11,50774767,USDC-WETH,0.3%,0x8ad599c3a0ff1de082011efddc58f1908eb6e6d8
2024-03-12,49937685,USDC-WETH,0.3%,0x8ad599c3a0ff1de082011efddc58f1908eb6e6d8
2024-03-13,50208815,USDC-WETH,0.3%,0x8ad599c3a0ff1de082011efddc58f1908eb6e6d8
2024-03-14,48975719,USDC-WETH,0.3%,0x8ad599c3a0ff1de082011efddc58f1908eb6e6d8
2024-03-15,48254609,USDC-WETH,0.3%,0x8ad599c3a0ff1de082011efddc58f1908eb6e6d8
2024-03-16,46938445,USDC-WETH,0.3%,0x8ad599c3a0ff1de082011efddc58f1908eb6e6d8
2024-03-17,47459104,USDC-WETH,0.3%,0x8ad599c3a0ff1de082011efddc58f1908eb6e6d8
2024-03-18,46781710,USDC-WETH,0.3%,0x8ad599c3a0ff1de082011efddc58f1908eb6e6d8
2024-03-19,44387533,USDC-WETH,0.3%,0x8ad599c3a0ff1de082011efddc58f1908eb6e6d8
2024-03-20,81531741,USDC-WETH,0.3%,0x8ad599c3a0ff1de082011efddc58f1908eb6e6d8
2024-03-22,83874026,USDC-WETH,0.3%,0x8ad599c3a0ff1de082011efddc58f1908eb6e6d8
2024-03-23,85509988,USDC-WETH,0.3%,0x8ad599c3a0ff1de082011efddc58f1908eb6e6d8
2024-03-24,87218348,USDC-WETH,0.3%,0x8ad599c3a0ff1de082011efddc58f1908eb6e6d8
2024-03-25,88919912,USDC-WETH,0.3%,0x8ad599c3a0ff1de082011efddc58f1908eb6e6d8
2024-03-26,88939664,USDC-WETH,0.3%,0x8ad599c3a0ff1de082011efddc58f1908eb6e6d8
2024-03-27,87981430,USDC-WETH,0.3%,0x8ad599c3a0ff1de082011efddc58f1908eb6e6d8
2024-03-28,88412657,USDC-WETH,0.3%,0x8ad599c3a0ff1de082011efddc58f1908eb6e6d8
2024-03-29,86643524,USDC-WETH,0.3%,0x8ad599c3a0ff1de082011efddc58f1908eb6e6d8
2024-03-30,86985453,USDC-WETH,0.3%,0x8ad599c3a0ff1de082011efddc58f1908eb6e6d8
2024-03-31,88155599,USDC-WETH,0.3%,0x8ad599c3a0ff1de082011efddc58f1908eb6e6d8
2024-04-01,86804704,USDC-WETH,0.3%,0x8ad599c3a0ff1de082011efddc58f1908eb6e6d8
2024-04-02,84424843,USDC-WETH,0.3%,0x8ad599c3a0ff1de082011efddc58f1908eb6e6d8
2024-04-03,84507972,USDC-WETH,0.3%,0x8ad599c3a0ff1de082011efddc58f1908eb6e6d8
2024-04-04,84692899,USDC-WETH,0.3%,0x8ad599c3a0ff1de082011efddc58f1908eb6e6d8
2024-04-05,84964650,USDC-WETH,0.3%,0x8ad599c3a0ff1de082011efddc58f1908eb6e6d8
2024-04-06,85906785,USDC-WETH,0.3%,0x8ad599c3a0ff1de082011efddc58f1908eb6e6d8
2024-04-07,86363604,USDC-WETH,0.3%,0x8ad599c3a0ff1de082011efddc58f1908eb6e6d8
2024-04-08,87632199,USDC-WETH,0.3%,0x8ad599c3a0ff1de082011efddc58f1908eb6e6d8
2024-04-09,86944663,USDC-WETH,0.3%,0x8ad599c3a0ff1de082011efddc58f1908eb6e6d8
2024-04-10,83975503,USDC-WETH,0.3%,0x8ad599c3a0ff1de082011efddc58f1908eb6e6d8
2024-04-11,84302706,USDC-WETH,0.3%,0x8ad599c3a0ff1de082011efddc58f1908eb6e6d8
2024-04-12,81038235,USDC-WETH,0.3%,0x8ad599c3a0ff1de082011efddc58f1908eb6e6d8
2024-04-13,77351421,USDC-WETH,0.3%,0x8ad599c3a0ff1de082011efddc58f1908eb6e6d8
2024-04-14,82006042,USDC-WETH,0.3%,0x8ad599c3a0ff1de082011efddc58f1908eb6e6d8
2024-04-15,81693952,USDC-WETH,0.3%,0x8ad599c3a0ff1de082011efddc58f1908eb6e6d8
2024-04-16,82193027,USDC-WETH,0.3%,0x8ad599c3a0ff1de082011efddc58f1908eb6e6d8
2024-04-17,80885823,USDC-WETH,0.3%,0x8ad599c3a0ff1de082011efddc58f1908eb6e6d8
2024-04-18,81422431,USDC-WETH,0.3%,0x8ad599c3a0ff1de082011efddc58f1908eb6e6d8
2024-04-19,81556143,USDC-WETH,0.3%,0x8ad599c3a0ff1de082011efddc58f1908eb6e6d8
2024-04-20,82870477,USDC-WETH,0.3%,0x8ad599c3a0ff1de082011efddc58f1908eb6e6d8
2024-04-21,83394907,USDC-WETH,0.3%,0x8ad599c3a0ff1de082011efddc58f1908eb6e6d8
2024-04-22,79471472,USDC-WETH,0.3%,0x8ad599c3a0ff1de082011efddc58f1908eb6e6d8
2024-04-23,79896918,USDC-WETH,0.3%,0x8ad599c3a0ff1de082011efddc58f1908eb6e6d8
2024-04-24,79015359,USDC-WETH,0.3%,0x8ad599c3a0ff1de082011efddc58f1908eb6e6d8
2024-04-25,79588040,USDC-WETH,0.3%,0x8ad599c3a0ff1de082011efddc58f1908eb6e6d8
2024-04-26,79533241,USDC-WETH,0.3%,0x8ad599c3a0ff1de082011efddc58f1908eb6e6d8
2024-04-29,81931854,USDC-WETH,0.3%,0x8ad599c3a0ff1de082011efddc58f1908eb6e6d8
2024-04-30,78621664,USDC-WETH,0.3%,0x8ad599c3a0ff1de082011efddc58f1908eb6e6d8
2024-05-01,77790261,USDC-WETH,0.3%,0x8ad599c3a0ff1de082011efddc58f1908eb6e6d8
2024-05-02,80825547,USDC-WETH,0.3%,0x8ad599c3a0ff1de082011efddc58f1908eb6e6d8
2024-05-03,83604265,USDC-WETH,0.3%,0x8ad599c3a0ff1de082011efddc58f1908eb6e6d8
2024-05-04,80282689,USDC-WETH,0.3%,0x8ad599c3a0ff1de082011efddc58f1908eb6e6d8
2024-05-05,80271952,USDC-WETH,0.3%,0x8ad599c3a0ff1de082011efddc58f1908eb6e6d8
2024-05-06,79355000,USDC-WETH,0.3%,0x8ad599c3a0ff1de082011efddc58f1908eb6e6d8
2024-05-07,78517280,USDC-WETH,0.3%,0x8ad599c3a0ff1de082011efddc58f1908eb6e6d8
2024-05-08,77102036,USDC-WETH,0.3%,0x8ad599c3a0ff1de082011efddc58f1908eb6e6d8
2024-05-09,78833806,USDC-WETH,0.3%,0x8ad599c3a0ff1de082011efddc58f1908eb6e6d8
2024-05-10,75251884,USDC-WETH,0.3%,0x8ad599c3a0ff1de082011efddc58f1908eb6e6d8
2024-05-11,75503271,USDC-WETH,0.3%,0x8ad599c3a0ff1de082011efddc58f1908eb6e6d8
2024-05-12,75834195,USDC-WETH,0.3%,0x8ad599c3a0ff1de082011efddc58f1908eb6e6d8
2024-05-13,76164778,USDC-WETH,0.3%,0x8ad599c3a0ff1de082011efddc58f1908eb6e6d8
2024-05-14,74825987,USDC-WETH,0.3%,0x8ad599c3a0ff1de082011efddc58f1908eb6e6d8
2024-05-15,77444519,USDC-WETH,0.3%,0x8ad599c3a0ff1de082011efddc58f1908eb6e6d8
2024-05-16,75885887,USDC-WETH,0.3%,0x8ad599c3a0ff1de082011efddc58f1908eb6e6d8
2024-05-17,79510470,USDC-WETH,0.3%,0x8ad599c3a0ff1de082011efddc58f1908eb6e6d8
2024-05-18,85024116,USDC-WETH,0.3%,0x8ad599c3a0ff1de082011efddc58f1908eb6e6d8
2024-05-19,84089574,USDC-WETH,0.3%,0x8ad599c3a0ff1de082011efddc58f1908eb6e6d8
2024-05-20,90883698,USDC-WETH,0.3%,0x8ad599c3a0ff1de082011efddc58f1908eb6e6d8
2024-05-21,86827045,USDC-WETH,0.3%,0x8ad599c3a0ff1de082011efddc58f1908eb6e6d8
2024-05-22,86650796,USDC-WETH,0.3%,0x8ad599c3a0ff1de082011efddc58f1908eb6e6d8
2024-05-23,87528811,USDC-WETH,0.3%,0x8ad599c3a0ff1de082011efddc58f1908eb6e6d8
2024-05-24,86895584,USDC-WETH,0.3%,0x8ad599c3a0ff1de082011efddc58f1908eb6e6d8
2024-05-25,88016214,USDC-WETH,0.3%,0x8ad599c3a0ff1de082011efddc58f1908eb6e6d8
2024-05-26,88401935,USDC-WETH,0.3%,0x8ad599c3a0ff1de082011efddc58f1908eb6e6d8
2024-05-27,89356392,USDC-WETH,0.3%,0x8ad599c3a0ff1de082011efddc58f1908eb6e6d8
2024-05-28,89385893,USDC-WETH,0.3%,0x8ad599c3a0ff1de082011efddc58f1908eb6e6d8
2024-05-29,88987349,USDC-WETH,0.3%,0x8ad599c3a0ff1de082011efddc58f1908eb6e6d8
2024-05-30,89454082,USDC-WETH,0.3%,0x8ad599c3a0ff1de082011efddc58f1908eb6e6d8
2024-05-31,89767734,USDC-WETH,0.3%,0x8ad599c3a0ff1de082011efddc58f1908eb6e6d8
2024-06-01,89861347,USDC-WETH,0.3%,0x8ad599c3a0ff1de082011efddc58f1908eb6e6d8
2024-06-02,88956964,USDC-WETH,0.3%,0x8ad599c3a0ff1de082011efddc58f1908eb6e6d8
2024-06-03,89327127,USDC-WETH,0.3%,0x8ad599c3a0ff1de082011efddc58f1908eb6e6d8
2024-06-04,96638746,USDC-WETH,0.3%,0x8ad599c3a0ff1de082011efddc58f1908eb6e6d8
2024-06-05,96909762,USDC-WETH,0.3%,0x8ad599c3a0ff1de082011efddc58f1908eb6e6d8
2024-06-06,96758074,USDC-WETH,0.3%,0x8ad599c3a0ff1de082011efddc58f1908eb6e6d8
2024-06-07,96207172,USDC-WETH,0.3%,0x8ad599c3a0ff1de082011efddc58f1908eb6e6d8
2024-06-08,95947544,USDC-WETH,0.3%,0x8ad599c3a0ff1de082011efddc58f1908eb6e6d8
2024-06-09,96166693,USDC-WETH,0.3%,0x8ad599c3a0ff1de082011efddc58f1908eb6e6d8
2024-06-10,95900201,USDC-WETH,0.3%,0x8ad599c3a0ff1de082011efddc58f1908eb6e6d8
2024-06-11,93613651,USDC-WETH,0.3%,0x8ad599c3a0ff1de082011efddc58f1908eb6e6d8
2024-06-12,94464787,USDC-WETH,0.3%,0x8ad599c3a0ff1de082011efddc58f1908eb6e6d8
2024-06-13,93596477,USDC-WETH,0.3%,0x8ad599c3a0ff1de082011efddc58f1908eb6e6d8
2024-06-14,94433781,USDC-WETH,0.3%,0x8ad599c3a0ff1de082011efddc58f1908eb6e6d8
2024-06-15,95164038,USDC-WETH,0.3%,0x8ad599c3a0ff1de082011efddc58f1908eb6e6d8
2024-06-16,95688444,USDC-WETH,0.3%,0x8ad599c3a0ff1de082011efddc58f1908eb6e6d8
2024-06-17,93001156,USDC-WETH,0.3%,0x8ad599c3a0ff1de082011efddc58f1908eb6e6d8
2024-06-18,92473788,USDC-WETH,0.3%,0x8ad599c3a0ff1de082011efddc58f1908eb6e6d8
2024-06-19,93581387,USDC-WETH,0.3%,0x8ad599c3a0ff1de082011efddc58f1908eb6e6d8
2024-06-20,93193310,USDC-WETH,0.3%,0x8ad599c3a0ff1de082011efddc58f1908eb6e6d8
2024-06-21,93286378,USDC-WETH,0.3%,0x8ad599c3a0ff1de082011efddc58f1908eb6e6d8
2024-06-22,93054216,USDC-WETH,0.3%,0x8ad599c3a0ff1de082011efddc58f1908eb6e6d8
2024-06-23,91744155,USDC-WETH,0.3%,0x8ad599c3a0ff1de082011efddc58f1908eb6e6d8
2024-06-24,90534802,USDC-WETH,0.3%,0x8ad599c3a0ff1de082011efddc58f1908eb6e6d8
2024-06-25,91182419,USDC-WETH,0.3%,0x8ad599c3a0ff1de082011efddc58f1908eb6e6d8
2024-06-26,91423438,USDC-WETH,0.3%,0x8ad599c3a0ff1de082011efddc58f1908eb6e6d8
2024-06-27,92219535,USDC-WETH,0.3%,0x8ad599c3a0ff1de082011efddc58f1908eb6e6d8
2024-06-28,91445747,USDC-WETH,0.3%,0x8ad599c3a0ff1de082011efddc58f1908eb6e6d8
2024-06-29,91416843,USDC-WETH,0.3%,0x8ad599c3a0ff1de082011efddc58f1908eb6e6d8
2024-06-30,92518706,USDC-WETH,0.3%,0x8ad599c3a0ff1de082011efddc58f1908eb6e6d8
2024-07-01,92364737,USDC-WETH,0.3%,0x8ad599c3a0ff1de082011efddc58f1908eb6e6d8
2024-07-02,92242612,USDC-WETH,0.3%,0x8ad599c3a0ff1de082011efddc58f1908eb6e6d8
2024-07-03,88935702,USDC-WETH,0.3%,0x8ad599c3a0ff1de082011efddc58f1908eb6e6d8
2024-07-04,85901348,USDC-WETH,0.3%,0x8ad599c3a0ff1de082011efddc58f1908eb6e6d8
2024-07-05,71146741,USDC-WETH,0.3%,0x8ad599c3a0ff1de082011efddc58f1908eb6e6d8
2024-07-06,72724508,USDC-WETH,0.3%,0x8ad599c3a0ff1de082011efddc58f1908eb6e6d8
2024-07-07,71099002,USDC-WETH,0.3%,0x8ad599c3a0ff1de082011efddc58f1908eb6e6d8
2024-07-08,72814345,USDC-WETH,0.3%,0x8ad599c3a0ff1de082011efddc58f1908eb6e6d8
2024-07-09,73196670,USDC-WETH,0.3%,0x8ad599c3a0ff1de082011efddc58f1908eb6e6d8
2024-07-10,74698407,USDC-WETH,0.3%,0x8ad599c3a0ff1de082011efddc58f1908eb6e6d8
2024-07-11,74665665,USDC-WETH,0.3%,0x8ad599c3a0ff1de082011efddc58f1908eb6e6d8
2024-07-12,75257080,USDC-WETH,0.3%,0x8ad599c3a0ff1de082011efddc58f1908eb6e6d8
2024-07-13,76029717,USDC-WETH,0.3%,0x8ad599c3a0ff1de082011efddc58f1908eb6e6d8
2024-07-14,76821427,USDC-WETH,0.3%,0x8ad599c3a0ff1de082011efddc58f1908eb6e6d8
2024-07-15,78432230,USDC-WETH,0.3%,0x8ad599c3a0ff1de082011efddc58f1908eb6e6d8
2024-07-16,78256920,USDC-WETH,0.3%,0x8ad599c3a0ff1de082011efddc58f1908eb6e6d8
2024-07-17,77952845,USDC-WETH,0.3%,0x8ad599c3a0ff1de082011efddc58f1908eb6e6d8
2024-07-18,78374561,USDC-WETH,0.3%,0x8ad599c3a0ff1de082011efddc58f1908eb6e6d8
2024-07-19,79363778,USDC-WETH,0.3%,0x8ad599c3a0ff1de082011efddc58f1908eb6e6d8
2024-07-20,79516296,USDC-WETH,0.3%,0x8ad599c3a0ff1de082011efddc58f1908eb6e6d8
2024-07-21,79549564,USDC-WETH,0.3%,0x8ad599c3a0ff1de082011efddc58f1908eb6e6d8
2024-07-22,78918169,USDC-WETH,0.3%,0x8ad599c3a0ff1de082011efddc58f1908eb6e6d8
2024-07-23,80331343,USDC-WETH,0.3%,0x8ad599c3a0ff1de082011efddc58f1908eb6e6d8
2024-07-24,77983831,USDC-WETH,0.3%,0x8ad599c3a0ff1de082011efddc58f1908eb6e6d8
2024-07-25,76358593,USDC-WETH,0.3%,0x8ad599c3a0ff1de082011efddc58f1908eb6e6d8
2024-07-26,77789439,USDC-WETH,0.3%,0x8ad599c3a0ff1de082011efddc58f1908eb6e6d8
2024-07-27,77741857,USDC-WETH,0.3%,0x8ad599c3a0ff1de082011efddc58f1908eb6e6d8
2024-07-28,77235941,USDC-WETH,0.3%,0x8ad599c3a0ff1de082011efddc58f1908eb6e6d8
2024-07-29,79055536,USDC-WETH,0.3%,0x8ad599c3a0ff1de082011efddc58f1908eb6e6d8
2024-07-30,79450541,USDC-WETH,0.3%,0x8ad599c3a0ff1de082011efddc58f1908eb6e6d8
2024-07-31,79139701,USDC-WETH,0.3%,0x8ad599c3a0ff1de082011efddc58f1908eb6e6d8
2024-08-01,78397763,USDC-WETH,0.3%,0x8ad599c3a0ff1de082011efddc58f1908eb6e6d8
2024-08-02,75346917,USDC-WETH,0.3%,0x8ad599c3a0ff1de082011efddc58f1908eb6e6d8
2024-08-03,73099495,USDC-WETH,0.3%,0x8ad599c3a0ff1de082011efddc58f1908eb6e6d8
2024-08-04,69411394,USDC-WETH,0.3%,0x8ad599c3a0ff1de082011efddc58f1908eb6e6d8
2024-08-05,64477355,USDC-WETH,0.3%,0x8ad599c3a0ff1de082011efddc58f1908eb6e6d8
2024-08-06,66567584,USDC-WETH,0.3%,0x8ad599c3a0ff1de082011efddc58f1908eb6e6d8
2024-08-07,60767807,USDC-WETH,0.3%,0x8ad599c3a0ff1de082011efddc58f1908eb6e6d8
2024-08-08,65982658,USDC-WETH,0.3%,0x8ad599c3a0ff1de082011efddc58f1908eb6e6d8
2024-08-09,66124020,USDC-WETH,0.3%,0x8ad599c3a0ff1de082011efddc58f1908eb6e6d8
2024-08-10,67532611,USDC-WETH,0.3%,0x8ad599c3a0ff1de082011efddc58f1908eb6e6d8
2024-08-11,66945328,USDC-WETH,0.3%,0x8ad599c3a0ff1de082011efddc58f1908eb6e6d8
2024-08-12,71977105,USDC-WETH,0.3%,0x8ad599c3a0ff1de082011efddc58f1908eb6e6d8
2024-08-13,72837850,USDC-WETH,0.3%,0x8ad599c3a0ff1de082011efddc58f1908eb6e6d8
2024-08-14,71835387,USDC-WETH,0.3%,0x8ad599c3a0ff1de082011efddc58f1908eb6e6d8
2024-08-15,70027220,USDC-WETH,0.3%,0x8ad599c3a0ff1de082011efddc58f1908eb6e6d8
2024-08-16,71144902,USDC-WETH,0.3%,0x8ad599c3a0ff1de082011efddc58f1908eb6e6d8
2024-08-17,71390586,USDC-WETH,0.3%,0x8ad599c3a0ff1de082011efddc58f1908eb6e6d8
2024-08-18,72235871,USDC-WETH,0.3%,0x8ad599c3a0ff1de082011efddc58f1908eb6e6d8
2024-08-19,71740621,USDC-WETH,0.3%,0x8ad599c3a0ff1de082011efddc58f1908eb6e6d8
2024-08-20,70761231,USDC-WETH,0.3%,0x8ad599c3a0ff1de082011efddc58f1908eb6e6d8
2024-08-21,71981526,USDC-WETH,0.3%,0x8ad599c3a0ff1de082011efddc58f1908eb6e6d8
2024-08-22,71926590,USDC-WETH,0.3%,0x8ad599c3a0ff1de082011efddc58f1908eb6e6d8
2024-08-23,74447659,USDC-WETH,0.3%,0x8ad599c3a0ff1de082011efddc58f1908eb6e6d8
2024-08-24,73964375,USDC-WETH,0.3%,0x8ad599c3a0ff1de082011efddc58f1908eb6e6d8
2024-08-25,74357650,USDC-WETH,0.3%,0x8ad599c3a0ff1de082011efddc58f1908eb6e6d8
2024-08-26,72431038,USDC-WETH,0.3%,0x8ad599c3a0ff1de082011efddc58f1908eb6e6d8
2024-08-27,67431837,USDC-WETH,0.3%,0x8ad599c3a0ff1de082011efddc58f1908eb6e6d8
2024-08-28,66704094,USDC-WETH,0.3%,0x8ad599c3a0ff1de082011efddc58f1908eb6e6d8
2024-08-29,66397685,USDC-WETH,0.3%,0x8ad599c3a0ff1de082011efddc58f1908eb6e6d8
2024-08-30,66551446,USDC-WETH,0.3%,0x8ad599c3a0ff1de082011efddc58f1908eb6e6d8
2024-08-31,66755139,USDC-WETH,0.3%,0x8ad599c3a0ff1de082011efddc58f1908eb6e6d8
2024-09-01,64087159,USDC-WETH,0.3%,0x8ad599c3a0ff1de082011efddc58f1908eb6e6d8
2024-09-02,66941892,USDC-WETH,0.3%,0x8ad599c3a0ff1de082011efddc58f1908eb6e6d8
2024-09-03,65105915,USDC-WETH,0.3%,0x8ad599c3a0ff1de082011efddc58f1908eb6e6d8
2024-09-04,65252465,USDC-WETH,0.3%,0x8ad599c3a0ff1de082011efddc58f1908eb6e6d8
2024-09-05,63099981,USDC-WETH,0.3%,0x8ad599c3a0ff1de082011efddc58f1908eb6e6d8
2024-09-06,59699054,USDC-WETH,0.3%,0x8ad599c3a0ff1de082011efddc58f1908eb6e6d8
2024-09-07,60985734,USDC-WETH,0.3%,0x8ad599c3a0ff1de082011efddc58f1908eb6e6d8
2024-09-08,61643913,USDC-WETH,0.3%,0x8ad599c3a0ff1de082011efddc58f1908eb6e6d8
2024-09-09,62880704,USDC-WETH,0.3%,0x8ad599c3a0ff1de082011efddc58f1908eb6e6d8
2024-09-10,63577931,USDC-WETH,0.3%,0x8ad599c3a0ff1de082011efddc58f1908eb6e6d8
2024-09-11,62779381,USDC-WETH,0.3%,0x8ad599c3a0ff1de082011efddc58f1908eb6e6d8
2024-09-12,63320796,USDC-WETH,0.3%,0x8ad599c3a0ff1de082011efddc58f1908eb6e6d8
2024-09-13,62232612,USDC-WETH,0.3%,0x8ad599c3a0ff1de082011efddc58f1908eb6e6d8
2024-09-14,61631552,USDC-WETH,0.3%,0x8ad599c3a0ff1de082011efddc58f1908eb6e6d8
2024-09-15,59726776,USDC-WETH,0.3%,0x8ad599c3a0ff1de082011efddc58f1908eb6e6d8
2024-09-16,58503281,USDC-WETH,0.3%,0x8ad599c3a0ff1de082011efddc58f1908eb6e6d8
2024-09-17,59452527,USDC-WETH,0.3%,0x8ad599c3a0ff1de082011efddc58f1908eb6e6d8
2024-09-18,59456577,USDC-WETH,0.3%,0x8ad599c3a0ff1de082011efddc58f1908eb6e6d8
2024-09-19,62173877,USDC-WETH,0.3%,0x8ad599c3a0ff1de082011efddc58f1908eb6e6d8
2024-09-20,63629513,USDC-WETH,0.3%,0x8ad599c3a0ff1de082011efddc58f1908eb6e6d8
2024-09-21,64140652,USDC-WETH,0.3%,0x8ad599c3a0ff1de082011efddc58f1908eb6e6d8
2024-09-22,64335286,USDC-WETH,0.3%,0x8ad599c3a0ff1de082011efddc58f1908eb6e6d8
2024-09-23,65518782,USDC-WETH,0.3%,0x8ad599c3a0ff1de082011efddc58f1908eb6e6d8
2024-09-24,65786708,USDC-WETH,0.3%,0x8ad599c3a0ff1de082011efddc58f1908eb6e6d8
2024-09-25,63627236,USDC-WETH,0.3%,0x8ad599c3a0ff1de082011efddc58f1908eb6e6d8
2024-09-26,65043992,USDC-WETH,0.3%,0x8ad599c3a0ff1de082011efddc58f1908eb6e6d8
2024-09-27,66077181,USDC-WETH,0.3%,0x8ad599c3a0ff1de082011efddc58f1908eb6e6d8
2024-09-28,65556456,USDC-WETH,0.3%,0x8ad599c3a0ff1de082011efddc58f1908eb6e6d8
2024-09-29,65200696,USDC-WETH,0.3%,0x8ad599c3a0ff1de082011efddc58f1908eb6e6d8
2024-09-30,64066279,USDC-WETH,0.3%,0x8ad599c3a0ff1de082011efddc58f1908eb6e6d8
2024-10-01,61078578,USDC-WETH,0.3%,0x8ad599c3a0ff1de082011efddc58f1908eb6e6d8
2024-10-02,59503141,USDC-WETH,0.3%,0x8ad599c3a0ff1de082011efddc58f1908eb6e6d8
2024-10-03,59893434,USDC-WETH,0.3%,0x8ad599c3a0ff1de082011efddc58f1908eb6e6d8
2024-10-04,88615597,USDC-WETH,0.3%,0x8ad599c3a0ff1de082011efddc58f1908eb6e6d8
2024-10-05,59550976,USDC-WETH,0.3%,0x8ad599c3a0ff1de082011efddc58f1908eb6e6d8
2024-10-06,60528394,USDC-WETH,0.3%,0x8ad599c3a0ff1de082011efddc58f1908eb6e6d8
2024-10-07,60407046,USDC-WETH,0.3%,0x8ad599c3a0ff1de082011efddc58f1908eb6e6d8
2024-10-08,60629549,USDC-WETH,0.3%,0x8ad599c3a0ff1de082011efddc58f1908eb6e6d8
2024-10-09,59349021,USDC-WETH,0.3%,0x8ad599c3a0ff1de082011efddc58f1908eb6e6d8
2024-10-10,59412962,USDC-WETH,0.3%,0x8ad599c3a0ff1de082011efddc58f1908eb6e6d8
2024-10-11,60523488,USDC-WETH,0.3%,0x8ad599c3a0ff1de082011efddc58f1908eb6e6d8
2024-10-12,61752554,USDC-WETH,0.3%,0x8ad599c3a0ff1de082011efddc58f1908eb6e6d8
2024-10-13,61311938,USDC-WETH,0.3%,0x8ad599c3a0ff1de082011efddc58f1908eb6e6d8
2024-10-14,64471399,USDC-WETH,0.3%,0x8ad599c3a0ff1de082011efddc58f1908eb6e6d8
2024-10-15,63586995,USDC-WETH,0.3%,0x8ad599c3a0ff1de082011efddc58f1908eb6e6d8
2024-10-16,63959207,USDC-WETH,0.3%,0x8ad599c3a0ff1de082011efddc58f1908eb6e6d8
2024-10-17,63835578,USDC-WETH,0.3%,0x8ad599c3a0ff1de082011efddc58f1908eb6e6d8
2024-10-18,65231726,USDC-WETH,0.3%,0x8ad599c3a0ff1de082011efddc58f1908eb6e6d8
2024-10-19,65352801,USDC-WETH,0.3%,0x8ad599c3a0ff1de082011efddc58f1908eb6e6d8
2024-10-20,68518690,USDC-WETH,0.3%,0x8ad599c3a0ff1de082011efddc58f1908eb6e6d8
2024-10-21,67380291,USDC-WETH,0.3%,0x8ad599c3a0ff1de082011efddc58f1908eb6e6d8
2024-10-22,66925393,USDC-WETH,0.3%,0x8ad599c3a0ff1de082011efddc58f1908eb6e6d8
2024-10-23,70743354,USDC-WETH,0.3%,0x8ad599c3a0ff1de082011efddc58f1908eb6e6d8
2024-10-24,71344689,USDC-WETH,0.3%,0x8ad599c3a0ff1de082011efddc58f1908eb6e6d8
2024-10-25,61227549,USDC-WETH,0.3%,0x8ad599c3a0ff1de082011efddc58f1908eb6e6d8
2024-10-26,62236830,USDC-WETH,0.3%,0x8ad599c3a0ff1de082011efddc58f1908eb6e6d8
2024-10-27,62921668,USDC-WETH,0.3%,0x8ad599c3a0ff1de082011efddc58f1908eb6e6d8
2024-10-28,63976397,USDC-WETH,0.3%,0x8ad599c3a0ff1de082011efddc58f1908eb6e6d8
2024-10-29,64902655,USDC-WETH,0.3%,0x8ad599c3a0ff1de082011efddc58f1908eb6e6d8
2024-10-30,69719298,USDC-WETH,0.3%,0x8ad599c3a0ff1de082011efddc58f1908eb6e6d8
2024-10-31,67578862,USDC-WETH,0.3%,0x8ad599c3a0ff1de082011efddc58f1908eb6e6d8
2024-11-01,67621329,USDC-WETH,0.3%,0x8ad599c3a0ff1de082011efddc58f1908eb6e6d8
2024-11-02,67117541,USDC-WETH,0.3%,0x8ad599c3a0ff1de082011efddc58f1908eb6e6d8
2024-11-03,66430032,USDC-WETH,0.3%,0x8ad599c3a0ff1de082011efddc58f1908eb6e6d8
2024-11-04,65362762,USDC-WETH,0.3%,0x8ad599c3a0ff1de082011efddc58f1908eb6e6d8
2024-11-05,65978911,USDC-WETH,0.3%,0x8ad599c3a0ff1de082011efddc58f1908eb6e6d8
2024-11-06,74674117,USDC-WETH,0.3%,0x8ad599c3a0ff1de082011efddc58f1908eb6e6d8
2024-11-07,73506368,USDC-WETH,0.3%,0x8ad599c3a0ff1de082011efddc58f1908eb6e6d8
2024-11-08,74084567,USDC-WETH,0.3%,0x8ad599c3a0ff1de082011efddc58f1908eb6e6d8
2024-11-09,103292272,USDC-WETH,0.3%,0x8ad599c3a0ff1de082011efddc58f1908eb6e6d8
2024-11-10,104091636,USDC-WETH,0.3%,0x8ad599c3a0ff1de082011efddc58f1908eb6e6d8
2024-11-11,73350126,USDC-WETH,0.3%,0x8ad599c3a0ff1de082011efddc58f1908eb6e6d8
2024-11-12,72565065,USDC-WETH,0.3%,0x8ad599c3a0ff1de082011efddc58f1908eb6e6d8
2024-11-13,71691591,USDC-WETH,0.3%,0x8ad599c3a0ff1de082011efddc58f1908eb6e6d8
2024-11-14,93882964,USDC-WETH,0.3%,0x8ad599c3a0ff1de082011efddc58f1908eb6e6d8
2024-11-15,94334393,USDC-WETH,0.3%,0x8ad599c3a0ff1de082011efddc58f1908eb6e6d8
2024-11-16,73191298,USDC-WETH,0.3%,0x8ad599c3a0ff1de082011efddc58f1908eb6e6d8
2024-11-17,71505183,USDC-WETH,0.3%,0x8ad599c3a0ff1de082011efddc58f1908eb6e6d8
2024-11-18,83347397,USDC-WETH,0.3%,0x8ad599c3a0ff1de082011efddc58f1908eb6e6d8
2024-11-19,82575634,USDC-WETH,0.3%,0x8ad599c3a0ff1de082011efddc58f1908eb6e6d8
2024-11-20,82260949,USDC-WETH,0.3%,0x8ad599c3a0ff1de082011efddc58f1908eb6e6d8
2024-11-21,86488201,USDC-WETH,0.3%,0x8ad599c3a0ff1de082011efddc58f1908eb6e6d8
2024-11-22,85209925,USDC-WETH,0.3%,0x8ad599c3a0ff1de082011efddc58f1908eb6e6d8
2024-11-23,76095247,USDC-WETH,0.3%,0x8ad599c3a0ff1de082011efddc58f1908eb6e6d8
2024-11-24,75441521,USDC-WETH,0.3%,0x8ad599c3a0ff1de082011efddc58f1908eb6e6d8
2024-11-25,75222590,USDC-WETH,0.3%,0x8ad599c3a0ff1de082011efddc58f1908eb6e6d8
2024-11-26,75337803,USDC-WETH,0.3%,0x8ad599c3a0ff1de082011efddc58f1908eb6e6d8
2024-11-27,78178396,USDC-WETH,0.3%,0x8ad599c3a0ff1de082011efddc58f1908eb6e6d8
2024-11-28,77918656,USDC-WETH,0.3%,0x8ad599c3a0ff1de082011efddc58f1908eb6e6d8
2024-11-29,79208011,USDC-WETH,0.3%,0x8ad599c3a0ff1de082011efddc58f1908eb6e6d8
2024-11-30,79818020,USDC-WETH,0.3%,0x8ad599c3a0ff1de082011efddc58f1908eb6e6d8
2024-12-01,79852893,USDC-WETH,0.3%,0x8ad599c3a0ff1de082011efddc58f1908eb6e6d8
2024-12-02,79450962,USDC-WETH,0.3%,0x8ad599c3a0ff1de082011efddc58f1908eb6e6d8
2024-12-03,79330330,USDC-WETH,0.3%,0x8ad599c3a0ff1de082011efddc58f1908eb6e6d8
2024-12-04,78780242,USDC-WETH,0.3%,0x8ad599c3a0ff1de082011efddc58f1908eb6e6d8
2024-12-05,34372325,USDC-WETH,0.3%,0x8ad599c3a0ff1de082011efddc58f1908eb6e6d8
2024-12-06,36769511,USDC-WETH,0.3%,0x8ad599c3a0ff1de082011efddc58f1908eb6e6d8
2024-12-07,33973624,USDC-WETH,0.3%,0x8ad599c3a0ff1de082011efddc58f1908eb6e6d8
2024-12-08,33772890,USDC-WETH,0.3%,0x8ad599c3a0ff1de082011efddc58f1908eb6e6d8
2024-12-09,33242928,USDC-WETH,0.3%,0x8ad599c3a0ff1de082011efddc58f1908eb6e6d8
2024-12-10,32316237,USDC-WETH,0.3%,0x8ad599c3a0ff1de082011efddc58f1908eb6e6d8
2024-12-11,36814244,USDC-WETH,0.3%,0x8ad599c3a0ff1de082011efddc58f1908eb6e6d8
2024-12-12,33576902,USDC-WETH,0.3%,0x8ad599c3a0ff1de082011efddc58f1908eb6e6d8
2024-12-13,33580302,USDC-WETH,0.3%,0x8ad599c3a0ff1de082011efddc58f1908eb6e6d8
2024-12-14,33366623,USDC-WETH,0.3%,0x8ad599c3a0ff1de082011efddc58f1908eb6e6d8
2024-12-15,33508643,USDC-WETH,0.3%,0x8ad599c3a0ff1de082011efddc58f1908eb6e6d8
2024-12-16,33328484,USDC-WETH,0.3%,0x8ad599c3a0ff1de082011efddc58f1908eb6e6d8
2024-12-17,32507364,USDC-WETH,0.3%,0x8ad599c3a0ff1de082011efddc58f1908eb6e6d8
2024-12-18,31579224,USDC-WETH,0.3%,0x8ad599c3a0ff1de082011efddc58f1908eb6e6d8
2024-12-19,31633564,USDC-WETH,0.3%,0x8ad599c3a0ff1de082011efddc58f1908eb6e6d8
2024-12-20,32036438,USDC-WETH,0.3%,0x8ad599c3a0ff1de082011efddc58f1908eb6e6d8
2024-12-21,32238823,USDC-WETH,0.3%,0x8ad599c3a0ff1de082011efddc58f1908eb6e6d8
2024-12-22,32169851,USDC-WETH,0.3%,0x8ad599c3a0ff1de082011efddc58f1908eb6e6d8
2024-12-23,32988715,USDC-WETH,0.3%,0x8ad599c3a0ff1de082011efddc58f1908eb6e6d8
2024-12-24,33432170,USDC-WETH,0.3%,0x8ad599c3a0ff1de082011efddc58f1908eb6e6d8
2024-12-25,33404830,USDC-WETH,0.3%,0x8ad599c3a0ff1de082011efddc58f1908eb6e6d8
2024-12-26,33317627,USDC-WETH,0.3%,0x8ad599c3a0ff1de082011efddc58f1908eb6e6d8
2024-12-27,52597516,USDC-WETH,0.3%,0x8ad599c3a0ff1de082011efddc58f1908eb6e6d8
2024-12-28,52893884,USDC-WETH,0.3%,0x8ad599c3a0ff1de082011efddc58f1908eb6e6d8
2024-12-29,52349910,USDC-WETH,0.3%,0x8ad599c3a0ff1de082011efddc58f1908eb6e6d8
2024-12-30,52763589,USDC-WETH,0.3%,0x8ad599c3a0ff1de082011efddc58f1908eb6e6d8
2024-12-31,52450486,USDC-WETH,0.3%,0x8ad599c3a0ff1de082011efddc58f1908eb6e6d8
2025-01-01,52538637,USDC-WETH,0.3%,0x8ad599c3a0ff1de082011efddc58f1908eb6e6d8
2025-01-02,53059958,USDC-WETH,0.3%,0x8ad599c3a0ff1de082011efddc58f1908eb6e6d8
2025-01-03,34850560,USDC-WETH,0.3%,0x8ad599c3a0ff1de082011efddc58f1908eb6e6d8
2025-01-04,34998650,USDC-WETH,0.3%,0x8ad599c3a0ff1de082011efddc58f1908eb6e6d8
2025-01-05,34797765,USDC-WETH,0.3%,0x8ad599c3a0ff1de082011efddc58f1908eb6e6d8
2025-01-06,34931834,USDC-WETH,0.3%,0x8ad599c3a0ff1de082011efddc58f1908eb6e6d8
2025-01-07,33247197,USDC-WETH,0.3%,0x8ad599c3a0ff1de082011efddc58f1908eb6e6d8
2025-01-08,32123096,USDC-WETH,0.3%,0x8ad599c3a0ff1de082011efddc58f1908eb6e6d8
2025-01-09,31662576,USDC-WETH,0.3%,0x8ad599c3a0ff1de082011efddc58f1908eb6e6d8
2025-01-10,31166949,USDC-WETH,0.3%,0x8ad599c3a0ff1de082011efddc58f1908eb6e6d8
2025-01-11,31238089,USDC-WETH,0.3%,0x8ad599c3a0ff1de082011efddc58f1908eb6e6d8
2025-01-12,31006370,USDC-WETH,0.3%,0x8ad599c3a0ff1de082011efddc58f1908eb6e6d8
2025-01-13,30439570,USDC-WETH,0.3%,0x8ad599c3a0ff1de082011efddc58f1908eb6e6d8
2025-01-14,30914549,USDC-WETH,0.3%,0x8ad599c3a0ff1de082011efddc58f1908eb6e6d8
2025-01-15,31729832,USDC-WETH,0.3%,0x8ad599c3a0ff1de082011efddc58f1908eb6e6d8
2025-01-16,31251757,USDC-WETH,0.3%,0x8ad599c3a0ff1de082011efddc58f1908eb6e6d8
2025-01-17,33401255,USDC-WETH,0.3%,0x8ad599c3a0ff1de082011efddc58f1908eb6e6d8
2025-01-18,32567453,USDC-WETH,0.3%,0x8ad599c3a0ff1de082011efddc58f1908eb6e6d8
2025-01-19,32266417,USDC-WETH,0.3%,0x8ad599c3a0ff1de082011efddc58f1908eb6e6d8
2025-01-20,32697163,USDC-WETH,0.3%,0x8ad599c3a0ff1de082011efddc58f1908eb6e6d8
2025-01-21,32857070,USDC-WETH,0.3%,0x8ad599c3a0ff1de082011efddc58f1908eb6e6d8
2025-01-22,32455376,USDC-WETH,0.3%,0x8ad599c3a0ff1de082011efddc58f1908eb6e6d8
2025-01-23,32868179,USDC-WETH,0.3%,0x8ad599c3a0ff1de082011efddc58f1908eb6e6d8
2025-01-24,32951634,USDC-WETH,0.3%,0x8ad599c3a0ff1de082011efddc58f1908eb6e6d8
2025-01-25,32924042,USDC-WETH,0.3%,0x8ad599c3a0ff1de082011efddc58f1908eb6e6d8
2025-01-26,32677164,USDC-WETH,0.3%,0x8ad599c3a0ff1de082011efddc58f1908eb6e6d8
2025-01-27,32126793,USDC-WETH,0.3%,0x8ad599c3a0ff1de082011efddc58f1908eb6e6d8
2025-01-28,31659867,USDC-WETH,0.3%,0x8ad599c3a0ff1de082011efddc58f1908eb6e6d8
2025-01-29,33706545,USDC-WETH,0.3%,0x8ad599c3a0ff1de082011efddc58f1908eb6e6d8
2025-01-30,34170869,USDC-WETH,0.3%,0x8ad599c3a0ff1de082011efddc58f1908eb6e6d8
2025-01-31,34505989,USDC-WETH,0.3%,0x8ad599c3a0ff1de082011efddc58f1908eb6e6d8
2025-02-01,33554987,USDC-WETH,0.3%,0x8ad599c3a0ff1de082011efddc58f1908eb6e6d8
2025-02-02,30401082,USDC-WETH,0.3%,0x8ad599c3a0ff1de082011efddc58f1908eb6e6d8
2025-02-03,45670507,USDC-WETH,0.3%,0x8ad599c3a0ff1de082011efddc58f1908eb6e6d8
2025-02-04,44301040,USDC-WETH,0.3%,0x8ad599c3a0ff1de082011efddc58f1908eb6e6d8
2025-02-05,47766175,USDC-WETH,0.3%,0x8ad599c3a0ff1de082011efddc58f1908eb6e6d8
2025-02-06,47086239,USDC-WETH,0.3%,0x8ad599c3a0ff1de082011efddc58f1908eb6e6d8
2025-02-07,53019408,USDC-WETH,0.3%,0x8ad599c3a0ff1de082011efddc58f1908eb6e6d8
2025-02-08,57429697,USDC-WETH,0.3%,0x8ad599c3a0ff1de082011efddc58f1908eb6e6d8
2025-02-09,56962351,USDC-WETH,0.3%,0x8ad599c3a0ff1de082011efddc58f1908eb6e6d8
2025-02-10,58679753,USDC-WETH,0.3%,0x8ad599c3a0ff1de082011efddc58f1908eb6e6d8
2025-02-11,57750345,USDC-WETH,0.3%,0x8ad599c3a0ff1de082011efddc58f1908eb6e6d8
2025-02-12,48625189,USDC-WETH,0.3%,0x8ad599c3a0ff1de082011efddc58f1908eb6e6d8
2025-02-13,47407884,USDC-WETH,0.3%,0x8ad599c3a0ff1de082011efddc58f1908eb6e6d8
2025-02-14,48383415,USDC-WETH,0.3%,0x8ad599c3a0ff1de082011efddc58f1908eb6e6d8
2025-02-15,48278452,USDC-WETH,0.3%,0x8ad599c3a0ff1de082011efddc58f1908eb6e6d8
2025-02-16,47992010,USDC-WETH,0.3%,0x8ad599c3a0ff1de082011efddc58f1908eb6e6d8
2025-02-17,48730664,USDC-WETH,0.3%,0x8ad599c3a0ff1de082011efddc58f1908eb6e6d8
2025-02-18,48017851,USDC-WETH,0.3%,0x8ad599c3a0ff1de082011efddc58f1908eb6e6d8
2025-02-19,48761070,USDC-WETH,0.3%,0x8ad599c3a0ff1de082011efddc58f1908eb6e6d8
2025-02-20,48941458,USDC-WETH,0.3%,0x8ad599c3a0ff1de082011efddc58f1908eb6e6d8
2025-02-21,48037501,USDC-WETH,0.3%,0x8ad599c3a0ff1de082011efddc58f1908eb6e6d8
2025-02-22,49438116,USDC-WETH,0.3%,0x8ad599c3a0ff1de082011efddc58f1908eb6e6d8
2025-02-23,49764955,USDC-WETH,0.3%,0x8ad599c3a0ff1de082011efddc58f1908eb6e6d8
2025-02-24,47093964,USDC-WETH,0.3%,0x8ad599c3a0ff1de082011efddc58f1908eb6e6d8
2025-02-25,54317307,USDC-WETH,0.3%,0x8ad599c3a0ff1de082011efddc58f1908eb6e6d8
2025-02-26,46743972,USDC-WETH,0.3%,0x8ad599c3a0ff1de082011efddc58f1908eb6e6d8
2025-02-27,45356374,USDC-WETH,0.3%,0x8ad599c3a0ff1de082011efddc58f1908eb6e6d8
2025-02-28,45476858,USDC-WETH,0.3%,0x8ad599c3a0ff1de082011efddc58f1908eb6e6d8
2025-03-01,45512601,USDC-WETH,0.3%,0x8ad599c3a0ff1de082011efddc58f1908eb6e6d8
2025-03-02,50755826,USDC-WETH,0.3%,0x8ad599c3a0ff1de082011efddc58f1908eb6e6d8
2025-03-03,45598897,USDC-WETH,0.3%,0x8ad599c3a0ff1de082011efddc58f1908eb6e6d8
2025-03-04,72091843,USDC-WETH,0.3%,0x8ad599c3a0ff1de082011efddc58f1908eb6e6d8
2025-03-05,74807160,USDC-WETH,0.3%,0x8ad599c3a0ff1de082011efddc58f1908eb6e6d8
2025-03-06,74707345,USDC-WETH,0.3%,0x8ad599c3a0ff1de082011efddc58f1908eb6e6d8
2025-03-07,73726515,USDC-WETH,0.3%,0x8ad599c3a0ff1de082011efddc58f1908eb6e6d8
2025-03-08,75107417,USDC-WETH,0.3%,0x8ad599c3a0ff1de082011efddc58f1908eb6e6d8
2025-03-09,70496525,USDC-WETH,0.3%,0x8ad599c3a0ff1de082011efddc58f1908eb6e6d8
2025-03-10,66936169,USDC-WETH,0.3%,0x8ad599c3a0ff1de082011efddc58f1908eb6e6d8
2025-03-11,69149951,USDC-WETH,0.3%,0x8ad599c3a0ff1de082011efddc58f1908eb6e6d8
2025-03-12,42833786,USDC-WETH,0.3%,0x8ad599c3a0ff1de082011efddc58f1908eb6e6d8
2025-03-13,42610539,USDC-WETH,0.3%,0x8ad599c3a0ff1de082011efddc58f1908eb6e6d8
2025-03-14,43875413,USDC-WETH,0.3%,0x8ad599c3a0ff1de082011efddc58f1908eb6e6d8
2025-03-15,44059432,USDC-WETH,0.3%,0x8ad599c3a0ff1de082011efddc58f1908eb6e6d8
2025-03-16,43001922,USDC-WETH,0.3%,0x8ad599c3a0ff1de082011efddc58f1908eb6e6d8
2025-03-17,43925334,USDC-WETH,0.3%,0x8ad599c3a0ff1de082011efddc58f1908eb6e6d8
2025-03-18,43686595,USDC-WETH,0.3%,0x8ad599c3a0ff1de082011efddc58f1908eb6e6d8
2025-03-19,45842347,USDC-WETH,0.3%,0x8ad599c3a0ff1de082011efddc58f1908eb6e6d8
2025-03-20,45699316,USDC-WETH,0.3%,0x8ad599c3a0ff1de082011efddc58f1908eb6e6d8
2025-03-21,45379641,USDC-WETH,0.3%,0x8ad599c3a0ff1de082011efddc58f1908eb6e6d8
2025-03-22,45764727,USDC-WETH,0.3%,0x8ad599c3a0ff1de082011efddc58f1908eb6e6d8
2025-03-23,45881618,USDC-WETH,0.3%,0x8ad599c3a0ff1de082011efddc58f1908eb6e6d8
2025-03-24,47240398,USDC-WETH,0.3%,0x8ad599c3a0ff1de082011efddc58f1908eb6e6d8
2025-03-25,46916454,USDC-WETH,0.3%,0x8ad599c3a0ff1de082011efddc58f1908eb6e6d8
2025-03-26,46135515,USDC-WETH,0.3%,0x8ad599c3a0ff1de082011efddc58f1908eb6e6d8
2025-03-27,46219236,USDC-WETH,0.3%,0x8ad599c3a0ff1de082011efddc58f1908eb6e6d8
2025-03-28,44025190,USDC-WETH,0.3%,0x8ad599c3a0ff1de082011efddc58f1908eb6e6d8
2025-03-29,39291502,USDC-WETH,0.3%,0x8ad599c3a0ff1de082011efddc58f1908eb6e6d8
2025-03-30,39110350,USDC-WETH,0.3%,0x8ad599c3a0ff1de082011efddc58f1908eb6e6d8
2025-03-31,39887209,USDC-WETH,0.3%,0x8ad599c3a0ff1de082011efddc58f1908eb6e6d8
2025-04-01,41573415,USDC-WETH,0.3%,0x8ad599c3a0ff1de082011efddc58f1908eb6e6d8
2025-04-02,39371840,USDC-WETH,0.3%,0x8ad599c3a0ff1de082011efddc58f1908eb6e6d8
2025-04-03,39733020,USDC-WETH,0.3%,0x8ad599c3a0ff1de082011efddc58f1908eb6e6d8
2025-04-04,39717537,USDC-WETH,0.3%,0x8ad599c3a0ff1de082011efddc58f1908eb6e6d8
2025-04-05,39284627,USDC-WETH,0.3%,0x8ad599c3a0ff1de082011efddc58f1908eb6e6d8
2025-04-06,38075035,USDC-WETH,0.3%,0x8ad599c3a0ff1de082011efddc58f1908eb6e6d8
2025-04-07,35241238,USDC-WETH,0.3%,0x8ad599c3a0ff1de082011efddc58f1908eb6e6d8
2025-04-08,33208823,USDC-WETH,0.3%,0x8ad599c3a0ff1de082011efddc58f1908eb6e6d8
2025-04-09,36453726,USDC-WETH,0.3%,0x8ad599c3a0ff1de082011efddc58f1908eb6e6d8
2025-04-10,32737432,USDC-WETH,0.3%,0x8ad599c3a0ff1de082011efddc58f1908eb6e6d8
2025-04-11,33376895,USDC-WETH,0.3%,0x8ad599c3a0ff1de082011efddc58f1908eb6e6d8
2025-04-12,34433858,USDC-WETH,0.3%,0x8ad599c3a0ff1de082011efddc58f1908eb6e6d8
2025-04-13,33716291,USDC-WETH,0.3%,0x8ad599c3a0ff1de082011efddc58f1908eb6e6d8
2025-04-14,34233705,USDC-WETH,0.3%,0x8ad599c3a0ff1de082011efddc58f1908eb6e6d8
2025-04-15,33940958,USDC-WETH,0.3%,0x8ad599c3a0ff1de082011efddc58f1908eb6e6d8
2025-04-16,34371764,USDC-WETH,0.3%,0x8ad599c3a0ff1de082011efddc58f1908eb6e6d8
2025-04-17,34150017,USDC-WETH,0.3%,0x8ad599c3a0ff1de082011efddc58f1908eb6e6d8
2025-04-18,34134235,USDC-WETH,0.3%,0x8ad599c3a0ff1de082011efddc58f1908eb6e6d8
2025-04-19,34111658,USDC-WETH,0.3%,0x8ad599c3a0ff1de082011efddc58f1908eb6e6d8
2025-04-20,33826670,USDC-WETH,0.3%,0x8ad599c3a0ff1de082011efddc58f1908eb6e6d8
2025-04-21,36004871,USDC-WETH,0.3%,0x8ad599c3a0ff1de082011efddc58f1908eb6e6d8
2025-04-22,38782917,USDC-WETH,0.3%,0x8ad599c3a0ff1de082011efddc58f1908eb6e6d8
2025-04-23,45738682,USDC-WETH,0.3%,0x8ad599c3a0ff1de082011efddc58f1908eb6e6d8
2025-04-24,45195982,USDC-WETH,0.3%,0x8ad599c3a0ff1de082011efddc58f1908eb6e6d8
2025-04-25,45886985,USDC-WETH,0.3%,0x8ad599c3a0ff1de082011efddc58f1908eb6e6d8
2025-04-26,46345012,USDC-WETH,0.3%,0x8ad599c3a0ff1de082011efddc58f1908eb6e6d8
2025-04-27,46141692,USDC-WETH,0.3%,0x8ad599c3a0ff1de082011efddc58f1908eb6e6d8
2025-04-28,46285308,USDC-WETH,0.3%,0x8ad599c3a0ff1de082011efddc58f1908eb6e6d8
2025-04-29,46488899,USDC-WETH,0.3%,0x8ad599c3a0ff1de082011efddc58f1908eb6e6d8
2025-04-30,46781097,USDC-WETH,0.3%,0x8ad599c3a0ff1de082011efddc58f1908eb6e6d8
2025-05-01,47521439,USDC-WETH,0.3%,0x8ad599c3a0ff1de082011efddc58f1908eb6e6d8
2025-05-02,46642058,USDC-WETH,0.3%,0x8ad599c3a0ff1de082011efddc58f1908eb6e6d8
2025-05-03,46764915,USDC-WETH,0.3%,0x8ad599c3a0ff1de082011efddc58f1908eb6e6d8
2025-05-04,46221091,USDC-WETH,0.3%,0x8ad599c3a0ff1de082011efddc58f1908eb6e6d8
2025-05-05,46400382,USDC-WETH,0.3%,0x8ad599c3a0ff1de082011efddc58f1908eb6e6d8
2025-05-06,46198964,USDC-WETH,0.3%,0x8ad599c3a0ff1de082011efddc58f1908eb6e6d8
2025-05-07,44226715,USDC-WETH,0.3%,0x8ad599c3a0ff1de082011efddc58f1908eb6e6d8
2025-05-08,39238724,USDC-WETH,0.3%,0x8ad599c3a0ff1de082011efddc58f1908eb6e6d8
2025-05-09,34394649,USDC-WETH,0.3%,0x8ad599c3a0ff1de082011efddc58f1908eb6e6d8
2025-05-10,35745714,USDC-WETH,0.3%,0x8ad599c3a0ff1de082011efddc58f1908eb6e6d8
2025-05-11,35880054,USDC-WETH,0.3%,0x8ad599c3a0ff1de082011efddc58f1908eb6e6d8
2025-05-12,35378991,USDC-WETH,0.3%,0x8ad599c3a0ff1de082011efddc58f1908eb6e6d8
2025-05-13,54627874,USDC-WETH,0.3%,0x8ad599c3a0ff1de082011efddc58f1908eb6e6d8
2025-05-14,66167986,USDC-WETH,0.3%,0x8ad599c3a0ff1de082011efddc58f1908eb6e6d8
2025-05-15,65493381,USDC-WETH,0.3%,0x8ad599c3a0ff1de082011efddc58f1908eb6e6d8
2025-05-16,67078520,USDC-WETH,0.3%,0x8ad599c3a0ff1de082011efddc58f1908eb6e6d8
2025-05-17,65413813,USDC-WETH,0.3%,0x8ad599c3a0ff1de082011efddc58f1908eb6e6d8
2025-05-18,64809859,USDC-WETH,0.3%,0x8ad599c3a0ff1de082011efddc58f1908eb6e6d8
2025-05-19,67040086,USDC-WETH,0.3%,0x8ad599c3a0ff1de082011efddc58f1908eb6e6d8
2025-05-20,67647196,USDC-WETH,0.3%,0x8ad599c3a0ff1de082011efddc58f1908eb6e6d8
2025-05-21,68338274,USDC-WETH,0.3%,0x8ad599c3a0ff1de082011efddc58f1908eb6e6d8
2025-05-22,67317537,USDC-WETH,0.3%,0x8ad599c3a0ff1de082011efddc58f1908eb6e6d8
2025-05-23,66069890,USDC-WETH,0.3%,0x8ad599c3a0ff1de082011efddc58f1908eb6e6d8
2025-05-24,54452756,USDC-WETH,0.3%,0x8ad599c3a0ff1de082011efddc58f1908eb6e6d8
2025-05-25,54706881,USDC-WETH,0.3%,0x8ad599c3a0ff1de082011efddc58f1908eb6e6d8
2025-05-26,56281913,USDC-WETH,0.3%,0x8ad599c3a0ff1de082011efddc58f1908eb6e6d8
2025-05-27,54631712,USDC-WETH,0.3%,0x8ad599c3a0ff1de082011efddc58f1908eb6e6d8
2025-05-28,54633602,USDC-WETH,0.3%,0x8ad599c3a0ff1de082011efddc58f1908eb6e6d8
2025-05-29,54845177,USDC-WETH,0.3%,0x8ad599c3a0ff1de082011efddc58f1908eb6e6d8
2025-05-30,55864782,USDC-WETH,0.3%,0x8ad599c3a0ff1de082011efddc58f1908eb6e6d8
2025-05-31,56591622,USDC-WETH,0.3%,0x8ad599c3a0ff1de082011efddc58f1908eb6e6d8
2025-06-01,56812853,USDC-WETH,0.3%,0x8ad599c3a0ff1de082011efddc58f1908eb6e6d8
2025-06-02,57453934,USDC-WETH,0.3%,0x8ad599c3a0ff1de082011efddc58f1908eb6e6d8
2025-06-03,57822742,USDC-WETH,0.3%,0x8ad599c3a0ff1de082011efddc58f1908eb6e6d8
2025-06-04,56872977,USDC-WETH,0.3%,0x8ad599c3a0ff1de082011efddc58f1908eb6e6d8
2025-06-05,54400263,USDC-WETH,0.3%,0x8ad599c3a0ff1de082011efddc58f1908eb6e6d8
2025-06-06,55769694,USDC-WETH,0.3%,0x8ad599c3a0ff1de082011efddc58f1908eb6e6d8
2025-06-07,54437726,USDC-WETH,0.3%,0x8ad599c3a0ff1de082011efddc58f1908eb6e6d8
2025-06-08,54196210,USDC-WETH,0.3%,0x8ad599c3a0ff1de082011efddc58f1908eb6e6d8
2025-06-09,56066974,USDC-WETH,0.3%,0x8ad599c3a0ff1de082011efddc58f1908eb6e6d8
2025-06-10,57658888,USDC-WETH,0.3%,0x8ad599c3a0ff1de082011efddc58f1908eb6e6d8
2025-06-11,55061249,USDC-WETH,0.3%,0x8ad599c3a0ff1de082011efddc58f1908eb6e6d8
2025-06-12,52891114,USDC-WETH,0.3%,0x8ad599c3a0ff1de082011efddc58f1908eb6e6d8
2025-06-13,52267536,USDC-WETH,0.3%,0x8ad599c3a0ff1de082011efddc58f1908eb6e6d8
2025-06-14,52373991,USDC-WETH,0.3%,0x8ad599c3a0ff1de082011efddc58f1908eb6e6d8
2025-06-15,53053636,USDC-WETH,0.3%,0x8ad599c3a0ff1de082011efddc58f1908eb6e6d8
2025-06-16,53710678,USDC-WETH,0.3%,0x8ad599c3a0ff1de082011efddc58f1908eb6e6d8
2025-06-17,53055108,USDC-WETH,0.3%,0x8ad599c3a0ff1de082011efddc58f1908eb6e6d8
2025-06-18,53481901,USDC-WETH,0.3%,0x8ad599c3a0ff1de082011efddc58f1908eb6e6d8
2025-06-19,53937456,USDC-WETH,0.3%,0x8ad599c3a0ff1de082011efddc58f1908eb6e6d8
2025-06-20,51386925,USDC-WETH,0.3%,0x8ad599c3a0ff1de082011efddc58f1908eb6e6d8
2025-06-21,49584138,USDC-WETH,0.3%,0x8ad599c3a0ff1de082011efddc58f1908eb6e6d8
2025-06-22,31381393,USDC-WETH,0.3%,0x8ad599c3a0ff1de082011efddc58f1908eb6e6d8
2025-06-23,33459656,USDC-WETH,0.3%,0x8ad599c3a0ff1de082011efddc58f1908eb6e6d8
2025-06-24,34223092,USDC-WETH,0.3%,0x8ad599c3a0ff1de082011efddc58f1908eb6e6d8
2025-06-25,33191071,USDC-WETH,0.3%,0x8ad599c3a0ff1de082011efddc58f1908eb6e6d8
2025-06-26,33184256,USDC-WETH,0.3%,0x8ad599c3a0ff1de082011efddc58f1908eb6e6d8
2025-06-27,33285992,USDC-WETH,0.3%,0x8ad599c3a0ff1de082011efddc58f1908eb6e6d8
2025-06-28,33372477,USDC-WETH,0.3%,0x8ad599c3a0ff1de082011efddc58f1908eb6e6d8
2025-06-29,33644565,USDC-WETH,0.3%,0x8ad599c3a0ff1de082011efddc58f1908eb6e6d8
2025-06-30,33888186,USDC-WETH,0.3%,0x8ad599c3a0ff1de082011efddc58f1908eb6e6d8
2025-07-01,32740660,USDC-WETH,0.3%,0x8ad599c3a0ff1de082011efddc58f1908eb6e6d8
2025-07-02,46178258,USDC-WETH,0.3%,0x8ad599c3a0ff1de082011efddc58f1908eb6e6d8
2025-07-03,45642852,USDC-WETH,0.3%,0x8ad599c3a0ff1de082011efddc58f1908eb6e6d8
2025-07-04,44391235,USDC-WETH,0.3%,0x8ad599c3a0ff1de082011efddc58f1908eb6e6d8
2025-07-05,44394536,USDC-WETH,0.3%,0x8ad599c3a0ff1de082011efddc58f1908eb6e6d8
2025-07-06,45111221,USDC-WETH,0.3%,0x8ad599c3a0ff1de082011efddc58f1908eb6e6d8
2025-07-07,44605367,USDC-WETH,0.3%,0x8ad599c3a0ff1de082011efddc58f1908eb6e6d8
2025-07-08,42122310,USDC-WETH,0.3%,0x8ad599c3a0ff1de082011efddc58f1908eb6e6d8
2025-07-09,43432318,USDC-WETH,0.3%,0x8ad599c3a0ff1de082011efddc58f1908eb6e6d8
2025-07-10,44644345,USDC-WETH,0.3%,0x8ad599c3a0ff1de082011efddc58f1908eb6e6d8
2025-07-11,43942679,USDC-WETH,0.3%,0x8ad599c3a0ff1de082011efddc58f1908eb6e6d8
2025-07-12,43764701,USDC-WETH,0.3%,0x8ad599c3a0ff1de082011efddc58f1908eb6e6d8
2025-07-13,30914358,USDC-WETH,0.3%,0x8ad599c3a0ff1de082011efddc58f1908eb6e6d8
2025-07-14,31004479,USDC-WETH,0.3%,0x8ad599c3a0ff1de082011efddc58f1908eb6e6d8
2025-07-15,30560920,USDC-WETH,0.3%,0x8ad599c3a0ff1de082011efddc58f1908eb6e6d8
2025-07-16,29241492,USDC-WETH,0.3%,0x8ad599c3a0ff1de082011efddc58f1908eb6e6d8
2025-07-17,28765445,USDC-WETH,0.3%,0x8ad599c3a0ff1de082011efddc58f1908eb6e6d8
2025-07-18,29024191,USDC-WETH,0.3%,0x8ad599c3a0ff1de082011efddc58f1908eb6e6d8
2025-07-19,29524060,USDC-WETH,0.3%,0x8ad599c3a0ff1de082011efddc58f1908eb6e6d8
2025-07-20,29187545,USDC-WETH,0.3%,0x8ad599c3a0ff1de082011efddc58f1908eb6e6d8
2025-07-21,27942566,USDC-WETH,0.3%,0x8ad599c3a0ff1de082011efddc58f1908eb6e6d8
2025-07-22,28716708,USDC-WETH,0.3%,0x8ad599c3a0ff1de082011efddc58f1908eb6e6d8
2025-07-23,26725356,USDC-WETH,0.3%,0x8ad599c3a0ff1de082011efddc58f1908eb6e6d8
2025-07-24,27163474,USDC-WETH,0.3%,0x8ad599c3a0ff1de082011efddc58f1908eb6e6d8
2025-07-25,27310522,USDC-WETH,0.3%,0x8ad599c3a0ff1de082011efddc58f1908eb6e6d8
2025-07-26,27506070,USDC-WETH,0.3%,0x8ad599c3a0ff1de082011efddc58f1908eb6e6d8
2025-07-27,27725693,USDC-WETH,0.3%,0x8ad599c3a0ff1de082011efddc58f1908eb6e6d8
2025-07-28,26894197,USDC-WETH,0.3%,0x8ad599c3a0ff1de082011efddc58f1908eb6e6d8
2025-07-29,26857646,USDC-WETH,0.3%,0x8ad599c3a0ff1de082011efddc58f1908eb6e6d8
2025-07-30,27089854,USDC-WETH,0.3%,0x8ad599c3a0ff1de082011efddc58f1908eb6e6d8
2025-07-31,26874742,USDC-WETH,0.3%,0x8ad599c3a0ff1de082011efddc58f1908eb6e6d8
2025-08-01,25672503,USDC-WETH,0.3%,0x8ad599c3a0ff1de082011efddc58f1908eb6e6d8
2025-08-02,24630752,USDC-WETH,0.3%,0x8ad599c3a0ff1de082011efddc58f1908eb6e6d8
2025-08-03,25085643,USDC-WETH,0.3%,0x8ad599c3a0ff1de082011efddc58f1908eb6e6d8
2025-08-04,26300141,USDC-WETH,0.3%,0x8ad599c3a0ff1de082011efddc58f1908eb6e6d8
2025-08-05,25932730,USDC-WETH,0.3%,0x8ad599c3a0ff1de082011efddc58f1908eb6e6d8
2025-08-06,26190842,USDC-WETH,0.3%,0x8ad599c3a0ff1de082011efddc58f1908eb6e6d8
2025-08-07,26219441,USDC-WETH,0.3%,0x8ad599c3a0ff1de082011efddc58f1908eb6e6d8
2025-08-08,25752121,USDC-WETH,0.3%,0x8ad599c3a0ff1de082011efddc58f1908eb6e6d8
2025-08-09,24820523,USDC-WETH,0.3%,0x8ad599c3a0ff1de082011efddc58f1908eb6e6d8
2025-08-10,33710539,USDC-WETH,0.3%,0x8ad599c3a0ff1de082011efddc58f1908eb6e6d8
2025-08-11,25183483,USDC-WETH,0.3%,0x8ad599c3a0ff1de082011efddc58f1908eb6e6d8
2025-08-12,25120483,USDC-WETH,0.3%,0x8ad599c3a0ff1de082011efddc58f1908eb6e6d8
2025-08-13,25869206,USDC-WETH,0.3%,0x8ad599c3a0ff1de082011efddc58f1908eb6e6d8
2025-08-14,54787167,USDC-WETH,0.3%,0x8ad599c3a0ff1de082011efddc58f1908eb6e6d8
2025-08-15,46552621,USDC-WETH,0.3%,0x8ad599c3a0ff1de082011efddc58f1908eb6e6d8
2025-08-16,42085391,USDC-WETH,0.3%,0x8ad599c3a0ff1de082011efddc58f1908eb6e6d8
2025-08-17,37385589,USDC-WETH,0.3%,0x8ad599c3a0ff1de082011efddc58f1908eb6e6d8
2025-08-18,31559820,USDC-WETH,0.3%,0x8ad599c3a0ff1de082011efddc58f1908eb6e6d8
2025-08-19,27418924,USDC-WETH,0.3%,0x8ad599c3a0ff1de082011efddc58f1908eb6e6d8
2025-08-20,28532049,USDC-WETH,0.3%,0x8ad599c3a0ff1de082011efddc58f1908eb6e6d8
2025-08-21,28945431,USDC-WETH,0.3%,0x8ad599c3a0ff1de082011efddc58f1908eb6e6d8
2025-08-22,32963667,USDC-WETH,0.3%,0x8ad599c3a0ff1de082011efddc58f1908eb6e6d8
2025-08-23,48205761,USDC-WETH,0.3%,0x8ad599c3a0ff1de082011efddc58f1908eb6e6d8
2025-08-24,47587700,USDC-WETH,0.3%,0x8ad599c3a0ff1de082011efddc58f1908eb6e6d8
2025-08-25,45563437,USDC-WETH,0.3%,0x8ad599c3a0ff1de082011efddc58f1908eb6e6d8
2025-08-26,47669999,USDC-WETH,0.3%,0x8ad599c3a0ff1de082011efddc58f1908eb6e6d8
2025-08-27,46647167,USDC-WETH,0.3%,0x8ad599c3a0ff1de082011efddc58f1908eb6e6d8
2025-08-28,46663811,USDC-WETH,0.3%,0x8ad599c3a0ff1de082011efddc58f1908eb6e6d8
2025-08-29,48550644,USDC-WETH,0.3%,0x8ad599c3a0ff1de082011efddc58f1908eb6e6d8
2025-08-30,46769754,USDC-WETH,0.3%,0x8ad599c3a0ff1de082011efddc58f1908eb6e6d8
2025-08-31,47262747,USDC-WETH,0.3%,0x8ad599c3a0ff1de082011efddc58f1908eb6e6d8
2025-09-01,46785051,USDC-WETH,0.3%,0x8ad599c3a0ff1de082011efddc58f1908eb6e6d8
2025-09-02,46691188,USDC-WETH,0.3%,0x8ad599c3a0ff1de082011efddc58f1908eb6e6d8
2025-09-03,47652899,USDC-WETH,0.3%,0x8ad599c3a0ff1de082011efddc58f1908eb6e6d8
2025-09-04,49372057,USDC-WETH,0.3%,0x8ad599c3a0ff1de082011efddc58f1908eb6e6d8
2025-09-05,49151321,USDC-WETH,0.3%,0x8ad599c3a0ff1de082011efddc58f1908eb6e6d8
2025-09-06,51496057,USDC-WETH,0.3%,0x8ad599c3a0ff1de082011efddc58f1908eb6e6d8
2025-09-07,65346172,USDC-WETH,0.3%,0x8ad599c3a0ff1de082011efddc58f1908eb6e6d8
2025-09-08,65331520,USDC-WETH,0.3%,0x8ad599c3a0ff1de082011efddc58f1908eb6e6d8
2025-09-09,67392525,USDC-WETH,0.3%,0x8ad599c3a0ff1de082011efddc58f1908eb6e6d8
2025-09-10,65233216,USDC-WETH,0.3%,0x8ad599c3a0ff1de082011efddc58f1908eb6e6d8
2025-09-11,68341016,USDC-WETH,0.3%,0x8ad599c3a0ff1de082011efddc58f1908eb6e6d8
2025-09-12,67453305,USDC-WETH,0.3%,0x8ad599c3a0ff1de082011efddc58f1908eb6e6d8
2025-09-13,67502685,USDC-WETH,0.3%,0x8ad599c3a0ff1de082011efddc58f1908eb6e6d8
2025-09-14,66059594,USDC-WETH,0.3%,0x8ad599c3a0ff1de082011efddc58f1908eb6e6d8
2025-09-15,65363489,USDC-WETH,0.3%,0x8ad599c3a0ff1de082011efddc58f1908eb6e6d8
2025-09-16,65446470,USDC-WETH,0.3%,0x8ad599c3a0ff1de082011efddc58f1908eb6e6d8
2025-09-17,66008325,USDC-WETH,0.3%,0x8ad599c3a0ff1de082011efddc58f1908eb6e6d8
2025-09-18,73756200,USDC-WETH,0.3%,0x8ad599c3a0ff1de082011efddc58f1908eb6e6d8
2025-09-19,72865321,USDC-WETH,0.3%,0x8ad599c3a0ff1de082011efddc58f1908eb6e6d8
2025-09-20,73432243,USDC-WETH,0.3%,0x8ad599c3a0ff1de082011efddc58f1908eb6e6d8
2025-09-21,73177456,USDC-WETH,0.3%,0x8ad599c3a0ff1de082011efddc58f1908eb6e6d8
2025-09-22,72930204,USDC-WETH,0.3%,0x8ad599c3a0ff1de082011efddc58f1908eb6e6d8
2025-09-23,72810755,USDC-WETH,0.3%,0x8ad599c3a0ff1de082011efddc58f1908eb6e6d8
2025-09-24,72502585,USDC-WETH,0.3%,0x8ad599c3a0ff1de082011efddc58f1908eb6e6d8
2025-09-25,64239950,USDC-WETH,0.3%,0x8ad599c3a0ff1de082011efddc58f1908eb6e6d8
2025-09-26,65884261,USDC-WETH,0.3%,0x8ad599c3a0ff1de082011efddc58f1908eb6e6d8
2025-09-27,66811321,USDC-WETH,0.3%,0x8ad599c3a0ff1de082011efddc58f1908eb6e6d8
2025-09-28,66230355,USDC-WETH,0.3%,0x8ad599c3a0ff1de082011efddc58f1908eb6e6d8
2025-09-29,66878433,USDC-WETH,0.3%,0x8ad599c3a0ff1de082011efddc58f1908eb6e6d8
2025-09-30,58103080,USDC-WETH,0.3%,0x8ad599c3a0ff1de082011efddc58f1908eb6e6d8
2025-10-01,66942971,USDC-WETH,0.3%,0x8ad599c3a0ff1de082011efddc58f1908eb6e6d8
2025-10-02,61793692,USDC-WETH,0.3%,0x8ad599c3a0ff1de082011efddc58f1908eb6e6d8
2025-10-03,62388746,USDC-WETH,0.3%,0x8ad599c3a0ff1de082011efddc58f1908eb6e6d8
2025-10-04,62122385,USDC-WETH,0.3%,0x8ad599c3a0ff1de082011efddc58f1908eb6e6d8
2025-10-05,61404319,USDC-WETH,0.3%,0x8ad599c3a0ff1de082011efddc58f1908eb6e6d8
2025-10-06,62640737,USDC-WETH,0.3%,0x8ad599c3a0ff1de082011efddc58f1908eb6e6d8
2025-10-07,61172555,USDC-WETH,0.3%,0x8ad599c3a0ff1de082011efddc58f1908eb6e6d8
2025-10-08,62033040,USDC-WETH,0.3%,0x8ad599c3a0ff1de082011efddc58f1908eb6e6d8
2025-10-09,61146608,USDC-WETH,0.3%,0x8ad599c3a0ff1de082011efddc58f1908eb6e6d8
2025-10-10,55198729,USDC-WETH,0.3%,0x8ad599c3a0ff1de082011efddc58f1908eb6e6d8
2025-10-11,66165559,USDC-WETH,0.3%,0x8ad599c3a0ff1de082011efddc58f1908eb6e6d8
2025-10-12,72310775,USDC-WETH,0.3%,0x8ad599c3a0ff1de082011efddc58f1908eb6e6d8
2025-10-13,58404351,USDC-WETH,0.3%,0x8ad599c3a0ff1de082011efddc58f1908eb6e6d8
2025-10-14,71413869,USDC-WETH,0.3%,0x8ad599c3a0ff1de082011efddc58f1908eb6e6d8
2025-10-15,71344269,USDC-WETH,0.3%,0x8ad599c3a0ff1de082011efddc58f1908eb6e6d8
2025-10-16,70685546,USDC-WETH,0.3%,0x8ad599c3a0ff1de082011efddc58f1908eb6e6d8
2025-10-17,70542155,USDC-WETH,0.3%,0x8ad599c3a0ff1de082011efddc58f1908eb6e6d8
2025-10-18,71218655,USDC-WETH,0.3%,0x8ad599c3a0ff1de082011efddc58f1908eb6e6d8
2025-10-19,73033039,USDC-WETH,0.3%,0x8ad599c3a0ff1de082011efddc58f1908eb6e6d8
2025-10-20,73602591,USDC-WETH,0.3%,0x8ad599c3a0ff1de082011efddc58f1908eb6e6d8
2025-10-21,72911183,USDC-WETH,0.3%,0x8ad599c3a0ff1de082011efddc58f1908eb6e6d8
2025-10-22,70742394,USDC-WETH,0.3%,0x8ad599c3a0ff1de082011efddc58f1908eb6e6d8
2025-10-23,72350740,USDC-WETH,0.3%,0x8ad599c3a0ff1de082011efddc58f1908eb6e6d8
2025-10-24,73383281,USDC-WETH,0.3%,0x8ad599c3a0ff1de082011efddc58f1908eb6e6d8
2025-10-25,73590455,USDC-WETH,0.3%,0x8ad599c3a0ff1de082011efddc58f1908eb6e6d8
2025-10-26,74337758,USDC-WETH,0.3%,0x8ad599c3a0ff1de082011efddc58f1908eb6e6d8
2025-10-27,74717734,USDC-WETH,0.3%,0x8ad599c3a0ff1de082011efddc58f1908eb6e6d8
2025-10-28,81209105,USDC-WETH,0.3%,0x8ad599c3a0ff1de082011efddc58f1908eb6e6d8
2025-10-29,80244986,USDC-WETH,0.3%,0x8ad599c3a0ff1de082011efddc58f1908eb6e6d8
2025-10-30,86187645,USDC-WETH,0.3%,0x8ad599c3a0ff1de082011efddc58f1908eb6e6d8
2025-10-31,92671964,USDC-WETH,0.3%,0x8ad599c3a0ff1de082011efddc58f1908eb6e6d8
2025-11-01,93536288,USDC-WETH,0.3%,0x8ad599c3a0ff1de082011efddc58f1908eb6e6d8
2025-11-02,93539345,USDC-WETH,0.3%,0x8ad599c3a0ff1de082011efddc58f1908eb6e6d8
2025-11-03,88383780,USDC-WETH,0.3%,0x8ad599c3a0ff1de082011efddc58f1908eb6e6d8
2025-11-04,73413334,USDC-WETH,0.3%,0x8ad599c3a0ff1de082011efddc58f1908eb6e6d8
2025-11-05,71136934,USDC-WETH,0.3%,0x8ad599c3a0ff1de082011efddc58f1908eb6e6d8
2025-11-06,69815103,USDC-WETH,0.3%,0x8ad599c3a0ff1de082011efddc58f1908eb6e6d8
2025-11-07,71537095,USDC-WETH,0.3%,0x8ad599c3a0ff1de082011efddc58f1908eb6e6d8
2025-11-08,71854038,USDC-WETH,0.3%,0x8ad599c3a0ff1de082011efddc58f1908eb6e6d8
2025-11-09,75413331,USDC-WETH,0.3%,0x8ad599c3a0ff1de082011efddc58f1908eb6e6d8
2025-11-10,75013218,USDC-WETH,0.3%,0x8ad599c3a0ff1de082011efddc58f1908eb6e6d8
2025-11-11,73984339,USDC-WETH,0.3%,0x8ad599c3a0ff1de082011efddc58f1908eb6e6d8
2025-11-12,73634852,USDC-WETH,0.3%,0x8ad599c3a0ff1de082011efddc58f1908eb6e6d8
2025-11-13,70946318,USDC-WETH,0.3%,0x8ad599c3a0ff1de082011efddc58f1908eb6e6d8
2025-11-14,72272887,USDC-WETH,0.3%,0x8ad599c3a0ff1de082011efddc58f1908eb6e6d8
2025-11-15,54887446,USDC-WETH,0.3%,0x8ad599c3a0ff1de082011efddc58f1908eb6e6d8
2025-11-16,54859198,USDC-WETH,0.3%,0x8ad599c3a0ff1de082011efddc58f1908eb6e6d8
2025-11-17,54293974,USDC-WETH,0.3%,0x8ad599c3a0ff1de082011efddc58f1908eb6e6d8
2025-11-18,53103938,USDC-WETH,0.3%,0x8ad599c3a0ff1de082011efddc58f1908eb6e6d8
2025-11-19,51270906,USDC-WETH,0.3%,0x8ad599c3a0ff1de082011efddc58f1908eb6e6d8
2025-11-20,49420828,USDC-WETH,0.3%,0x8ad599c3a0ff1de082011efddc58f1908eb6e6d8
2025-11-21,35815902,USDC-WETH,0.3%,0x8ad599c3a0ff1de082011efddc58f1908eb6e6d8
2025-11-22,37641310,USDC-WETH,0.3%,0x8ad599c3a0ff1de082011efddc58f1908eb6e6d8
2025-11-23,36912502,USDC-WETH,0.3%,0x8ad599c3a0ff1de082011efddc58f1908eb6e6d8
2025-11-24,38265904,USDC-WETH,0.3%,0x8ad599c3a0ff1de082011efddc58f1908eb6e6d8
2025-11-25,33729669,USDC-WETH,0.3%,0x8ad599c3a0ff1de082011efddc58f1908eb6e6d8
2025-11-26,35484740,USDC-WETH,0.3%,0x8ad599c3a0ff1de082011efddc58f1908eb6e6d8
2025-11-27,34915253,USDC-WETH,0.3%,0x8ad599c3a0ff1de082011efddc58f1908eb6e6d8
2025-11-28,35061574,USDC-WETH,0.3%,0x8ad599c3a0ff1de082011efddc58f1908eb6e6d8
2025-11-29,34549357,USDC-WETH,0.3%,0x8ad599c3a0ff1de082011efddc58f1908eb6e6d8
2025-11-30,35302828,USDC-WETH,0.3%,0x8ad599c3a0ff1de082011efddc58f1908eb6e6d8
2025-12-01,34851804,USDC-WETH,0.3%,0x8ad599c3a0ff1de082011efddc58f1908eb6e6d8
2025-12-02,36841107,USDC-WETH,0.3%,0x8ad599c3a0ff1de082011efddc58f1908eb6e6d8
2025-12-03,37315763,USDC-WETH,0.3%,0x8ad599c3a0ff1de082011efddc58f1908eb6e6d8
2025-12-04,36037303,USDC-WETH,0.3%,0x8ad599c3a0ff1de082011efddc58f1908eb6e6d8
2025-12-05,35350394,USDC-WETH,0.3%,0x8ad599c3a0ff1de082011efddc58f1908eb6e6d8
2025-12-06,37549808,USDC-WETH,0.3%,0x8ad599c3a0ff1de082011efddc58f1908eb6e6d8
2025-12-07,37472311,USDC-WETH,0.3%,0x8ad599c3a0ff1de082011efddc58f1908eb6e6d8
2025-12-08,38123404,USDC-WETH,0.3%,0x8ad599c3a0ff1de082011efddc58f1908eb6e6d8
2025-12-09,37413594,USDC-WETH,0.3%,0x8ad599c3a0ff1de082011efddc58f1908eb6e6d8
2025-12-10,37492360,USDC-WETH,0.3%,0x8ad599c3a0ff1de082011efddc58f1908eb6e6d8
2025-12-11,37643910,USDC-WETH,0.3%,0x8ad599c3a0ff1de082011efddc58f1908eb6e6d8
2025-12-12,35812137,USDC-WETH,0.3%,0x8ad599c3a0ff1de082011efddc58f1908eb6e6d8
2025-12-13,36349242,USDC-WETH,0.3%,0x8ad599c3a0ff1de082011efddc58f1908eb6e6d8
2025-12-14,35809710,USDC-WETH,0.3%,0x8ad599c3a0ff1de082011efddc58f1908eb6e6d8
2025-12-15,34416840,USDC-WETH,0.3%,0x8ad599c3a0ff1de082011efddc58f1908eb6e6d8
2025-12-16,33395723,USDC-WETH,0.3%,0x8ad599c3a0ff1de082011efddc58f1908eb6e6d8
2025-12-17,31195368,USDC-WETH,0.3%,0x8ad599c3a0ff1de082011efddc58f1908eb6e6d8
2025-12-18,37534720,USDC-WETH,0.3%,0x8ad599c3a0ff1de082011efddc58f1908eb6e6d8
2025-12-19,37072491,USDC-WETH,0.3%,0x8ad599c3a0ff1de082011efddc58f1908eb6e6d8
2025-12-20,37359794,USDC-WETH,0.3%,0x8ad599c3a0ff1de082011efddc58f1908eb6e6d8
2025-12-21,37424960,USDC-WETH,0.3%,0x8ad599c3a0ff1de082011efddc58f1908eb6e6d8
2025-12-22,37574370,USDC-WETH,0.3%,0x8ad599c3a0ff1de082011efddc58f1908eb6e6d8
2025-12-23,37362664,USDC-WETH,0.3%,0x8ad599c3a0ff1de082011efddc58f1908eb6e6d8
2025-12-24,37472388,USDC-WETH,0.3%,0x8ad599c3a0ff1de082011efddc58f1908eb6e6d8
2025-12-25,37459904,USDC-WETH,0.3%,0x8ad599c3a0ff1de082011efddc58f1908eb6e6d8
2025-12-26,37370189,USDC-WETH,0.3%,0x8ad599c3a0ff1de082011efddc58f1908eb6e6d8
2025-12-27,37387669,USDC-WETH,0.3%,0x8ad599c3a0ff1de082011efddc58f1908eb6e6d8
2025-12-28,37093840,USDC-WETH,0.3%,0x8ad599c3a0ff1de082011efddc58f1908eb6e6d8
2025-12-29,36851510,USDC-WETH,0.3%,0x8ad599c3a0ff1de082011efddc58f1908eb6e6d8
2025-12-30,37076855,USDC-WETH,0.3%,0x8ad599c3a0ff1de082011efddc58f1908eb6e6d8
2025-12-31,36753349,USDC-WETH,0.3%,0x8ad599c3a0ff1de082011efddc58f1908eb6e6d8
2026-01-01,36856013,USDC-WETH,0.3%,0x8ad599c3a0ff1de082011efddc58f1908eb6e6d8
2026-01-02,37624506,USDC-WETH,0.3%,0x8ad599c3a0ff1de082011efddc58f1908eb6e6d8
2026-01-03,37418956,USDC-WETH,0.3%,0x8ad599c3a0ff1de082011efddc58f1908eb6e6d8
2026-01-04,42369709,USDC-WETH,0.3%,0x8ad599c3a0ff1de082011efddc58f1908eb6e6d8
2026-01-05,42957976,USDC-WETH,0.3%,0x8ad599c3a0ff1de082011efddc58f1908eb6e6d8
2026-01-06,43299225,USDC-WETH,0.3%,0x8ad599c3a0ff1de082011efddc58f1908eb6e6d8
2026-01-07,41734830,USDC-WETH,0.3%,0x8ad599c3a0ff1de082011efddc58f1908eb6e6d8
2026-01-08,41320470,USDC-WETH,0.3%,0x8ad599c3a0ff1de082011efddc58f1908eb6e6d8
2026-01-09,40947419,USDC-WETH,0.3%,0x8ad599c3a0ff1de082011efddc58f1908eb6e6d8
2026-01-10,41432872,USDC-WETH,0.3%,0x8ad599c3a0ff1de082011efddc58f1908eb6e6d8
2026-01-11,41641607,USDC-WETH,0.3%,0x8ad599c3a0ff1de082011efddc58f1908eb6e6d8
2026-01-12,41481706,USDC-WETH,0.3%,0x8ad599c3a0ff1de082011efddc58f1908eb6e6d8
2026-01-13,43547985,USDC-WETH,0.3%,0x8ad599c3a0ff1de082011efddc58f1908eb6e6d8
2026-01-14,43568862,USDC-WETH,0.3%,0x8ad599c3a0ff1de082011efddc58f1908eb6e6d8
2026-01-15,42960779,USDC-WETH,0.3%,0x8ad599c3a0ff1de082011efddc58f1908eb6e6d8
2026-01-16,43009748,USDC-WETH,0.3%,0x8ad599c3a0ff1de082011efddc58f1908eb6e6d8
2026-01-17,43078941,USDC-WETH,0.3%,0x8ad599c3a0ff1de082011efddc58f1908eb6e6d8
2026-01-18,43496221,USDC-WETH,0.3%,0x8ad599c3a0ff1de082011efddc58f1908eb6e6d8
2026-01-19,42639265,USDC-WETH,0.3%,0x8ad599c3a0ff1de082011efddc58f1908eb6e6d8
2026-01-20,39989075,USDC-WETH,0.3%,0x8ad599c3a0ff1de082011efddc58f1908eb6e6d8
2026-01-21,40818822,USDC-WETH,0.3%,0x8ad599c3a0ff1de082011efddc58f1908eb6e6d8
2026-01-22,40621372,USDC-WETH,0.3%,0x8ad599c3a0ff1de082011efddc58f1908eb6e6d8
2026-01-23,40410007,USDC-WETH,0.3%,0x8ad599c3a0ff1de082011efddc58f1908eb6e6d8
2026-01-24,40422930,USDC-WETH,0.3%,0x8ad599c3a0ff1de082011efddc58f1908eb6e6d8
2026-01-25,38918903,USDC-WETH,0.3%,0x8ad599c3a0ff1de082011efddc58f1908eb6e6d8
2026-01-26,40195517,USDC-WETH,0.3%,0x8ad599c3a0ff1de082011efddc58f1908eb6e6d8
2026-01-27,39807765,USDC-WETH,0.3%,0x8ad599c3a0ff1de082011efddc58f1908eb6e6d8
2026-01-28,39452602,USDC-WETH,0.3%,0x8ad599c3a0ff1de082011efddc58f1908eb6e6d8
2026-01-29,37432283,USDC-WETH,0.3%,0x8ad599c3a0ff1de082011efddc58f1908eb6e6d8
2026-01-30,36070418,USDC-WETH,0.3%,0x8ad599c3a0ff1de082011efddc58f1908eb6e6d8
2026-01-31,34777147,USDC-WETH,0.3%,0x8ad599c3a0ff1de082011efddc58f1908eb6e6d8
2026-02-01,33563968,USDC-WETH,0.3%,0x8ad599c3a0ff1de082011efddc58f1908eb6e6d8
2026-02-02,42651481,USDC-WETH,0.3%,0x8ad599c3a0ff1de082011efddc58f1908eb6e6d8
2026-02-03,40404241,USDC-WETH,0.3%,0x8ad599c3a0ff1de082011efddc58f1908eb6e6d8
2026-02-04,38572273,USDC-WETH,0.3%,0x8ad599c3a0ff1de082011efddc58f1908eb6e6d8
2026-02-05,20080911,USDC-WETH,0.3%,0x8ad599c3a0ff1de082011efddc58f1908eb6e6d8
2026-02-06,19745824,USDC-WETH,0.3%,0x8ad599c3a0ff1de082011efddc58f1908eb6e6d8
2026-02-07,20179093,USDC-WETH,0.3%,0x8ad599c3a0ff1de082011efddc58f1908eb6e6d8
2026-02-08,20152642,USDC-WETH,0.3%,0x8ad599c3a0ff1de082011efddc58f1908eb6e6d8
2026-02-09,20557057,USDC-WETH,0.3%,0x8ad599c3a0ff1de082011efddc58f1908eb6e6d8
2026-02-10,20117817,USDC-WETH,0.3%,0x8ad599c3a0ff1de082011efddc58f1908eb6e6d8
2026-02-11,19427138,USDC-WETH,0.3%,0x8ad599c3a0ff1de082011efddc58f1908eb6e6d8
2026-02-12,19420603,USDC-WETH,0.3%,0x8ad599c3a0ff1de082011efddc58f1908eb6e6d8
2026-02-13,19844138,USDC-WETH,0.3%,0x8ad599c3a0ff1de082011efddc58f1908eb6e6d8
2026-02-14,20151176,USDC-WETH,0.3%,0x8ad599c3a0ff1de082011efddc58f1908eb6e6d8
2026-02-15,19362305,USDC-WETH,0.3%,0x8ad599c3a0ff1de082011efddc58f1908eb6e6d8
2026-02-16,20604623,USDC-WETH,0.3%,0x8ad599c3a0ff1de082011efddc58f1908eb6e6d8
2026-02-17,20571709,USDC-WETH,0.3%,0x8ad599c3a0ff1de082011efddc58f1908eb6e6d8
2026-02-18,20321848,USDC-WETH,0.3%,0x8ad599c3a0ff1de082011efddc58f1908eb6e6d8
2026-02-19,19597483,USDC-WETH,0.3%,0x8ad599c3a0ff1de082011efddc58f1908eb6e6d8
2026-02-20,19973513,USDC-WETH,0.3%,0x8ad599c3a0ff1de082011efddc58f1908eb6e6d8
2026-02-21,19732913,USDC-WETH,0.3%,0x8ad599c3a0ff1de082011efddc58f1908eb6e6d8
2026-02-22,20716408,USDC-WETH,0.3%,0x8ad599c3a0ff1de082011efddc58f1908eb6e6d8
2026-02-23,18966022,USDC-WETH,0.3%,0x8ad599c3a0ff1de082011efddc58f1908eb6e6d8
2026-02-24,18982135,USDC-WETH,0.3%,0x8ad599c3a0ff1de082011efddc58f1908eb6e6d8
2026-02-25,20561199,USDC-WETH,0.3%,0x8ad599c3a0ff1de082011efddc58f1908eb6e6d8
2026-02-26,20354717,USDC-WETH,0.3%,0x8ad599c3a0ff1de082011efddc58f1908eb6e6d8
2026-02-27,19608960,USDC-WETH,0.3%,0x8ad599c3a0ff1de082011efddc58f1908eb6e6d8
2026-02-28,20068504,USDC-WETH,0.3%,0x8ad599c3a0ff1de082011efddc58f1908eb6e6d8
2026-03-01,19719313,USDC-WETH,0.3%,0x8ad599c3a0ff1de082011efddc58f1908eb6e6d8
2026-03-02,20606076,USDC-WETH,0.3%,0x8ad599c3a0ff1de082011efddc58f1908eb6e6d8
2026-03-03,20243543,USDC-WETH,0.3%,0x8ad599c3a0ff1de082011efddc58f1908eb6e6d8
2026-03-04,21290883,USDC-WETH,0.3%,0x8ad599c3a0ff1de082011efddc58f1908eb6e6d8
2026-03-05,21020864,USDC-WETH,0.3%,0x8ad599c3a0ff1de082011efddc58f1908eb6e6d8
2026-03-06,20302190,USDC-WETH,0.3%,0x8ad599c3a0ff1de082011efddc58f1908eb6e6d8
2026-03-07,19934143,USDC-WETH,0.3%,0x8ad599c3a0ff1de082011efddc58f1908eb6e6d8
2026-03-08,20011625,USDC-WETH,0.3%,0x8ad599c3a0ff1de082011efddc58f1908eb6e6d8
2026-03-09,20463430,USDC-WETH,0.3%,0x8ad599c3a0ff1de082011efddc58f1908eb6e6d8
2026-03-10,20830364,USDC-WETH,0.3%,0x8ad599c3a0ff1de082011efddc58f1908eb6e6d8
2026-03-11,21084598,USDC-WETH,0.3%,0x8ad599c3a0ff1de082011efddc58f1908eb6e6d8
2026-03-12,21154842,USDC-WETH,0.3%,0x8ad599c3a0ff1de082011efddc58f1908eb6e6d8
2026-03-13,21225070,USDC-WETH,0.3%,0x8ad599c3a0ff1de082011efddc58f1908eb6e6d8
2026-03-14,22081069,USDC-WETH,0.3%,0x8ad599c3a0ff1de082011efddc58f1908eb6e6d8
2026-03-15,22630194,USDC-WETH,0.3%,0x8ad599c3a0ff1de082011efddc58f1908eb6e6d8
2026-03-16,24855716,USDC-WETH,0.3%,0x8ad599c3a0ff1de082011efddc58f1908eb6e6d8
2026-03-17,23776229,USDC-WETH,0.3%,0x8ad599c3a0ff1de082011efddc58f1908eb6e6d8
2026-03-18,23355782,USDC-WETH,0.3%,0x8ad599c3a0ff1de082011efddc58f1908eb6e6d8
2026-03-19,23087394,USDC-WETH,0.3%,0x8ad599c3a0ff1de082011efddc58f1908eb6e6d8
2026-03-20,23007549,USDC-WETH,0.3%,0x8ad599c3a0ff1de082011efddc58f1908eb6e6d8
2026-03-21,22963073,USDC-WETH,0.3%,0x8ad599c3a0ff1de082011efddc58f1908eb6e6d8
2026-03-22,22111236,USDC-WETH,0.3%,0x8ad599c3a0ff1de082011efddc58f1908eb6e6d8
2026-03-23,22842471,USDC-WETH,0.3%,0x8ad599c3a0ff1de082011efddc58f1908eb6e6d8
2026-03-24,22936934,USDC-WETH,0.3%,0x8ad599c3a0ff1de082011efddc58f1908eb6e6d8
2026-03-25,23380885,USDC-WETH,0.3%,0x8ad599c3a0ff1de082011efddc58f1908eb6e6d8
2026-03-26,23240379,USDC-WETH,0.3%,0x8ad599c3a0ff1de082011efddc58f1908eb6e6d8
2026-03-27,22682310,USDC-WETH,0.3%,0x8ad599c3a0ff1de082011efddc58f1908eb6e6d8
2026-03-28,22958082,USDC-WETH,0.3%,0x8ad599c3a0ff1de082011efddc58f1908eb6e6d8
2026-03-29,22764347,USDC-WETH,0.3%,0x8ad599c3a0ff1de082011efddc58f1908eb6e6d8
2026-03-30,23337032,USDC-WETH,0.3%,0x8ad599c3a0ff1de082011efddc58f1908eb6e6d8
2026-03-31,22995666,USDC-WETH,0.3%,0x8ad599c3a0ff1de082011efddc58f1908eb6e6d8
2026-04-01,23238450,USDC-WETH,0.3%,0x8ad599c3a0ff1de082011efddc58f1908eb6e6d8
2026-04-02,22753878,USDC-WETH,0.3%,0x8ad599c3a0ff1de082011efddc58f1908eb6e6d8
2026-04-03,22425843,USDC-WETH,0.3%,0x8ad599c3a0ff1de082011efddc58f1908eb6e6d8
2026-04-04,22539821,USDC-WETH,0.3%,0x8ad599c3a0ff1de082011efddc58f1908eb6e6d8
2026-04-05,22654673,USDC-WETH,0.3%,0x8ad599c3a0ff1de082011efddc58f1908eb6e6d8
2026-04-06,22881084,USDC-WETH,0.3%,0x8ad599c3a0ff1de082011efddc58f1908eb6e6d8
2026-04-07,23705290,USDC-WETH,0.3%,0x8ad599c3a0ff1de082011efddc58f1908eb6e6d8
2026-04-08,23466592,USDC-WETH,0.3%,0x8ad599c3a0ff1de082011efddc58f1908eb6e6d8
2026-04-09,23583567,USDC-WETH,0.3%,0x8ad599c3a0ff1de082011efddc58f1908eb6e6d8
2026-04-10,23894895,USDC-WETH,0.3%,0x8ad599c3a0ff1de082011efddc58f1908eb6e6d8
2026-04-11,24142127,USDC-WETH,0.3%,0x8ad599c3a0ff1de082011efddc58f1908eb6e6d8
2026-04-12,23525561,USDC-WETH,0.3%,0x8ad599c3a0ff1de082011efddc58f1908eb6e6d8
2026-04-13,24519856,USDC-WETH,0.3%,0x8ad599c3a0ff1de082011efddc58f1908eb6e6d8
2026-04-14,23765135,USDC-WETH,0.3%,0x8ad599c3a0ff1de082011efddc58f1908eb6e6d8
2026-04-15,24158164,USDC-WETH,0.3%,0x8ad599c3a0ff1de082011efddc58f1908eb6e6d8
2026-04-16,23978941,USDC-WETH,0.3%,0x8ad599c3a0ff1de082011efddc58f1908eb6e6d8
2026-04-17,24417522,USDC-WETH,0.3%,0x8ad599c3a0ff1de082011efddc58f1908eb6e6d8
2026-04-18,24191090,USDC-WETH,0.3%,0x8ad599c3a0ff1de082011efddc58f1908eb6e6d8
2026-04-19,23515333,USDC-WETH,0.3%,0x8ad599c3a0ff1de082011efddc58f1908eb6e6d8
2026-04-20,23821834,USDC-WETH,0.3%,0x8ad599c3a0ff1de082011efddc58f1908eb6e6d8
2026-04-21,23860131,USDC-WETH,0.3%,0x8ad599c3a0ff1de082011efddc58f1908eb6e6d8
2026-04-22,24704816,USDC-WETH,0.3%,0x8ad599c3a0ff1de082011efddc58f1908eb6e6d8
2026-04-23,24348086,USDC-WETH,0.3%,0x8ad599c3a0ff1de082011efddc58f1908eb6e6d8
2026-04-24,24257606,USDC-WETH,0.3%,0x8ad599c3a0ff1de082011efddc58f1908eb6e6d8
2026-04-25,24438100,USDC-WETH,0.3%,0x8ad599c3a0ff1de082011efddc58f1908eb6e6d8
2026-04-26,24777608,USDC-WETH,0.3%,0x8ad599c3a0ff1de082011efddc58f1908eb6e6d8
2026-04-27,24672079,USDC-WETH,0.3%,0x8ad599c3a0ff1de082011efddc58f1908eb6e6d8
2026-04-28,24744569,USDC-WETH,0.3%,0x8ad599c3a0ff1de082011efddc58f1908eb6e6d8
2026-04-29,24968250,USDC-WETH,0.3%,0x8ad599c3a0ff1de082011efddc58f1908eb6e6d8
2026-04-30,25614889,USDC-WETH,0.3%,0x8ad599c3a0ff1de082011efddc58f1908eb6e6d8
2026-05-01,25894971,USDC-WETH,0.3%,0x8ad599c3a0ff1de082011efddc58f1908eb6e6d8
2026-05-02,25726693,USDC-WETH,0.3%,0x8ad599c3a0ff1de082011efddc58f1908eb6e6d8
2026-05-03,25702746,USDC-WETH,0.3%,0x8ad599c3a0ff1de082011efddc58f1908eb6e6d8
2026-05-04,26838778,USDC-WETH,0.3%,0x8ad599c3a0ff1de082011efddc58f1908eb6e6d8
2026-05-05,26094518,USDC-WETH,0.3%,0x8ad599c3a0ff1de082011efddc58f1908eb6e6d8
2026-05-06,26034739,USDC-WETH,0.3%,0x8ad599c3a0ff1de082011efddc58f1908eb6e6d8
2026-05-07,25446889,USDC-WETH,0.3%,0x8ad599c3a0ff1de082011efddc58f1908eb6e6d8
2026-05-08,25554244,USDC-WETH,0.3%,0x8ad599c3a0ff1de082011efddc58f1908eb6e6d8
2026-05-09,25625126,USDC-WETH,0.3%,0x8ad599c3a0ff1de082011efddc58f1908eb6e6d8
2026-05-10,25882973,USDC-WETH,0.3%,0x8ad599c3a0ff1de082011efddc58f1908eb6e6d8
2026-05-11,25690531,USDC-WETH,0.3%,0x8ad599c3a0ff1de082011efddc58f1908eb6e6d8
2026-05-12,25342088,USDC-WETH,0.3%,0x8ad599c3a0ff1de082011efddc58f1908eb6e6d8
2026-05-13,24964888,USDC-WETH,0.3%,0x8ad599c3a0ff1de082011efddc58f1908eb6e6d8
2026-05-14,25429464,USDC-WETH,0.3%,0x8ad599c3a0ff1de082011efddc58f1908eb6e6d8
2026-05-15,24730359,USDC-WETH,0.3%,0x8ad599c3a0ff1de082011efddc58f1908eb6e6d8
2026-05-16,24543503,USDC-WETH,0.3%,0x8ad599c3a0ff1de082011efddc58f1908eb6e6d8
2026-05-17,24428448,USDC-WETH,0.3%,0x8ad599c3a0ff1de082011efddc58f1908eb6e6d8
2026-05-18,23757320,USDC-WETH,0.3%,0x8ad599c3a0ff1de082011efddc58f1908eb6e6d8
2026-05-19,23696810,USDC-WETH,0.3%,0x8ad599c3a0ff1de082011efddc58f1908eb6e6d8
2026-05-20,23990923,USDC-WETH,0.3%,0x8ad599c3a0ff1de082011efddc58f1908eb6e6d8
2026-05-21,24095149,USDC-WETH,0.3%,0x8ad599c3a0ff1de082011efddc58f1908eb6e6d8
2026-05-22,24406264,USDC-WETH,0.3%,0x8ad599c3a0ff1de082011efddc58f1908eb6e6d8
2026-05-23,23854165,USDC-WETH,0.3%,0x8ad599c3a0ff1de082011efddc58f1908eb6e6d8
2026-05-24,23707540,USDC-WETH,0.3%,0x8ad599c3a0ff1de082011efddc58f1908eb6e6d8
2026-05-25,23842275,USDC-WETH,0.3%,0x8ad599c3a0ff1de082011efddc58f1908eb6e6d8
2026-05-26,23570702,USDC-WETH,0.3%,0x8ad599c3a0ff1de082011efddc58f1908eb6e6d8
2026-05-27,26423783,USDC-WETH,0.3%,0x8ad599c3a0ff1de082011efddc58f1908eb6e6d8
2026-05-28,24395738,USDC-WETH,0.3%,0x8ad599c3a0ff1de082011efddc58f1908eb6e6d8
2026-05-29,24726512,USDC-WETH,0.3%,0x8ad599c3a0ff1de082011efddc58f1908eb6e6d8
2026-05-30,20246957,USDC-WETH,0.3%,0x8ad599c3a0ff1de082011efddc58f1908eb6e6d8
2026-05-31,20400355,USDC-WETH,0.3%,0x8ad599c3a0ff1de082011efddc58f1908eb6e6d8
2026-06-01,20428992,USDC-WETH,0.3%,0x8ad599c3a0ff1de082011efddc58f1908eb6e6d8
2026-06-02,19226870,USDC-WETH,0.3%,0x8ad599c3a0ff1de082011efddc58f1908eb6e6d8
2026-06-03,18323305,USDC-WETH,0.3%,0x8ad599c3a0ff1de082011efddc58f1908eb6e6d8
2026-06-04,17382164,USDC-WETH,0.3%,0x8ad599c3a0ff1de082011efddc58f1908eb6e6d8
2026-06-05,18220208,USDC-WETH,0.3%,0x8ad599c3a0ff1de082011efddc58f1908eb6e6d8
2026-06-06,19664148,USDC-WETH,0.3%,0x8ad599c3a0ff1de082011efddc58f1908eb6e6d8
2026-06-07,20764898,USDC-WETH,0.3%,0x8ad599c3a0ff1de082011efddc58f1908eb6e6d8
2026-06-08,20272596,USDC-WETH,0.3%,0x8ad599c3a0ff1de082011efddc58f1908eb6e6d8
2026-06-09,20511272,USDC-WETH,0.3%,0x8ad599c3a0ff1de082011efddc58f1908eb6e6d8
2026-06-10,20228081,USDC-WETH,0.3%,0x8ad599c3a0ff1de082011efddc58f1908eb6e6d8
2026-06-11,20770663,USDC-WETH,0.3%,0x8ad599c3a0ff1de082011efddc58f1908eb6e6d8
2026-06-12,20037782,USDC-WETH,0.3%,0x8ad599c3a0ff1de082011efddc58f1908eb6e6d8
2026-06-13,20206356,USDC-WETH,0.3%,0x8ad599c3a0ff1de082011efddc58f1908eb6e6d8
2026-06-14,20537786,USDC-WETH,0.3%,0x8ad599c3a0ff1de082011efddc58f1908eb6e6d8
2026-06-15,21177089,USDC-WETH,0.3%,0x8ad599c3a0ff1de082011efddc58f1908eb6e6d8
2026-06-16,21241477,USDC-WETH,0.3%,0x8ad599c3a0ff1de082011efddc58f1908eb6e6d8
2026-06-17,19784072,USDC-WETH,0.3%,0x8ad599c3a0ff1de082011efddc58f1908eb6e6d8
2026-06-18,19336602,USDC-WETH,0.3%,0x8ad599c3a0ff1de082011efddc58f1908eb6e6d8
2026-06-19,19284740,USDC-WETH,0.3%,0x8ad599c3a0ff1de082011efddc58f1908eb6e6d8
2026-06-20,19739605,USDC-WETH,0.3%,0x8ad599c3a0ff1de082011efddc58f1908eb6e6d8
2026-06-21,19378918,USDC-WETH,0.3%,0x8ad599c3a0ff1de082011efddc58f1908eb6e6d8
2026-06-22,19426976,USDC-WETH,0.3%,0x8ad599c3a0ff1de082011efddc58f1908eb6e6d8
2026-06-23,18869913,USDC-WETH,0.3%,0x8ad599c3a0ff1de082011efddc58f1908eb6e6d8
2026-06-24,18512468,USDC-WETH,0.3%,0x8ad599c3a0ff1de082011efddc58f1908eb6e6d8
2026-06-25,18110730,USDC-WETH,0.3%,0x8ad599c3a0ff1de082011efddc58f1908eb6e6d8
2026-06-26,18265228,USDC-WETH,0.3%,0x8ad599c3a0ff1de082011efddc58f1908eb6e6d8
2026-06-27,18265369,USDC-WETH,0.3%,0x8ad599c3a0ff1de082011efddc58f1908eb6e6d8
2026-06-28,18269481,USDC-WETH,0.3%,0x8ad599c3a0ff1de082011efddc58f1908eb6e6d8
2026-06-29,18761408,USDC-WETH,0.3%,0x8ad599c3a0ff1de082011efddc58f1908eb6e6d8
2026-06-30,18390679,USDC-WETH,0.3%,0x8ad599c3a0ff1de082011efddc58f1908eb6e6d8
2026-07-01,18877529,USDC-WETH,0.3%,0x8ad599c3a0ff1de082011efddc58f1908eb6e6d8
2026-07-02,19571646,USDC-WETH,0.3%,0x8ad599c3a0ff1de082011efddc58f1908eb6e6d8
2026-07-03,19976125,USDC-WETH,0.3%,0x8ad599c3a0ff1de082011efddc58f1908eb6e6d8
2026-07-04,20081338,USDC-WETH,0.3%,0x8ad599c3a0ff1de082011efddc58f1908eb6e6d8
2026-07-05,20105030,USDC-WETH,0.3%,0x8ad599c3a0ff1de082011efddc58f1908eb6e6d8
2026-07-06,20272474,USDC-WETH,0.3%,0x8ad599c3a0ff1de082011efddc58f1908eb6e6d8
2026-07-07,20138448,USDC-WETH,0.3%,0x8ad599c3a0ff1de082011efddc58f1908eb6e6d8
2026-07-08,19759720,USDC-WETH,0.3%,0x8ad599c3a0ff1de082011efddc58f1908eb6e6d8
2026-07-09,19759506,USDC-WETH,0.3%,0x8ad599c3a0ff1de082011efddc58f1908eb6e6d8
2026-07-10,20109164,USDC-WETH,0.3%,0x8ad599c3a0ff1de082011efddc58f1908eb6e6d8
2026-07-11,20117616,USDC-WETH,0.3%,0x8ad599c3a0ff1de082011efddc58f1908eb6e6d8
2026-07-12,19986654,USDC-WETH,0.3%,0x8ad599c3a0ff1de082011efddc58f1908eb6e6d8
2026-07-13,19671347,USDC-WETH,0.3%,0x8ad599c3a0ff1de082011efddc58f1908eb6e6d8
2026-07-14,20545780,USDC-WETH,0.3%,0x8ad599c3a0ff1de082011efddc58f1908eb6e6d8
2026-07-15,20785840,USDC-WETH,0.3%,0x8ad599c3a0ff1de082011efddc58f1908eb6e6d8
2026-07-16,20481067,USDC-WETH,0.3%,0x8ad599c3a0ff1de082011efddc58f1908eb6e6d8
2026-07-17,20407454,USDC-WETH,0.3%,0x8ad599c3a0ff1de082011efddc58f1908eb6e6d8
2026-07-18,20533134,USDC-WETH,0.3%,0x8ad599c3a0ff1de082011efddc58f1908eb6e6d8
2026-07-19,20583798,USDC-WETH,0.3%,0x8ad599c3a0ff1de082011efddc58f1908eb6e6d8
2026-07-20,20772629,USDC-WETH,0.3%,0x8ad599c3a0ff1de082011efddc58f1908eb6e6d8
2026-07-21,20958860,USDC-WETH,0.3%,0x8ad599c3a0ff1de082011efddc58f1908eb6e6d8
2026-07-22,21047949,USDC-WETH,0.3%,0x8ad599c3a0ff1de082011efddc58f1908eb6e6d8
2026-07-23,20657991,USDC-WETH,0.3%,0x8ad599c3a0ff1de082011efddc58f1908eb6e6d8
2026-07-24,20531963,USDC-WETH,0.3%,0x8ad599c3a0ff1de082011efddc58f1908eb6e6d8
2026-07-25,20619218,USDC-WETH,0.3%,0x8ad599c3a0ff1de082011efddc58f1908eb6e6d8
2026-07-26,20921703,USDC-WETH,0.3%,0x8ad599c3a0ff1de082011efddc58f1908eb6e6d8
2026-07-27,20727204,USDC-WETH,0.3%,0x8ad599c3a0ff1de082011efddc58f1908eb6e6d8
2026-07-28,20868476,USDC-WETH,0.3%,0x8ad599c3a0ff1de082011efddc58f1908eb6e6d8
2026-07-29,20836816,USDC-WETH,0.3%,0x8ad599c3a0ff1de082011efddc58f1908eb6e6d8
2026-07-30,20901005,USDC-WETH,0.3%,0x8ad599c3a0ff1de082011efddc58f1908eb6e6d8
2026-07-31,20554540,USDC-WETH,0.3%,0x8ad599c3a0ff1de082011efddc58f1908eb6e6d8
2026-08-01,20376263,USDC-WETH,0.3%,0x8ad599c3a0ff1de082011efddc58f1908eb6e6d8
2026-08-02,20640283,USDC-WETH,0.3%,0x8ad599c3a0ff1de082011efddc58f1908eb6e6d8
2026-08-03,20478377,USDC-WETH,0.3%,0x8ad599c3a0ff1de082011efddc58f1908eb6e6d8
2026-08-04,20570666,USDC-WETH,0.3%,0x8ad599c3a0ff1de082011efddc58f1908eb6e6d8
2026-08-05,16179390,USDC-WETH,0.3%,0x8ad599c3a0ff1de082011efddc58f1908eb6e6d8
2026-08-06,16156551,USDC-WETH,0.3%,0x8ad599c3a0ff1de082011efddc58f1908eb6e6d8
2026-08-07,16233332,USDC-WETH,0.3%,0x8ad599c3a0ff1de082011efddc58f1908eb6e6d8
2026-08-08,16249220,USDC-WETH,0.3%,0x8ad599c3a0ff1de082011efddc58f1908eb6e6d8
2026-08-09,16232459,USDC-WETH,0.3%,0x8ad599c3a0ff1de082011efddc58f1908eb6e6d8
2026-08-10,16336780,USDC-WETH,0.3%,0x8ad599c3a0ff1de082011efddc58f1908eb6e6d8
2026-08-11,16341620,USDC-WETH,0.3%,0x8ad599c3a0ff1de082011efddc58f1908eb6e6d8
2026-08-12,16299862,USDC-WETH,0.3%,0x8ad599c3a0ff1de082011efddc58f1908eb6e6d8
2026-08-13,16411949,USDC-WETH,0.3%,0x8ad599c3a0ff1de082011efddc58f1908eb6e6d8
2026-08-14,16271563,USDC-WETH,0.3%,0x8ad599c3a0ff1de082011efddc58f1908eb6e6d8
2026-08-15,16113322,USDC-WETH,0.3%,0x8ad599c3a0ff1de082011efddc58f1908eb6e6d8
2026-08-16,16052118,USDC-WETH,0.3%,0x8ad599c3a0ff1de082011efddc58f1908eb6e6d8
2026-08-17,16227986,USDC-WETH,0.3%,0x8ad599c3a0ff1de082011efddc58f1908eb6e6d8
2026-08-18,16315245,USDC-WETH,0.3%,0x8ad599c3a0ff1de082011efddc58f1908eb6e6d8
2026-08-19,18034377,USDC-WETH,0.3%,0x8ad599c3a0ff1de082011efddc58f1908eb6e6d8
2026-08-20,22424821,USDC-WETH,0.3%,0x8ad599c3a0ff1de082011efddc58f1908eb6e6d8
2026-08-21,48148422,USDC-WETH,0.3%,0x8ad599c3a0ff1de082011efddc58f1908eb6e6d8
2026-08-22,40686482,USDC-WETH,0.3%,0x8ad599c3a0ff1de082011efddc58f1908eb6e6d8
2026-08-23,41774352,USDC-WETH,0.3%,0x8ad599c3a0ff1de082011efddc58f1908eb6e6d8
2026-08-24,42003047,USDC-WETH,0.3%,0x8ad599c3a0ff1de082011efddc58f1908eb6e6d8
2026-08-25,41771570,USDC-WETH,0.3%,0x8ad599c3a0ff1de082011efddc58f1908eb6e6d8
2026-08-26,41760181,USDC-WETH,0.3%,0x8ad599c3a0ff1de082011efddc58f1908eb6e6d8
2026-08-27,30497797,USDC-WETH,0.3%,0x8ad599c3a0ff1de082011efddc58f1908eb6e6d8
2026-08-28,29888146,USDC-WETH,0.3%,0x8ad599c3a0ff1de082011efddc58f1908eb6e6d8
2026-08-29,29937039,USDC-WETH,0.3%,0x8ad599c3a0ff1de082011efddc58f1908eb6e6d8
2026-08-30,30109271,USDC-WETH,0.3%,0x8ad599c3a0ff1de082011efddc58f1908eb6e6d8
2026-08-31,30145903,USDC-WETH,0.3%,0x8ad599c3a0ff1de082011efddc58f1908eb6e6d8
2026-09-01,29660903,USDC-WETH,0.3%,0x8ad599c3a0ff1de082011efddc58f1908eb6e6d8
2026-09-02,29362581,USDC-WETH,0.3%,0x8ad599c3a0ff1de082011efddc58f1908eb6e6d8
2026-09-03,30766681,USDC-WETH,0.3%,0x8ad599c3a0ff1de082011efddc58f1908eb6e6d8
2026-09-04,30488493,USDC-WETH,0.3%,0x8ad599c3a0ff1de082011efddc58f1908eb6e6d8
2026-09-05,30640188,USDC-WETH,0.3%,0x8ad599c3a0ff1de082011efddc58f1908eb6e6d8
2026-09-06,30919648,USDC-WETH,0.3%,0x8ad599c3a0ff1de082011efddc58f1908eb6e6d8
2026-09-07,31335554,USDC-WETH,0.3%,0x8ad599c3a0ff1de082011efddc58f1908eb6e6d8
2026-09-08,31401748,USDC-WETH,0.3%,0x8ad599c3a0ff1de082011efddc58f1908eb6e6d8
2026-09-09,31098877,USDC-WETH,0.3%,0x8ad599c3a0ff1de082011efddc58f1908eb6e6d8
2026-09-10,31083751,USDC-WETH,0.3%,0x8ad599c3a0ff1de082011efddc58f1908eb6e6d8
2026-09-11,31839050,USDC-WETH,0.3%,0x8ad599c3a0ff1de082011efddc58f1908eb6e6d8
2026-09-12,32303789,USDC-WETH,0.3%,0x8ad599c3a0ff1de082011efddc58f1908eb6e6d8
2026-09-13,32158270,USDC-WETH,0.3%,0x8ad599c3a0ff1de082011efddc58f1908eb6e6d8
2026-09-14,32604587,USDC-WETH,0.3%,0x8ad599c3a0ff1de082011efddc58f1908eb6e6d8
2026-09-15,31375892,USDC-WETH,0.3%,0x8ad599c3a0ff1de082011efddc58f1908eb6e6d8
2026-09-16,31406655,USDC-WETH,0.3%,0x8ad599c3a0ff1de082011efddc58f1908eb6e6d8
2022-03-27,66987402,WETH-USDT,0.05%,0x11b815efb8f581194ae79006d24e0d814b7697f6
2022-03-28,55204043,WETH-USDT,0.05%,0x11b815efb8f581194ae79006d24e0d814b7697f6
2022-03-29,54815617,WETH-USDT,0.05%,0x11b815efb8f581194ae79006d24e0d814b7697f6
2022-03-30,55188660,WETH-USDT,0.05%,0x11b815efb8f581194ae79006d24e0d814b7697f6
2022-03-31,55136376,WETH-USDT,0.05%,0x11b815efb8f581194ae79006d24e0d814b7697f6
2022-04-01,58206818,WETH-USDT,0.05%,0x11b815efb8f581194ae79006d24e0d814b7697f6
2022-04-02,58178827,WETH-USDT,0.05%,0x11b815efb8f581194ae79006d24e0d814b7697f6
2022-04-03,55288210,WETH-USDT,0.05%,0x11b815efb8f581194ae79006d24e0d814b7697f6
2022-04-04,55090678,WETH-USDT,0.05%,0x11b815efb8f581194ae79006d24e0d814b7697f6
2022-04-05,54629995,WETH-USDT,0.05%,0x11b815efb8f581194ae79006d24e0d814b7697f6
2022-04-06,53000444,WETH-USDT,0.05%,0x11b815efb8f581194ae79006d24e0d814b7697f6
2022-04-07,56777051,WETH-USDT,0.05%,0x11b815efb8f581194ae79006d24e0d814b7697f6
2022-04-08,56631203,WETH-USDT,0.05%,0x11b815efb8f581194ae79006d24e0d814b7697f6
2022-04-09,57022992,WETH-USDT,0.05%,0x11b815efb8f581194ae79006d24e0d814b7697f6
2022-04-10,57079719,WETH-USDT,0.05%,0x11b815efb8f581194ae79006d24e0d814b7697f6
2022-04-11,59870406,WETH-USDT,0.05%,0x11b815efb8f581194ae79006d24e0d814b7697f6
2022-04-12,59907266,WETH-USDT,0.05%,0x11b815efb8f581194ae79006d24e0d814b7697f6
2022-04-13,61478792,WETH-USDT,0.05%,0x11b815efb8f581194ae79006d24e0d814b7697f6
2022-04-14,60627391,WETH-USDT,0.05%,0x11b815efb8f581194ae79006d24e0d814b7697f6
2022-04-15,60825444,WETH-USDT,0.05%,0x11b815efb8f581194ae79006d24e0d814b7697f6
2022-04-16,61292657,WETH-USDT,0.05%,0x11b815efb8f581194ae79006d24e0d814b7697f6
2022-04-17,61233185,WETH-USDT,0.05%,0x11b815efb8f581194ae79006d24e0d814b7697f6
2022-04-18,61750069,WETH-USDT,0.05%,0x11b815efb8f581194ae79006d24e0d814b7697f6
2022-04-19,62306665,WETH-USDT,0.05%,0x11b815efb8f581194ae79006d24e0d814b7697f6
2022-04-20,63399945,WETH-USDT,0.05%,0x11b815efb8f581194ae79006d24e0d814b7697f6
2022-04-21,61761952,WETH-USDT,0.05%,0x11b815efb8f581194ae79006d24e0d814b7697f6
2022-04-22,61552867,WETH-USDT,0.05%,0x11b815efb8f581194ae79006d24e0d814b7697f6
2022-04-23,61674119,WETH-USDT,0.05%,0x11b815efb8f581194ae79006d24e0d814b7697f6
2022-04-24,54074656,WETH-USDT,0.05%,0x11b815efb8f581194ae79006d24e0d814b7697f6
2022-04-25,54088751,WETH-USDT,0.05%,0x11b815efb8f581194ae79006d24e0d814b7697f6
2022-04-26,51802195,WETH-USDT,0.05%,0x11b815efb8f581194ae79006d24e0d814b7697f6
2022-04-27,52463222,WETH-USDT,0.05%,0x11b815efb8f581194ae79006d24e0d814b7697f6
2022-04-28,53390380,WETH-USDT,0.05%,0x11b815efb8f581194ae79006d24e0d814b7697f6
2022-04-29,48449911,WETH-USDT,0.05%,0x11b815efb8f581194ae79006d24e0d814b7697f6
2022-04-30,53213336,WETH-USDT,0.05%,0x11b815efb8f581194ae79006d24e0d814b7697f6
2022-05-01,44165303,WETH-USDT,0.05%,0x11b815efb8f581194ae79006d24e0d814b7697f6
2022-05-02,50687645,WETH-USDT,0.05%,0x11b815efb8f581194ae79006d24e0d814b7697f6
2022-05-03,49848985,WETH-USDT,0.05%,0x11b815efb8f581194ae79006d24e0d814b7697f6
2022-05-04,51644786,WETH-USDT,0.05%,0x11b815efb8f581194ae79006d24e0d814b7697f6
2022-05-05,49369590,WETH-USDT,0.05%,0x11b815efb8f581194ae79006d24e0d814b7697f6
2022-05-06,58147044,WETH-USDT,0.05%,0x11b815efb8f581194ae79006d24e0d814b7697f6
2022-05-07,56812553,WETH-USDT,0.05%,0x11b815efb8f581194ae79006d24e0d814b7697f6
2022-05-08,56370980,WETH-USDT,0.05%,0x11b815efb8f581194ae79006d24e0d814b7697f6
2022-05-09,33006707,WETH-USDT,0.05%,0x11b815efb8f581194ae79006d24e0d814b7697f6
2022-05-10,32936311,WETH-USDT,0.05%,0x11b815efb8f581194ae79006d24e0d814b7697f6
2022-05-11,30697192,WETH-USDT,0.05%,0x11b815efb8f581194ae79006d24e0d814b7697f6
2022-05-12,32402461,WETH-USDT,0.05%,0x11b815efb8f581194ae79006d24e0d814b7697f6
2022-05-13,29848110,WETH-USDT,0.05%,0x11b815efb8f581194ae79006d24e0d814b7697f6
2022-05-14,29575863,WETH-USDT,0.05%,0x11b815efb8f581194ae79006d24e0d814b7697f6
2022-05-15,30603601,WETH-USDT,0.05%,0x11b815efb8f581194ae79006d24e0d814b7697f6
2022-05-16,29651894,WETH-USDT,0.05%,0x11b815efb8f581194ae79006d24e0d814b7697f6
2022-05-17,30135551,WETH-USDT,0.05%,0x11b815efb8f581194ae79006d24e0d814b7697f6
2022-05-18,28769391,WETH-USDT,0.05%,0x11b815efb8f581194ae79006d24e0d814b7697f6
2022-05-19,29213894,WETH-USDT,0.05%,0x11b815efb8f581194ae79006d24e0d814b7697f6
2022-05-20,28575502,WETH-USDT,0.05%,0x11b815efb8f581194ae79006d24e0d814b7697f6
2022-05-21,28762376,WETH-USDT,0.05%,0x11b815efb8f581194ae79006d24e0d814b7697f6
2022-05-22,29368847,WETH-USDT,0.05%,0x11b815efb8f581194ae79006d24e0d814b7697f6
2022-05-23,29106705,WETH-USDT,0.05%,0x11b815efb8f581194ae79006d24e0d814b7697f6
2022-05-24,29135927,WETH-USDT,0.05%,0x11b815efb8f581194ae79006d24e0d814b7697f6
2022-05-25,29107861,WETH-USDT,0.05%,0x11b815efb8f581194ae79006d24e0d814b7697f6
2022-05-26,24609248,WETH-USDT,0.05%,0x11b815efb8f581194ae79006d24e0d814b7697f6
2022-05-27,24069646,WETH-USDT,0.05%,0x11b815efb8f581194ae79006d24e0d814b7697f6
2022-05-28,24332081,WETH-USDT,0.05%,0x11b815efb8f581194ae79006d24e0d814b7697f6
2022-05-29,24882660,WETH-USDT,0.05%,0x11b815efb8f581194ae79006d24e0d814b7697f6
2022-05-30,26209512,WETH-USDT,0.05%,0x11b815efb8f581194ae79006d24e0d814b7697f6
2022-05-31,25911614,WETH-USDT,0.05%,0x11b815efb8f581194ae79006d24e0d814b7697f6
2022-06-01,28565197,WETH-USDT,0.05%,0x11b815efb8f581194ae79006d24e0d814b7697f6
2022-06-02,28722566,WETH-USDT,0.05%,0x11b815efb8f581194ae79006d24e0d814b7697f6
2022-06-03,30260915,WETH-USDT,0.05%,0x11b815efb8f581194ae79006d24e0d814b7697f6
2022-06-05,30141569,WETH-USDT,0.05%,0x11b815efb8f581194ae79006d24e0d814b7697f6
2022-06-06,33937133,WETH-USDT,0.05%,0x11b815efb8f581194ae79006d24e0d814b7697f6
2022-06-07,33840384,WETH-USDT,0.05%,0x11b815efb8f581194ae79006d24e0d814b7697f6
2022-06-08,33608666,WETH-USDT,0.05%,0x11b815efb8f581194ae79006d24e0d814b7697f6
2022-06-09,33477423,WETH-USDT,0.05%,0x11b815efb8f581194ae79006d24e0d814b7697f6
2022-06-10,34130248,WETH-USDT,0.05%,0x11b815efb8f581194ae79006d24e0d814b7697f6
2022-06-11,29848621,WETH-USDT,0.05%,0x11b815efb8f581194ae79006d24e0d814b7697f6
2022-06-12,24055197,WETH-USDT,0.05%,0x11b815efb8f581194ae79006d24e0d814b7697f6
2022-06-13,20535713,WETH-USDT,0.05%,0x11b815efb8f581194ae79006d24e0d814b7697f6
2022-06-14,20219768,WETH-USDT,0.05%,0x11b815efb8f581194ae79006d24e0d814b7697f6
2022-06-15,21681840,WETH-USDT,0.05%,0x11b815efb8f581194ae79006d24e0d814b7697f6
2022-06-16,21179960,WETH-USDT,0.05%,0x11b815efb8f581194ae79006d24e0d814b7697f6
2022-06-17,21187187,WETH-USDT,0.05%,0x11b815efb8f581194ae79006d24e0d814b7697f6
2022-06-18,20159755,WETH-USDT,0.05%,0x11b815efb8f581194ae79006d24e0d814b7697f6
2022-06-19,21747038,WETH-USDT,0.05%,0x11b815efb8f581194ae79006d24e0d814b7697f6
2022-06-20,21425716,WETH-USDT,0.05%,0x11b815efb8f581194ae79006d24e0d814b7697f6
2022-06-21,22171579,WETH-USDT,0.05%,0x11b815efb8f581194ae79006d24e0d814b7697f6
2022-06-22,21640468,WETH-USDT,0.05%,0x11b815efb8f581194ae79006d24e0d814b7697f6
2022-06-23,22504562,WETH-USDT,0.05%,0x11b815efb8f581194ae79006d24e0d814b7697f6
2022-06-24,23464759,WETH-USDT,0.05%,0x11b815efb8f581194ae79006d24e0d814b7697f6
2022-06-25,23667774,WETH-USDT,0.05%,0x11b815efb8f581194ae79006d24e0d814b7697f6
2022-06-26,23421488,WETH-USDT,0.05%,0x11b815efb8f581194ae79006d24e0d814b7697f6
2022-06-27,23385091,WETH-USDT,0.05%,0x11b815efb8f581194ae79006d24e0d814b7697f6
2022-06-28,23008916,WETH-USDT,0.05%,0x11b815efb8f581194ae79006d24e0d814b7697f6
2022-06-29,22721393,WETH-USDT,0.05%,0x11b815efb8f581194ae79006d24e0d814b7697f6
2022-06-30,22022710,WETH-USDT,0.05%,0x11b815efb8f581194ae79006d24e0d814b7697f6
2022-07-01,23438632,WETH-USDT,0.05%,0x11b815efb8f581194ae79006d24e0d814b7697f6
2022-07-02,25220030,WETH-USDT,0.05%,0x11b815efb8f581194ae79006d24e0d814b7697f6
2022-07-03,23507791,WETH-USDT,0.05%,0x11b815efb8f581194ae79006d24e0d814b7697f6
2022-07-04,25070781,WETH-USDT,0.05%,0x11b815efb8f581194ae79006d24e0d814b7697f6
2022-07-05,25121593,WETH-USDT,0.05%,0x11b815efb8f581194ae79006d24e0d814b7697f6
2022-07-06,23848258,WETH-USDT,0.05%,0x11b815efb8f581194ae79006d24e0d814b7697f6
2022-07-07,24246669,WETH-USDT,0.05%,0x11b815efb8f581194ae79006d24e0d814b7697f6
2022-07-08,26527929,WETH-USDT,0.05%,0x11b815efb8f581194ae79006d24e0d814b7697f6
2022-07-09,26480778,WETH-USDT,0.05%,0x11b815efb8f581194ae79006d24e0d814b7697f6
2022-07-10,26052769,WETH-USDT,0.05%,0x11b815efb8f581194ae79006d24e0d814b7697f6
2022-07-11,25274863,WETH-USDT,0.05%,0x11b815efb8f581194ae79006d24e0d814b7697f6
2022-07-12,22766713,WETH-USDT,0.05%,0x11b815efb8f581194ae79006d24e0d814b7697f6
2022-07-13,23323120,WETH-USDT,0.05%,0x11b815efb8f581194ae79006d24e0d814b7697f6
2022-07-14,25832662,WETH-USDT,0.05%,0x11b815efb8f581194ae79006d24e0d814b7697f6
2022-07-15,26544589,WETH-USDT,0.05%,0x11b815efb8f581194ae79006d24e0d814b7697f6
2022-07-16,25642093,WETH-USDT,0.05%,0x11b815efb8f581194ae79006d24e0d814b7697f6
2022-07-17,25830986,WETH-USDT,0.05%,0x11b815efb8f581194ae79006d24e0d814b7697f6
2022-07-18,26494572,WETH-USDT,0.05%,0x11b815efb8f581194ae79006d24e0d814b7697f6
2022-07-19,26884241,WETH-USDT,0.05%,0x11b815efb8f581194ae79006d24e0d814b7697f6
2022-07-20,26693355,WETH-USDT,0.05%,0x11b815efb8f581194ae79006d24e0d814b7697f6
2022-07-21,26952130,WETH-USDT,0.05%,0x11b815efb8f581194ae79006d24e0d814b7697f6
2022-07-22,26734231,WETH-USDT,0.05%,0x11b815efb8f581194ae79006d24e0d814b7697f6
2022-07-23,26777854,WETH-USDT,0.05%,0x11b815efb8f581194ae79006d24e0d814b7697f6
2022-07-24,27371965,WETH-USDT,0.05%,0x11b815efb8f581194ae79006d24e0d814b7697f6
2022-07-25,26360649,WETH-USDT,0.05%,0x11b815efb8f581194ae79006d24e0d814b7697f6
2022-07-26,25799711,WETH-USDT,0.05%,0x11b815efb8f581194ae79006d24e0d814b7697f6
2022-07-27,27367871,WETH-USDT,0.05%,0x11b815efb8f581194ae79006d24e0d814b7697f6
2022-07-28,28272015,WETH-USDT,0.05%,0x11b815efb8f581194ae79006d24e0d814b7697f6
2022-07-29,28254816,WETH-USDT,0.05%,0x11b815efb8f581194ae79006d24e0d814b7697f6
2022-07-30,27871846,WETH-USDT,0.05%,0x11b815efb8f581194ae79006d24e0d814b7697f6
2022-07-31,27696627,WETH-USDT,0.05%,0x11b815efb8f581194ae79006d24e0d814b7697f6
2022-08-01,27371155,WETH-USDT,0.05%,0x11b815efb8f581194ae79006d24e0d814b7697f6
2022-08-02,29011837,WETH-USDT,0.05%,0x11b815efb8f581194ae79006d24e0d814b7697f6
2022-08-03,28907781,WETH-USDT,0.05%,0x11b815efb8f581194ae79006d24e0d814b7697f6
2022-08-04,28812662,WETH-USDT,0.05%,0x11b815efb8f581194ae79006d24e0d814b7697f6
2022-08-05,30042483,WETH-USDT,0.05%,0x11b815efb8f581194ae79006d24e0d814b7697f6
2022-08-06,30276367,WETH-USDT,0.05%,0x11b815efb8f581194ae79006d24e0d814b7697f6
2022-08-07,30098539,WETH-USDT,0.05%,0x11b815efb8f581194ae79006d24e0d814b7697f6
2022-08-08,31087592,WETH-USDT,0.05%,0x11b815efb8f581194ae79006d24e0d814b7697f6
2022-08-09,32605493,WETH-USDT,0.05%,0x11b815efb8f581194ae79006d24e0d814b7697f6
2022-08-10,34780754,WETH-USDT,0.05%,0x11b815efb8f581194ae79006d24e0d814b7697f6
2022-08-11,35346491,WETH-USDT,0.05%,0x11b815efb8f581194ae79006d24e0d814b7697f6
2022-08-12,36717419,WETH-USDT,0.05%,0x11b815efb8f581194ae79006d24e0d814b7697f6
2022-08-13,37163696,WETH-USDT,0.05%,0x11b815efb8f581194ae79006d24e0d814b7697f6
2022-08-14,36482782,WETH-USDT,0.05%,0x11b815efb8f581194ae79006d24e0d814b7697f6
2022-08-15,38921416,WETH-USDT,0.05%,0x11b815efb8f581194ae79006d24e0d814b7697f6
2022-08-16,38484937,WETH-USDT,0.05%,0x11b815efb8f581194ae79006d24e0d814b7697f6
2022-08-17,38559529,WETH-USDT,0.05%,0x11b815efb8f581194ae79006d24e0d814b7697f6
2022-08-18,38931389,WETH-USDT,0.05%,0x11b815efb8f581194ae79006d24e0d814b7697f6
2022-08-19,33767093,WETH-USDT,0.05%,0x11b815efb8f581194ae79006d24e0d814b7697f6
2022-08-20,31585886,WETH-USDT,0.05%,0x11b815efb8f581194ae79006d24e0d814b7697f6
2022-08-21,32158478,WETH-USDT,0.05%,0x11b815efb8f581194ae79006d24e0d814b7697f6
2022-08-22,31721007,WETH-USDT,0.05%,0x11b815efb8f581194ae79006d24e0d814b7697f6
2022-08-23,33193640,WETH-USDT,0.05%,0x11b815efb8f581194ae79006d24e0d814b7697f6
2022-08-24,33395632,WETH-USDT,0.05%,0x11b815efb8f581194ae79006d24e0d814b7697f6
2022-08-25,34855300,WETH-USDT,0.05%,0x11b815efb8f581194ae79006d24e0d814b7697f6
2022-08-26,32397144,WETH-USDT,0.05%,0x11b815efb8f581194ae79006d24e0d814b7697f6
2022-08-27,31588530,WETH-USDT,0.05%,0x11b815efb8f581194ae79006d24e0d814b7697f6
2022-08-28,31777878,WETH-USDT,0.05%,0x11b815efb8f581194ae79006d24e0d814b7697f6
2022-08-29,37869371,WETH-USDT,0.05%,0x11b815efb8f581194ae79006d24e0d814b7697f6
2022-08-30,38619587,WETH-USDT,0.05%,0x11b815efb8f581194ae79006d24e0d814b7697f6
2022-08-31,34079299,WETH-USDT,0.05%,0x11b815efb8f581194ae79006d24e0d814b7697f6
2022-09-01,34337873,WETH-USDT,0.05%,0x11b815efb8f581194ae79006d24e0d814b7697f6
2022-09-02,34259839,WETH-USDT,0.05%,0x11b815efb8f581194ae79006d24e0d814b7697f6
2022-09-03,34169858,WETH-USDT,0.05%,0x11b815efb8f581194ae79006d24e0d814b7697f6
2022-09-04,34274113,WETH-USDT,0.05%,0x11b815efb8f581194ae79006d24e0d814b7697f6
2022-09-05,34728636,WETH-USDT,0.05%,0x11b815efb8f581194ae79006d24e0d814b7697f6
2022-09-06,34538986,WETH-USDT,0.05%,0x11b815efb8f581194ae79006d24e0d814b7697f6
2022-09-07,33207322,WETH-USDT,0.05%,0x11b815efb8f581194ae79006d24e0d814b7697f6
2022-09-09,38690361,WETH-USDT,0.05%,0x11b815efb8f581194ae79006d24e0d814b7697f6
2022-09-10,39360665,WETH-USDT,0.05%,0x11b815efb8f581194ae79006d24e0d814b7697f6
2022-09-11,38763846,WETH-USDT,0.05%,0x11b815efb8f581194ae79006d24e0d814b7697f6
2022-09-12,36603002,WETH-USDT,0.05%,0x11b815efb8f581194ae79006d24e0d814b7697f6
2022-09-13,32027157,WETH-USDT,0.05%,0x11b815efb8f581194ae79006d24e0d814b7697f6
2022-09-14,32354287,WETH-USDT,0.05%,0x11b815efb8f581194ae79006d24e0d814b7697f6
2022-09-15,30987348,WETH-USDT,0.05%,0x11b815efb8f581194ae79006d24e0d814b7697f6
2022-09-16,29591785,WETH-USDT,0.05%,0x11b815efb8f581194ae79006d24e0d814b7697f6
2022-09-17,29800798,WETH-USDT,0.05%,0x11b815efb8f581194ae79006d24e0d814b7697f6
2022-09-18,29216181,WETH-USDT,0.05%,0x11b815efb8f581194ae79006d24e0d814b7697f6
2022-09-19,33732730,WETH-USDT,0.05%,0x11b815efb8f581194ae79006d24e0d814b7697f6
2022-09-20,16029289,WETH-USDT,0.05%,0x11b815efb8f581194ae79006d24e0d814b7697f6
2022-09-21,14489021,WETH-USDT,0.05%,0x11b815efb8f581194ae79006d24e0d814b7697f6
2022-09-22,15470450,WETH-USDT,0.05%,0x11b815efb8f581194ae79006d24e0d814b7697f6
2022-09-23,15479464,WETH-USDT,0.05%,0x11b815efb8f581194ae79006d24e0d814b7697f6
2022-09-24,15558325,WETH-USDT,0.05%,0x11b815efb8f581194ae79006d24e0d814b7697f6
2022-09-25,15419643,WETH-USDT,0.05%,0x11b815efb8f581194ae79006d24e0d814b7697f6
2022-09-26,16326745,WETH-USDT,0.05%,0x11b815efb8f581194ae79006d24e0d814b7697f6
2022-09-27,16418095,WETH-USDT,0.05%,0x11b815efb8f581194ae79006d24e0d814b7697f6
2022-09-28,16472484,WETH-USDT,0.05%,0x11b815efb8f581194ae79006d24e0d814b7697f6
2022-09-29,16889754,WETH-USDT,0.05%,0x11b815efb8f581194ae79006d24e0d814b7697f6
2022-09-30,16204791,WETH-USDT,0.05%,0x11b815efb8f581194ae79006d24e0d814b7697f6
2022-10-01,16096422,WETH-USDT,0.05%,0x11b815efb8f581194ae79006d24e0d814b7697f6
2022-10-02,15974553,WETH-USDT,0.05%,0x11b815efb8f581194ae79006d24e0d814b7697f6
2022-10-03,16735999,WETH-USDT,0.05%,0x11b815efb8f581194ae79006d24e0d814b7697f6
2022-10-04,16984178,WETH-USDT,0.05%,0x11b815efb8f581194ae79006d24e0d814b7697f6
2022-10-05,20560257,WETH-USDT,0.05%,0x11b815efb8f581194ae79006d24e0d814b7697f6
2022-10-06,20831705,WETH-USDT,0.05%,0x11b815efb8f581194ae79006d24e0d814b7697f6
2022-10-07,19667529,WETH-USDT,0.05%,0x11b815efb8f581194ae79006d24e0d814b7697f6
2022-10-08,19624043,WETH-USDT,0.05%,0x11b815efb8f581194ae79006d24e0d814b7697f6
2022-10-09,20162458,WETH-USDT,0.05%,0x11b815efb8f581194ae79006d24e0d814b7697f6
2022-10-10,17030849,WETH-USDT,0.05%,0x11b815efb8f581194ae79006d24e0d814b7697f6
2022-10-11,17341187,WETH-USDT,0.05%,0x11b815efb8f581194ae79006d24e0d814b7697f6
2022-10-12,17686749,WETH-USDT,0.05%,0x11b815efb8f581194ae79006d24e0d814b7697f6
2022-10-13,17234871,WETH-USDT,0.05%,0x11b815efb8f581194ae79006d24e0d814b7697f6
2022-10-14,17456940,WETH-USDT,0.05%,0x11b815efb8f581194ae79006d24e0d814b7697f6
2022-10-15,17120469,WETH-USDT,0.05%,0x11b815efb8f581194ae79006d24e0d814b7697f6
2022-10-16,17476217,WETH-USDT,0.05%,0x11b815efb8f581194ae79006d24e0d814b7697f6
2022-10-17,17677621,WETH-USDT,0.05%,0x11b815efb8f581194ae79006d24e0d814b7697f6
2022-10-18,17470517,WETH-USDT,0.05%,0x11b815efb8f581194ae79006d24e0d814b7697f6
2022-10-19,17181350,WETH-USDT,0.05%,0x11b815efb8f581194ae79006d24e0d814b7697f6
2022-10-20,19697545,WETH-USDT,0.05%,0x11b815efb8f581194ae79006d24e0d814b7697f6
2022-10-21,21139025,WETH-USDT,0.05%,0x11b815efb8f581194ae79006d24e0d814b7697f6
2022-10-22,21186210,WETH-USDT,0.05%,0x11b815efb8f581194ae79006d24e0d814b7697f6
2022-10-23,22404991,WETH-USDT,0.05%,0x11b815efb8f581194ae79006d24e0d814b7697f6
2022-10-24,22601536,WETH-USDT,0.05%,0x11b815efb8f581194ae79006d24e0d814b7697f6
2022-10-25,21731944,WETH-USDT,0.05%,0x11b815efb8f581194ae79006d24e0d814b7697f6
2022-10-26,23853720,WETH-USDT,0.05%,0x11b815efb8f581194ae79006d24e0d814b7697f6
2022-10-27,21968123,WETH-USDT,0.05%,0x11b815efb8f581194ae79006d24e0d814b7697f6
2022-10-28,22334919,WETH-USDT,0.05%,0x11b815efb8f581194ae79006d24e0d814b7697f6
2022-10-29,22890866,WETH-USDT,0.05%,0x11b815efb8f581194ae79006d24e0d814b7697f6
2022-10-30,22954327,WETH-USDT,0.05%,0x11b815efb8f581194ae79006d24e0d814b7697f6
2022-10-31,22864435,WETH-USDT,0.05%,0x11b815efb8f581194ae79006d24e0d814b7697f6
2022-11-01,22896491,WETH-USDT,0.05%,0x11b815efb8f581194ae79006d24e0d814b7697f6
2022-11-02,23502235,WETH-USDT,0.05%,0x11b815efb8f581194ae79006d24e0d814b7697f6
2022-11-03,23701747,WETH-USDT,0.05%,0x11b815efb8f581194ae79006d24e0d814b7697f6
2022-11-04,26543445,WETH-USDT,0.05%,0x11b815efb8f581194ae79006d24e0d814b7697f6
2022-11-05,25678792,WETH-USDT,0.05%,0x11b815efb8f581194ae79006d24e0d814b7697f6
2022-11-06,26724931,WETH-USDT,0.05%,0x11b815efb8f581194ae79006d24e0d814b7697f6
2022-11-07,23361544,WETH-USDT,0.05%,0x11b815efb8f581194ae79006d24e0d814b7697f6
2022-11-08,20300585,WETH-USDT,0.05%,0x11b815efb8f581194ae79006d24e0d814b7697f6
2022-11-09,12139191,WETH-USDT,0.05%,0x11b815efb8f581194ae79006d24e0d814b7697f6
2022-11-10,12578829,WETH-USDT,0.05%,0x11b815efb8f581194ae79006d24e0d814b7697f6
2022-11-11,12608727,WETH-USDT,0.05%,0x11b815efb8f581194ae79006d24e0d814b7697f6
2022-11-12,12523666,WETH-USDT,0.05%,0x11b815efb8f581194ae79006d24e0d814b7697f6
2022-11-13,12296781,WETH-USDT,0.05%,0x11b815efb8f581194ae79006d24e0d814b7697f6
2022-11-14,12390914,WETH-USDT,0.05%,0x11b815efb8f581194ae79006d24e0d814b7697f6
2022-11-15,14249313,WETH-USDT,0.05%,0x11b815efb8f581194ae79006d24e0d814b7697f6
2022-11-16,15114387,WETH-USDT,0.05%,0x11b815efb8f581194ae79006d24e0d814b7697f6
2022-11-17,14962419,WETH-USDT,0.05%,0x11b815efb8f581194ae79006d24e0d814b7697f6
2022-11-18,14939742,WETH-USDT,0.05%,0x11b815efb8f581194ae79006d24e0d814b7697f6
2022-11-19,14894042,WETH-USDT,0.05%,0x11b815efb8f581194ae79006d24e0d814b7697f6
2022-11-20,13785448,WETH-USDT,0.05%,0x11b815efb8f581194ae79006d24e0d814b7697f6
2022-11-21,13637091,WETH-USDT,0.05%,0x11b815efb8f581194ae79006d24e0d814b7697f6
2022-11-22,14923482,WETH-USDT,0.05%,0x11b815efb8f581194ae79006d24e0d814b7697f6
2022-11-23,15090143,WETH-USDT,0.05%,0x11b815efb8f581194ae79006d24e0d814b7697f6
2022-11-24,15674241,WETH-USDT,0.05%,0x11b815efb8f581194ae79006d24e0d814b7697f6
2022-11-25,15435227,WETH-USDT,0.05%,0x11b815efb8f581194ae79006d24e0d814b7697f6
2022-11-26,15613786,WETH-USDT,0.05%,0x11b815efb8f581194ae79006d24e0d814b7697f6
2022-11-27,15641310,WETH-USDT,0.05%,0x11b815efb8f581194ae79006d24e0d814b7697f6
2022-11-28,15276270,WETH-USDT,0.05%,0x11b815efb8f581194ae79006d24e0d814b7697f6
2022-11-29,17116064,WETH-USDT,0.05%,0x11b815efb8f581194ae79006d24e0d814b7697f6
2022-11-30,15868117,WETH-USDT,0.05%,0x11b815efb8f581194ae79006d24e0d814b7697f6
2022-12-01,15791634,WETH-USDT,0.05%,0x11b815efb8f581194ae79006d24e0d814b7697f6
2022-12-02,15909182,WETH-USDT,0.05%,0x11b815efb8f581194ae79006d24e0d814b7697f6
2022-12-03,15563375,WETH-USDT,0.05%,0x11b815efb8f581194ae79006d24e0d814b7697f6
2022-12-04,15916029,WETH-USDT,0.05%,0x11b815efb8f581194ae79006d24e0d814b7697f6
2022-12-05,15689013,WETH-USDT,0.05%,0x11b815efb8f581194ae79006d24e0d814b7697f6
2022-12-06,15658551,WETH-USDT,0.05%,0x11b815efb8f581194ae79006d24e0d814b7697f6
2022-12-07,15547095,WETH-USDT,0.05%,0x11b815efb8f581194ae79006d24e0d814b7697f6
2022-12-08,15917118,WETH-USDT,0.05%,0x11b815efb8f581194ae79006d24e0d814b7697f6
2022-12-09,30163839,WETH-USDT,0.05%,0x11b815efb8f581194ae79006d24e0d814b7697f6
2022-12-10,30221446,WETH-USDT,0.05%,0x11b815efb8f581194ae79006d24e0d814b7697f6
2022-12-11,29182538,WETH-USDT,0.05%,0x11b815efb8f581194ae79006d24e0d814b7697f6
2022-12-12,29349112,WETH-USDT,0.05%,0x11b815efb8f581194ae79006d24e0d814b7697f6
2022-12-13,29730196,WETH-USDT,0.05%,0x11b815efb8f581194ae79006d24e0d814b7697f6
2022-12-14,30033796,WETH-USDT,0.05%,0x11b815efb8f581194ae79006d24e0d814b7697f6
2022-12-15,30283301,WETH-USDT,0.05%,0x11b815efb8f581194ae79006d24e0d814b7697f6
2022-12-16,29476827,WETH-USDT,0.05%,0x11b815efb8f581194ae79006d24e0d814b7697f6
2022-12-17,29466494,WETH-USDT,0.05%,0x11b815efb8f581194ae79006d24e0d814b7697f6
2022-12-18,29337291,WETH-USDT,0.05%,0x11b815efb8f581194ae79006d24e0d814b7697f6
2022-12-19,29094615,WETH-USDT,0.05%,0x11b815efb8f581194ae79006d24e0d814b7697f6
2022-12-20,29713904,WETH-USDT,0.05%,0x11b815efb8f581194ae79006d24e0d814b7697f6
2022-12-21,29800161,WETH-USDT,0.05%,0x11b815efb8f581194ae79006d24e0d814b7697f6
2022-12-22,29849290,WETH-USDT,0.05%,0x11b815efb8f581194ae79006d24e0d814b7697f6
2022-12-23,30328318,WETH-USDT,0.05%,0x11b815efb8f581194ae79006d24e0d814b7697f6
2022-12-24,30926266,WETH-USDT,0.05%,0x11b815efb8f581194ae79006d24e0d814b7697f6
2022-12-25,30913313,WETH-USDT,0.05%,0x11b815efb8f581194ae79006d24e0d814b7697f6
2022-12-26,31009842,WETH-USDT,0.05%,0x11b815efb8f581194ae79006d24e0d814b7697f6
2022-12-27,31640308,WETH-USDT,0.05%,0x11b815efb8f581194ae79006d24e0d814b7697f6
2022-12-28,31220100,WETH-USDT,0.05%,0x11b815efb8f581194ae79006d24e0d814b7697f6
2022-12-29,31408709,WETH-USDT,0.05%,0x11b815efb8f581194ae79006d24e0d814b7697f6
2022-12-30,31461229,WETH-USDT,0.05%,0x11b815efb8f581194ae79006d24e0d814b7697f6
2022-12-31,31592943,WETH-USDT,0.05%,0x11b815efb8f581194ae79006d24e0d814b7697f6
2023-01-01,31646371,WETH-USDT,0.05%,0x11b815efb8f581194ae79006d24e0d814b7697f6
2023-01-02,32148192,WETH-USDT,0.05%,0x11b815efb8f581194ae79006d24e0d814b7697f6
2023-01-03,32132687,WETH-USDT,0.05%,0x11b815efb8f581194ae79006d24e0d814b7697f6
2023-01-04,32047591,WETH-USDT,0.05%,0x11b815efb8f581194ae79006d24e0d814b7697f6
2023-01-05,33886564,WETH-USDT,0.05%,0x11b815efb8f581194ae79006d24e0d814b7697f6
2023-01-06,10641760,WETH-USDT,0.05%,0x11b815efb8f581194ae79006d24e0d814b7697f6
2023-01-07,34361232,WETH-USDT,0.05%,0x11b815efb8f581194ae79006d24e0d814b7697f6
2023-01-08,34488854,WETH-USDT,0.05%,0x11b815efb8f581194ae79006d24e0d814b7697f6
2023-01-09,34388340,WETH-USDT,0.05%,0x11b815efb8f581194ae79006d24e0d814b7697f6
2023-01-10,34086694,WETH-USDT,0.05%,0x11b815efb8f581194ae79006d24e0d814b7697f6
2023-01-11,20104794,WETH-USDT,0.05%,0x11b815efb8f581194ae79006d24e0d814b7697f6
2023-01-12,18574728,WETH-USDT,0.05%,0x11b815efb8f581194ae79006d24e0d814b7697f6
2023-01-13,19056878,WETH-USDT,0.05%,0x11b815efb8f581194ae79006d24e0d814b7697f6
2023-01-14,18757795,WETH-USDT,0.05%,0x11b815efb8f581194ae79006d24e0d814b7697f6
2023-01-15,19282006,WETH-USDT,0.05%,0x11b815efb8f581194ae79006d24e0d814b7697f6
2023-01-16,22777241,WETH-USDT,0.05%,0x11b815efb8f581194ae79006d24e0d814b7697f6
2023-01-17,22598499,WETH-USDT,0.05%,0x11b815efb8f581194ae79006d24e0d814b7697f6
2023-01-18,22338034,WETH-USDT,0.05%,0x11b815efb8f581194ae79006d24e0d814b7697f6
2023-01-19,22631018,WETH-USDT,0.05%,0x11b815efb8f581194ae79006d24e0d814b7697f6
2023-01-20,21352614,WETH-USDT,0.05%,0x11b815efb8f581194ae79006d24e0d814b7697f6
2023-01-21,24739531,WETH-USDT,0.05%,0x11b815efb8f581194ae79006d24e0d814b7697f6
2023-01-22,24618181,WETH-USDT,0.05%,0x11b815efb8f581194ae79006d24e0d814b7697f6
2023-01-23,25416137,WETH-USDT,0.05%,0x11b815efb8f581194ae79006d24e0d814b7697f6
2023-01-24,24936947,WETH-USDT,0.05%,0x11b815efb8f581194ae79006d24e0d814b7697f6
2023-01-25,24418350,WETH-USDT,0.05%,0x11b815efb8f581194ae79006d24e0d814b7697f6
2023-01-26,24534363,WETH-USDT,0.05%,0x11b815efb8f581194ae79006d24e0d814b7697f6
2023-01-27,24892883,WETH-USDT,0.05%,0x11b815efb8f581194ae79006d24e0d814b7697f6
2023-01-28,24980363,WETH-USDT,0.05%,0x11b815efb8f581194ae79006d24e0d814b7697f6
2023-01-29,24783350,WETH-USDT,0.05%,0x11b815efb8f581194ae79006d24e0d814b7697f6
2023-01-30,24551615,WETH-USDT,0.05%,0x11b815efb8f581194ae79006d24e0d814b7697f6
2023-01-31,24719196,WETH-USDT,0.05%,0x11b815efb8f581194ae79006d24e0d814b7697f6
2023-02-01,25865368,WETH-USDT,0.05%,0x11b815efb8f581194ae79006d24e0d814b7697f6
2023-02-02,25117725,WETH-USDT,0.05%,0x11b815efb8f581194ae79006d24e0d814b7697f6
2023-02-03,25081240,WETH-USDT,0.05%,0x11b815efb8f581194ae79006d24e0d814b7697f6
2023-02-04,25258356,WETH-USDT,0.05%,0x11b815efb8f581194ae79006d24e0d814b7697f6
2023-02-05,25541802,WETH-USDT,0.05%,0x11b815efb8f581194ae79006d24e0d814b7697f6
2023-02-06,25536459,WETH-USDT,0.05%,0x11b815efb8f581194ae79006d24e0d814b7697f6
2023-02-07,26919473,WETH-USDT,0.05%,0x11b815efb8f581194ae79006d24e0d814b7697f6
2023-02-08,25812525,WETH-USDT,0.05%,0x11b815efb8f581194ae79006d24e0d814b7697f6
2023-02-09,25748265,WETH-USDT,0.05%,0x11b815efb8f581194ae79006d24e0d814b7697f6
2023-02-10,25015712,WETH-USDT,0.05%,0x11b815efb8f581194ae79006d24e0d814b7697f6
2023-02-12,29700671,WETH-USDT,0.05%,0x11b815efb8f581194ae79006d24e0d814b7697f6
2023-02-13,24536075,WETH-USDT,0.05%,0x11b815efb8f581194ae79006d24e0d814b7697f6
2023-02-14,25456300,WETH-USDT,0.05%,0x11b815efb8f581194ae79006d24e0d814b7697f6
2023-02-15,25793442,WETH-USDT,0.05%,0x11b815efb8f581194ae79006d24e0d814b7697f6
2023-02-16,26323900,WETH-USDT,0.05%,0x11b815efb8f581194ae79006d24e0d814b7697f6
2023-02-17,26687220,WETH-USDT,0.05%,0x11b815efb8f581194ae79006d24e0d814b7697f6
2023-02-18,28581476,WETH-USDT,0.05%,0x11b815efb8f581194ae79006d24e0d814b7697f6
2023-02-19,30533520,WETH-USDT,0.05%,0x11b815efb8f581194ae79006d24e0d814b7697f6
2023-02-20,30686794,WETH-USDT,0.05%,0x11b815efb8f581194ae79006d24e0d814b7697f6
2023-02-21,30205308,WETH-USDT,0.05%,0x11b815efb8f581194ae79006d24e0d814b7697f6
2023-02-22,30146118,WETH-USDT,0.05%,0x11b815efb8f581194ae79006d24e0d814b7697f6
2023-02-23,30235348,WETH-USDT,0.05%,0x11b815efb8f581194ae79006d24e0d814b7697f6
2023-02-24,30656308,WETH-USDT,0.05%,0x11b815efb8f581194ae79006d24e0d814b7697f6
2023-02-25,29410291,WETH-USDT,0.05%,0x11b815efb8f581194ae79006d24e0d814b7697f6
2023-02-26,43109994,WETH-USDT,0.05%,0x11b815efb8f581194ae79006d24e0d814b7697f6
2023-02-27,43319209,WETH-USDT,0.05%,0x11b815efb8f581194ae79006d24e0d814b7697f6
2023-02-28,42811989,WETH-USDT,0.05%,0x11b815efb8f581194ae79006d24e0d814b7697f6
2023-03-01,43386318,WETH-USDT,0.05%,0x11b815efb8f581194ae79006d24e0d814b7697f6
2023-03-02,43396677,WETH-USDT,0.05%,0x11b815efb8f581194ae79006d24e0d814b7697f6
2023-03-03,42342294,WETH-USDT,0.05%,0x11b815efb8f581194ae79006d24e0d814b7697f6
2023-03-04,42382893,WETH-USDT,0.05%,0x11b815efb8f581194ae79006d24e0d814b7697f6
2023-03-05,42359526,WETH-USDT,0.05%,0x11b815efb8f581194ae79006d24e0d814b7697f6
2023-03-06,42446083,WETH-USDT,0.05%,0x11b815efb8f581194ae79006d24e0d814b7697f6
2023-03-07,42293103,WETH-USDT,0.05%,0x11b815efb8f581194ae79006d24e0d814b7697f6
2023-03-08,42523901,WETH-USDT,0.05%,0x11b815efb8f581194ae79006d24e0d814b7697f6
2023-03-09,40482364,WETH-USDT,0.05%,0x11b815efb8f581194ae79006d24e0d814b7697f6
2023-03-10,41305793,WETH-USDT,0.05%,0x11b815efb8f581194ae79006d24e0d814b7697f6
2023-03-11,47759920,WETH-USDT,0.05%,0x11b815efb8f581194ae79006d24e0d814b7697f6
2023-03-12,53709599,WETH-USDT,0.05%,0x11b815efb8f581194ae79006d24e0d814b7697f6
2023-03-13,45739875,WETH-USDT,0.05%,0x11b815efb8f581194ae79006d24e0d814b7697f6
2023-03-14,44793685,WETH-USDT,0.05%,0x11b815efb8f581194ae79006d24e0d814b7697f6
2023-03-15,46893919,WETH-USDT,0.05%,0x11b815efb8f581194ae79006d24e0d814b7697f6
2023-03-16,47664061,WETH-USDT,0.05%,0x11b815efb8f581194ae79006d24e0d814b7697f6
2023-03-17,50323690,WETH-USDT,0.05%,0x11b815efb8f581194ae79006d24e0d814b7697f6
2023-03-18,50531853,WETH-USDT,0.05%,0x11b815efb8f581194ae79006d24e0d814b7697f6
2023-03-19,51470293,WETH-USDT,0.05%,0x11b815efb8f581194ae79006d24e0d814b7697f6
2023-03-20,51556094,WETH-USDT,0.05%,0x11b815efb8f581194ae79006d24e0d814b7697f6
2023-03-21,52330574,WETH-USDT,0.05%,0x11b815efb8f581194ae79006d24e0d814b7697f6
2023-03-22,50096342,WETH-USDT,0.05%,0x11b815efb8f581194ae79006d24e0d814b7697f6
2023-03-23,47522103,WETH-USDT,0.05%,0x11b815efb8f581194ae79006d24e0d814b7697f6
2023-03-24,47798342,WETH-USDT,0.05%,0x11b815efb8f581194ae79006d24e0d814b7697f6
2023-03-25,47860520,WETH-USDT,0.05%,0x11b815efb8f581194ae79006d24e0d814b7697f6
2023-03-26,49006226,WETH-USDT,0.05%,0x11b815efb8f581194ae79006d24e0d814b7697f6
2023-03-27,47885619,WETH-USDT,0.05%,0x11b815efb8f581194ae79006d24e0d814b7697f6
2023-03-28,47467610,WETH-USDT,0.05%,0x11b815efb8f581194ae79006d24e0d814b7697f6
2023-03-29,47817755,WETH-USDT,0.05%,0x11b815efb8f581194ae79006d24e0d814b7697f6
2023-03-30,47710138,WETH-USDT,0.05%,0x11b815efb8f581194ae79006d24e0d814b7697f6
2023-03-31,48296955,WETH-USDT,0.05%,0x11b815efb8f581194ae79006d24e0d814b7697f6
2023-04-01,48667289,WETH-USDT,0.05%,0x11b815efb8f581194ae79006d24e0d814b7697f6
2023-04-02,48203196,WETH-USDT,0.05%,0x11b815efb8f581194ae79006d24e0d814b7697f6
2023-04-03,48619166,WETH-USDT,0.05%,0x11b815efb8f581194ae79006d24e0d814b7697f6
2023-04-04,48832418,WETH-USDT,0.05%,0x11b815efb8f581194ae79006d24e0d814b7697f6
2023-04-05,45861359,WETH-USDT,0.05%,0x11b815efb8f581194ae79006d24e0d814b7697f6
2023-04-06,48053675,WETH-USDT,0.05%,0x11b815efb8f581194ae79006d24e0d814b7697f6
2023-04-07,48465090,WETH-USDT,0.05%,0x11b815efb8f581194ae79006d24e0d814b7697f6
2023-04-08,48201231,WETH-USDT,0.05%,0x11b815efb8f581194ae79006d24e0d814b7697f6
2023-04-09,48015306,WETH-USDT,0.05%,0x11b815efb8f581194ae79006d24e0d814b7697f6
2023-04-10,48686496,WETH-USDT,0.05%,0x11b815efb8f581194ae79006d24e0d814b7697f6
2023-04-11,48992478,WETH-USDT,0.05%,0x11b815efb8f581194ae79006d24e0d814b7697f6
2023-04-12,49909352,WETH-USDT,0.05%,0x11b815efb8f581194ae79006d24e0d814b7697f6
2023-04-13,49965863,WETH-USDT,0.05%,0x11b815efb8f581194ae79006d24e0d814b7697f6
2023-04-14,50344967,WETH-USDT,0.05%,0x11b815efb8f581194ae79006d24e0d814b7697f6
2023-04-15,50114734,WETH-USDT,0.05%,0x11b815efb8f581194ae79006d24e0d814b7697f6
2023-04-16,50438236,WETH-USDT,0.05%,0x11b815efb8f581194ae79006d24e0d814b7697f6
2023-04-17,36025185,WETH-USDT,0.05%,0x11b815efb8f581194ae79006d24e0d814b7697f6
2023-04-18,35793709,WETH-USDT,0.05%,0x11b815efb8f581194ae79006d24e0d814b7697f6
2023-04-19,35682518,WETH-USDT,0.05%,0x11b815efb8f581194ae79006d24e0d814b7697f6
2023-04-20,35333725,WETH-USDT,0.05%,0x11b815efb8f581194ae79006d24e0d814b7697f6
2023-04-21,34424723,WETH-USDT,0.05%,0x11b815efb8f581194ae79006d24e0d814b7697f6
2023-04-22,34849663,WETH-USDT,0.05%,0x11b815efb8f581194ae79006d24e0d814b7697f6
2023-04-23,35258949,WETH-USDT,0.05%,0x11b815efb8f581194ae79006d24e0d814b7697f6
2023-04-24,35022953,WETH-USDT,0.05%,0x11b815efb8f581194ae79006d24e0d814b7697f6
2023-04-25,35102293,WETH-USDT,0.05%,0x11b815efb8f581194ae79006d24e0d814b7697f6
2023-04-26,34896462,WETH-USDT,0.05%,0x11b815efb8f581194ae79006d24e0d814b7697f6
2023-04-27,35440523,WETH-USDT,0.05%,0x11b815efb8f581194ae79006d24e0d814b7697f6
2023-04-28,37488065,WETH-USDT,0.05%,0x11b815efb8f581194ae79006d24e0d814b7697f6
2023-04-29,37871289,WETH-USDT,0.05%,0x11b815efb8f581194ae79006d24e0d814b7697f6
2023-04-30,37595512,WETH-USDT,0.05%,0x11b815efb8f581194ae79006d24e0d814b7697f6
2023-05-01,36613586,WETH-USDT,0.05%,0x11b815efb8f581194ae79006d24e0d814b7697f6
2023-05-02,37376172,WETH-USDT,0.05%,0x11b815efb8f581194ae79006d24e0d814b7697f6
2023-05-03,37632753,WETH-USDT,0.05%,0x11b815efb8f581194ae79006d24e0d814b7697f6
2023-05-04,38869444,WETH-USDT,0.05%,0x11b815efb8f581194ae79006d24e0d814b7697f6
2023-05-05,40356169,WETH-USDT,0.05%,0x11b815efb8f581194ae79006d24e0d814b7697f6
2023-05-06,37465628,WETH-USDT,0.05%,0x11b815efb8f581194ae79006d24e0d814b7697f6
2023-05-07,37568614,WETH-USDT,0.05%,0x11b815efb8f581194ae79006d24e0d814b7697f6
2023-05-08,36362752,WETH-USDT,0.05%,0x11b815efb8f581194ae79006d24e0d814b7697f6
2023-05-09,37921556,WETH-USDT,0.05%,0x11b815efb8f581194ae79006d24e0d814b7697f6
2023-05-10,38058858,WETH-USDT,0.05%,0x11b815efb8f581194ae79006d24e0d814b7697f6
2023-05-11,41789080,WETH-USDT,0.05%,0x11b815efb8f581194ae79006d24e0d814b7697f6
2023-05-12,41592562,WETH-USDT,0.05%,0x11b815efb8f581194ae79006d24e0d814b7697f6
2023-05-13,41511324,WETH-USDT,0.05%,0x11b815efb8f581194ae79006d24e0d814b7697f6
2023-05-14,41440125,WETH-USDT,0.05%,0x11b815efb8f581194ae79006d24e0d814b7697f6
2023-05-15,41778857,WETH-USDT,0.05%,0x11b815efb8f581194ae79006d24e0d814b7697f6
2023-05-16,42360542,WETH-USDT,0.05%,0x11b815efb8f581194ae79006d24e0d814b7697f6
2023-05-17,42630041,WETH-USDT,0.05%,0x11b815efb8f581194ae79006d24e0d814b7697f6
2023-05-18,43939378,WETH-USDT,0.05%,0x11b815efb8f581194ae79006d24e0d814b7697f6
2023-05-19,43128257,WETH-USDT,0.05%,0x11b815efb8f581194ae79006d24e0d814b7697f6
2023-05-20,43942083,WETH-USDT,0.05%,0x11b815efb8f581194ae79006d24e0d814b7697f6
2023-05-21,43793572,WETH-USDT,0.05%,0x11b815efb8f581194ae79006d24e0d814b7697f6
2023-05-22,45183564,WETH-USDT,0.05%,0x11b815efb8f581194ae79006d24e0d814b7697f6
2023-05-23,48582056,WETH-USDT,0.05%,0x11b815efb8f581194ae79006d24e0d814b7697f6
2023-05-24,48517172,WETH-USDT,0.05%,0x11b815efb8f581194ae79006d24e0d814b7697f6
2023-05-25,48151202,WETH-USDT,0.05%,0x11b815efb8f581194ae79006d24e0d814b7697f6
2023-05-26,48322557,WETH-USDT,0.05%,0x11b815efb8f581194ae79006d24e0d814b7697f6
2023-05-27,48459632,WETH-USDT,0.05%,0x11b815efb8f581194ae79006d24e0d814b7697f6
2023-05-28,49366981,WETH-USDT,0.05%,0x11b815efb8f581194ae79006d24e0d814b7697f6
2023-05-29,49111455,WETH-USDT,0.05%,0x11b815efb8f581194ae79006d24e0d814b7697f6
2023-05-30,49629005,WETH-USDT,0.05%,0x11b815efb8f581194ae79006d24e0d814b7697f6
2023-05-31,50094872,WETH-USDT,0.05%,0x11b815efb8f581194ae79006d24e0d814b7697f6
2023-06-01,50588727,WETH-USDT,0.05%,0x11b815efb8f581194ae79006d24e0d814b7697f6
2023-06-02,50678949,WETH-USDT,0.05%,0x11b815efb8f581194ae79006d24e0d814b7697f6
2023-06-03,50728349,WETH-USDT,0.05%,0x11b815efb8f581194ae79006d24e0d814b7697f6
2023-06-04,50860585,WETH-USDT,0.05%,0x11b815efb8f581194ae79006d24e0d814b7697f6
2023-06-05,49300533,WETH-USDT,0.05%,0x11b815efb8f581194ae79006d24e0d814b7697f6
2023-06-06,62738637,WETH-USDT,0.05%,0x11b815efb8f581194ae79006d24e0d814b7697f6
2023-06-07,61943399,WETH-USDT,0.05%,0x11b815efb8f581194ae79006d24e0d814b7697f6
2023-06-08,62884540,WETH-USDT,0.05%,0x11b815efb8f581194ae79006d24e0d814b7697f6
2023-06-09,62257813,WETH-USDT,0.05%,0x11b815efb8f581194ae79006d24e0d814b7697f6
2023-06-10,56238093,WETH-USDT,0.05%,0x11b815efb8f581194ae79006d24e0d814b7697f6
2023-06-11,57148309,WETH-USDT,0.05%,0x11b815efb8f581194ae79006d24e0d814b7697f6
2023-06-12,57284280,WETH-USDT,0.05%,0x11b815efb8f581194ae79006d24e0d814b7697f6
2023-06-13,56724544,WETH-USDT,0.05%,0x11b815efb8f581194ae79006d24e0d814b7697f6
2023-06-14,54722511,WETH-USDT,0.05%,0x11b815efb8f581194ae79006d24e0d814b7697f6
2023-06-15,53373120,WETH-USDT,0.05%,0x11b815efb8f581194ae79006d24e0d814b7697f6
2023-06-16,54673709,WETH-USDT,0.05%,0x11b815efb8f581194ae79006d24e0d814b7697f6
2023-06-17,78328228,WETH-USDT,0.05%,0x11b815efb8f581194ae79006d24e0d814b7697f6
2023-06-18,76934474,WETH-USDT,0.05%,0x11b815efb8f581194ae79006d24e0d814b7697f6
2023-06-19,77121676,WETH-USDT,0.05%,0x11b815efb8f581194ae79006d24e0d814b7697f6
2023-06-20,79157412,WETH-USDT,0.05%,0x11b815efb8f581194ae79006d24e0d814b7697f6
2023-06-21,85090556,WETH-USDT,0.05%,0x11b815efb8f581194ae79006d24e0d814b7697f6
2023-06-22,84611422,WETH-USDT,0.05%,0x11b815efb8f581194ae79006d24e0d814b7697f6
2023-06-23,85671896,WETH-USDT,0.05%,0x11b815efb8f581194ae79006d24e0d814b7697f6
2023-06-24,85526356,WETH-USDT,0.05%,0x11b815efb8f581194ae79006d24e0d814b7697f6
2023-06-25,87628757,WETH-USDT,0.05%,0x11b815efb8f581194ae79006d24e0d814b7697f6
2023-06-26,86210719,WETH-USDT,0.05%,0x11b815efb8f581194ae79006d24e0d814b7697f6
2023-06-27,86976774,WETH-USDT,0.05%,0x11b815efb8f581194ae79006d24e0d814b7697f6
2023-06-28,85358735,WETH-USDT,0.05%,0x11b815efb8f581194ae79006d24e0d814b7697f6
2023-06-29,85447984,WETH-USDT,0.05%,0x11b815efb8f581194ae79006d24e0d814b7697f6
2023-06-30,87413669,WETH-USDT,0.05%,0x11b815efb8f581194ae79006d24e0d814b7697f6
2023-07-01,86657945,WETH-USDT,0.05%,0x11b815efb8f581194ae79006d24e0d814b7697f6
2023-07-02,86418531,WETH-USDT,0.05%,0x11b815efb8f581194ae79006d24e0d814b7697f6
2023-07-03,86642034,WETH-USDT,0.05%,0x11b815efb8f581194ae79006d24e0d814b7697f6
2023-07-04,74028023,WETH-USDT,0.05%,0x11b815efb8f581194ae79006d24e0d814b7697f6
2023-07-05,68562066,WETH-USDT,0.05%,0x11b815efb8f581194ae79006d24e0d814b7697f6
2023-07-06,68517712,WETH-USDT,0.05%,0x11b815efb8f581194ae79006d24e0d814b7697f6
2023-07-07,68906463,WETH-USDT,0.05%,0x11b815efb8f581194ae79006d24e0d814b7697f6
2023-07-08,69080101,WETH-USDT,0.05%,0x11b815efb8f581194ae79006d24e0d814b7697f6
2023-07-09,69561664,WETH-USDT,0.05%,0x11b815efb8f581194ae79006d24e0d814b7697f6
2023-07-10,81169628,WETH-USDT,0.05%,0x11b815efb8f581194ae79006d24e0d814b7697f6
2023-07-11,81251678,WETH-USDT,0.05%,0x11b815efb8f581194ae79006d24e0d814b7697f6
2023-07-12,80222647,WETH-USDT,0.05%,0x11b815efb8f581194ae79006d24e0d814b7697f6
2023-07-13,75020828,WETH-USDT,0.05%,0x11b815efb8f581194ae79006d24e0d814b7697f6
2023-07-14,74745530,WETH-USDT,0.05%,0x11b815efb8f581194ae79006d24e0d814b7697f6
2023-07-15,80089676,WETH-USDT,0.05%,0x11b815efb8f581194ae79006d24e0d814b7697f6
2023-07-16,80591631,WETH-USDT,0.05%,0x11b815efb8f581194ae79006d24e0d814b7697f6
2023-07-17,80176354,WETH-USDT,0.05%,0x11b815efb8f581194ae79006d24e0d814b7697f6
2023-07-18,74157747,WETH-USDT,0.05%,0x11b815efb8f581194ae79006d24e0d814b7697f6
2023-07-19,76041845,WETH-USDT,0.05%,0x11b815efb8f581194ae79006d24e0d814b7697f6
2023-07-20,76153744,WETH-USDT,0.05%,0x11b815efb8f581194ae79006d24e0d814b7697f6
2023-07-21,76078919,WETH-USDT,0.05%,0x11b815efb8f581194ae79006d24e0d814b7697f6
2023-07-22,75867332,WETH-USDT,0.05%,0x11b815efb8f581194ae79006d24e0d814b7697f6
2023-07-23,75586770,WETH-USDT,0.05%,0x11b815efb8f581194ae79006d24e0d814b7697f6
2023-07-24,74800541,WETH-USDT,0.05%,0x11b815efb8f581194ae79006d24e0d814b7697f6
2023-07-25,75084495,WETH-USDT,0.05%,0x11b815efb8f581194ae79006d24e0d814b7697f6
2023-07-26,74424284,WETH-USDT,0.05%,0x11b815efb8f581194ae79006d24e0d814b7697f6
2023-07-27,75172010,WETH-USDT,0.05%,0x11b815efb8f581194ae79006d24e0d814b7697f6
2023-07-28,76137858,WETH-USDT,0.05%,0x11b815efb8f581194ae79006d24e0d814b7697f6
2023-07-29,74580445,WETH-USDT,0.05%,0x11b815efb8f581194ae79006d24e0d814b7697f6
2023-07-30,74246691,WETH-USDT,0.05%,0x11b815efb8f581194ae79006d24e0d814b7697f6
2023-07-31,74137080,WETH-USDT,0.05%,0x11b815efb8f581194ae79006d24e0d814b7697f6
2023-08-01,73921669,WETH-USDT,0.05%,0x11b815efb8f581194ae79006d24e0d814b7697f6
2023-08-02,74359845,WETH-USDT,0.05%,0x11b815efb8f581194ae79006d24e0d814b7697f6
2023-08-03,74315631,WETH-USDT,0.05%,0x11b815efb8f581194ae79006d24e0d814b7697f6
2023-08-04,72515402,WETH-USDT,0.05%,0x11b815efb8f581194ae79006d24e0d814b7697f6
2023-08-05,73048485,WETH-USDT,0.05%,0x11b815efb8f581194ae79006d24e0d814b7697f6
2023-08-06,72927816,WETH-USDT,0.05%,0x11b815efb8f581194ae79006d24e0d814b7697f6
2023-08-07,73090587,WETH-USDT,0.05%,0x11b815efb8f581194ae79006d24e0d814b7697f6
2023-08-08,74772421,WETH-USDT,0.05%,0x11b815efb8f581194ae79006d24e0d814b7697f6
2023-08-09,74416782,WETH-USDT,0.05%,0x11b815efb8f581194ae79006d24e0d814b7697f6
2023-08-10,75052630,WETH-USDT,0.05%,0x11b815efb8f581194ae79006d24e0d814b7697f6
2023-08-11,75015852,WETH-USDT,0.05%,0x11b815efb8f581194ae79006d24e0d814b7697f6
2023-08-12,75372181,WETH-USDT,0.05%,0x11b815efb8f581194ae79006d24e0d814b7697f6
2023-08-13,74976887,WETH-USDT,0.05%,0x11b815efb8f581194ae79006d24e0d814b7697f6
2023-08-14,74732099,WETH-USDT,0.05%,0x11b815efb8f581194ae79006d24e0d814b7697f6
2023-08-15,71853959,WETH-USDT,0.05%,0x11b815efb8f581194ae79006d24e0d814b7697f6
2023-08-16,70876878,WETH-USDT,0.05%,0x11b815efb8f581194ae79006d24e0d814b7697f6
2023-08-17,60797225,WETH-USDT,0.05%,0x11b815efb8f581194ae79006d24e0d814b7697f6
2023-08-18,60400447,WETH-USDT,0.05%,0x11b815efb8f581194ae79006d24e0d814b7697f6
2023-08-19,60516813,WETH-USDT,0.05%,0x11b815efb8f581194ae79006d24e0d814b7697f6
2023-08-20,61277889,WETH-USDT,0.05%,0x11b815efb8f581194ae79006d24e0d814b7697f6
2023-08-21,60666619,WETH-USDT,0.05%,0x11b815efb8f581194ae79006d24e0d814b7697f6
2023-08-22,59177416,WETH-USDT,0.05%,0x11b815efb8f581194ae79006d24e0d814b7697f6
2023-08-23,60858443,WETH-USDT,0.05%,0x11b815efb8f581194ae79006d24e0d814b7697f6
2023-08-24,60092969,WETH-USDT,0.05%,0x11b815efb8f581194ae79006d24e0d814b7697f6
2023-08-25,60451646,WETH-USDT,0.05%,0x11b815efb8f581194ae79006d24e0d814b7697f6
2023-08-26,60062435,WETH-USDT,0.05%,0x11b815efb8f581194ae79006d24e0d814b7697f6
2023-08-27,59977730,WETH-USDT,0.05%,0x11b815efb8f581194ae79006d24e0d814b7697f6
2023-08-28,59827747,WETH-USDT,0.05%,0x11b815efb8f581194ae79006d24e0d814b7697f6
2023-08-29,62313250,WETH-USDT,0.05%,0x11b815efb8f581194ae79006d24e0d814b7697f6
2023-08-30,61675041,WETH-USDT,0.05%,0x11b815efb8f581194ae79006d24e0d814b7697f6
2023-08-31,60213044,WETH-USDT,0.05%,0x11b815efb8f581194ae79006d24e0d814b7697f6
2023-09-01,37789658,WETH-USDT,0.05%,0x11b815efb8f581194ae79006d24e0d814b7697f6
2023-09-04,37495021,WETH-USDT,0.05%,0x11b815efb8f581194ae79006d24e0d814b7697f6
2023-09-05,37336710,WETH-USDT,0.05%,0x11b815efb8f581194ae79006d24e0d814b7697f6
2023-09-06,34973260,WETH-USDT,0.05%,0x11b815efb8f581194ae79006d24e0d814b7697f6
2023-09-07,35383015,WETH-USDT,0.05%,0x11b815efb8f581194ae79006d24e0d814b7697f6
2023-09-08,35093294,WETH-USDT,0.05%,0x11b815efb8f581194ae79006d24e0d814b7697f6
2023-09-09,35172741,WETH-USDT,0.05%,0x11b815efb8f581194ae79006d24e0d814b7697f6
2023-09-10,34929646,WETH-USDT,0.05%,0x11b815efb8f581194ae79006d24e0d814b7697f6
2023-09-11,33787587,WETH-USDT,0.05%,0x11b815efb8f581194ae79006d24e0d814b7697f6
2023-09-12,34564378,WETH-USDT,0.05%,0x11b815efb8f581194ae79006d24e0d814b7697f6
2023-09-13,34787651,WETH-USDT,0.05%,0x11b815efb8f581194ae79006d24e0d814b7697f6
2023-09-14,34980905,WETH-USDT,0.05%,0x11b815efb8f581194ae79006d24e0d814b7697f6
2023-09-15,35265305,WETH-USDT,0.05%,0x11b815efb8f581194ae79006d24e0d814b7697f6
2023-09-16,35033635,WETH-USDT,0.05%,0x11b815efb8f581194ae79006d24e0d814b7697f6
2023-09-17,34833949,WETH-USDT,0.05%,0x11b815efb8f581194ae79006d24e0d814b7697f6
2023-09-18,35206824,WETH-USDT,0.05%,0x11b815efb8f581194ae79006d24e0d814b7697f6
2023-09-19,35232495,WETH-USDT,0.05%,0x11b815efb8f581194ae79006d24e0d814b7697f6
2023-09-20,35015300,WETH-USDT,0.05%,0x11b815efb8f581194ae79006d24e0d814b7697f6
2023-09-21,34397310,WETH-USDT,0.05%,0x11b815efb8f581194ae79006d24e0d814b7697f6
2023-09-22,34572262,WETH-USDT,0.05%,0x11b815efb8f581194ae79006d24e0d814b7697f6
2023-09-23,34558067,WETH-USDT,0.05%,0x11b815efb8f581194ae79006d24e0d814b7697f6
2023-09-24,34480270,WETH-USDT,0.05%,0x11b815efb8f581194ae79006d24e0d814b7697f6
2023-09-25,34661783,WETH-USDT,0.05%,0x11b815efb8f581194ae79006d24e0d814b7697f6
2023-09-26,34206485,WETH-USDT,0.05%,0x11b815efb8f581194ae79006d24e0d814b7697f6
2023-09-27,34192838,WETH-USDT,0.05%,0x11b815efb8f581194ae79006d24e0d814b7697f6
2023-09-28,34984527,WETH-USDT,0.05%,0x11b815efb8f581194ae79006d24e0d814b7697f6
2023-09-29,35853280,WETH-USDT,0.05%,0x11b815efb8f581194ae79006d24e0d814b7697f6
2023-09-30,35998317,WETH-USDT,0.05%,0x11b815efb8f581194ae79006d24e0d814b7697f6
2023-10-01,36539518,WETH-USDT,0.05%,0x11b815efb8f581194ae79006d24e0d814b7697f6
2023-10-02,35296116,WETH-USDT,0.05%,0x11b815efb8f581194ae79006d24e0d814b7697f6
2023-10-03,35537906,WETH-USDT,0.05%,0x11b815efb8f581194ae79006d24e0d814b7697f6
2023-10-04,35504901,WETH-USDT,0.05%,0x11b815efb8f581194ae79006d24e0d814b7697f6
2023-10-05,35076626,WETH-USDT,0.05%,0x11b815efb8f581194ae79006d24e0d814b7697f6
2023-10-06,35542683,WETH-USDT,0.05%,0x11b815efb8f581194ae79006d24e0d814b7697f6
2023-10-07,35465175,WETH-USDT,0.05%,0x11b815efb8f581194ae79006d24e0d814b7697f6
2023-10-08,35413376,WETH-USDT,0.05%,0x11b815efb8f581194ae79006d24e0d814b7697f6
2023-10-09,34176529,WETH-USDT,0.05%,0x11b815efb8f581194ae79006d24e0d814b7697f6
2023-10-10,33943144,WETH-USDT,0.05%,0x11b815efb8f581194ae79006d24e0d814b7697f6
2023-10-11,34717997,WETH-USDT,0.05%,0x11b815efb8f581194ae79006d24e0d814b7697f6
2023-10-12,33713890,WETH-USDT,0.05%,0x11b815efb8f581194ae79006d24e0d814b7697f6
2023-10-13,33987149,WETH-USDT,0.05%,0x11b815efb8f581194ae79006d24e0d814b7697f6
2023-10-14,34062303,WETH-USDT,0.05%,0x11b815efb8f581194ae79006d24e0d814b7697f6
2023-10-15,34020176,WETH-USDT,0.05%,0x11b815efb8f581194ae79006d24e0d814b7697f6
2023-10-16,34102734,WETH-USDT,0.05%,0x11b815efb8f581194ae79006d24e0d814b7697f6
2023-10-17,33620805,WETH-USDT,0.05%,0x11b815efb8f581194ae79006d24e0d814b7697f6
2023-10-18,33669666,WETH-USDT,0.05%,0x11b815efb8f581194ae79006d24e0d814b7697f6
2023-10-19,33661127,WETH-USDT,0.05%,0x11b815efb8f581194ae79006d24e0d814b7697f6
2023-10-20,34430599,WETH-USDT,0.05%,0x11b815efb8f581194ae79006d24e0d814b7697f6
2023-10-21,35009299,WETH-USDT,0.05%,0x11b815efb8f581194ae79006d24e0d814b7697f6
2023-10-22,35105679,WETH-USDT,0.05%,0x11b815efb8f581194ae79006d24e0d814b7697f6
2023-10-23,31421131,WETH-USDT,0.05%,0x11b815efb8f581194ae79006d24e0d814b7697f6
2023-10-24,32239681,WETH-USDT,0.05%,0x11b815efb8f581194ae79006d24e0d814b7697f6
2023-10-25,33114090,WETH-USDT,0.05%,0x11b815efb8f581194ae79006d24e0d814b7697f6
2023-10-26,33356822,WETH-USDT,0.05%,0x11b815efb8f581194ae79006d24e0d814b7697f6
2023-10-27,41441874,WETH-USDT,0.05%,0x11b815efb8f581194ae79006d24e0d814b7697f6
2023-10-28,41451200,WETH-USDT,0.05%,0x11b815efb8f581194ae79006d24e0d814b7697f6
2023-10-29,42040447,WETH-USDT,0.05%,0x11b815efb8f581194ae79006d24e0d814b7697f6
2023-10-30,47661465,WETH-USDT,0.05%,0x11b815efb8f581194ae79006d24e0d814b7697f6
2023-10-31,38026008,WETH-USDT,0.05%,0x11b815efb8f581194ae79006d24e0d814b7697f6
2023-11-01,37989858,WETH-USDT,0.05%,0x11b815efb8f581194ae79006d24e0d814b7697f6
2023-11-02,37288114,WETH-USDT,0.05%,0x11b815efb8f581194ae79006d24e0d814b7697f6
2023-11-03,38052435,WETH-USDT,0.05%,0x11b815efb8f581194ae79006d24e0d814b7697f6
2023-11-04,37678728,WETH-USDT,0.05%,0x11b815efb8f581194ae79006d24e0d814b7697f6
2023-11-05,37771830,WETH-USDT,0.05%,0x11b815efb8f581194ae79006d24e0d814b7697f6
2023-11-06,38190909,WETH-USDT,0.05%,0x11b815efb8f581194ae79006d24e0d814b7697f6
2023-11-07,38725343,WETH-USDT,0.05%,0x11b815efb8f581194ae79006d24e0d814b7697f6
2023-11-08,37826524,WETH-USDT,0.05%,0x11b815efb8f581194ae79006d24e0d814b7697f6
2023-11-09,39491302,WETH-USDT,0.05%,0x11b815efb8f581194ae79006d24e0d814b7697f6
2023-11-10,39975696,WETH-USDT,0.05%,0x11b815efb8f581194ae79006d24e0d814b7697f6
2023-11-11,39679306,WETH-USDT,0.05%,0x11b815efb8f581194ae79006d24e0d814b7697f6
2023-11-12,39897716,WETH-USDT,0.05%,0x11b815efb8f581194ae79006d24e0d814b7697f6
2023-11-13,40117791,WETH-USDT,0.05%,0x11b815efb8f581194ae79006d24e0d814b7697f6
2023-11-14,39581141,WETH-USDT,0.05%,0x11b815efb8f581194ae79006d24e0d814b7697f6
2023-11-15,40443286,WETH-USDT,0.05%,0x11b815efb8f581194ae79006d24e0d814b7697f6
2023-11-16,39851944,WETH-USDT,0.05%,0x11b815efb8f581194ae79006d24e0d814b7697f6
2023-11-17,40388842,WETH-USDT,0.05%,0x11b815efb8f581194ae79006d24e0d814b7697f6
2023-11-18,40696737,WETH-USDT,0.05%,0x11b815efb8f581194ae79006d24e0d814b7697f6
2023-11-19,41427711,WETH-USDT,0.05%,0x11b815efb8f581194ae79006d24e0d814b7697f6
2023-11-20,41816973,WETH-USDT,0.05%,0x11b815efb8f581194ae79006d24e0d814b7697f6
2023-11-21,41744667,WETH-USDT,0.05%,0x11b815efb8f581194ae79006d24e0d814b7697f6
2023-11-22,43706898,WETH-USDT,0.05%,0x11b815efb8f581194ae79006d24e0d814b7697f6
2023-11-23,43666060,WETH-USDT,0.05%,0x11b815efb8f581194ae79006d24e0d814b7697f6
2023-11-24,41736149,WETH-USDT,0.05%,0x11b815efb8f581194ae79006d24e0d814b7697f6
2023-11-25,42077462,WETH-USDT,0.05%,0x11b815efb8f581194ae79006d24e0d814b7697f6
2023-11-26,41687619,WETH-USDT,0.05%,0x11b815efb8f581194ae79006d24e0d814b7697f6
2023-11-27,40974141,WETH-USDT,0.05%,0x11b815efb8f581194ae79006d24e0d814b7697f6
2023-11-28,41257730,WETH-USDT,0.05%,0x11b815efb8f581194ae79006d24e0d814b7697f6
2023-11-29,41127783,WETH-USDT,0.05%,0x11b815efb8f581194ae79006d24e0d814b7697f6
2023-11-30,44923031,WETH-USDT,0.05%,0x11b815efb8f581194ae79006d24e0d814b7697f6
2023-12-01,41685892,WETH-USDT,0.05%,0x11b815efb8f581194ae79006d24e0d814b7697f6
2023-12-02,42367353,WETH-USDT,0.05%,0x11b815efb8f581194ae79006d24e0d814b7697f6
2023-12-03,40396779,WETH-USDT,0.05%,0x11b815efb8f581194ae79006d24e0d814b7697f6
2023-12-04,39324267,WETH-USDT,0.05%,0x11b815efb8f581194ae79006d24e0d814b7697f6
2023-12-05,39262699,WETH-USDT,0.05%,0x11b815efb8f581194ae79006d24e0d814b7697f6
2023-12-06,30754406,WETH-USDT,0.05%,0x11b815efb8f581194ae79006d24e0d814b7697f6
2023-12-07,32825624,WETH-USDT,0.05%,0x11b815efb8f581194ae79006d24e0d814b7697f6
2023-12-08,33686855,WETH-USDT,0.05%,0x11b815efb8f581194ae79006d24e0d814b7697f6
2023-12-09,34113802,WETH-USDT,0.05%,0x11b815efb8f581194ae79006d24e0d814b7697f6
2023-12-10,33891953,WETH-USDT,0.05%,0x11b815efb8f581194ae79006d24e0d814b7697f6
2023-12-11,32690726,WETH-USDT,0.05%,0x11b815efb8f581194ae79006d24e0d814b7697f6
2023-12-12,32165339,WETH-USDT,0.05%,0x11b815efb8f581194ae79006d24e0d814b7697f6
2023-12-13,32816287,WETH-USDT,0.05%,0x11b815efb8f581194ae79006d24e0d814b7697f6
2023-12-14,33097480,WETH-USDT,0.05%,0x11b815efb8f581194ae79006d24e0d814b7697f6
2023-12-15,33148424,WETH-USDT,0.05%,0x11b815efb8f581194ae79006d24e0d814b7697f6
2023-12-16,33162967,WETH-USDT,0.05%,0x11b815efb8f581194ae79006d24e0d814b7697f6
2023-12-17,32417913,WETH-USDT,0.05%,0x11b815efb8f581194ae79006d24e0d814b7697f6
2023-12-18,33887247,WETH-USDT,0.05%,0x11b815efb8f581194ae79006d24e0d814b7697f6
2023-12-19,33935169,WETH-USDT,0.05%,0x11b815efb8f581194ae79006d24e0d814b7697f6
2023-12-20,33940207,WETH-USDT,0.05%,0x11b815efb8f581194ae79006d24e0d814b7697f6
2023-12-21,32795933,WETH-USDT,0.05%,0x11b815efb8f581194ae79006d24e0d814b7697f6
2023-12-22,29526793,WETH-USDT,0.05%,0x11b815efb8f581194ae79006d24e0d814b7697f6
2023-12-23,29436035,WETH-USDT,0.05%,0x11b815efb8f581194ae79006d24e0d814b7697f6
2023-12-24,29467585,WETH-USDT,0.05%,0x11b815efb8f581194ae79006d24e0d814b7697f6
2023-12-25,32337800,WETH-USDT,0.05%,0x11b815efb8f581194ae79006d24e0d814b7697f6
2023-12-26,35874991,WETH-USDT,0.05%,0x11b815efb8f581194ae79006d24e0d814b7697f6
2023-12-27,36182964,WETH-USDT,0.05%,0x11b815efb8f581194ae79006d24e0d814b7697f6
2023-12-28,36856650,WETH-USDT,0.05%,0x11b815efb8f581194ae79006d24e0d814b7697f6
2023-12-29,36386638,WETH-USDT,0.05%,0x11b815efb8f581194ae79006d24e0d814b7697f6
2023-12-30,36517342,WETH-USDT,0.05%,0x11b815efb8f581194ae79006d24e0d814b7697f6
2023-12-31,36396929,WETH-USDT,0.05%,0x11b815efb8f581194ae79006d24e0d814b7697f6
2024-01-01,36854770,WETH-USDT,0.05%,0x11b815efb8f581194ae79006d24e0d814b7697f6
2024-01-02,37163413,WETH-USDT,0.05%,0x11b815efb8f581194ae79006d24e0d814b7697f6
2024-01-03,37199772,WETH-USDT,0.05%,0x11b815efb8f581194ae79006d24e0d814b7697f6
2024-01-04,38338820,WETH-USDT,0.05%,0x11b815efb8f581194ae79006d24e0d814b7697f6
2024-01-05,38349008,WETH-USDT,0.05%,0x11b815efb8f581194ae79006d24e0d814b7697f6
2024-01-06,38948348,WETH-USDT,0.05%,0x11b815efb8f581194ae79006d24e0d814b7697f6
2024-01-07,39187797,WETH-USDT,0.05%,0x11b815efb8f581194ae79006d24e0d814b7697f6
2024-01-08,39896921,WETH-USDT,0.05%,0x11b815efb8f581194ae79006d24e0d814b7697f6
2024-01-09,40661785,WETH-USDT,0.05%,0x11b815efb8f581194ae79006d24e0d814b7697f6
2024-01-10,39717949,WETH-USDT,0.05%,0x11b815efb8f581194ae79006d24e0d814b7697f6
2024-01-11,33208912,WETH-USDT,0.05%,0x11b815efb8f581194ae79006d24e0d814b7697f6
2024-01-12,29040754,WETH-USDT,0.05%,0x11b815efb8f581194ae79006d24e0d814b7697f6
2024-01-13,29064358,WETH-USDT,0.05%,0x11b815efb8f581194ae79006d24e0d814b7697f6
2024-01-14,28652318,WETH-USDT,0.05%,0x11b815efb8f581194ae79006d24e0d814b7697f6
2024-01-15,28638397,WETH-USDT,0.05%,0x11b815efb8f581194ae79006d24e0d814b7697f6
2024-01-16,28914270,WETH-USDT,0.05%,0x11b815efb8f581194ae79006d24e0d814b7697f6
2024-01-17,30232100,WETH-USDT,0.05%,0x11b815efb8f581194ae79006d24e0d814b7697f6
2024-01-18,30926472,WETH-USDT,0.05%,0x11b815efb8f581194ae79006d24e0d814b7697f6
2024-01-19,31109960,WETH-USDT,0.05%,0x11b815efb8f581194ae79006d24e0d814b7697f6
2024-01-20,31063138,WETH-USDT,0.05%,0x11b815efb8f581194ae79006d24e0d814b7697f6
2024-01-21,31511749,WETH-USDT,0.05%,0x11b815efb8f581194ae79006d24e0d814b7697f6
2024-01-22,30198308,WETH-USDT,0.05%,0x11b815efb8f581194ae79006d24e0d814b7697f6
2024-01-23,27528709,WETH-USDT,0.05%,0x11b815efb8f581194ae79006d24e0d814b7697f6
2024-01-24,27667746,WETH-USDT,0.05%,0x11b815efb8f581194ae79006d24e0d814b7697f6
2024-01-25,27656587,WETH-USDT,0.05%,0x11b815efb8f581194ae79006d24e0d814b7697f6
2024-01-26,27792138,WETH-USDT,0.05%,0x11b815efb8f581194ae79006d24e0d814b7697f6
2024-01-27,28357387,WETH-USDT,0.05%,0x11b815efb8f581194ae79006d24e0d814b7697f6
2024-01-28,28178721,WETH-USDT,0.05%,0x11b815efb8f581194ae79006d24e0d814b7697f6
2024-01-29,28681883,WETH-USDT,0.05%,0x11b815efb8f581194ae79006d24e0d814b7697f6
2024-01-30,30630866,WETH-USDT,0.05%,0x11b815efb8f581194ae79006d24e0d814b7697f6
2024-01-31,30686316,WETH-USDT,0.05%,0x11b815efb8f581194ae79006d24e0d814b7697f6
2024-02-01,31160329,WETH-USDT,0.05%,0x11b815efb8f581194ae79006d24e0d814b7697f6
2024-02-02,31011910,WETH-USDT,0.05%,0x11b815efb8f581194ae79006d24e0d814b7697f6
2024-02-03,31168366,WETH-USDT,0.05%,0x11b815efb8f581194ae79006d24e0d814b7697f6
2024-02-04,30590700,WETH-USDT,0.05%,0x11b815efb8f581194ae79006d24e0d814b7697f6
2024-02-05,30580303,WETH-USDT,0.05%,0x11b815efb8f581194ae79006d24e0d814b7697f6
2024-02-06,31166254,WETH-USDT,0.05%,0x11b815efb8f581194ae79006d24e0d814b7697f6
2024-02-07,33869929,WETH-USDT,0.05%,0x11b815efb8f581194ae79006d24e0d814b7697f6
2024-02-08,31863370,WETH-USDT,0.05%,0x11b815efb8f581194ae79006d24e0d814b7697f6
2024-02-09,34298193,WETH-USDT,0.05%,0x11b815efb8f581194ae79006d24e0d814b7697f6
2024-02-10,33298650,WETH-USDT,0.05%,0x11b815efb8f581194ae79006d24e0d814b7697f6
2024-02-11,34290162,WETH-USDT,0.05%,0x11b815efb8f581194ae79006d24e0d814b7697f6
2024-02-12,34877048,WETH-USDT,0.05%,0x11b815efb8f581194ae79006d24e0d814b7697f6
2024-02-13,31890090,WETH-USDT,0.05%,0x11b815efb8f581194ae79006d24e0d814b7697f6
2024-02-14,29857585,WETH-USDT,0.05%,0x11b815efb8f581194ae79006d24e0d814b7697f6
2024-02-15,30683408,WETH-USDT,0.05%,0x11b815efb8f581194ae79006d24e0d814b7697f6
2024-02-16,31477486,WETH-USDT,0.05%,0x11b815efb8f581194ae79006d24e0d814b7697f6
2024-02-17,33597528,WETH-USDT,0.05%,0x11b815efb8f581194ae79006d24e0d814b7697f6
2024-02-18,32877721,WETH-USDT,0.05%,0x11b815efb8f581194ae79006d24e0d814b7697f6
2024-02-19,30493491,WETH-USDT,0.05%,0x11b815efb8f581194ae79006d24e0d814b7697f6
2024-02-20,29339385,WETH-USDT,0.05%,0x11b815efb8f581194ae79006d24e0d814b7697f6
2024-02-21,28522209,WETH-USDT,0.05%,0x11b815efb8f581194ae79006d24e0d814b7697f6
2024-02-22,29047028,WETH-USDT,0.05%,0x11b815efb8f581194ae79006d24e0d814b7697f6
2024-02-23,29678359,WETH-USDT,0.05%,0x11b815efb8f581194ae79006d24e0d814b7697f6
2024-02-24,30295059,WETH-USDT,0.05%,0x11b815efb8f581194ae79006d24e0d814b7697f6
2024-02-25,28946745,WETH-USDT,0.05%,0x11b815efb8f581194ae79006d24e0d814b7697f6
2024-02-26,28511678,WETH-USDT,0.05%,0x11b815efb8f581194ae79006d24e0d814b7697f6
2024-02-27,26960927,WETH-USDT,0.05%,0x11b815efb8f581194ae79006d24e0d814b7697f6
2024-02-28,26491422,WETH-USDT,0.05%,0x11b815efb8f581194ae79006d24e0d814b7697f6
2024-02-29,24138051,WETH-USDT,0.05%,0x11b815efb8f581194ae79006d24e0d814b7697f6
2024-03-01,24411445,WETH-USDT,0.05%,0x11b815efb8f581194ae79006d24e0d814b7697f6
2024-03-02,27949047,WETH-USDT,0.05%,0x11b815efb8f581194ae79006d24e0d814b7697f6
2024-03-03,28393952,WETH-USDT,0.05%,0x11b815efb8f581194ae79006d24e0d814b7697f6
2024-03-04,28525451,WETH-USDT,0.05%,0x11b815efb8f581194ae79006d24e0d814b7697f6
2024-03-05,24637941,WETH-USDT,0.05%,0x11b815efb8f581194ae79006d24e0d814b7697f6
2024-03-06,26217166,WETH-USDT,0.05%,0x11b815efb8f581194ae79006d24e0d814b7697f6
2024-03-07,27443362,WETH-USDT,0.05%,0x11b815efb8f581194ae79006d24e0d814b7697f6
2024-03-08,28208960,WETH-USDT,0.05%,0x11b815efb8f581194ae79006d24e0d814b7697f6
2024-03-09,28604407,WETH-USDT,0.05%,0x11b815efb8f581194ae79006d24e0d814b7697f6
2024-03-10,29209119,WETH-USDT,0.05%,0x11b815efb8f581194ae79006d24e0d814b7697f6
2024-03-11,29742080,WETH-USDT,0.05%,0x11b815efb8f581194ae79006d24e0d814b7697f6
2024-03-12,29071698,WETH-USDT,0.05%,0x11b815efb8f581194ae79006d24e0d814b7697f6
2024-03-13,30664372,WETH-USDT,0.05%,0x11b815efb8f581194ae79006d24e0d814b7697f6
2024-03-14,30136463,WETH-USDT,0.05%,0x11b815efb8f581194ae79006d24e0d814b7697f6
2024-03-15,26893139,WETH-USDT,0.05%,0x11b815efb8f581194ae79006d24e0d814b7697f6
2024-03-16,34141671,WETH-USDT,0.05%,0x11b815efb8f581194ae79006d24e0d814b7697f6
2024-03-17,41784420,WETH-USDT,0.05%,0x11b815efb8f581194ae79006d24e0d814b7697f6
2024-03-18,34300331,WETH-USDT,0.05%,0x11b815efb8f581194ae79006d24e0d814b7697f6
2024-03-19,32693530,WETH-USDT,0.05%,0x11b815efb8f581194ae79006d24e0d814b7697f6
2024-03-20,29906945,WETH-USDT,0.05%,0x11b815efb8f581194ae79006d24e0d814b7697f6
2024-03-22,43024084,WETH-USDT,0.05%,0x11b815efb8f581194ae79006d24e0d814b7697f6
2024-03-23,44200828,WETH-USDT,0.05%,0x11b815efb8f581194ae79006d24e0d814b7697f6
2024-03-24,43992778,WETH-USDT,0.05%,0x11b815efb8f581194ae79006d24e0d814b7697f6
2024-03-25,40047902,WETH-USDT,0.05%,0x11b815efb8f581194ae79006d24e0d814b7697f6
2024-03-26,33028399,WETH-USDT,0.05%,0x11b815efb8f581194ae79006d24e0d814b7697f6
2024-03-27,34916904,WETH-USDT,0.05%,0x11b815efb8f581194ae79006d24e0d814b7697f6
2024-03-28,37544158,WETH-USDT,0.05%,0x11b815efb8f581194ae79006d24e0d814b7697f6
2024-03-29,40428722,WETH-USDT,0.05%,0x11b815efb8f581194ae79006d24e0d814b7697f6
2024-03-30,37819325,WETH-USDT,0.05%,0x11b815efb8f581194ae79006d24e0d814b7697f6
2024-03-31,39608766,WETH-USDT,0.05%,0x11b815efb8f581194ae79006d24e0d814b7697f6
2024-04-01,37818969,WETH-USDT,0.05%,0x11b815efb8f581194ae79006d24e0d814b7697f6
2024-04-02,34802834,WETH-USDT,0.05%,0x11b815efb8f581194ae79006d24e0d814b7697f6
2024-04-03,35261849,WETH-USDT,0.05%,0x11b815efb8f581194ae79006d24e0d814b7697f6
2024-04-04,35519803,WETH-USDT,0.05%,0x11b815efb8f581194ae79006d24e0d814b7697f6
2024-04-05,33902669,WETH-USDT,0.05%,0x11b815efb8f581194ae79006d24e0d814b7697f6
2024-04-06,34382610,WETH-USDT,0.05%,0x11b815efb8f581194ae79006d24e0d814b7697f6
2024-04-07,46392627,WETH-USDT,0.05%,0x11b815efb8f581194ae79006d24e0d814b7697f6
2024-04-08,51264557,WETH-USDT,0.05%,0x11b815efb8f581194ae79006d24e0d814b7697f6
2024-04-09,66507575,WETH-USDT,0.05%,0x11b815efb8f581194ae79006d24e0d814b7697f6
2024-04-10,52778267,WETH-USDT,0.05%,0x11b815efb8f581194ae79006d24e0d814b7697f6
2024-04-11,54890991,WETH-USDT,0.05%,0x11b815efb8f581194ae79006d24e0d814b7697f6
2024-04-12,34474329,WETH-USDT,0.05%,0x11b815efb8f581194ae79006d24e0d814b7697f6
2024-04-13,31920744,WETH-USDT,0.05%,0x11b815efb8f581194ae79006d24e0d814b7697f6
2024-04-14,36732271,WETH-USDT,0.05%,0x11b815efb8f581194ae79006d24e0d814b7697f6
2024-04-15,48533088,WETH-USDT,0.05%,0x11b815efb8f581194ae79006d24e0d814b7697f6
2024-04-16,48343096,WETH-USDT,0.05%,0x11b815efb8f581194ae79006d24e0d814b7697f6
2024-04-17,46853232,WETH-USDT,0.05%,0x11b815efb8f581194ae79006d24e0d814b7697f6
2024-04-18,47792611,WETH-USDT,0.05%,0x11b815efb8f581194ae79006d24e0d814b7697f6
2024-04-19,51761502,WETH-USDT,0.05%,0x11b815efb8f581194ae79006d24e0d814b7697f6
2024-04-20,53917671,WETH-USDT,0.05%,0x11b815efb8f581194ae79006d24e0d814b7697f6
2024-04-21,53240086,WETH-USDT,0.05%,0x11b815efb8f581194ae79006d24e0d814b7697f6
2024-04-22,52396700,WETH-USDT,0.05%,0x11b815efb8f581194ae79006d24e0d814b7697f6
2024-04-23,52953569,WETH-USDT,0.05%,0x11b815efb8f581194ae79006d24e0d814b7697f6
2024-04-24,52707659,WETH-USDT,0.05%,0x11b815efb8f581194ae79006d24e0d814b7697f6
2024-04-25,53140880,WETH-USDT,0.05%,0x11b815efb8f581194ae79006d24e0d814b7697f6
2024-04-26,52563620,WETH-USDT,0.05%,0x11b815efb8f581194ae79006d24e0d814b7697f6
2024-04-29,45725037,WETH-USDT,0.05%,0x11b815efb8f581194ae79006d24e0d814b7697f6
2024-04-30,43445821,WETH-USDT,0.05%,0x11b815efb8f581194ae79006d24e0d814b7697f6
2024-05-01,36186528,WETH-USDT,0.05%,0x11b815efb8f581194ae79006d24e0d814b7697f6
2024-05-02,45975764,WETH-USDT,0.05%,0x11b815efb8f581194ae79006d24e0d814b7697f6
2024-05-03,46156973,WETH-USDT,0.05%,0x11b815efb8f581194ae79006d24e0d814b7697f6
2024-05-04,46181744,WETH-USDT,0.05%,0x11b815efb8f581194ae79006d24e0d814b7697f6
2024-05-05,45823094,WETH-USDT,0.05%,0x11b815efb8f581194ae79006d24e0d814b7697f6
2024-05-06,45606429,WETH-USDT,0.05%,0x11b815efb8f581194ae79006d24e0d814b7697f6
2024-05-07,45659802,WETH-USDT,0.05%,0x11b815efb8f581194ae79006d24e0d814b7697f6
2024-05-08,44972819,WETH-USDT,0.05%,0x11b815efb8f581194ae79006d24e0d814b7697f6
2024-05-09,47053265,WETH-USDT,0.05%,0x11b815efb8f581194ae79006d24e0d814b7697f6
2024-05-10,48973021,WETH-USDT,0.05%,0x11b815efb8f581194ae79006d24e0d814b7697f6
2024-05-11,48170036,WETH-USDT,0.05%,0x11b815efb8f581194ae79006d24e0d814b7697f6
2024-05-12,48494891,WETH-USDT,0.05%,0x11b815efb8f581194ae79006d24e0d814b7697f6
2024-05-13,45519836,WETH-USDT,0.05%,0x11b815efb8f581194ae79006d24e0d814b7697f6
2024-05-14,44898218,WETH-USDT,0.05%,0x11b815efb8f581194ae79006d24e0d814b7697f6
2024-05-15,46443120,WETH-USDT,0.05%,0x11b815efb8f581194ae79006d24e0d814b7697f6
2024-05-16,45134671,WETH-USDT,0.05%,0x11b815efb8f581194ae79006d24e0d814b7697f6
2024-05-17,45411002,WETH-USDT,0.05%,0x11b815efb8f581194ae79006d24e0d814b7697f6
2024-05-18,45880359,WETH-USDT,0.05%,0x11b815efb8f581194ae79006d24e0d814b7697f6
2024-05-19,45597173,WETH-USDT,0.05%,0x11b815efb8f581194ae79006d24e0d814b7697f6
2024-05-20,43098998,WETH-USDT,0.05%,0x11b815efb8f581194ae79006d24e0d814b7697f6
2024-05-21,47138195,WETH-USDT,0.05%,0x11b815efb8f581194ae79006d24e0d814b7697f6
2024-05-22,47736350,WETH-USDT,0.05%,0x11b815efb8f581194ae79006d24e0d814b7697f6
2024-05-23,44188003,WETH-USDT,0.05%,0x11b815efb8f581194ae79006d24e0d814b7697f6
2024-05-24,43299413,WETH-USDT,0.05%,0x11b815efb8f581194ae79006d24e0d814b7697f6
2024-05-25,43597307,WETH-USDT,0.05%,0x11b815efb8f581194ae79006d24e0d814b7697f6
2024-05-26,46703192,WETH-USDT,0.05%,0x11b815efb8f581194ae79006d24e0d814b7697f6
2024-05-27,46400144,WETH-USDT,0.05%,0x11b815efb8f581194ae79006d24e0d814b7697f6
2024-05-28,47536385,WETH-USDT,0.05%,0x11b815efb8f581194ae79006d24e0d814b7697f6
2024-05-29,44147370,WETH-USDT,0.05%,0x11b815efb8f581194ae79006d24e0d814b7697f6
2024-05-30,41947753,WETH-USDT,0.05%,0x11b815efb8f581194ae79006d24e0d814b7697f6
2024-05-31,42529363,WETH-USDT,0.05%,0x11b815efb8f581194ae79006d24e0d814b7697f6
2024-06-01,44759436,WETH-USDT,0.05%,0x11b815efb8f581194ae79006d24e0d814b7697f6
2024-06-02,46450155,WETH-USDT,0.05%,0x11b815efb8f581194ae79006d24e0d814b7697f6
2024-06-03,44739300,WETH-USDT,0.05%,0x11b815efb8f581194ae79006d24e0d814b7697f6
2024-06-04,44658267,WETH-USDT,0.05%,0x11b815efb8f581194ae79006d24e0d814b7697f6
2024-06-05,45004207,WETH-USDT,0.05%,0x11b815efb8f581194ae79006d24e0d814b7697f6
2024-06-06,45806295,WETH-USDT,0.05%,0x11b815efb8f581194ae79006d24e0d814b7697f6
2024-06-07,45065963,WETH-USDT,0.05%,0x11b815efb8f581194ae79006d24e0d814b7697f6
2024-06-08,42637622,WETH-USDT,0.05%,0x11b815efb8f581194ae79006d24e0d814b7697f6
2024-06-09,42728927,WETH-USDT,0.05%,0x11b815efb8f581194ae79006d24e0d814b7697f6
2024-06-10,37963357,WETH-USDT,0.05%,0x11b815efb8f581194ae79006d24e0d814b7697f6
2024-06-11,34685710,WETH-USDT,0.05%,0x11b815efb8f581194ae79006d24e0d814b7697f6
2024-06-12,35127201,WETH-USDT,0.05%,0x11b815efb8f581194ae79006d24e0d814b7697f6
2024-06-13,35279541,WETH-USDT,0.05%,0x11b815efb8f581194ae79006d24e0d814b7697f6
2024-06-14,34668974,WETH-USDT,0.05%,0x11b815efb8f581194ae79006d24e0d814b7697f6
2024-06-15,35039512,WETH-USDT,0.05%,0x11b815efb8f581194ae79006d24e0d814b7697f6
2024-06-16,35196024,WETH-USDT,0.05%,0x11b815efb8f581194ae79006d24e0d814b7697f6
2024-06-17,36638267,WETH-USDT,0.05%,0x11b815efb8f581194ae79006d24e0d814b7697f6
2024-06-18,35566494,WETH-USDT,0.05%,0x11b815efb8f581194ae79006d24e0d814b7697f6
2024-06-19,51463625,WETH-USDT,0.05%,0x11b815efb8f581194ae79006d24e0d814b7697f6
2024-06-20,51136681,WETH-USDT,0.05%,0x11b815efb8f581194ae79006d24e0d814b7697f6
2024-06-21,50815100,WETH-USDT,0.05%,0x11b815efb8f581194ae79006d24e0d814b7697f6
2024-06-22,50730956,WETH-USDT,0.05%,0x11b815efb8f581194ae79006d24e0d814b7697f6
2024-06-23,49980953,WETH-USDT,0.05%,0x11b815efb8f581194ae79006d24e0d814b7697f6
2024-06-24,37760125,WETH-USDT,0.05%,0x11b815efb8f581194ae79006d24e0d814b7697f6
2024-06-25,46742910,WETH-USDT,0.05%,0x11b815efb8f581194ae79006d24e0d814b7697f6
2024-06-26,46996141,WETH-USDT,0.05%,0x11b815efb8f581194ae79006d24e0d814b7697f6
2024-06-27,47536568,WETH-USDT,0.05%,0x11b815efb8f581194ae79006d24e0d814b7697f6
2024-06-28,47495178,WETH-USDT,0.05%,0x11b815efb8f581194ae79006d24e0d814b7697f6
2024-06-29,47938538,WETH-USDT,0.05%,0x11b815efb8f581194ae79006d24e0d814b7697f6
2024-06-30,48146877,WETH-USDT,0.05%,0x11b815efb8f581194ae79006d24e0d814b7697f6
2024-07-01,48909980,WETH-USDT,0.05%,0x11b815efb8f581194ae79006d24e0d814b7697f6
2024-07-02,46215581,WETH-USDT,0.05%,0x11b815efb8f581194ae79006d24e0d814b7697f6
2024-07-03,49761530,WETH-USDT,0.05%,0x11b815efb8f581194ae79006d24e0d814b7697f6
2024-07-04,55375435,WETH-USDT,0.05%,0x11b815efb8f581194ae79006d24e0d814b7697f6
2024-07-05,51473609,WETH-USDT,0.05%,0x11b815efb8f581194ae79006d24e0d814b7697f6
2024-07-06,33016674,WETH-USDT,0.05%,0x11b815efb8f581194ae79006d24e0d814b7697f6
2024-07-07,46914325,WETH-USDT,0.05%,0x11b815efb8f581194ae79006d24e0d814b7697f6
2024-07-08,39748899,WETH-USDT,0.05%,0x11b815efb8f581194ae79006d24e0d814b7697f6
2024-07-09,47827460,WETH-USDT,0.05%,0x11b815efb8f581194ae79006d24e0d814b7697f6
2024-07-10,49528377,WETH-USDT,0.05%,0x11b815efb8f581194ae79006d24e0d814b7697f6
2024-07-11,51437242,WETH-USDT,0.05%,0x11b815efb8f581194ae79006d24e0d814b7697f6
2024-07-12,51767739,WETH-USDT,0.05%,0x11b815efb8f581194ae79006d24e0d814b7697f6
2024-07-13,51635766,WETH-USDT,0.05%,0x11b815efb8f581194ae79006d24e0d814b7697f6
2024-07-14,45234337,WETH-USDT,0.05%,0x11b815efb8f581194ae79006d24e0d814b7697f6
2024-07-15,34746546,WETH-USDT,0.05%,0x11b815efb8f581194ae79006d24e0d814b7697f6
2024-07-16,54879842,WETH-USDT,0.05%,0x11b815efb8f581194ae79006d24e0d814b7697f6
2024-07-17,51599429,WETH-USDT,0.05%,0x11b815efb8f581194ae79006d24e0d814b7697f6
2024-07-18,42636477,WETH-USDT,0.05%,0x11b815efb8f581194ae79006d24e0d814b7697f6
2024-07-19,43103781,WETH-USDT,0.05%,0x11b815efb8f581194ae79006d24e0d814b7697f6
2024-07-20,42519103,WETH-USDT,0.05%,0x11b815efb8f581194ae79006d24e0d814b7697f6
2024-07-21,35541930,WETH-USDT,0.05%,0x11b815efb8f581194ae79006d24e0d814b7697f6
2024-07-22,42572882,WETH-USDT,0.05%,0x11b815efb8f581194ae79006d24e0d814b7697f6
2024-07-23,47307873,WETH-USDT,0.05%,0x11b815efb8f581194ae79006d24e0d814b7697f6
2024-07-24,42055102,WETH-USDT,0.05%,0x11b815efb8f581194ae79006d24e0d814b7697f6
2024-07-25,32103024,WETH-USDT,0.05%,0x11b815efb8f581194ae79006d24e0d814b7697f6
2024-07-26,42739838,WETH-USDT,0.05%,0x11b815efb8f581194ae79006d24e0d814b7697f6
2024-07-27,42723974,WETH-USDT,0.05%,0x11b815efb8f581194ae79006d24e0d814b7697f6
2024-07-28,42464782,WETH-USDT,0.05%,0x11b815efb8f581194ae79006d24e0d814b7697f6
2024-07-29,42129654,WETH-USDT,0.05%,0x11b815efb8f581194ae79006d24e0d814b7697f6
2024-07-30,51769621,WETH-USDT,0.05%,0x11b815efb8f581194ae79006d24e0d814b7697f6
2024-07-31,35882595,WETH-USDT,0.05%,0x11b815efb8f581194ae79006d24e0d814b7697f6
2024-08-01,40370102,WETH-USDT,0.05%,0x11b815efb8f581194ae79006d24e0d814b7697f6
2024-08-02,41302088,WETH-USDT,0.05%,0x11b815efb8f581194ae79006d24e0d814b7697f6
2024-08-03,41457528,WETH-USDT,0.05%,0x11b815efb8f581194ae79006d24e0d814b7697f6
2024-08-04,38826879,WETH-USDT,0.05%,0x11b815efb8f581194ae79006d24e0d814b7697f6
2024-08-05,25688055,WETH-USDT,0.05%,0x11b815efb8f581194ae79006d24e0d814b7697f6
2024-08-06,25284938,WETH-USDT,0.05%,0x11b815efb8f581194ae79006d24e0d814b7697f6
2024-08-07,23562840,WETH-USDT,0.05%,0x11b815efb8f581194ae79006d24e0d814b7697f6
2024-08-08,25783492,WETH-USDT,0.05%,0x11b815efb8f581194ae79006d24e0d814b7697f6
2024-08-09,25630067,WETH-USDT,0.05%,0x11b815efb8f581194ae79006d24e0d814b7697f6
2024-08-10,25663583,WETH-USDT,0.05%,0x11b815efb8f581194ae79006d24e0d814b7697f6
2024-08-11,25121988,WETH-USDT,0.05%,0x11b815efb8f581194ae79006d24e0d814b7697f6
2024-08-12,26301395,WETH-USDT,0.05%,0x11b815efb8f581194ae79006d24e0d814b7697f6
2024-08-13,26442456,WETH-USDT,0.05%,0x11b815efb8f581194ae79006d24e0d814b7697f6
2024-08-14,25993325,WETH-USDT,0.05%,0x11b815efb8f581194ae79006d24e0d814b7697f6
2024-08-15,24879563,WETH-USDT,0.05%,0x11b815efb8f581194ae79006d24e0d814b7697f6
2024-08-16,24940078,WETH-USDT,0.05%,0x11b815efb8f581194ae79006d24e0d814b7697f6
2024-08-17,25079314,WETH-USDT,0.05%,0x11b815efb8f581194ae79006d24e0d814b7697f6
2024-08-18,25463040,WETH-USDT,0.05%,0x11b815efb8f581194ae79006d24e0d814b7697f6
2024-08-19,25326050,WETH-USDT,0.05%,0x11b815efb8f581194ae79006d24e0d814b7697f6
2024-08-20,24921225,WETH-USDT,0.05%,0x11b815efb8f581194ae79006d24e0d814b7697f6
2024-08-21,25299659,WETH-USDT,0.05%,0x11b815efb8f581194ae79006d24e0d814b7697f6
2024-08-22,25296259,WETH-USDT,0.05%,0x11b815efb8f581194ae79006d24e0d814b7697f6
2024-08-23,29842033,WETH-USDT,0.05%,0x11b815efb8f581194ae79006d24e0d814b7697f6
2024-08-24,28097396,WETH-USDT,0.05%,0x11b815efb8f581194ae79006d24e0d814b7697f6
2024-08-25,28039788,WETH-USDT,0.05%,0x11b815efb8f581194ae79006d24e0d814b7697f6
2024-08-26,27729192,WETH-USDT,0.05%,0x11b815efb8f581194ae79006d24e0d814b7697f6
2024-08-27,23147461,WETH-USDT,0.05%,0x11b815efb8f581194ae79006d24e0d814b7697f6
2024-08-28,23748916,WETH-USDT,0.05%,0x11b815efb8f581194ae79006d24e0d814b7697f6
2024-08-29,24333817,WETH-USDT,0.05%,0x11b815efb8f581194ae79006d24e0d814b7697f6
2024-08-30,24254908,WETH-USDT,0.05%,0x11b815efb8f581194ae79006d24e0d814b7697f6
2024-08-31,24224406,WETH-USDT,0.05%,0x11b815efb8f581194ae79006d24e0d814b7697f6
2024-09-01,23055100,WETH-USDT,0.05%,0x11b815efb8f581194ae79006d24e0d814b7697f6
2024-09-02,23545988,WETH-USDT,0.05%,0x11b815efb8f581194ae79006d24e0d814b7697f6
2024-09-03,22858697,WETH-USDT,0.05%,0x11b815efb8f581194ae79006d24e0d814b7697f6
2024-09-04,22082758,WETH-USDT,0.05%,0x11b815efb8f581194ae79006d24e0d814b7697f6
2024-09-05,21560394,WETH-USDT,0.05%,0x11b815efb8f581194ae79006d24e0d814b7697f6
2024-09-06,20318600,WETH-USDT,0.05%,0x11b815efb8f581194ae79006d24e0d814b7697f6
2024-09-07,20751214,WETH-USDT,0.05%,0x11b815efb8f581194ae79006d24e0d814b7697f6
2024-09-08,20964208,WETH-USDT,0.05%,0x11b815efb8f581194ae79006d24e0d814b7697f6
2024-09-09,21457807,WETH-USDT,0.05%,0x11b815efb8f581194ae79006d24e0d814b7697f6
2024-09-10,15430033,WETH-USDT,0.05%,0x11b815efb8f581194ae79006d24e0d814b7697f6
2024-09-11,15265801,WETH-USDT,0.05%,0x11b815efb8f581194ae79006d24e0d814b7697f6
2024-09-12,15177681,WETH-USDT,0.05%,0x11b815efb8f581194ae79006d24e0d814b7697f6
2024-09-13,15522376,WETH-USDT,0.05%,0x11b815efb8f581194ae79006d24e0d814b7697f6
2024-09-14,15336458,WETH-USDT,0.05%,0x11b815efb8f581194ae79006d24e0d814b7697f6
2024-09-15,15366675,WETH-USDT,0.05%,0x11b815efb8f581194ae79006d24e0d814b7697f6
2024-09-16,15397172,WETH-USDT,0.05%,0x11b815efb8f581194ae79006d24e0d814b7697f6
2024-09-17,15693006,WETH-USDT,0.05%,0x11b815efb8f581194ae79006d24e0d814b7697f6
2024-09-18,15801156,WETH-USDT,0.05%,0x11b815efb8f581194ae79006d24e0d814b7697f6
2024-09-19,16419796,WETH-USDT,0.05%,0x11b815efb8f581194ae79006d24e0d814b7697f6
2024-09-20,17098627,WETH-USDT,0.05%,0x11b815efb8f581194ae79006d24e0d814b7697f6
2024-09-21,17179828,WETH-USDT,0.05%,0x11b815efb8f581194ae79006d24e0d814b7697f6
2024-09-22,17240302,WETH-USDT,0.05%,0x11b815efb8f581194ae79006d24e0d814b7697f6
2024-09-23,17501215,WETH-USDT,0.05%,0x11b815efb8f581194ae79006d24e0d814b7697f6
2024-09-24,17586365,WETH-USDT,0.05%,0x11b815efb8f581194ae79006d24e0d814b7697f6
2024-09-25,17174928,WETH-USDT,0.05%,0x11b815efb8f581194ae79006d24e0d814b7697f6
2024-09-26,17464908,WETH-USDT,0.05%,0x11b815efb8f581194ae79006d24e0d814b7697f6
2024-09-27,19278648,WETH-USDT,0.05%,0x11b815efb8f581194ae79006d24e0d814b7697f6
2024-09-28,19145117,WETH-USDT,0.05%,0x11b815efb8f581194ae79006d24e0d814b7697f6
2024-09-29,19120637,WETH-USDT,0.05%,0x11b815efb8f581194ae79006d24e0d814b7697f6
2024-09-30,18838146,WETH-USDT,0.05%,0x11b815efb8f581194ae79006d24e0d814b7697f6
2024-10-01,16789200,WETH-USDT,0.05%,0x11b815efb8f581194ae79006d24e0d814b7697f6
2024-10-02,16023486,WETH-USDT,0.05%,0x11b815efb8f581194ae79006d24e0d814b7697f6
2024-10-03,15886278,WETH-USDT,0.05%,0x11b815efb8f581194ae79006d24e0d814b7697f6
2024-10-04,23000505,WETH-USDT,0.05%,0x11b815efb8f581194ae79006d24e0d814b7697f6
2024-10-05,17861263,WETH-USDT,0.05%,0x11b815efb8f581194ae79006d24e0d814b7697f6
2024-10-06,17763996,WETH-USDT,0.05%,0x11b815efb8f581194ae79006d24e0d814b7697f6
2024-10-07,17964503,WETH-USDT,0.05%,0x11b815efb8f581194ae79006d24e0d814b7697f6
2024-10-08,18082545,WETH-USDT,0.05%,0x11b815efb8f581194ae79006d24e0d814b7697f6
2024-10-09,17704932,WETH-USDT,0.05%,0x11b815efb8f581194ae79006d24e0d814b7697f6
2024-10-10,17719488,WETH-USDT,0.05%,0x11b815efb8f581194ae79006d24e0d814b7697f6
2024-10-11,18095761,WETH-USDT,0.05%,0x11b815efb8f581194ae79006d24e0d814b7697f6
2024-10-12,18269208,WETH-USDT,0.05%,0x11b815efb8f581194ae79006d24e0d814b7697f6
2024-10-13,18002944,WETH-USDT,0.05%,0x11b815efb8f581194ae79006d24e0d814b7697f6
2024-10-14,18872200,WETH-USDT,0.05%,0x11b815efb8f581194ae79006d24e0d814b7697f6
2024-10-15,19159382,WETH-USDT,0.05%,0x11b815efb8f581194ae79006d24e0d814b7697f6
2024-10-16,18947227,WETH-USDT,0.05%,0x11b815efb8f581194ae79006d24e0d814b7697f6
2024-10-17,18925866,WETH-USDT,0.05%,0x11b815efb8f581194ae79006d24e0d814b7697f6
2024-10-18,19139321,WETH-USDT,0.05%,0x11b815efb8f581194ae79006d24e0d814b7697f6
2024-10-19,19449573,WETH-USDT,0.05%,0x11b815efb8f581194ae79006d24e0d814b7697f6
2024-10-20,19716689,WETH-USDT,0.05%,0x11b815efb8f581194ae79006d24e0d814b7697f6
2024-10-21,20452833,WETH-USDT,0.05%,0x11b815efb8f581194ae79006d24e0d814b7697f6
2024-10-22,20352440,WETH-USDT,0.05%,0x11b815efb8f581194ae79006d24e0d814b7697f6
2024-10-23,18453862,WETH-USDT,0.05%,0x11b815efb8f581194ae79006d24e0d814b7697f6
2024-10-24,18570536,WETH-USDT,0.05%,0x11b815efb8f581194ae79006d24e0d814b7697f6
2024-10-25,22647814,WETH-USDT,0.05%,0x11b815efb8f581194ae79006d24e0d814b7697f6
2024-10-26,22639539,WETH-USDT,0.05%,0x11b815efb8f581194ae79006d24e0d814b7697f6
2024-10-27,22782884,WETH-USDT,0.05%,0x11b815efb8f581194ae79006d24e0d814b7697f6
2024-10-28,23110908,WETH-USDT,0.05%,0x11b815efb8f581194ae79006d24e0d814b7697f6
2024-10-29,23543830,WETH-USDT,0.05%,0x11b815efb8f581194ae79006d24e0d814b7697f6
2024-10-30,23804466,WETH-USDT,0.05%,0x11b815efb8f581194ae79006d24e0d814b7697f6
2024-10-31,23035714,WETH-USDT,0.05%,0x11b815efb8f581194ae79006d24e0d814b7697f6
2024-11-01,23105796,WETH-USDT,0.05%,0x11b815efb8f581194ae79006d24e0d814b7697f6
2024-11-02,22981242,WETH-USDT,0.05%,0x11b815efb8f581194ae79006d24e0d814b7697f6
2024-11-03,22834750,WETH-USDT,0.05%,0x11b815efb8f581194ae79006d24e0d814b7697f6
2024-11-04,30256492,WETH-USDT,0.05%,0x11b815efb8f581194ae79006d24e0d814b7697f6
2024-11-05,39725031,WETH-USDT,0.05%,0x11b815efb8f581194ae79006d24e0d814b7697f6
2024-11-06,24159020,WETH-USDT,0.05%,0x11b815efb8f581194ae79006d24e0d814b7697f6
2024-11-07,24872901,WETH-USDT,0.05%,0x11b815efb8f581194ae79006d24e0d814b7697f6
2024-11-08,25563236,WETH-USDT,0.05%,0x11b815efb8f581194ae79006d24e0d814b7697f6
2024-11-09,27546598,WETH-USDT,0.05%,0x11b815efb8f581194ae79006d24e0d814b7697f6
2024-11-10,36047389,WETH-USDT,0.05%,0x11b815efb8f581194ae79006d24e0d814b7697f6
2024-11-11,23190676,WETH-USDT,0.05%,0x11b815efb8f581194ae79006d24e0d814b7697f6
2024-11-12,43520705,WETH-USDT,0.05%,0x11b815efb8f581194ae79006d24e0d814b7697f6
2024-11-13,42634027,WETH-USDT,0.05%,0x11b815efb8f581194ae79006d24e0d814b7697f6
2024-11-14,22647594,WETH-USDT,0.05%,0x11b815efb8f581194ae79006d24e0d814b7697f6
2024-11-15,23014487,WETH-USDT,0.05%,0x11b815efb8f581194ae79006d24e0d814b7697f6
2024-11-16,62426939,WETH-USDT,0.05%,0x11b815efb8f581194ae79006d24e0d814b7697f6
2024-11-17,61330748,WETH-USDT,0.05%,0x11b815efb8f581194ae79006d24e0d814b7697f6
2024-11-18,63375855,WETH-USDT,0.05%,0x11b815efb8f581194ae79006d24e0d814b7697f6
2024-11-19,23951652,WETH-USDT,0.05%,0x11b815efb8f581194ae79006d24e0d814b7697f6
2024-11-20,33582277,WETH-USDT,0.05%,0x11b815efb8f581194ae79006d24e0d814b7697f6
2024-11-21,35766203,WETH-USDT,0.05%,0x11b815efb8f581194ae79006d24e0d814b7697f6
2024-11-22,37117222,WETH-USDT,0.05%,0x11b815efb8f581194ae79006d24e0d814b7697f6
2024-11-23,37186681,WETH-USDT,0.05%,0x11b815efb8f581194ae79006d24e0d814b7697f6
2024-11-24,36891164,WETH-USDT,0.05%,0x11b815efb8f581194ae79006d24e0d814b7697f6
2024-11-25,36844540,WETH-USDT,0.05%,0x11b815efb8f581194ae79006d24e0d814b7697f6
2024-11-26,36674057,WETH-USDT,0.05%,0x11b815efb8f581194ae79006d24e0d814b7697f6
2024-11-27,37411556,WETH-USDT,0.05%,0x11b815efb8f581194ae79006d24e0d814b7697f6
2024-11-28,37517171,WETH-USDT,0.05%,0x11b815efb8f581194ae79006d24e0d814b7697f6
2024-11-29,36122191,WETH-USDT,0.05%,0x11b815efb8f581194ae79006d24e0d814b7697f6
2024-11-30,39461592,WETH-USDT,0.05%,0x11b815efb8f581194ae79006d24e0d814b7697f6
2024-12-01,54073368,WETH-USDT,0.05%,0x11b815efb8f581194ae79006d24e0d814b7697f6
2024-12-02,52113250,WETH-USDT,0.05%,0x11b815efb8f581194ae79006d24e0d814b7697f6
2024-12-03,59660695,WETH-USDT,0.05%,0x11b815efb8f581194ae79006d24e0d814b7697f6
2024-12-04,55446554,WETH-USDT,0.05%,0x11b815efb8f581194ae79006d24e0d814b7697f6
2024-12-05,31563681,WETH-USDT,0.05%,0x11b815efb8f581194ae79006d24e0d814b7697f6
2024-12-06,41161018,WETH-USDT,0.05%,0x11b815efb8f581194ae79006d24e0d814b7697f6
2024-12-07,30829546,WETH-USDT,0.05%,0x11b815efb8f581194ae79006d24e0d814b7697f6
2024-12-08,30841507,WETH-USDT,0.05%,0x11b815efb8f581194ae79006d24e0d814b7697f6
2024-12-09,30272752,WETH-USDT,0.05%,0x11b815efb8f581194ae79006d24e0d814b7697f6
2024-12-10,28110013,WETH-USDT,0.05%,0x11b815efb8f581194ae79006d24e0d814b7697f6
2024-12-11,30296977,WETH-USDT,0.05%,0x11b815efb8f581194ae79006d24e0d814b7697f6
2024-12-12,52323803,WETH-USDT,0.05%,0x11b815efb8f581194ae79006d24e0d814b7697f6
2024-12-13,32879814,WETH-USDT,0.05%,0x11b815efb8f581194ae79006d24e0d814b7697f6
2024-12-14,32468370,WETH-USDT,0.05%,0x11b815efb8f581194ae79006d24e0d814b7697f6
2024-12-15,32354382,WETH-USDT,0.05%,0x11b815efb8f581194ae79006d24e0d814b7697f6
2024-12-16,33784983,WETH-USDT,0.05%,0x11b815efb8f581194ae79006d24e0d814b7697f6
2024-12-17,33227006,WETH-USDT,0.05%,0x11b815efb8f581194ae79006d24e0d814b7697f6
2024-12-18,32269754,WETH-USDT,0.05%,0x11b815efb8f581194ae79006d24e0d814b7697f6
2024-12-19,31134433,WETH-USDT,0.05%,0x11b815efb8f581194ae79006d24e0d814b7697f6
2024-12-20,31308159,WETH-USDT,0.05%,0x11b815efb8f581194ae79006d24e0d814b7697f6
2024-12-21,26825777,WETH-USDT,0.05%,0x11b815efb8f581194ae79006d24e0d814b7697f6
2024-12-22,26365811,WETH-USDT,0.05%,0x11b815efb8f581194ae79006d24e0d814b7697f6
2024-12-23,27147149,WETH-USDT,0.05%,0x11b815efb8f581194ae79006d24e0d814b7697f6
2024-12-24,35655650,WETH-USDT,0.05%,0x11b815efb8f581194ae79006d24e0d814b7697f6
2024-12-25,34667790,WETH-USDT,0.05%,0x11b815efb8f581194ae79006d24e0d814b7697f6
2024-12-26,31728597,WETH-USDT,0.05%,0x11b815efb8f581194ae79006d24e0d814b7697f6
2024-12-27,30181049,WETH-USDT,0.05%,0x11b815efb8f581194ae79006d24e0d814b7697f6
2024-12-28,35512066,WETH-USDT,0.05%,0x11b815efb8f581194ae79006d24e0d814b7697f6
2024-12-29,36109222,WETH-USDT,0.05%,0x11b815efb8f581194ae79006d24e0d814b7697f6
2024-12-30,36471985,WETH-USDT,0.05%,0x11b815efb8f581194ae79006d24e0d814b7697f6
2024-12-31,71741627,WETH-USDT,0.05%,0x11b815efb8f581194ae79006d24e0d814b7697f6
2025-01-01,72150204,WETH-USDT,0.05%,0x11b815efb8f581194ae79006d24e0d814b7697f6
2025-01-02,66842373,WETH-USDT,0.05%,0x11b815efb8f581194ae79006d24e0d814b7697f6
2025-01-03,73428203,WETH-USDT,0.05%,0x11b815efb8f581194ae79006d24e0d814b7697f6
2025-01-04,23476581,WETH-USDT,0.05%,0x11b815efb8f581194ae79006d24e0d814b7697f6
2025-01-05,61666406,WETH-USDT,0.05%,0x11b815efb8f581194ae79006d24e0d814b7697f6
2025-01-06,64839743,WETH-USDT,0.05%,0x11b815efb8f581194ae79006d24e0d814b7697f6
2025-01-07,58221834,WETH-USDT,0.05%,0x11b815efb8f581194ae79006d24e0d814b7697f6
2025-01-08,55134785,WETH-USDT,0.05%,0x11b815efb8f581194ae79006d24e0d814b7697f6
2025-01-09,53971847,WETH-USDT,0.05%,0x11b815efb8f581194ae79006d24e0d814b7697f6
2025-01-10,66846213,WETH-USDT,0.05%,0x11b815efb8f581194ae79006d24e0d814b7697f6
2025-01-11,54725823,WETH-USDT,0.05%,0x11b815efb8f581194ae79006d24e0d814b7697f6
2025-01-12,55180401,WETH-USDT,0.05%,0x11b815efb8f581194ae79006d24e0d814b7697f6
2025-01-13,52439422,WETH-USDT,0.05%,0x11b815efb8f581194ae79006d24e0d814b7697f6
2025-01-14,80172442,WETH-USDT,0.05%,0x11b815efb8f581194ae79006d24e0d814b7697f6
2025-01-15,86973209,WETH-USDT,0.05%,0x11b815efb8f581194ae79006d24e0d814b7697f6
2025-01-16,85566642,WETH-USDT,0.05%,0x11b815efb8f581194ae79006d24e0d814b7697f6
2025-01-17,88338147,WETH-USDT,0.05%,0x11b815efb8f581194ae79006d24e0d814b7697f6
2025-01-18,92355402,WETH-USDT,0.05%,0x11b815efb8f581194ae79006d24e0d814b7697f6
2025-01-19,82978424,WETH-USDT,0.05%,0x11b815efb8f581194ae79006d24e0d814b7697f6
2025-01-20,90748535,WETH-USDT,0.05%,0x11b815efb8f581194ae79006d24e0d814b7697f6
2025-01-21,65358978,WETH-USDT,0.05%,0x11b815efb8f581194ae79006d24e0d814b7697f6
2025-01-22,64117533,WETH-USDT,0.05%,0x11b815efb8f581194ae79006d24e0d814b7697f6
2025-01-23,65211434,WETH-USDT,0.05%,0x11b815efb8f581194ae79006d24e0d814b7697f6
2025-01-24,58501484,WETH-USDT,0.05%,0x11b815efb8f581194ae79006d24e0d814b7697f6
2025-01-25,58887513,WETH-USDT,0.05%,0x11b815efb8f581194ae79006d24e0d814b7697f6
2025-01-26,58270765,WETH-USDT,0.05%,0x11b815efb8f581194ae79006d24e0d814b7697f6
2025-01-27,56702615,WETH-USDT,0.05%,0x11b815efb8f581194ae79006d24e0d814b7697f6
2025-01-28,55411456,WETH-USDT,0.05%,0x11b815efb8f581194ae79006d24e0d814b7697f6
2025-01-29,56389374,WETH-USDT,0.05%,0x11b815efb8f581194ae79006d24e0d814b7697f6
2025-01-30,57813307,WETH-USDT,0.05%,0x11b815efb8f581194ae79006d24e0d814b7697f6
2025-01-31,58341712,WETH-USDT,0.05%,0x11b815efb8f581194ae79006d24e0d814b7697f6
2025-02-01,56054107,WETH-USDT,0.05%,0x11b815efb8f581194ae79006d24e0d814b7697f6
2025-02-02,49362133,WETH-USDT,0.05%,0x11b815efb8f581194ae79006d24e0d814b7697f6
2025-02-03,29101689,WETH-USDT,0.05%,0x11b815efb8f581194ae79006d24e0d814b7697f6
2025-02-04,26773621,WETH-USDT,0.05%,0x11b815efb8f581194ae79006d24e0d814b7697f6
2025-02-05,28270964,WETH-USDT,0.05%,0x11b815efb8f581194ae79006d24e0d814b7697f6
2025-02-06,28185878,WETH-USDT,0.05%,0x11b815efb8f581194ae79006d24e0d814b7697f6
2025-02-07,27339829,WETH-USDT,0.05%,0x11b815efb8f581194ae79006d24e0d814b7697f6
2025-02-08,27717140,WETH-USDT,0.05%,0x11b815efb8f581194ae79006d24e0d814b7697f6
2025-02-09,27592918,WETH-USDT,0.05%,0x11b815efb8f581194ae79006d24e0d814b7697f6
2025-02-10,28506750,WETH-USDT,0.05%,0x11b815efb8f581194ae79006d24e0d814b7697f6
2025-02-11,27159918,WETH-USDT,0.05%,0x11b815efb8f581194ae79006d24e0d814b7697f6
2025-02-12,28347563,WETH-USDT,0.05%,0x11b815efb8f581194ae79006d24e0d814b7697f6
2025-02-13,28312432,WETH-USDT,0.05%,0x11b815efb8f581194ae79006d24e0d814b7697f6
2025-02-14,28693172,WETH-USDT,0.05%,0x11b815efb8f581194ae79006d24e0d814b7697f6
2025-02-15,34308954,WETH-USDT,0.05%,0x11b815efb8f581194ae79006d24e0d814b7697f6
2025-02-16,34853230,WETH-USDT,0.05%,0x11b815efb8f581194ae79006d24e0d814b7697f6
2025-02-17,35254895,WETH-USDT,0.05%,0x11b815efb8f581194ae79006d24e0d814b7697f6
2025-02-18,32878115,WETH-USDT,0.05%,0x11b815efb8f581194ae79006d24e0d814b7697f6
2025-02-19,33410035,WETH-USDT,0.05%,0x11b815efb8f581194ae79006d24e0d814b7697f6
2025-02-20,33443698,WETH-USDT,0.05%,0x11b815efb8f581194ae79006d24e0d814b7697f6
2025-02-21,32854228,WETH-USDT,0.05%,0x11b815efb8f581194ae79006d24e0d814b7697f6
2025-02-22,33874744,WETH-USDT,0.05%,0x11b815efb8f581194ae79006d24e0d814b7697f6
2025-02-23,34791380,WETH-USDT,0.05%,0x11b815efb8f581194ae79006d24e0d814b7697f6
2025-02-24,32603618,WETH-USDT,0.05%,0x11b815efb8f581194ae79006d24e0d814b7697f6
2025-02-25,44362990,WETH-USDT,0.05%,0x11b815efb8f581194ae79006d24e0d814b7697f6
2025-02-26,41858053,WETH-USDT,0.05%,0x11b815efb8f581194ae79006d24e0d814b7697f6
2025-02-27,34467378,WETH-USDT,0.05%,0x11b815efb8f581194ae79006d24e0d814b7697f6
2025-02-28,61379572,WETH-USDT,0.05%,0x11b815efb8f581194ae79006d24e0d814b7697f6
2025-03-01,21533952,WETH-USDT,0.05%,0x11b815efb8f581194ae79006d24e0d814b7697f6
2025-03-02,44365683,WETH-USDT,0.05%,0x11b815efb8f581194ae79006d24e0d814b7697f6
2025-03-03,58986673,WETH-USDT,0.05%,0x11b815efb8f581194ae79006d24e0d814b7697f6
2025-03-04,63611063,WETH-USDT,0.05%,0x11b815efb8f581194ae79006d24e0d814b7697f6
2025-03-05,65371338,WETH-USDT,0.05%,0x11b815efb8f581194ae79006d24e0d814b7697f6
2025-03-06,64399919,WETH-USDT,0.05%,0x11b815efb8f581194ae79006d24e0d814b7697f6
2025-03-07,62427344,WETH-USDT,0.05%,0x11b815efb8f581194ae79006d24e0d814b7697f6
2025-03-08,65876184,WETH-USDT,0.05%,0x11b815efb8f581194ae79006d24e0d814b7697f6
2025-03-09,62212037,WETH-USDT,0.05%,0x11b815efb8f581194ae79006d24e0d814b7697f6
2025-03-10,59974656,WETH-USDT,0.05%,0x11b815efb8f581194ae79006d24e0d814b7697f6
2025-03-11,45370210,WETH-USDT,0.05%,0x11b815efb8f581194ae79006d24e0d814b7697f6
2025-03-12,42762553,WETH-USDT,0.05%,0x11b815efb8f581194ae79006d24e0d814b7697f6
2025-03-13,43396319,WETH-USDT,0.05%,0x11b815efb8f581194ae79006d24e0d814b7697f6
2025-03-14,44213677,WETH-USDT,0.05%,0x11b815efb8f581194ae79006d24e0d814b7697f6
2025-03-15,44020874,WETH-USDT,0.05%,0x11b815efb8f581194ae79006d24e0d814b7697f6
2025-03-16,42742709,WETH-USDT,0.05%,0x11b815efb8f581194ae79006d24e0d814b7697f6
2025-03-17,43991449,WETH-USDT,0.05%,0x11b815efb8f581194ae79006d24e0d814b7697f6
2025-03-18,43113352,WETH-USDT,0.05%,0x11b815efb8f581194ae79006d24e0d814b7697f6
2025-03-19,45442538,WETH-USDT,0.05%,0x11b815efb8f581194ae79006d24e0d814b7697f6
2025-03-20,44322973,WETH-USDT,0.05%,0x11b815efb8f581194ae79006d24e0d814b7697f6
2025-03-21,44183417,WETH-USDT,0.05%,0x11b815efb8f581194ae79006d24e0d814b7697f6
2025-03-22,45795256,WETH-USDT,0.05%,0x11b815efb8f581194ae79006d24e0d814b7697f6
2025-03-23,46685672,WETH-USDT,0.05%,0x11b815efb8f581194ae79006d24e0d814b7697f6
2025-03-24,48325797,WETH-USDT,0.05%,0x11b815efb8f581194ae79006d24e0d814b7697f6
2025-03-25,48115674,WETH-USDT,0.05%,0x11b815efb8f581194ae79006d24e0d814b7697f6
2025-03-26,47032917,WETH-USDT,0.05%,0x11b815efb8f581194ae79006d24e0d814b7697f6
2025-03-27,47320823,WETH-USDT,0.05%,0x11b815efb8f581194ae79006d24e0d814b7697f6
2025-03-28,44908421,WETH-USDT,0.05%,0x11b815efb8f581194ae79006d24e0d814b7697f6
2025-03-29,39986766,WETH-USDT,0.05%,0x11b815efb8f581194ae79006d24e0d814b7697f6
2025-03-30,39821988,WETH-USDT,0.05%,0x11b815efb8f581194ae79006d24e0d814b7697f6
2025-03-31,40540621,WETH-USDT,0.05%,0x11b815efb8f581194ae79006d24e0d814b7697f6
2025-04-01,42481293,WETH-USDT,0.05%,0x11b815efb8f581194ae79006d24e0d814b7697f6
2025-04-02,40042663,WETH-USDT,0.05%,0x11b815efb8f581194ae79006d24e0d814b7697f6
2025-04-03,40203126,WETH-USDT,0.05%,0x11b815efb8f581194ae79006d24e0d814b7697f6
2025-04-04,39792029,WETH-USDT,0.05%,0x11b815efb8f581194ae79006d24e0d814b7697f6
2025-04-05,39287986,WETH-USDT,0.05%,0x11b815efb8f581194ae79006d24e0d814b7697f6
2025-04-06,33159667,WETH-USDT,0.05%,0x11b815efb8f581194ae79006d24e0d814b7697f6
2025-04-07,13947655,WETH-USDT,0.05%,0x11b815efb8f581194ae79006d24e0d814b7697f6
2025-04-08,13738786,WETH-USDT,0.05%,0x11b815efb8f581194ae79006d24e0d814b7697f6
2025-04-09,14692848,WETH-USDT,0.05%,0x11b815efb8f581194ae79006d24e0d814b7697f6
2025-04-10,13220281,WETH-USDT,0.05%,0x11b815efb8f581194ae79006d24e0d814b7697f6
2025-04-11,15382308,WETH-USDT,0.05%,0x11b815efb8f581194ae79006d24e0d814b7697f6
2025-04-12,15034159,WETH-USDT,0.05%,0x11b815efb8f581194ae79006d24e0d814b7697f6
2025-04-13,15354379,WETH-USDT,0.05%,0x11b815efb8f581194ae79006d24e0d814b7697f6
2025-04-14,15749045,WETH-USDT,0.05%,0x11b815efb8f581194ae79006d24e0d814b7697f6
2025-04-15,14879195,WETH-USDT,0.05%,0x11b815efb8f581194ae79006d24e0d814b7697f6
2025-04-16,14850045,WETH-USDT,0.05%,0x11b815efb8f581194ae79006d24e0d814b7697f6
2025-04-17,14705709,WETH-USDT,0.05%,0x11b815efb8f581194ae79006d24e0d814b7697f6
2025-04-18,14768437,WETH-USDT,0.05%,0x11b815efb8f581194ae79006d24e0d814b7697f6
2025-04-19,14847607,WETH-USDT,0.05%,0x11b815efb8f581194ae79006d24e0d814b7697f6
2025-04-20,14523685,WETH-USDT,0.05%,0x11b815efb8f581194ae79006d24e0d814b7697f6
2025-04-21,14501195,WETH-USDT,0.05%,0x11b815efb8f581194ae79006d24e0d814b7697f6
2025-04-22,16182512,WETH-USDT,0.05%,0x11b815efb8f581194ae79006d24e0d814b7697f6
2025-04-23,14628212,WETH-USDT,0.05%,0x11b815efb8f581194ae79006d24e0d814b7697f6
2025-04-24,14366760,WETH-USDT,0.05%,0x11b815efb8f581194ae79006d24e0d814b7697f6
2025-04-25,14610368,WETH-USDT,0.05%,0x11b815efb8f581194ae79006d24e0d814b7697f6
2025-04-26,15001590,WETH-USDT,0.05%,0x11b815efb8f581194ae79006d24e0d814b7697f6
2025-04-27,14567308,WETH-USDT,0.05%,0x11b815efb8f581194ae79006d24e0d814b7697f6
2025-04-28,14646158,WETH-USDT,0.05%,0x11b815efb8f581194ae79006d24e0d814b7697f6
2025-04-29,14356498,WETH-USDT,0.05%,0x11b815efb8f581194ae79006d24e0d814b7697f6
2025-04-30,14187659,WETH-USDT,0.05%,0x11b815efb8f581194ae79006d24e0d814b7697f6
2025-05-01,14369914,WETH-USDT,0.05%,0x11b815efb8f581194ae79006d24e0d814b7697f6
2025-05-02,14455747,WETH-USDT,0.05%,0x11b815efb8f581194ae79006d24e0d814b7697f6
2025-05-03,14466298,WETH-USDT,0.05%,0x11b815efb8f581194ae79006d24e0d814b7697f6
2025-05-04,14351935,WETH-USDT,0.05%,0x11b815efb8f581194ae79006d24e0d814b7697f6
2025-05-05,14375051,WETH-USDT,0.05%,0x11b815efb8f581194ae79006d24e0d814b7697f6
2025-05-06,14307323,WETH-USDT,0.05%,0x11b815efb8f581194ae79006d24e0d814b7697f6
2025-05-07,14333676,WETH-USDT,0.05%,0x11b815efb8f581194ae79006d24e0d814b7697f6
2025-05-08,14502161,WETH-USDT,0.05%,0x11b815efb8f581194ae79006d24e0d814b7697f6
2025-05-09,17278626,WETH-USDT,0.05%,0x11b815efb8f581194ae79006d24e0d814b7697f6
2025-05-10,12393759,WETH-USDT,0.05%,0x11b815efb8f581194ae79006d24e0d814b7697f6
2025-05-11,15570180,WETH-USDT,0.05%,0x11b815efb8f581194ae79006d24e0d814b7697f6
2025-05-12,13449377,WETH-USDT,0.05%,0x11b815efb8f581194ae79006d24e0d814b7697f6
2025-05-13,13970667,WETH-USDT,0.05%,0x11b815efb8f581194ae79006d24e0d814b7697f6
2025-05-14,13895507,WETH-USDT,0.05%,0x11b815efb8f581194ae79006d24e0d814b7697f6
2025-05-15,12726946,WETH-USDT,0.05%,0x11b815efb8f581194ae79006d24e0d814b7697f6
2025-05-16,12609872,WETH-USDT,0.05%,0x11b815efb8f581194ae79006d24e0d814b7697f6
2025-05-17,12314036,WETH-USDT,0.05%,0x11b815efb8f581194ae79006d24e0d814b7697f6
2025-05-18,12152812,WETH-USDT,0.05%,0x11b815efb8f581194ae79006d24e0d814b7697f6
2025-05-19,8991292,WETH-USDT,0.05%,0x11b815efb8f581194ae79006d24e0d814b7697f6
2025-05-20,8990373,WETH-USDT,0.05%,0x11b815efb8f581194ae79006d24e0d814b7697f6
2025-05-21,9197377,WETH-USDT,0.05%,0x11b815efb8f581194ae79006d24e0d814b7697f6
2025-05-22,9440173,WETH-USDT,0.05%,0x11b815efb8f581194ae79006d24e0d814b7697f6
2025-05-23,9214356,WETH-USDT,0.05%,0x11b815efb8f581194ae79006d24e0d814b7697f6
2025-05-24,9211032,WETH-USDT,0.05%,0x11b815efb8f581194ae79006d24e0d814b7697f6
2025-05-25,12871484,WETH-USDT,0.05%,0x11b815efb8f581194ae79006d24e0d814b7697f6
2025-05-26,12866688,WETH-USDT,0.05%,0x11b815efb8f581194ae79006d24e0d814b7697f6
2025-05-27,13128561,WETH-USDT,0.05%,0x11b815efb8f581194ae79006d24e0d814b7697f6
2025-05-28,15428900,WETH-USDT,0.05%,0x11b815efb8f581194ae79006d24e0d814b7697f6
2025-05-29,15096364,WETH-USDT,0.05%,0x11b815efb8f581194ae79006d24e0d814b7697f6
2025-05-30,14754592,WETH-USDT,0.05%,0x11b815efb8f581194ae79006d24e0d814b7697f6
2025-05-31,12606773,WETH-USDT,0.05%,0x11b815efb8f581194ae79006d24e0d814b7697f6
2025-06-01,12614963,WETH-USDT,0.05%,0x11b815efb8f581194ae79006d24e0d814b7697f6
2025-06-02,12727825,WETH-USDT,0.05%,0x11b815efb8f581194ae79006d24e0d814b7697f6
2025-06-03,12802262,WETH-USDT,0.05%,0x11b815efb8f581194ae79006d24e0d814b7697f6
2025-06-04,12756157,WETH-USDT,0.05%,0x11b815efb8f581194ae79006d24e0d814b7697f6
2025-06-05,12286675,WETH-USDT,0.05%,0x11b815efb8f581194ae79006d24e0d814b7697f6
2025-06-06,12389541,WETH-USDT,0.05%,0x11b815efb8f581194ae79006d24e0d814b7697f6
2025-06-07,12427734,WETH-USDT,0.05%,0x11b815efb8f581194ae79006d24e0d814b7697f6
2025-06-08,12474892,WETH-USDT,0.05%,0x11b815efb8f581194ae79006d24e0d814b7697f6
2025-06-09,12877982,WETH-USDT,0.05%,0x11b815efb8f581194ae79006d24e0d814b7697f6
2025-06-10,13120523,WETH-USDT,0.05%,0x11b815efb8f581194ae79006d24e0d814b7697f6
2025-06-11,18253597,WETH-USDT,0.05%,0x11b815efb8f581194ae79006d24e0d814b7697f6
2025-06-12,17813520,WETH-USDT,0.05%,0x11b815efb8f581194ae79006d24e0d814b7697f6
2025-06-13,17535593,WETH-USDT,0.05%,0x11b815efb8f581194ae79006d24e0d814b7697f6
2025-06-14,17398548,WETH-USDT,0.05%,0x11b815efb8f581194ae79006d24e0d814b7697f6
2025-06-15,17430859,WETH-USDT,0.05%,0x11b815efb8f581194ae79006d24e0d814b7697f6
2025-06-16,17544901,WETH-USDT,0.05%,0x11b815efb8f581194ae79006d24e0d814b7697f6
2025-06-17,17229685,WETH-USDT,0.05%,0x11b815efb8f581194ae79006d24e0d814b7697f6
2025-06-18,17406764,WETH-USDT,0.05%,0x11b815efb8f581194ae79006d24e0d814b7697f6
2025-06-19,17419371,WETH-USDT,0.05%,0x11b815efb8f581194ae79006d24e0d814b7697f6
2025-06-20,16732454,WETH-USDT,0.05%,0x11b815efb8f581194ae79006d24e0d814b7697f6
2025-06-21,16216965,WETH-USDT,0.05%,0x11b815efb8f581194ae79006d24e0d814b7697f6
2025-06-22,15710556,WETH-USDT,0.05%,0x11b815efb8f581194ae79006d24e0d814b7697f6
2025-06-23,15567147,WETH-USDT,0.05%,0x11b815efb8f581194ae79006d24e0d814b7697f6
2025-06-24,15716745,WETH-USDT,0.05%,0x11b815efb8f581194ae79006d24e0d814b7697f6
2025-06-25,15609652,WETH-USDT,0.05%,0x11b815efb8f581194ae79006d24e0d814b7697f6
2025-06-26,15609821,WETH-USDT,0.05%,0x11b815efb8f581194ae79006d24e0d814b7697f6
2025-06-27,15666963,WETH-USDT,0.05%,0x11b815efb8f581194ae79006d24e0d814b7697f6
2025-06-28,15752740,WETH-USDT,0.05%,0x11b815efb8f581194ae79006d24e0d814b7697f6
2025-06-29,16021042,WETH-USDT,0.05%,0x11b815efb8f581194ae79006d24e0d814b7697f6
2025-06-30,15971505,WETH-USDT,0.05%,0x11b815efb8f581194ae79006d24e0d814b7697f6
2025-07-01,15530517,WETH-USDT,0.05%,0x11b815efb8f581194ae79006d24e0d814b7697f6
2025-07-02,16389983,WETH-USDT,0.05%,0x11b815efb8f581194ae79006d24e0d814b7697f6
2025-07-03,16377498,WETH-USDT,0.05%,0x11b815efb8f581194ae79006d24e0d814b7697f6
2025-07-04,16075850,WETH-USDT,0.05%,0x11b815efb8f581194ae79006d24e0d814b7697f6
2025-07-05,16078412,WETH-USDT,0.05%,0x11b815efb8f581194ae79006d24e0d814b7697f6
2025-07-06,16257212,WETH-USDT,0.05%,0x11b815efb8f581194ae79006d24e0d814b7697f6
2025-07-07,18384528,WETH-USDT,0.05%,0x11b815efb8f581194ae79006d24e0d814b7697f6
2025-07-08,18726841,WETH-USDT,0.05%,0x11b815efb8f581194ae79006d24e0d814b7697f6
2025-07-09,16917784,WETH-USDT,0.05%,0x11b815efb8f581194ae79006d24e0d814b7697f6
2025-07-10,17484012,WETH-USDT,0.05%,0x11b815efb8f581194ae79006d24e0d814b7697f6
2025-07-11,17364967,WETH-USDT,0.05%,0x11b815efb8f581194ae79006d24e0d814b7697f6
2025-07-12,17085346,WETH-USDT,0.05%,0x11b815efb8f581194ae79006d24e0d814b7697f6
2025-07-13,17198133,WETH-USDT,0.05%,0x11b815efb8f581194ae79006d24e0d814b7697f6
2025-07-14,13412071,WETH-USDT,0.05%,0x11b815efb8f581194ae79006d24e0d814b7697f6
2025-07-15,18518514,WETH-USDT,0.05%,0x11b815efb8f581194ae79006d24e0d814b7697f6
2025-07-16,24942207,WETH-USDT,0.05%,0x11b815efb8f581194ae79006d24e0d814b7697f6
2025-07-17,22400158,WETH-USDT,0.05%,0x11b815efb8f581194ae79006d24e0d814b7697f6
2025-07-18,19045403,WETH-USDT,0.05%,0x11b815efb8f581194ae79006d24e0d814b7697f6
2025-07-19,20906696,WETH-USDT,0.05%,0x11b815efb8f581194ae79006d24e0d814b7697f6
2025-07-20,24844759,WETH-USDT,0.05%,0x11b815efb8f581194ae79006d24e0d814b7697f6
2025-07-21,20430540,WETH-USDT,0.05%,0x11b815efb8f581194ae79006d24e0d814b7697f6
2025-07-22,17769333,WETH-USDT,0.05%,0x11b815efb8f581194ae79006d24e0d814b7697f6
2025-07-23,22257383,WETH-USDT,0.05%,0x11b815efb8f581194ae79006d24e0d814b7697f6
2025-07-24,22614257,WETH-USDT,0.05%,0x11b815efb8f581194ae79006d24e0d814b7697f6
2025-07-25,21909900,WETH-USDT,0.05%,0x11b815efb8f581194ae79006d24e0d814b7697f6
2025-07-26,24616513,WETH-USDT,0.05%,0x11b815efb8f581194ae79006d24e0d814b7697f6
2025-07-27,20020870,WETH-USDT,0.05%,0x11b815efb8f581194ae79006d24e0d814b7697f6
2025-07-28,25243244,WETH-USDT,0.05%,0x11b815efb8f581194ae79006d24e0d814b7697f6
2025-07-29,25361963,WETH-USDT,0.05%,0x11b815efb8f581194ae79006d24e0d814b7697f6
2025-07-30,25383445,WETH-USDT,0.05%,0x11b815efb8f581194ae79006d24e0d814b7697f6
2025-07-31,25490639,WETH-USDT,0.05%,0x11b815efb8f581194ae79006d24e0d814b7697f6
2025-08-01,29203923,WETH-USDT,0.05%,0x11b815efb8f581194ae79006d24e0d814b7697f6
2025-08-02,29171192,WETH-USDT,0.05%,0x11b815efb8f581194ae79006d24e0d814b7697f6
2025-08-03,32823613,WETH-USDT,0.05%,0x11b815efb8f581194ae79006d24e0d814b7697f6
2025-08-04,35762466,WETH-USDT,0.05%,0x11b815efb8f581194ae79006d24e0d814b7697f6
2025-08-05,35310164,WETH-USDT,0.05%,0x11b815efb8f581194ae79006d24e0d814b7697f6
2025-08-06,35950926,WETH-USDT,0.05%,0x11b815efb8f581194ae79006d24e0d814b7697f6
2025-08-07,36972950,WETH-USDT,0.05%,0x11b815efb8f581194ae79006d24e0d814b7697f6
2025-08-08,21793806,WETH-USDT,0.05%,0x11b815efb8f581194ae79006d24e0d814b7697f6
2025-08-09,16801246,WETH-USDT,0.05%,0x11b815efb8f581194ae79006d24e0d814b7697f6
2025-08-10,23217797,WETH-USDT,0.05%,0x11b815efb8f581194ae79006d24e0d814b7697f6
2025-08-11,18242403,WETH-USDT,0.05%,0x11b815efb8f581194ae79006d24e0d814b7697f6
2025-08-12,15797756,WETH-USDT,0.05%,0x11b815efb8f581194ae79006d24e0d814b7697f6
2025-08-13,14954742,WETH-USDT,0.05%,0x11b815efb8f581194ae79006d24e0d814b7697f6
2025-08-14,14480870,WETH-USDT,0.05%,0x11b815efb8f581194ae79006d24e0d814b7697f6
2025-08-15,12852768,WETH-USDT,0.05%,0x11b815efb8f581194ae79006d24e0d814b7697f6
2025-08-16,12773816,WETH-USDT,0.05%,0x11b815efb8f581194ae79006d24e0d814b7697f6
2025-08-17,13282228,WETH-USDT,0.05%,0x11b815efb8f581194ae79006d24e0d814b7697f6
2025-08-18,26068278,WETH-USDT,0.05%,0x11b815efb8f581194ae79006d24e0d814b7697f6
2025-08-19,19407982,WETH-USDT,0.05%,0x11b815efb8f581194ae79006d24e0d814b7697f6
2025-08-20,19913852,WETH-USDT,0.05%,0x11b815efb8f581194ae79006d24e0d814b7697f6
2025-08-21,16051082,WETH-USDT,0.05%,0x11b815efb8f581194ae79006d24e0d814b7697f6
2025-08-22,18410027,WETH-USDT,0.05%,0x11b815efb8f581194ae79006d24e0d814b7697f6
2025-08-23,18981111,WETH-USDT,0.05%,0x11b815efb8f581194ae79006d24e0d814b7697f6
2025-08-24,19499021,WETH-USDT,0.05%,0x11b815efb8f581194ae79006d24e0d814b7697f6
2025-08-25,19497351,WETH-USDT,0.05%,0x11b815efb8f581194ae79006d24e0d814b7697f6
2025-08-26,19825846,WETH-USDT,0.05%,0x11b815efb8f581194ae79006d24e0d814b7697f6
2025-08-27,20072609,WETH-USDT,0.05%,0x11b815efb8f581194ae79006d24e0d814b7697f6
2025-08-28,20231345,WETH-USDT,0.05%,0x11b815efb8f581194ae79006d24e0d814b7697f6
2025-08-29,20505940,WETH-USDT,0.05%,0x11b815efb8f581194ae79006d24e0d814b7697f6
2025-08-30,30914811,WETH-USDT,0.05%,0x11b815efb8f581194ae79006d24e0d814b7697f6
2025-08-31,31170954,WETH-USDT,0.05%,0x11b815efb8f581194ae79006d24e0d814b7697f6
2025-09-01,18205331,WETH-USDT,0.05%,0x11b815efb8f581194ae79006d24e0d814b7697f6
2025-09-02,27243859,WETH-USDT,0.05%,0x11b815efb8f581194ae79006d24e0d814b7697f6
2025-09-03,54169884,WETH-USDT,0.05%,0x11b815efb8f581194ae79006d24e0d814b7697f6
2025-09-04,28696691,WETH-USDT,0.05%,0x11b815efb8f581194ae79006d24e0d814b7697f6
2025-09-05,31922512,WETH-USDT,0.05%,0x11b815efb8f581194ae79006d24e0d814b7697f6
2025-09-06,31532567,WETH-USDT,0.05%,0x11b815efb8f581194ae79006d24e0d814b7697f6
2025-09-07,31453566,WETH-USDT,0.05%,0x11b815efb8f581194ae79006d24e0d814b7697f6
2025-09-08,30927044,WETH-USDT,0.05%,0x11b815efb8f581194ae79006d24e0d814b7697f6
2025-09-09,25872595,WETH-USDT,0.05%,0x11b815efb8f581194ae79006d24e0d814b7697f6
2025-09-10,26053160,WETH-USDT,0.05%,0x11b815efb8f581194ae79006d24e0d814b7697f6
2025-09-11,17501035,WETH-USDT,0.05%,0x11b815efb8f581194ae79006d24e0d814b7697f6
2025-09-12,17855089,WETH-USDT,0.05%,0x11b815efb8f581194ae79006d24e0d814b7697f6
2025-09-13,17643638,WETH-USDT,0.05%,0x11b815efb8f581194ae79006d24e0d814b7697f6
2025-09-14,16739192,WETH-USDT,0.05%,0x11b815efb8f581194ae79006d24e0d814b7697f6
2025-09-15,16687899,WETH-USDT,0.05%,0x11b815efb8f581194ae79006d24e0d814b7697f6
2025-09-16,16235030,WETH-USDT,0.05%,0x11b815efb8f581194ae79006d24e0d814b7697f6
2025-09-17,28459821,WETH-USDT,0.05%,0x11b815efb8f581194ae79006d24e0d814b7697f6
2025-09-18,26448354,WETH-USDT,0.05%,0x11b815efb8f581194ae79006d24e0d814b7697f6
2025-09-19,21094457,WETH-USDT,0.05%,0x11b815efb8f581194ae79006d24e0d814b7697f6
2025-09-20,22176446,WETH-USDT,0.05%,0x11b815efb8f581194ae79006d24e0d814b7697f6
2025-09-21,17332986,WETH-USDT,0.05%,0x11b815efb8f581194ae79006d24e0d814b7697f6
2025-09-22,14396291,WETH-USDT,0.05%,0x11b815efb8f581194ae79006d24e0d814b7697f6
2025-09-23,12091289,WETH-USDT,0.05%,0x11b815efb8f581194ae79006d24e0d814b7697f6
2025-09-24,13062907,WETH-USDT,0.05%,0x11b815efb8f581194ae79006d24e0d814b7697f6
2025-09-25,12334666,WETH-USDT,0.05%,0x11b815efb8f581194ae79006d24e0d814b7697f6
2025-09-26,11694296,WETH-USDT,0.05%,0x11b815efb8f581194ae79006d24e0d814b7697f6
2025-09-27,11844852,WETH-USDT,0.05%,0x11b815efb8f581194ae79006d24e0d814b7697f6
2025-09-28,10957928,WETH-USDT,0.05%,0x11b815efb8f581194ae79006d24e0d814b7697f6
2025-09-29,11053439,WETH-USDT,0.05%,0x11b815efb8f581194ae79006d24e0d814b7697f6
2025-09-30,11089251,WETH-USDT,0.05%,0x11b815efb8f581194ae79006d24e0d814b7697f6
2025-10-01,10903654,WETH-USDT,0.05%,0x11b815efb8f581194ae79006d24e0d814b7697f6
2025-10-02,12177457,WETH-USDT,0.05%,0x11b815efb8f581194ae79006d24e0d814b7697f6
2025-10-03,12604470,WETH-USDT,0.05%,0x11b815efb8f581194ae79006d24e0d814b7697f6
2025-10-04,12842962,WETH-USDT,0.05%,0x11b815efb8f581194ae79006d24e0d814b7697f6
2025-10-05,12684833,WETH-USDT,0.05%,0x11b815efb8f581194ae79006d24e0d814b7697f6
2025-10-06,13289504,WETH-USDT,0.05%,0x11b815efb8f581194ae79006d24e0d814b7697f6
2025-10-07,13048330,WETH-USDT,0.05%,0x11b815efb8f581194ae79006d24e0d814b7697f6
2025-10-08,13074486,WETH-USDT,0.05%,0x11b815efb8f581194ae79006d24e0d814b7697f6
2025-10-09,13018984,WETH-USDT,0.05%,0x11b815efb8f581194ae79006d24e0d814b7697f6
2025-10-10,11710176,WETH-USDT,0.05%,0x11b815efb8f581194ae79006d24e0d814b7697f6
2025-10-11,11040175,WETH-USDT,0.05%,0x11b815efb8f581194ae79006d24e0d814b7697f6
2025-10-12,10944166,WETH-USDT,0.05%,0x11b815efb8f581194ae79006d24e0d814b7697f6
2025-10-13,11108320,WETH-USDT,0.05%,0x11b815efb8f581194ae79006d24e0d814b7697f6
2025-10-14,11008176,WETH-USDT,0.05%,0x11b815efb8f581194ae79006d24e0d814b7697f6
2025-10-15,10784855,WETH-USDT,0.05%,0x11b815efb8f581194ae79006d24e0d814b7697f6
2025-10-16,10605590,WETH-USDT,0.05%,0x11b815efb8f581194ae79006d24e0d814b7697f6
2025-10-17,10378689,WETH-USDT,0.05%,0x11b815efb8f581194ae79006d24e0d814b7697f6
2025-10-18,10120541,WETH-USDT,0.05%,0x11b815efb8f581194ae79006d24e0d814b7697f6
2025-10-19,11405464,WETH-USDT,0.05%,0x11b815efb8f581194ae79006d24e0d814b7697f6
2025-10-20,11864939,WETH-USDT,0.05%,0x11b815efb8f581194ae79006d24e0d814b7697f6
2025-10-21,10090467,WETH-USDT,0.05%,0x11b815efb8f581194ae79006d24e0d814b7697f6
2025-10-22,9378569,WETH-USDT,0.05%,0x11b815efb8f581194ae79006d24e0d814b7697f6
2025-10-23,9538583,WETH-USDT,0.05%,0x11b815efb8f581194ae79006d24e0d814b7697f6
2025-10-24,9743439,WETH-USDT,0.05%,0x11b815efb8f581194ae79006d24e0d814b7697f6
2025-10-25,9769408,WETH-USDT,0.05%,0x11b815efb8f581194ae79006d24e0d814b7697f6
2025-10-26,9841880,WETH-USDT,0.05%,0x11b815efb8f581194ae79006d24e0d814b7697f6
2025-10-27,9915623,WETH-USDT,0.05%,0x11b815efb8f581194ae79006d24e0d814b7697f6
2025-10-28,9828298,WETH-USDT,0.05%,0x11b815efb8f581194ae79006d24e0d814b7697f6
2025-10-29,9813024,WETH-USDT,0.05%,0x11b815efb8f581194ae79006d24e0d814b7697f6
2025-10-30,12655001,WETH-USDT,0.05%,0x11b815efb8f581194ae79006d24e0d814b7697f6
2025-10-31,9711401,WETH-USDT,0.05%,0x11b815efb8f581194ae79006d24e0d814b7697f6
2025-11-01,9242593,WETH-USDT,0.05%,0x11b815efb8f581194ae79006d24e0d814b7697f6
2025-11-02,9241753,WETH-USDT,0.05%,0x11b815efb8f581194ae79006d24e0d814b7697f6
2025-11-03,8727635,WETH-USDT,0.05%,0x11b815efb8f581194ae79006d24e0d814b7697f6
2025-11-04,18862773,WETH-USDT,0.05%,0x11b815efb8f581194ae79006d24e0d814b7697f6
2025-11-05,19931777,WETH-USDT,0.05%,0x11b815efb8f581194ae79006d24e0d814b7697f6
2025-11-06,20016699,WETH-USDT,0.05%,0x11b815efb8f581194ae79006d24e0d814b7697f6
2025-11-07,20437986,WETH-USDT,0.05%,0x11b815efb8f581194ae79006d24e0d814b7697f6
2025-11-08,20451780,WETH-USDT,0.05%,0x11b815efb8f581194ae79006d24e0d814b7697f6
2025-11-09,21054259,WETH-USDT,0.05%,0x11b815efb8f581194ae79006d24e0d814b7697f6
2025-11-10,21133709,WETH-USDT,0.05%,0x11b815efb8f581194ae79006d24e0d814b7697f6
2025-11-11,20832136,WETH-USDT,0.05%,0x11b815efb8f581194ae79006d24e0d814b7697f6
2025-11-12,20890216,WETH-USDT,0.05%,0x11b815efb8f581194ae79006d24e0d814b7697f6
2025-11-13,20531520,WETH-USDT,0.05%,0x11b815efb8f581194ae79006d24e0d814b7697f6
2025-11-14,20584663,WETH-USDT,0.05%,0x11b815efb8f581194ae79006d24e0d814b7697f6
2025-11-15,20861077,WETH-USDT,0.05%,0x11b815efb8f581194ae79006d24e0d814b7697f6
2025-11-16,23284597,WETH-USDT,0.05%,0x11b815efb8f581194ae79006d24e0d814b7697f6
2025-11-17,20916201,WETH-USDT,0.05%,0x11b815efb8f581194ae79006d24e0d814b7697f6
2025-11-18,21952876,WETH-USDT,0.05%,0x11b815efb8f581194ae79006d24e0d814b7697f6
2025-11-19,21967296,WETH-USDT,0.05%,0x11b815efb8f581194ae79006d24e0d814b7697f6
2025-11-20,21536213,WETH-USDT,0.05%,0x11b815efb8f581194ae79006d24e0d814b7697f6
2025-11-21,11245198,WETH-USDT,0.05%,0x11b815efb8f581194ae79006d24e0d814b7697f6
2025-11-22,11260589,WETH-USDT,0.05%,0x11b815efb8f581194ae79006d24e0d814b7697f6
2025-11-23,11472152,WETH-USDT,0.05%,0x11b815efb8f581194ae79006d24e0d814b7697f6
2025-11-24,12019204,WETH-USDT,0.05%,0x11b815efb8f581194ae79006d24e0d814b7697f6
2025-11-25,12074308,WETH-USDT,0.05%,0x11b815efb8f581194ae79006d24e0d814b7697f6
2025-11-26,12253806,WETH-USDT,0.05%,0x11b815efb8f581194ae79006d24e0d814b7697f6
2025-11-27,12306306,WETH-USDT,0.05%,0x11b815efb8f581194ae79006d24e0d814b7697f6
2025-11-28,11878769,WETH-USDT,0.05%,0x11b815efb8f581194ae79006d24e0d814b7697f6
2025-11-29,11629014,WETH-USDT,0.05%,0x11b815efb8f581194ae79006d24e0d814b7697f6
2025-11-30,11729298,WETH-USDT,0.05%,0x11b815efb8f581194ae79006d24e0d814b7697f6
2025-12-01,10996367,WETH-USDT,0.05%,0x11b815efb8f581194ae79006d24e0d814b7697f6
2025-12-02,11580944,WETH-USDT,0.05%,0x11b815efb8f581194ae79006d24e0d814b7697f6
2025-12-03,11373630,WETH-USDT,0.05%,0x11b815efb8f581194ae79006d24e0d814b7697f6
2025-12-04,11367282,WETH-USDT,0.05%,0x11b815efb8f581194ae79006d24e0d814b7697f6
2025-12-05,11424488,WETH-USDT,0.05%,0x11b815efb8f581194ae79006d24e0d814b7697f6
2025-12-06,11711408,WETH-USDT,0.05%,0x11b815efb8f581194ae79006d24e0d814b7697f6
2025-12-07,11352541,WETH-USDT,0.05%,0x11b815efb8f581194ae79006d24e0d814b7697f6
2025-12-08,11438151,WETH-USDT,0.05%,0x11b815efb8f581194ae79006d24e0d814b7697f6
2025-12-09,11690880,WETH-USDT,0.05%,0x11b815efb8f581194ae79006d24e0d814b7697f6
2025-12-10,11562559,WETH-USDT,0.05%,0x11b815efb8f581194ae79006d24e0d814b7697f6
2025-12-11,11537090,WETH-USDT,0.05%,0x11b815efb8f581194ae79006d24e0d814b7697f6
2025-12-12,11232144,WETH-USDT,0.05%,0x11b815efb8f581194ae79006d24e0d814b7697f6
2025-12-13,11296490,WETH-USDT,0.05%,0x11b815efb8f581194ae79006d24e0d814b7697f6
2025-12-14,11183002,WETH-USDT,0.05%,0x11b815efb8f581194ae79006d24e0d814b7697f6
2025-12-15,10882514,WETH-USDT,0.05%,0x11b815efb8f581194ae79006d24e0d814b7697f6
2025-12-16,10877304,WETH-USDT,0.05%,0x11b815efb8f581194ae79006d24e0d814b7697f6
2025-12-17,10634162,WETH-USDT,0.05%,0x11b815efb8f581194ae79006d24e0d814b7697f6
2025-12-18,11608189,WETH-USDT,0.05%,0x11b815efb8f581194ae79006d24e0d814b7697f6
2025-12-19,11897002,WETH-USDT,0.05%,0x11b815efb8f581194ae79006d24e0d814b7697f6
2025-12-20,11700876,WETH-USDT,0.05%,0x11b815efb8f581194ae79006d24e0d814b7697f6
2025-12-21,10953089,WETH-USDT,0.05%,0x11b815efb8f581194ae79006d24e0d814b7697f6
2025-12-22,12095887,WETH-USDT,0.05%,0x11b815efb8f581194ae79006d24e0d814b7697f6
2025-12-23,11915072,WETH-USDT,0.05%,0x11b815efb8f581194ae79006d24e0d814b7697f6
2025-12-24,11994579,WETH-USDT,0.05%,0x11b815efb8f581194ae79006d24e0d814b7697f6
2025-12-25,11574088,WETH-USDT,0.05%,0x11b815efb8f581194ae79006d24e0d814b7697f6
2025-12-26,11254406,WETH-USDT,0.05%,0x11b815efb8f581194ae79006d24e0d814b7697f6
2025-12-27,11282388,WETH-USDT,0.05%,0x11b815efb8f581194ae79006d24e0d814b7697f6
2025-12-28,12348686,WETH-USDT,0.05%,0x11b815efb8f581194ae79006d24e0d814b7697f6
2025-12-29,11284158,WETH-USDT,0.05%,0x11b815efb8f581194ae79006d24e0d814b7697f6
2025-12-30,11344318,WETH-USDT,0.05%,0x11b815efb8f581194ae79006d24e0d814b7697f6
2025-12-31,11277756,WETH-USDT,0.05%,0x11b815efb8f581194ae79006d24e0d814b7697f6
2026-01-01,11451509,WETH-USDT,0.05%,0x11b815efb8f581194ae79006d24e0d814b7697f6
2026-01-02,11678235,WETH-USDT,0.05%,0x11b815efb8f581194ae79006d24e0d814b7697f6
2026-01-03,13935310,WETH-USDT,0.05%,0x11b815efb8f581194ae79006d24e0d814b7697f6
2026-01-04,21395817,WETH-USDT,0.05%,0x11b815efb8f581194ae79006d24e0d814b7697f6
2026-01-05,21742374,WETH-USDT,0.05%,0x11b815efb8f581194ae79006d24e0d814b7697f6
2026-01-06,19234670,WETH-USDT,0.05%,0x11b815efb8f581194ae79006d24e0d814b7697f6
2026-01-07,20028758,WETH-USDT,0.05%,0x11b815efb8f581194ae79006d24e0d814b7697f6
2026-01-08,19868867,WETH-USDT,0.05%,0x11b815efb8f581194ae79006d24e0d814b7697f6
2026-01-09,18490354,WETH-USDT,0.05%,0x11b815efb8f581194ae79006d24e0d814b7697f6
2026-01-10,18501471,WETH-USDT,0.05%,0x11b815efb8f581194ae79006d24e0d814b7697f6
2026-01-11,20340979,WETH-USDT,0.05%,0x11b815efb8f581194ae79006d24e0d814b7697f6
2026-01-12,20878817,WETH-USDT,0.05%,0x11b815efb8f581194ae79006d24e0d814b7697f6
2026-01-13,21145440,WETH-USDT,0.05%,0x11b815efb8f581194ae79006d24e0d814b7697f6
2026-01-14,20021677,WETH-USDT,0.05%,0x11b815efb8f581194ae79006d24e0d814b7697f6
2026-01-15,19716461,WETH-USDT,0.05%,0x11b815efb8f581194ae79006d24e0d814b7697f6
2026-01-16,19447794,WETH-USDT,0.05%,0x11b815efb8f581194ae79006d24e0d814b7697f6
2026-01-17,19536707,WETH-USDT,0.05%,0x11b815efb8f581194ae79006d24e0d814b7697f6
2026-01-18,20084026,WETH-USDT,0.05%,0x11b815efb8f581194ae79006d24e0d814b7697f6
2026-01-19,19695484,WETH-USDT,0.05%,0x11b815efb8f581194ae79006d24e0d814b7697f6
2026-01-20,18522465,WETH-USDT,0.05%,0x11b815efb8f581194ae79006d24e0d814b7697f6
2026-01-21,18693138,WETH-USDT,0.05%,0x11b815efb8f581194ae79006d24e0d814b7697f6
2026-01-22,18410528,WETH-USDT,0.05%,0x11b815efb8f581194ae79006d24e0d814b7697f6
2026-01-23,18443825,WETH-USDT,0.05%,0x11b815efb8f581194ae79006d24e0d814b7697f6
2026-01-24,18446957,WETH-USDT,0.05%,0x11b815efb8f581194ae79006d24e0d814b7697f6
2026-01-25,17604270,WETH-USDT,0.05%,0x11b815efb8f581194ae79006d24e0d814b7697f6
2026-01-26,18151199,WETH-USDT,0.05%,0x11b815efb8f581194ae79006d24e0d814b7697f6
2026-01-27,18687637,WETH-USDT,0.05%,0x11b815efb8f581194ae79006d24e0d814b7697f6
2026-01-28,18712961,WETH-USDT,0.05%,0x11b815efb8f581194ae79006d24e0d814b7697f6
2026-01-29,17793288,WETH-USDT,0.05%,0x11b815efb8f581194ae79006d24e0d814b7697f6
2026-01-30,17176246,WETH-USDT,0.05%,0x11b815efb8f581194ae79006d24e0d814b7697f6
2026-01-31,8770911,WETH-USDT,0.05%,0x11b815efb8f581194ae79006d24e0d814b7697f6
2026-02-01,8623725,WETH-USDT,0.05%,0x11b815efb8f581194ae79006d24e0d814b7697f6
2026-02-02,8330244,WETH-USDT,0.05%,0x11b815efb8f581194ae79006d24e0d814b7697f6
2026-02-03,8004190,WETH-USDT,0.05%,0x11b815efb8f581194ae79006d24e0d814b7697f6
2026-02-04,7252217,WETH-USDT,0.05%,0x11b815efb8f581194ae79006d24e0d814b7697f6
2026-02-05,6103280,WETH-USDT,0.05%,0x11b815efb8f581194ae79006d24e0d814b7697f6
2026-02-06,6513729,WETH-USDT,0.05%,0x11b815efb8f581194ae79006d24e0d814b7697f6
2026-02-07,7064930,WETH-USDT,0.05%,0x11b815efb8f581194ae79006d24e0d814b7697f6
2026-02-08,7282971,WETH-USDT,0.05%,0x11b815efb8f581194ae79006d24e0d814b7697f6
2026-02-09,6822905,WETH-USDT,0.05%,0x11b815efb8f581194ae79006d24e0d814b7697f6
2026-02-10,6605027,WETH-USDT,0.05%,0x11b815efb8f581194ae79006d24e0d814b7697f6
2026-02-11,6309208,WETH-USDT,0.05%,0x11b815efb8f581194ae79006d24e0d814b7697f6
2026-02-12,6327322,WETH-USDT,0.05%,0x11b815efb8f581194ae79006d24e0d814b7697f6
2026-02-13,6600334,WETH-USDT,0.05%,0x11b815efb8f581194ae79006d24e0d814b7697f6
2026-02-14,6700939,WETH-USDT,0.05%,0x11b815efb8f581194ae79006d24e0d814b7697f6
2026-02-15,6415158,WETH-USDT,0.05%,0x11b815efb8f581194ae79006d24e0d814b7697f6
2026-02-16,6446136,WETH-USDT,0.05%,0x11b815efb8f581194ae79006d24e0d814b7697f6
2026-02-17,6464991,WETH-USDT,0.05%,0x11b815efb8f581194ae79006d24e0d814b7697f6
2026-02-18,6404852,WETH-USDT,0.05%,0x11b815efb8f581194ae79006d24e0d814b7697f6
2026-02-19,6178180,WETH-USDT,0.05%,0x11b815efb8f581194ae79006d24e0d814b7697f6
2026-02-20,6232203,WETH-USDT,0.05%,0x11b815efb8f581194ae79006d24e0d814b7697f6
2026-02-21,6174693,WETH-USDT,0.05%,0x11b815efb8f581194ae79006d24e0d814b7697f6
2026-02-22,6157144,WETH-USDT,0.05%,0x11b815efb8f581194ae79006d24e0d814b7697f6
2026-02-23,5893469,WETH-USDT,0.05%,0x11b815efb8f581194ae79006d24e0d814b7697f6
2026-02-24,5887652,WETH-USDT,0.05%,0x11b815efb8f581194ae79006d24e0d814b7697f6
2026-02-25,6490451,WETH-USDT,0.05%,0x11b815efb8f581194ae79006d24e0d814b7697f6
2026-02-26,6401306,WETH-USDT,0.05%,0x11b815efb8f581194ae79006d24e0d814b7697f6
2026-02-27,6139147,WETH-USDT,0.05%,0x11b815efb8f581194ae79006d24e0d814b7697f6
2026-02-28,6295020,WETH-USDT,0.05%,0x11b815efb8f581194ae79006d24e0d814b7697f6
2026-03-01,6493945,WETH-USDT,0.05%,0x11b815efb8f581194ae79006d24e0d814b7697f6
2026-03-02,7074608,WETH-USDT,0.05%,0x11b815efb8f581194ae79006d24e0d814b7697f6
2026-03-03,6207172,WETH-USDT,0.05%,0x11b815efb8f581194ae79006d24e0d814b7697f6
2026-03-04,6599113,WETH-USDT,0.05%,0x11b815efb8f581194ae79006d24e0d814b7697f6
2026-03-05,6505931,WETH-USDT,0.05%,0x11b815efb8f581194ae79006d24e0d814b7697f6
2026-03-06,6285589,WETH-USDT,0.05%,0x11b815efb8f581194ae79006d24e0d814b7697f6
2026-03-07,6239346,WETH-USDT,0.05%,0x11b815efb8f581194ae79006d24e0d814b7697f6
2026-03-08,6243285,WETH-USDT,0.05%,0x11b815efb8f581194ae79006d24e0d814b7697f6
2026-03-09,6386471,WETH-USDT,0.05%,0x11b815efb8f581194ae79006d24e0d814b7697f6
2026-03-10,6436426,WETH-USDT,0.05%,0x11b815efb8f581194ae79006d24e0d814b7697f6
2026-03-11,6555791,WETH-USDT,0.05%,0x11b815efb8f581194ae79006d24e0d814b7697f6
2026-03-12,6594114,WETH-USDT,0.05%,0x11b815efb8f581194ae79006d24e0d814b7697f6
2026-03-13,7158979,WETH-USDT,0.05%,0x11b815efb8f581194ae79006d24e0d814b7697f6
2026-03-14,6974397,WETH-USDT,0.05%,0x11b815efb8f581194ae79006d24e0d814b7697f6
2026-03-15,7152189,WETH-USDT,0.05%,0x11b815efb8f581194ae79006d24e0d814b7697f6
2026-03-16,7618566,WETH-USDT,0.05%,0x11b815efb8f581194ae79006d24e0d814b7697f6
2026-03-17,8377059,WETH-USDT,0.05%,0x11b815efb8f581194ae79006d24e0d814b7697f6
2026-03-18,8164662,WETH-USDT,0.05%,0x11b815efb8f581194ae79006d24e0d814b7697f6
2026-03-19,7910383,WETH-USDT,0.05%,0x11b815efb8f581194ae79006d24e0d814b7697f6
2026-03-20,7999746,WETH-USDT,0.05%,0x11b815efb8f581194ae79006d24e0d814b7697f6
2026-03-21,7979667,WETH-USDT,0.05%,0x11b815efb8f581194ae79006d24e0d814b7697f6
2026-03-22,7840118,WETH-USDT,0.05%,0x11b815efb8f581194ae79006d24e0d814b7697f6
2026-03-23,8078157,WETH-USDT,0.05%,0x11b815efb8f581194ae79006d24e0d814b7697f6
2026-03-24,8295459,WETH-USDT,0.05%,0x11b815efb8f581194ae79006d24e0d814b7697f6
2026-03-25,8377581,WETH-USDT,0.05%,0x11b815efb8f581194ae79006d24e0d814b7697f6
2026-03-26,8234824,WETH-USDT,0.05%,0x11b815efb8f581194ae79006d24e0d814b7697f6
2026-03-27,8004969,WETH-USDT,0.05%,0x11b815efb8f581194ae79006d24e0d814b7697f6
2026-03-28,8093257,WETH-USDT,0.05%,0x11b815efb8f581194ae79006d24e0d814b7697f6
2026-03-29,7937279,WETH-USDT,0.05%,0x11b815efb8f581194ae79006d24e0d814b7697f6
2026-03-30,8308328,WETH-USDT,0.05%,0x11b815efb8f581194ae79006d24e0d814b7697f6
2026-03-31,8517707,WETH-USDT,0.05%,0x11b815efb8f581194ae79006d24e0d814b7697f6
2026-04-01,10571213,WETH-USDT,0.05%,0x11b815efb8f581194ae79006d24e0d814b7697f6
2026-04-02,10030356,WETH-USDT,0.05%,0x11b815efb8f581194ae79006d24e0d814b7697f6
2026-04-03,10020382,WETH-USDT,0.05%,0x11b815efb8f581194ae79006d24e0d814b7697f6
2026-04-04,9227320,WETH-USDT,0.05%,0x11b815efb8f581194ae79006d24e0d814b7697f6
2026-04-05,9261661,WETH-USDT,0.05%,0x11b815efb8f581194ae79006d24e0d814b7697f6
2026-04-06,9431499,WETH-USDT,0.05%,0x11b815efb8f581194ae79006d24e0d814b7697f6
2026-04-07,9583522,WETH-USDT,0.05%,0x11b815efb8f581194ae79006d24e0d814b7697f6
2026-04-08,9801423,WETH-USDT,0.05%,0x11b815efb8f581194ae79006d24e0d814b7697f6
2026-04-09,9808542,WETH-USDT,0.05%,0x11b815efb8f581194ae79006d24e0d814b7697f6
2026-04-10,9895085,WETH-USDT,0.05%,0x11b815efb8f581194ae79006d24e0d814b7697f6
2026-04-11,8209455,WETH-USDT,0.05%,0x11b815efb8f581194ae79006d24e0d814b7697f6
2026-04-12,7879868,WETH-USDT,0.05%,0x11b815efb8f581194ae79006d24e0d814b7697f6
2026-04-13,8281772,WETH-USDT,0.05%,0x11b815efb8f581194ae79006d24e0d814b7697f6
2026-04-14,7107838,WETH-USDT,0.05%,0x11b815efb8f581194ae79006d24e0d814b7697f6
2026-04-15,7372100,WETH-USDT,0.05%,0x11b815efb8f581194ae79006d24e0d814b7697f6
2026-04-16,7259195,WETH-USDT,0.05%,0x11b815efb8f581194ae79006d24e0d814b7697f6
2026-04-17,7351451,WETH-USDT,0.05%,0x11b815efb8f581194ae79006d24e0d814b7697f6
2026-04-18,7521771,WETH-USDT,0.05%,0x11b815efb8f581194ae79006d24e0d814b7697f6
2026-04-19,7340325,WETH-USDT,0.05%,0x11b815efb8f581194ae79006d24e0d814b7697f6
2026-04-20,10953702,WETH-USDT,0.05%,0x11b815efb8f581194ae79006d24e0d814b7697f6
2026-04-21,11068192,WETH-USDT,0.05%,0x11b815efb8f581194ae79006d24e0d814b7697f6
2026-04-22,7582724,WETH-USDT,0.05%,0x11b815efb8f581194ae79006d24e0d814b7697f6
2026-04-23,10864788,WETH-USDT,0.05%,0x11b815efb8f581194ae79006d24e0d814b7697f6
2026-04-24,10990864,WETH-USDT,0.05%,0x11b815efb8f581194ae79006d24e0d814b7697f6
2026-04-25,11100289,WETH-USDT,0.05%,0x11b815efb8f581194ae79006d24e0d814b7697f6
2026-04-26,11170875,WETH-USDT,0.05%,0x11b815efb8f581194ae79006d24e0d814b7697f6
2026-04-27,11023619,WETH-USDT,0.05%,0x11b815efb8f581194ae79006d24e0d814b7697f6
2026-04-28,11226938,WETH-USDT,0.05%,0x11b815efb8f581194ae79006d24e0d814b7697f6
2026-04-29,10819106,WETH-USDT,0.05%,0x11b815efb8f581194ae79006d24e0d814b7697f6
2026-04-30,10819470,WETH-USDT,0.05%,0x11b815efb8f581194ae79006d24e0d814b7697f6
2026-05-01,10970466,WETH-USDT,0.05%,0x11b815efb8f581194ae79006d24e0d814b7697f6
2026-05-02,12831937,WETH-USDT,0.05%,0x11b815efb8f581194ae79006d24e0d814b7697f6
2026-05-03,11513870,WETH-USDT,0.05%,0x11b815efb8f581194ae79006d24e0d814b7697f6
2026-05-04,11212642,WETH-USDT,0.05%,0x11b815efb8f581194ae79006d24e0d814b7697f6
2026-05-05,12201421,WETH-USDT,0.05%,0x11b815efb8f581194ae79006d24e0d814b7697f6
2026-05-06,10914508,WETH-USDT,0.05%,0x11b815efb8f581194ae79006d24e0d814b7697f6
2026-05-07,10757690,WETH-USDT,0.05%,0x11b815efb8f581194ae79006d24e0d814b7697f6
2026-05-08,10800806,WETH-USDT,0.05%,0x11b815efb8f581194ae79006d24e0d814b7697f6
2026-05-09,10924393,WETH-USDT,0.05%,0x11b815efb8f581194ae79006d24e0d814b7697f6
2026-05-10,11281026,WETH-USDT,0.05%,0x11b815efb8f581194ae79006d24e0d814b7697f6
2026-05-11,11253877,WETH-USDT,0.05%,0x11b815efb8f581194ae79006d24e0d814b7697f6
2026-05-12,11384072,WETH-USDT,0.05%,0x11b815efb8f581194ae79006d24e0d814b7697f6
2026-05-13,11079650,WETH-USDT,0.05%,0x11b815efb8f581194ae79006d24e0d814b7697f6
2026-05-14,11181175,WETH-USDT,0.05%,0x11b815efb8f581194ae79006d24e0d814b7697f6
2026-05-15,11006961,WETH-USDT,0.05%,0x11b815efb8f581194ae79006d24e0d814b7697f6
2026-05-16,10783736,WETH-USDT,0.05%,0x11b815efb8f581194ae79006d24e0d814b7697f6
2026-05-17,11878423,WETH-USDT,0.05%,0x11b815efb8f581194ae79006d24e0d814b7697f6
2026-05-18,11764260,WETH-USDT,0.05%,0x11b815efb8f581194ae79006d24e0d814b7697f6
2026-05-19,11609699,WETH-USDT,0.05%,0x11b815efb8f581194ae79006d24e0d814b7697f6
2026-05-20,12101320,WETH-USDT,0.05%,0x11b815efb8f581194ae79006d24e0d814b7697f6
2026-05-21,12329903,WETH-USDT,0.05%,0x11b815efb8f581194ae79006d24e0d814b7697f6
2026-05-22,12344436,WETH-USDT,0.05%,0x11b815efb8f581194ae79006d24e0d814b7697f6
2026-05-23,11845383,WETH-USDT,0.05%,0x11b815efb8f581194ae79006d24e0d814b7697f6
2026-05-24,11753536,WETH-USDT,0.05%,0x11b815efb8f581194ae79006d24e0d814b7697f6
2026-05-25,11742980,WETH-USDT,0.05%,0x11b815efb8f581194ae79006d24e0d814b7697f6
2026-05-26,11674519,WETH-USDT,0.05%,0x11b815efb8f581194ae79006d24e0d814b7697f6
2026-05-27,11510903,WETH-USDT,0.05%,0x11b815efb8f581194ae79006d24e0d814b7697f6
2026-05-28,11602154,WETH-USDT,0.05%,0x11b815efb8f581194ae79006d24e0d814b7697f6
2026-05-29,11393207,WETH-USDT,0.05%,0x11b815efb8f581194ae79006d24e0d814b7697f6
2026-05-30,11427277,WETH-USDT,0.05%,0x11b815efb8f581194ae79006d24e0d814b7697f6
2026-05-31,11351330,WETH-USDT,0.05%,0x11b815efb8f581194ae79006d24e0d814b7697f6
2026-06-01,11304469,WETH-USDT,0.05%,0x11b815efb8f581194ae79006d24e0d814b7697f6
2026-06-02,10941453,WETH-USDT,0.05%,0x11b815efb8f581194ae79006d24e0d814b7697f6
2026-06-03,10537484,WETH-USDT,0.05%,0x11b815efb8f581194ae79006d24e0d814b7697f6
2026-06-04,6923762,WETH-USDT,0.05%,0x11b815efb8f581194ae79006d24e0d814b7697f6
2026-06-05,6041422,WETH-USDT,0.05%,0x11b815efb8f581194ae79006d24e0d814b7697f6
2026-06-06,9858191,WETH-USDT,0.05%,0x11b815efb8f581194ae79006d24e0d814b7697f6
2026-06-07,10287053,WETH-USDT,0.05%,0x11b815efb8f581194ae79006d24e0d814b7697f6
2026-06-08,10417031,WETH-USDT,0.05%,0x11b815efb8f581194ae79006d24e0d814b7697f6
2026-06-09,10239259,WETH-USDT,0.05%,0x11b815efb8f581194ae79006d24e0d814b7697f6
2026-06-10,9943730,WETH-USDT,0.05%,0x11b815efb8f581194ae79006d24e0d814b7697f6
2026-06-11,10183338,WETH-USDT,0.05%,0x11b815efb8f581194ae79006d24e0d814b7697f6
2026-06-12,10115022,WETH-USDT,0.05%,0x11b815efb8f581194ae79006d24e0d814b7697f6
2026-06-13,10183104,WETH-USDT,0.05%,0x11b815efb8f581194ae79006d24e0d814b7697f6
2026-06-14,10311602,WETH-USDT,0.05%,0x11b815efb8f581194ae79006d24e0d814b7697f6
2026-06-15,12739359,WETH-USDT,0.05%,0x11b815efb8f581194ae79006d24e0d814b7697f6
2026-06-16,12985298,WETH-USDT,0.05%,0x11b815efb8f581194ae79006d24e0d814b7697f6
2026-06-17,12714563,WETH-USDT,0.05%,0x11b815efb8f581194ae79006d24e0d814b7697f6
2026-06-18,12377158,WETH-USDT,0.05%,0x11b815efb8f581194ae79006d24e0d814b7697f6
2026-06-19,12392469,WETH-USDT,0.05%,0x11b815efb8f581194ae79006d24e0d814b7697f6
2026-06-20,12654920,WETH-USDT,0.05%,0x11b815efb8f581194ae79006d24e0d814b7697f6
2026-06-21,12571746,WETH-USDT,0.05%,0x11b815efb8f581194ae79006d24e0d814b7697f6
2026-06-22,12567519,WETH-USDT,0.05%,0x11b815efb8f581194ae79006d24e0d814b7697f6
2026-06-23,12566602,WETH-USDT,0.05%,0x11b815efb8f581194ae79006d24e0d814b7697f6
2026-06-24,12317996,WETH-USDT,0.05%,0x11b815efb8f581194ae79006d24e0d814b7697f6
2026-06-25,12089109,WETH-USDT,0.05%,0x11b815efb8f581194ae79006d24e0d814b7697f6
2026-06-26,12102437,WETH-USDT,0.05%,0x11b815efb8f581194ae79006d24e0d814b7697f6
2026-06-27,12012810,WETH-USDT,0.05%,0x11b815efb8f581194ae79006d24e0d814b7697f6
2026-06-28,11977577,WETH-USDT,0.05%,0x11b815efb8f581194ae79006d24e0d814b7697f6
2026-06-29,12284153,WETH-USDT,0.05%,0x11b815efb8f581194ae79006d24e0d814b7697f6
2026-06-30,11598372,WETH-USDT,0.05%,0x11b815efb8f581194ae79006d24e0d814b7697f6
2026-07-01,12864531,WETH-USDT,0.05%,0x11b815efb8f581194ae79006d24e0d814b7697f6
2026-07-02,13380171,WETH-USDT,0.05%,0x11b815efb8f581194ae79006d24e0d814b7697f6
2026-07-03,12610778,WETH-USDT,0.05%,0x11b815efb8f581194ae79006d24e0d814b7697f6
2026-07-04,12686431,WETH-USDT,0.05%,0x11b815efb8f581194ae79006d24e0d814b7697f6
2026-07-05,12739657,WETH-USDT,0.05%,0x11b815efb8f581194ae79006d24e0d814b7697f6
2026-07-06,12698430,WETH-USDT,0.05%,0x11b815efb8f581194ae79006d24e0d814b7697f6
2026-07-07,12491252,WETH-USDT,0.05%,0x11b815efb8f581194ae79006d24e0d814b7697f6
2026-07-08,12376472,WETH-USDT,0.05%,0x11b815efb8f581194ae79006d24e0d814b7697f6
2026-07-09,12409304,WETH-USDT,0.05%,0x11b815efb8f581194ae79006d24e0d814b7697f6
2026-07-10,12700042,WETH-USDT,0.05%,0x11b815efb8f581194ae79006d24e0d814b7697f6
2026-07-11,13375772,WETH-USDT,0.05%,0x11b815efb8f581194ae79006d24e0d814b7697f6
2026-07-12,13292889,WETH-USDT,0.05%,0x11b815efb8f581194ae79006d24e0d814b7697f6
2026-07-13,13120313,WETH-USDT,0.05%,0x11b815efb8f581194ae79006d24e0d814b7697f6
2026-07-14,13554993,WETH-USDT,0.05%,0x11b815efb8f581194ae79006d24e0d814b7697f6
2026-07-15,13390865,WETH-USDT,0.05%,0x11b815efb8f581194ae79006d24e0d814b7697f6
2026-07-16,13171366,WETH-USDT,0.05%,0x11b815efb8f581194ae79006d24e0d814b7697f6
2026-07-17,13150411,WETH-USDT,0.05%,0x11b815efb8f581194ae79006d24e0d814b7697f6
2026-07-18,13226843,WETH-USDT,0.05%,0x11b815efb8f581194ae79006d24e0d814b7697f6
2026-07-19,13229833,WETH-USDT,0.05%,0x11b815efb8f581194ae79006d24e0d814b7697f6
2026-07-20,13356761,WETH-USDT,0.05%,0x11b815efb8f581194ae79006d24e0d814b7697f6
2026-07-21,13465185,WETH-USDT,0.05%,0x11b815efb8f581194ae79006d24e0d814b7697f6
2026-07-22,13760515,WETH-USDT,0.05%,0x11b815efb8f581194ae79006d24e0d814b7697f6
2026-07-23,13595387,WETH-USDT,0.05%,0x11b815efb8f581194ae79006d24e0d814b7697f6
2026-07-24,13431529,WETH-USDT,0.05%,0x11b815efb8f581194ae79006d24e0d814b7697f6
2026-07-25,13475019,WETH-USDT,0.05%,0x11b815efb8f581194ae79006d24e0d814b7697f6
2026-07-26,13624573,WETH-USDT,0.05%,0x11b815efb8f581194ae79006d24e0d814b7697f6
2026-07-27,13555251,WETH-USDT,0.05%,0x11b815efb8f581194ae79006d24e0d814b7697f6
2026-07-28,13376455,WETH-USDT,0.05%,0x11b815efb8f581194ae79006d24e0d814b7697f6
2026-07-29,13365353,WETH-USDT,0.05%,0x11b815efb8f581194ae79006d24e0d814b7697f6
2026-07-30,14247897,WETH-USDT,0.05%,0x11b815efb8f581194ae79006d24e0d814b7697f6
2026-07-31,13972705,WETH-USDT,0.05%,0x11b815efb8f581194ae79006d24e0d814b7697f6
2026-08-01,13513860,WETH-USDT,0.05%,0x11b815efb8f581194ae79006d24e0d814b7697f6
2026-08-02,13663090,WETH-USDT,0.05%,0x11b815efb8f581194ae79006d24e0d814b7697f6
2026-08-03,17508168,WETH-USDT,0.05%,0x11b815efb8f581194ae79006d24e0d814b7697f6
2026-08-04,17615748,WETH-USDT,0.05%,0x11b815efb8f581194ae79006d24e0d814b7697f6
2026-08-05,12950456,WETH-USDT,0.05%,0x11b815efb8f581194ae79006d24e0d814b7697f6
2026-08-06,12946384,WETH-USDT,0.05%,0x11b815efb8f581194ae79006d24e0d814b7697f6
2026-08-07,8999702,WETH-USDT,0.05%,0x11b815efb8f581194ae79006d24e0d814b7697f6
2026-08-08,8857937,WETH-USDT,0.05%,0x11b815efb8f581194ae79006d24e0d814b7697f6
2026-08-09,8854126,WETH-USDT,0.05%,0x11b815efb8f581194ae79006d24e0d814b7697f6
2026-08-10,8652324,WETH-USDT,0.05%,0x11b815efb8f581194ae79006d24e0d814b7697f6
2026-08-11,8528977,WETH-USDT,0.05%,0x11b815efb8f581194ae79006d24e0d814b7697f6
2026-08-12,8552480,WETH-USDT,0.05%,0x11b815efb8f581194ae79006d24e0d814b7697f6
2026-08-13,12593852,WETH-USDT,0.05%,0x11b815efb8f581194ae79006d24e0d814b7697f6
2026-08-14,12609723,WETH-USDT,0.05%,0x11b815efb8f581194ae79006d24e0d814b7697f6
2026-08-15,12627707,WETH-USDT,0.05%,0x11b815efb8f581194ae79006d24e0d814b7697f6
2026-08-16,12604120,WETH-USDT,0.05%,0x11b815efb8f581194ae79006d24e0d814b7697f6
2026-08-17,8690105,WETH-USDT,0.05%,0x11b815efb8f581194ae79006d24e0d814b7697f6
2026-08-18,12647360,WETH-USDT,0.05%,0x11b815efb8f581194ae79006d24e0d814b7697f6
2026-08-19,8042518,WETH-USDT,0.05%,0x11b815efb8f581194ae79006d24e0d814b7697f6
2026-08-20,8162990,WETH-USDT,0.05%,0x11b815efb8f581194ae79006d24e0d814b7697f6
2026-08-21,8440505,WETH-USDT,0.05%,0x11b815efb8f581194ae79006d24e0d814b7697f6
2026-08-22,8289865,WETH-USDT,0.05%,0x11b815efb8f581194ae79006d24e0d814b7697f6
2026-08-23,8374107,WETH-USDT,0.05%,0x11b815efb8f581194ae79006d24e0d814b7697f6
2026-08-24,8503064,WETH-USDT,0.05%,0x11b815efb8f581194ae79006d24e0d814b7697f6
2026-08-25,9095278,WETH-USDT,0.05%,0x11b815efb8f581194ae79006d24e0d814b7697f6
2026-08-26,9129322,WETH-USDT,0.05%,0x11b815efb8f581194ae79006d24e0d814b7697f6
2026-08-27,9188899,WETH-USDT,0.05%,0x11b815efb8f581194ae79006d24e0d814b7697f6
2026-08-28,9058927,WETH-USDT,0.05%,0x11b815efb8f581194ae79006d24e0d814b7697f6
2026-08-29,9089745,WETH-USDT,0.05%,0x11b815efb8f581194ae79006d24e0d814b7697f6
2026-08-30,9126028,WETH-USDT,0.05%,0x11b815efb8f581194ae79006d24e0d814b7697f6
2026-08-31,8437109,WETH-USDT,0.05%,0x11b815efb8f581194ae79006d24e0d814b7697f6
2026-09-01,8293994,WETH-USDT,0.05%,0x11b815efb8f581194ae79006d24e0d814b7697f6
2026-09-02,8225564,WETH-USDT,0.05%,0x11b815efb8f581194ae79006d24e0d814b7697f6
2026-09-03,8532446,WETH-USDT,0.05%,0x11b815efb8f581194ae79006d24e0d814b7697f6
2026-09-04,8420670,WETH-USDT,0.05%,0x11b815efb8f581194ae79006d24e0d814b7697f6
2026-09-05,8426560,WETH-USDT,0.05%,0x11b815efb8f581194ae79006d24e0d814b7697f6
2026-09-06,8482665,WETH-USDT,0.05%,0x11b815efb8f581194ae79006d24e0d814b7697f6
2026-09-07,8440788,WETH-USDT,0.05%,0x11b815efb8f581194ae79006d24e0d814b7697f6
2026-09-08,8388511,WETH-USDT,0.05%,0x11b815efb8f581194ae79006d24e0d814b7697f6
2026-09-09,8231540,WETH-USDT,0.05%,0x11b815efb8f581194ae79006d24e0d814b7697f6
2026-09-10,8112995,WETH-USDT,0.05%,0x11b815efb8f581194ae79006d24e0d814b7697f6
2026-09-11,8240913,WETH-USDT,0.05%,0x11b815efb8f581194ae79006d24e0d814b7697f6
2026-09-12,8543364,WETH-USDT,0.05%,0x11b815efb8f581194ae79006d24e0d814b7697f6
2026-09-13,8347670,WETH-USDT,0.05%,0x11b815efb8f581194ae79006d24e0d814b7697f6
2026-09-14,8278212,WETH-USDT,0.05%,0x11b815efb8f581194ae79006d24e0d814b7697f6
2026-09-15,8040037,WETH-USDT,0.05%,0x11b815efb8f581194ae79006d24e0d814b7697f6
2026-09-16,8037390,WETH-USDT,0.05%,0x11b815efb8f581194ae79006d24e0d814b7697f6
2023-11-11,871412,WETH-USDT,0.01%,0xc7bbec68d12a0d1830360f8ec58fa599ba1b0e9b
2023-11-12,874841,WETH-USDT,0.01%,0xc7bbec68d12a0d1830360f8ec58fa599ba1b0e9b
2023-11-13,877839,WETH-USDT,0.01%,0xc7bbec68d12a0d1830360f8ec58fa599ba1b0e9b
2023-11-14,864769,WETH-USDT,0.01%,0xc7bbec68d12a0d1830360f8ec58fa599ba1b0e9b
2023-11-15,881144,WETH-USDT,0.01%,0xc7bbec68d12a0d1830360f8ec58fa599ba1b0e9b
2023-11-16,2345969,WETH-USDT,0.01%,0xc7bbec68d12a0d1830360f8ec58fa599ba1b0e9b
2023-11-17,2341450,WETH-USDT,0.01%,0xc7bbec68d12a0d1830360f8ec58fa599ba1b0e9b
2023-11-18,2354063,WETH-USDT,0.01%,0xc7bbec68d12a0d1830360f8ec58fa599ba1b0e9b
2023-11-19,4006283,WETH-USDT,0.01%,0xc7bbec68d12a0d1830360f8ec58fa599ba1b0e9b
2023-11-20,4069193,WETH-USDT,0.01%,0xc7bbec68d12a0d1830360f8ec58fa599ba1b0e9b
2023-11-21,4014186,WETH-USDT,0.01%,0xc7bbec68d12a0d1830360f8ec58fa599ba1b0e9b
2023-11-22,4174453,WETH-USDT,0.01%,0xc7bbec68d12a0d1830360f8ec58fa599ba1b0e9b
2023-11-23,4175421,WETH-USDT,0.01%,0xc7bbec68d12a0d1830360f8ec58fa599ba1b0e9b
2023-11-24,4194888,WETH-USDT,0.01%,0xc7bbec68d12a0d1830360f8ec58fa599ba1b0e9b
2023-11-25,4208231,WETH-USDT,0.01%,0xc7bbec68d12a0d1830360f8ec58fa599ba1b0e9b
2023-11-26,4206692,WETH-USDT,0.01%,0xc7bbec68d12a0d1830360f8ec58fa599ba1b0e9b
2023-11-27,4506227,WETH-USDT,0.01%,0xc7bbec68d12a0d1830360f8ec58fa599ba1b0e9b
2023-11-28,4972308,WETH-USDT,0.01%,0xc7bbec68d12a0d1830360f8ec58fa599ba1b0e9b
2023-11-29,4474247,WETH-USDT,0.01%,0xc7bbec68d12a0d1830360f8ec58fa599ba1b0e9b
2023-11-30,4773053,WETH-USDT,0.01%,0xc7bbec68d12a0d1830360f8ec58fa599ba1b0e9b
2023-12-01,4599107,WETH-USDT,0.01%,0xc7bbec68d12a0d1830360f8ec58fa599ba1b0e9b
2023-12-02,4549367,WETH-USDT,0.01%,0xc7bbec68d12a0d1830360f8ec58fa599ba1b0e9b
2023-12-03,4090498,WETH-USDT,0.01%,0xc7bbec68d12a0d1830360f8ec58fa599ba1b0e9b
2023-12-04,4019120,WETH-USDT,0.01%,0xc7bbec68d12a0d1830360f8ec58fa599ba1b0e9b
2023-12-05,4691135,WETH-USDT,0.01%,0xc7bbec68d12a0d1830360f8ec58fa599ba1b0e9b
2023-12-06,4671596,WETH-USDT,0.01%,0xc7bbec68d12a0d1830360f8ec58fa599ba1b0e9b
2023-12-07,7406128,WETH-USDT,0.01%,0xc7bbec68d12a0d1830360f8ec58fa599ba1b0e9b
2023-12-08,4329147,WETH-USDT,0.01%,0xc7bbec68d12a0d1830360f8ec58fa599ba1b0e9b
2023-12-09,3150163,WETH-USDT,0.01%,0xc7bbec68d12a0d1830360f8ec58fa599ba1b0e9b
2023-12-10,3162726,WETH-USDT,0.01%,0xc7bbec68d12a0d1830360f8ec58fa599ba1b0e9b
2023-12-11,3247781,WETH-USDT,0.01%,0xc7bbec68d12a0d1830360f8ec58fa599ba1b0e9b
2023-12-12,3389598,WETH-USDT,0.01%,0xc7bbec68d12a0d1830360f8ec58fa599ba1b0e9b
2023-12-13,3636373,WETH-USDT,0.01%,0xc7bbec68d12a0d1830360f8ec58fa599ba1b0e9b
2023-12-14,3672373,WETH-USDT,0.01%,0xc7bbec68d12a0d1830360f8ec58fa599ba1b0e9b
2023-12-15,3762785,WETH-USDT,0.01%,0xc7bbec68d12a0d1830360f8ec58fa599ba1b0e9b
2023-12-16,3766532,WETH-USDT,0.01%,0xc7bbec68d12a0d1830360f8ec58fa599ba1b0e9b
2023-12-17,5543432,WETH-USDT,0.01%,0xc7bbec68d12a0d1830360f8ec58fa599ba1b0e9b
2023-12-18,5726686,WETH-USDT,0.01%,0xc7bbec68d12a0d1830360f8ec58fa599ba1b0e9b
2023-12-19,5696366,WETH-USDT,0.01%,0xc7bbec68d12a0d1830360f8ec58fa599ba1b0e9b
2023-12-20,5703674,WETH-USDT,0.01%,0xc7bbec68d12a0d1830360f8ec58fa599ba1b0e9b
2023-12-21,5781503,WETH-USDT,0.01%,0xc7bbec68d12a0d1830360f8ec58fa599ba1b0e9b
2023-12-22,5724951,WETH-USDT,0.01%,0xc7bbec68d12a0d1830360f8ec58fa599ba1b0e9b
2023-12-23,5721078,WETH-USDT,0.01%,0xc7bbec68d12a0d1830360f8ec58fa599ba1b0e9b
2023-12-24,5707723,WETH-USDT,0.01%,0xc7bbec68d12a0d1830360f8ec58fa599ba1b0e9b
2023-12-25,5714596,WETH-USDT,0.01%,0xc7bbec68d12a0d1830360f8ec58fa599ba1b0e9b
2023-12-26,6272583,WETH-USDT,0.01%,0xc7bbec68d12a0d1830360f8ec58fa599ba1b0e9b
2023-12-27,6410851,WETH-USDT,0.01%,0xc7bbec68d12a0d1830360f8ec58fa599ba1b0e9b
2023-12-28,6031591,WETH-USDT,0.01%,0xc7bbec68d12a0d1830360f8ec58fa599ba1b0e9b
2023-12-29,5970927,WETH-USDT,0.01%,0xc7bbec68d12a0d1830360f8ec58fa599ba1b0e9b
2023-12-30,5986892,WETH-USDT,0.01%,0xc7bbec68d12a0d1830360f8ec58fa599ba1b0e9b
2023-12-31,5977459,WETH-USDT,0.01%,0xc7bbec68d12a0d1830360f8ec58fa599ba1b0e9b
2024-01-01,6258941,WETH-USDT,0.01%,0xc7bbec68d12a0d1830360f8ec58fa599ba1b0e9b
2024-01-02,6133229,WETH-USDT,0.01%,0xc7bbec68d12a0d1830360f8ec58fa599ba1b0e9b
2024-01-03,6300513,WETH-USDT,0.01%,0xc7bbec68d12a0d1830360f8ec58fa599ba1b0e9b
2024-01-04,6403434,WETH-USDT,0.01%,0xc7bbec68d12a0d1830360f8ec58fa599ba1b0e9b
2024-01-05,7689221,WETH-USDT,0.01%,0xc7bbec68d12a0d1830360f8ec58fa599ba1b0e9b
2024-01-06,7441711,WETH-USDT,0.01%,0xc7bbec68d12a0d1830360f8ec58fa599ba1b0e9b
2024-01-07,7416220,WETH-USDT,0.01%,0xc7bbec68d12a0d1830360f8ec58fa599ba1b0e9b
2024-01-08,7579975,WETH-USDT,0.01%,0xc7bbec68d12a0d1830360f8ec58fa599ba1b0e9b
2024-01-09,7126525,WETH-USDT,0.01%,0xc7bbec68d12a0d1830360f8ec58fa599ba1b0e9b
2024-01-10,7189051,WETH-USDT,0.01%,0xc7bbec68d12a0d1830360f8ec58fa599ba1b0e9b
2024-01-11,1952773,WETH-USDT,0.01%,0xc7bbec68d12a0d1830360f8ec58fa599ba1b0e9b
2024-01-12,2392756,WETH-USDT,0.01%,0xc7bbec68d12a0d1830360f8ec58fa599ba1b0e9b
2024-01-13,2652342,WETH-USDT,0.01%,0xc7bbec68d12a0d1830360f8ec58fa599ba1b0e9b
2024-01-14,2639034,WETH-USDT,0.01%,0xc7bbec68d12a0d1830360f8ec58fa599ba1b0e9b
2024-01-15,2832980,WETH-USDT,0.01%,0xc7bbec68d12a0d1830360f8ec58fa599ba1b0e9b
2024-01-16,2967616,WETH-USDT,0.01%,0xc7bbec68d12a0d1830360f8ec58fa599ba1b0e9b
2024-01-17,2947410,WETH-USDT,0.01%,0xc7bbec68d12a0d1830360f8ec58fa599ba1b0e9b
2024-01-18,2923443,WETH-USDT,0.01%,0xc7bbec68d12a0d1830360f8ec58fa599ba1b0e9b
2024-01-19,3443027,WETH-USDT,0.01%,0xc7bbec68d12a0d1830360f8ec58fa599ba1b0e9b
2024-01-20,3680921,WETH-USDT,0.01%,0xc7bbec68d12a0d1830360f8ec58fa599ba1b0e9b
2024-01-21,3250485,WETH-USDT,0.01%,0xc7bbec68d12a0d1830360f8ec58fa599ba1b0e9b
2024-01-22,4947679,WETH-USDT,0.01%,0xc7bbec68d12a0d1830360f8ec58fa599ba1b0e9b
2024-01-23,5415445,WETH-USDT,0.01%,0xc7bbec68d12a0d1830360f8ec58fa599ba1b0e9b
2024-01-24,5412114,WETH-USDT,0.01%,0xc7bbec68d12a0d1830360f8ec58fa599ba1b0e9b
2024-01-25,5416551,WETH-USDT,0.01%,0xc7bbec68d12a0d1830360f8ec58fa599ba1b0e9b
2024-01-26,5552389,WETH-USDT,0.01%,0xc7bbec68d12a0d1830360f8ec58fa599ba1b0e9b
2024-01-27,5661319,WETH-USDT,0.01%,0xc7bbec68d12a0d1830360f8ec58fa599ba1b0e9b
2024-01-28,6364279,WETH-USDT,0.01%,0xc7bbec68d12a0d1830360f8ec58fa599ba1b0e9b
2024-01-29,6395418,WETH-USDT,0.01%,0xc7bbec68d12a0d1830360f8ec58fa599ba1b0e9b
2024-01-30,6465149,WETH-USDT,0.01%,0xc7bbec68d12a0d1830360f8ec58fa599ba1b0e9b
2024-01-31,6402427,WETH-USDT,0.01%,0xc7bbec68d12a0d1830360f8ec58fa599ba1b0e9b
2024-02-01,6532905,WETH-USDT,0.01%,0xc7bbec68d12a0d1830360f8ec58fa599ba1b0e9b
2024-02-02,6326441,WETH-USDT,0.01%,0xc7bbec68d12a0d1830360f8ec58fa599ba1b0e9b
2024-02-03,6313518,WETH-USDT,0.01%,0xc7bbec68d12a0d1830360f8ec58fa599ba1b0e9b
2024-02-04,6749627,WETH-USDT,0.01%,0xc7bbec68d12a0d1830360f8ec58fa599ba1b0e9b
2024-02-05,6773985,WETH-USDT,0.01%,0xc7bbec68d12a0d1830360f8ec58fa599ba1b0e9b
2024-02-06,6884968,WETH-USDT,0.01%,0xc7bbec68d12a0d1830360f8ec58fa599ba1b0e9b
2024-02-07,6893671,WETH-USDT,0.01%,0xc7bbec68d12a0d1830360f8ec58fa599ba1b0e9b
2024-02-08,6889184,WETH-USDT,0.01%,0xc7bbec68d12a0d1830360f8ec58fa599ba1b0e9b
2024-02-09,6117321,WETH-USDT,0.01%,0xc7bbec68d12a0d1830360f8ec58fa599ba1b0e9b
2024-02-10,4984173,WETH-USDT,0.01%,0xc7bbec68d12a0d1830360f8ec58fa599ba1b0e9b
2024-02-11,5018334,WETH-USDT,0.01%,0xc7bbec68d12a0d1830360f8ec58fa599ba1b0e9b
2024-02-12,5168448,WETH-USDT,0.01%,0xc7bbec68d12a0d1830360f8ec58fa599ba1b0e9b
2024-02-13,4831387,WETH-USDT,0.01%,0xc7bbec68d12a0d1830360f8ec58fa599ba1b0e9b
2024-02-14,2818818,WETH-USDT,0.01%,0xc7bbec68d12a0d1830360f8ec58fa599ba1b0e9b
2024-02-15,2479982,WETH-USDT,0.01%,0xc7bbec68d12a0d1830360f8ec58fa599ba1b0e9b
2024-02-16,3173517,WETH-USDT,0.01%,0xc7bbec68d12a0d1830360f8ec58fa599ba1b0e9b
2024-02-17,3177820,WETH-USDT,0.01%,0xc7bbec68d12a0d1830360f8ec58fa599ba1b0e9b
2024-02-18,3658733,WETH-USDT,0.01%,0xc7bbec68d12a0d1830360f8ec58fa599ba1b0e9b
2024-02-19,4434059,WETH-USDT,0.01%,0xc7bbec68d12a0d1830360f8ec58fa599ba1b0e9b
2024-02-20,5376774,WETH-USDT,0.01%,0xc7bbec68d12a0d1830360f8ec58fa599ba1b0e9b
2024-02-21,5391316,WETH-USDT,0.01%,0xc7bbec68d12a0d1830360f8ec58fa599ba1b0e9b
2024-02-22,5438622,WETH-USDT,0.01%,0xc7bbec68d12a0d1830360f8ec58fa599ba1b0e9b
2024-02-23,5383866,WETH-USDT,0.01%,0xc7bbec68d12a0d1830360f8ec58fa599ba1b0e9b
2024-02-24,4437073,WETH-USDT,0.01%,0xc7bbec68d12a0d1830360f8ec58fa599ba1b0e9b
2024-02-25,4466826,WETH-USDT,0.01%,0xc7bbec68d12a0d1830360f8ec58fa599ba1b0e9b
2024-02-26,4576378,WETH-USDT,0.01%,0xc7bbec68d12a0d1830360f8ec58fa599ba1b0e9b
2024-02-27,3907811,WETH-USDT,0.01%,0xc7bbec68d12a0d1830360f8ec58fa599ba1b0e9b
2024-02-28,2604081,WETH-USDT,0.01%,0xc7bbec68d12a0d1830360f8ec58fa599ba1b0e9b
2024-02-29,2381761,WETH-USDT,0.01%,0xc7bbec68d12a0d1830360f8ec58fa599ba1b0e9b
2024-03-01,2572009,WETH-USDT,0.01%,0xc7bbec68d12a0d1830360f8ec58fa599ba1b0e9b
2024-03-02,1911380,WETH-USDT,0.01%,0xc7bbec68d12a0d1830360f8ec58fa599ba1b0e9b
2024-03-03,1731675,WETH-USDT,0.01%,0xc7bbec68d12a0d1830360f8ec58fa599ba1b0e9b
2024-03-04,1211606,WETH-USDT,0.01%,0xc7bbec68d12a0d1830360f8ec58fa599ba1b0e9b
2024-03-05,1064619,WETH-USDT,0.01%,0xc7bbec68d12a0d1830360f8ec58fa599ba1b0e9b
2024-03-06,1034963,WETH-USDT,0.01%,0xc7bbec68d12a0d1830360f8ec58fa599ba1b0e9b
2024-03-07,1037125,WETH-USDT,0.01%,0xc7bbec68d12a0d1830360f8ec58fa599ba1b0e9b
2024-03-08,1031444,WETH-USDT,0.01%,0xc7bbec68d12a0d1830360f8ec58fa599ba1b0e9b
2024-03-09,940149,WETH-USDT,0.01%,0xc7bbec68d12a0d1830360f8ec58fa599ba1b0e9b
2024-03-10,634355,WETH-USDT,0.01%,0xc7bbec68d12a0d1830360f8ec58fa599ba1b0e9b
2024-03-11,1144251,WETH-USDT,0.01%,0xc7bbec68d12a0d1830360f8ec58fa599ba1b0e9b
2024-03-12,1124783,WETH-USDT,0.01%,0xc7bbec68d12a0d1830360f8ec58fa599ba1b0e9b
2024-03-13,1126061,WETH-USDT,0.01%,0xc7bbec68d12a0d1830360f8ec58fa599ba1b0e9b
2024-03-14,683613,WETH-USDT,0.01%,0xc7bbec68d12a0d1830360f8ec58fa599ba1b0e9b
2024-03-15,663426,WETH-USDT,0.01%,0xc7bbec68d12a0d1830360f8ec58fa599ba1b0e9b
2024-03-16,180653,WETH-USDT,0.01%,0xc7bbec68d12a0d1830360f8ec58fa599ba1b0e9b
2024-03-17,174913,WETH-USDT,0.01%,0xc7bbec68d12a0d1830360f8ec58fa599ba1b0e9b
2024-03-18,319336,WETH-USDT,0.01%,0xc7bbec68d12a0d1830360f8ec58fa599ba1b0e9b
2024-03-19,163363,WETH-USDT,0.01%,0xc7bbec68d12a0d1830360f8ec58fa599ba1b0e9b
2024-03-20,161413,WETH-USDT,0.01%,0xc7bbec68d12a0d1830360f8ec58fa599ba1b0e9b
2024-03-22,165824,WETH-USDT,0.01%,0xc7bbec68d12a0d1830360f8ec58fa599ba1b0e9b
2024-03-23,168658,WETH-USDT,0.01%,0xc7bbec68d12a0d1830360f8ec58fa599ba1b0e9b
2024-03-24,123465,WETH-USDT,0.01%,0xc7bbec68d12a0d1830360f8ec58fa599ba1b0e9b
2024-03-25,1852411,WETH-USDT,0.01%,0xc7bbec68d12a0d1830360f8ec58fa599ba1b0e9b
2024-03-26,1855814,WETH-USDT,0.01%,0xc7bbec68d12a0d1830360f8ec58fa599ba1b0e9b
2024-03-27,2751852,WETH-USDT,0.01%,0xc7bbec68d12a0d1830360f8ec58fa599ba1b0e9b
2024-03-28,3288434,WETH-USDT,0.01%,0xc7bbec68d12a0d1830360f8ec58fa599ba1b0e9b
2024-03-29,3988589,WETH-USDT,0.01%,0xc7bbec68d12a0d1830360f8ec58fa599ba1b0e9b
2024-03-30,4341986,WETH-USDT,0.01%,0xc7bbec68d12a0d1830360f8ec58fa599ba1b0e9b
2024-03-31,3555610,WETH-USDT,0.01%,0xc7bbec68d12a0d1830360f8ec58fa599ba1b0e9b
2024-04-01,4054063,WETH-USDT,0.01%,0xc7bbec68d12a0d1830360f8ec58fa599ba1b0e9b
2024-04-02,3914241,WETH-USDT,0.01%,0xc7bbec68d12a0d1830360f8ec58fa599ba1b0e9b
2024-04-03,4133800,WETH-USDT,0.01%,0xc7bbec68d12a0d1830360f8ec58fa599ba1b0e9b
2024-04-04,4283973,WETH-USDT,0.01%,0xc7bbec68d12a0d1830360f8ec58fa599ba1b0e9b
2024-04-05,4285553,WETH-USDT,0.01%,0xc7bbec68d12a0d1830360f8ec58fa599ba1b0e9b
2024-04-06,4349429,WETH-USDT,0.01%,0xc7bbec68d12a0d1830360f8ec58fa599ba1b0e9b
2024-04-07,4385481,WETH-USDT,0.01%,0xc7bbec68d12a0d1830360f8ec58fa599ba1b0e9b
2024-04-08,4397344,WETH-USDT,0.01%,0xc7bbec68d12a0d1830360f8ec58fa599ba1b0e9b
2024-04-09,4348245,WETH-USDT,0.01%,0xc7bbec68d12a0d1830360f8ec58fa599ba1b0e9b
2024-04-10,4391215,WETH-USDT,0.01%,0xc7bbec68d12a0d1830360f8ec58fa599ba1b0e9b
2024-04-11,4205204,WETH-USDT,0.01%,0xc7bbec68d12a0d1830360f8ec58fa599ba1b0e9b
2024-04-12,4147577,WETH-USDT,0.01%,0xc7bbec68d12a0d1830360f8ec58fa599ba1b0e9b
2024-04-13,4014341,WETH-USDT,0.01%,0xc7bbec68d12a0d1830360f8ec58fa599ba1b0e9b
2024-04-14,3907254,WETH-USDT,0.01%,0xc7bbec68d12a0d1830360f8ec58fa599ba1b0e9b
2024-04-15,3869535,WETH-USDT,0.01%,0xc7bbec68d12a0d1830360f8ec58fa599ba1b0e9b
2024-04-16,3853048,WETH-USDT,0.01%,0xc7bbec68d12a0d1830360f8ec58fa599ba1b0e9b
2024-04-17,3759462,WETH-USDT,0.01%,0xc7bbec68d12a0d1830360f8ec58fa599ba1b0e9b
2024-04-18,3830892,WETH-USDT,0.01%,0xc7bbec68d12a0d1830360f8ec58fa599ba1b0e9b
2024-04-19,3847203,WETH-USDT,0.01%,0xc7bbec68d12a0d1830360f8ec58fa599ba1b0e9b
2024-04-20,3929557,WETH-USDT,0.01%,0xc7bbec68d12a0d1830360f8ec58fa599ba1b0e9b
2024-04-21,3955021,WETH-USDT,0.01%,0xc7bbec68d12a0d1830360f8ec58fa599ba1b0e9b
2024-04-22,4019086,WETH-USDT,0.01%,0xc7bbec68d12a0d1830360f8ec58fa599ba1b0e9b
2024-04-23,4018157,WETH-USDT,0.01%,0xc7bbec68d12a0d1830360f8ec58fa599ba1b0e9b
2024-04-24,4234290,WETH-USDT,0.01%,0xc7bbec68d12a0d1830360f8ec58fa599ba1b0e9b
2024-04-25,3977641,WETH-USDT,0.01%,0xc7bbec68d12a0d1830360f8ec58fa599ba1b0e9b
2024-04-26,3936008,WETH-USDT,0.01%,0xc7bbec68d12a0d1830360f8ec58fa599ba1b0e9b
2024-04-29,3842004,WETH-USDT,0.01%,0xc7bbec68d12a0d1830360f8ec58fa599ba1b0e9b
2024-04-30,3373094,WETH-USDT,0.01%,0xc7bbec68d12a0d1830360f8ec58fa599ba1b0e9b
2024-05-01,1574602,WETH-USDT,0.01%,0xc7bbec68d12a0d1830360f8ec58fa599ba1b0e9b
2024-05-02,2268596,WETH-USDT,0.01%,0xc7bbec68d12a0d1830360f8ec58fa599ba1b0e9b
2024-05-03,2347612,WETH-USDT,0.01%,0xc7bbec68d12a0d1830360f8ec58fa599ba1b0e9b
2024-05-04,2372671,WETH-USDT,0.01%,0xc7bbec68d12a0d1830360f8ec58fa599ba1b0e9b
2024-05-05,2757938,WETH-USDT,0.01%,0xc7bbec68d12a0d1830360f8ec58fa599ba1b0e9b
2024-05-06,3220141,WETH-USDT,0.01%,0xc7bbec68d12a0d1830360f8ec58fa599ba1b0e9b
2024-05-07,3201671,WETH-USDT,0.01%,0xc7bbec68d12a0d1830360f8ec58fa599ba1b0e9b
2024-05-08,2841336,WETH-USDT,0.01%,0xc7bbec68d12a0d1830360f8ec58fa599ba1b0e9b
2024-05-09,2369749,WETH-USDT,0.01%,0xc7bbec68d12a0d1830360f8ec58fa599ba1b0e9b
2024-05-10,2465868,WETH-USDT,0.01%,0xc7bbec68d12a0d1830360f8ec58fa599ba1b0e9b
2024-05-11,1622075,WETH-USDT,0.01%,0xc7bbec68d12a0d1830360f8ec58fa599ba1b0e9b
2024-05-12,1633341,WETH-USDT,0.01%,0xc7bbec68d12a0d1830360f8ec58fa599ba1b0e9b
2024-05-13,1525137,WETH-USDT,0.01%,0xc7bbec68d12a0d1830360f8ec58fa599ba1b0e9b
2024-05-14,1502813,WETH-USDT,0.01%,0xc7bbec68d12a0d1830360f8ec58fa599ba1b0e9b
2024-05-15,1576920,WETH-USDT,0.01%,0xc7bbec68d12a0d1830360f8ec58fa599ba1b0e9b
2024-05-16,1556760,WETH-USDT,0.01%,0xc7bbec68d12a0d1830360f8ec58fa599ba1b0e9b
2024-05-17,1577490,WETH-USDT,0.01%,0xc7bbec68d12a0d1830360f8ec58fa599ba1b0e9b
2024-05-18,1599075,WETH-USDT,0.01%,0xc7bbec68d12a0d1830360f8ec58fa599ba1b0e9b
2024-05-19,1830494,WETH-USDT,0.01%,0xc7bbec68d12a0d1830360f8ec58fa599ba1b0e9b
2024-05-20,2969885,WETH-USDT,0.01%,0xc7bbec68d12a0d1830360f8ec58fa599ba1b0e9b
2024-05-21,2023844,WETH-USDT,0.01%,0xc7bbec68d12a0d1830360f8ec58fa599ba1b0e9b
2024-05-22,705056,WETH-USDT,0.01%,0xc7bbec68d12a0d1830360f8ec58fa599ba1b0e9b
2024-05-23,710487,WETH-USDT,0.01%,0xc7bbec68d12a0d1830360f8ec58fa599ba1b0e9b
2024-05-24,701102,WETH-USDT,0.01%,0xc7bbec68d12a0d1830360f8ec58fa599ba1b0e9b
2024-05-25,730946,WETH-USDT,0.01%,0xc7bbec68d12a0d1830360f8ec58fa599ba1b0e9b
2024-05-26,836986,WETH-USDT,0.01%,0xc7bbec68d12a0d1830360f8ec58fa599ba1b0e9b
2024-05-27,515443,WETH-USDT,0.01%,0xc7bbec68d12a0d1830360f8ec58fa599ba1b0e9b
2024-05-28,567721,WETH-USDT,0.01%,0xc7bbec68d12a0d1830360f8ec58fa599ba1b0e9b
2024-05-29,896023,WETH-USDT,0.01%,0xc7bbec68d12a0d1830360f8ec58fa599ba1b0e9b
2024-05-30,1195601,WETH-USDT,0.01%,0xc7bbec68d12a0d1830360f8ec58fa599ba1b0e9b
2024-05-31,1207631,WETH-USDT,0.01%,0xc7bbec68d12a0d1830360f8ec58fa599ba1b0e9b
2024-06-01,1313869,WETH-USDT,0.01%,0xc7bbec68d12a0d1830360f8ec58fa599ba1b0e9b
2024-06-02,1324943,WETH-USDT,0.01%,0xc7bbec68d12a0d1830360f8ec58fa599ba1b0e9b
2024-06-03,1364691,WETH-USDT,0.01%,0xc7bbec68d12a0d1830360f8ec58fa599ba1b0e9b
2024-06-04,1461882,WETH-USDT,0.01%,0xc7bbec68d12a0d1830360f8ec58fa599ba1b0e9b
2024-06-05,1506773,WETH-USDT,0.01%,0xc7bbec68d12a0d1830360f8ec58fa599ba1b0e9b
2024-06-06,1621274,WETH-USDT,0.01%,0xc7bbec68d12a0d1830360f8ec58fa599ba1b0e9b
2024-06-07,1595020,WETH-USDT,0.01%,0xc7bbec68d12a0d1830360f8ec58fa599ba1b0e9b
2024-06-08,1687788,WETH-USDT,0.01%,0xc7bbec68d12a0d1830360f8ec58fa599ba1b0e9b
2024-06-09,1731618,WETH-USDT,0.01%,0xc7bbec68d12a0d1830360f8ec58fa599ba1b0e9b
2024-06-10,1733543,WETH-USDT,0.01%,0xc7bbec68d12a0d1830360f8ec58fa599ba1b0e9b
2024-06-11,1338361,WETH-USDT,0.01%,0xc7bbec68d12a0d1830360f8ec58fa599ba1b0e9b
2024-06-12,1363006,WETH-USDT,0.01%,0xc7bbec68d12a0d1830360f8ec58fa599ba1b0e9b
2024-06-13,1338544,WETH-USDT,0.01%,0xc7bbec68d12a0d1830360f8ec58fa599ba1b0e9b
2024-06-14,1734040,WETH-USDT,0.01%,0xc7bbec68d12a0d1830360f8ec58fa599ba1b0e9b
2024-06-15,1773250,WETH-USDT,0.01%,0xc7bbec68d12a0d1830360f8ec58fa599ba1b0e9b
2024-06-16,1678555,WETH-USDT,0.01%,0xc7bbec68d12a0d1830360f8ec58fa599ba1b0e9b
2024-06-17,1722150,WETH-USDT,0.01%,0xc7bbec68d12a0d1830360f8ec58fa599ba1b0e9b
2024-06-18,1763278,WETH-USDT,0.01%,0xc7bbec68d12a0d1830360f8ec58fa599ba1b0e9b
2024-06-19,1872689,WETH-USDT,0.01%,0xc7bbec68d12a0d1830360f8ec58fa599ba1b0e9b
2024-06-20,1892606,WETH-USDT,0.01%,0xc7bbec68d12a0d1830360f8ec58fa599ba1b0e9b
2024-06-21,1830410,WETH-USDT,0.01%,0xc7bbec68d12a0d1830360f8ec58fa599ba1b0e9b
2024-06-22,1833804,WETH-USDT,0.01%,0xc7bbec68d12a0d1830360f8ec58fa599ba1b0e9b
2024-06-23,1954486,WETH-USDT,0.01%,0xc7bbec68d12a0d1830360f8ec58fa599ba1b0e9b
2024-06-24,1542571,WETH-USDT,0.01%,0xc7bbec68d12a0d1830360f8ec58fa599ba1b0e9b
2024-06-25,1798446,WETH-USDT,0.01%,0xc7bbec68d12a0d1830360f8ec58fa599ba1b0e9b
2024-06-26,1790592,WETH-USDT,0.01%,0xc7bbec68d12a0d1830360f8ec58fa599ba1b0e9b
2024-06-27,1670581,WETH-USDT,0.01%,0xc7bbec68d12a0d1830360f8ec58fa599ba1b0e9b
2024-06-28,1417972,WETH-USDT,0.01%,0xc7bbec68d12a0d1830360f8ec58fa599ba1b0e9b
2024-06-29,1419883,WETH-USDT,0.01%,0xc7bbec68d12a0d1830360f8ec58fa599ba1b0e9b
2024-06-30,1445206,WETH-USDT,0.01%,0xc7bbec68d12a0d1830360f8ec58fa599ba1b0e9b
2024-07-01,1835097,WETH-USDT,0.01%,0xc7bbec68d12a0d1830360f8ec58fa599ba1b0e9b
2024-07-02,4461910,WETH-USDT,0.01%,0xc7bbec68d12a0d1830360f8ec58fa599ba1b0e9b
2024-07-03,4384251,WETH-USDT,0.01%,0xc7bbec68d12a0d1830360f8ec58fa599ba1b0e9b
2024-07-04,4117067,WETH-USDT,0.01%,0xc7bbec68d12a0d1830360f8ec58fa599ba1b0e9b
2024-07-05,3479116,WETH-USDT,0.01%,0xc7bbec68d12a0d1830360f8ec58fa599ba1b0e9b
2024-07-06,3807944,WETH-USDT,0.01%,0xc7bbec68d12a0d1830360f8ec58fa599ba1b0e9b
2024-07-07,4240287,WETH-USDT,0.01%,0xc7bbec68d12a0d1830360f8ec58fa599ba1b0e9b
2024-07-08,3517880,WETH-USDT,0.01%,0xc7bbec68d12a0d1830360f8ec58fa599ba1b0e9b
2024-07-09,3601145,WETH-USDT,0.01%,0xc7bbec68d12a0d1830360f8ec58fa599ba1b0e9b
2024-07-10,4664643,WETH-USDT,0.01%,0xc7bbec68d12a0d1830360f8ec58fa599ba1b0e9b
2024-07-11,4663467,WETH-USDT,0.01%,0xc7bbec68d12a0d1830360f8ec58fa599ba1b0e9b
2024-07-12,4844575,WETH-USDT,0.01%,0xc7bbec68d12a0d1830360f8ec58fa599ba1b0e9b
2024-07-13,5369103,WETH-USDT,0.01%,0xc7bbec68d12a0d1830360f8ec58fa599ba1b0e9b
2024-07-14,5199315,WETH-USDT,0.01%,0xc7bbec68d12a0d1830360f8ec58fa599ba1b0e9b
2024-07-15,5576736,WETH-USDT,0.01%,0xc7bbec68d12a0d1830360f8ec58fa599ba1b0e9b
2024-07-16,5810203,WETH-USDT,0.01%,0xc7bbec68d12a0d1830360f8ec58fa599ba1b0e9b
2024-07-17,5725414,WETH-USDT,0.01%,0xc7bbec68d12a0d1830360f8ec58fa599ba1b0e9b
2024-07-18,5785040,WETH-USDT,0.01%,0xc7bbec68d12a0d1830360f8ec58fa599ba1b0e9b
2024-07-19,6003270,WETH-USDT,0.01%,0xc7bbec68d12a0d1830360f8ec58fa599ba1b0e9b
2024-07-20,6411014,WETH-USDT,0.01%,0xc7bbec68d12a0d1830360f8ec58fa599ba1b0e9b
2024-07-21,6609213,WETH-USDT,0.01%,0xc7bbec68d12a0d1830360f8ec58fa599ba1b0e9b
2024-07-22,6454481,WETH-USDT,0.01%,0xc7bbec68d12a0d1830360f8ec58fa599ba1b0e9b
2024-07-23,6467762,WETH-USDT,0.01%,0xc7bbec68d12a0d1830360f8ec58fa599ba1b0e9b
2024-07-24,6089519,WETH-USDT,0.01%,0xc7bbec68d12a0d1830360f8ec58fa599ba1b0e9b
2024-07-25,6233796,WETH-USDT,0.01%,0xc7bbec68d12a0d1830360f8ec58fa599ba1b0e9b
2024-07-26,6981785,WETH-USDT,0.01%,0xc7bbec68d12a0d1830360f8ec58fa599ba1b0e9b
2024-07-27,7171785,WETH-USDT,0.01%,0xc7bbec68d12a0d1830360f8ec58fa599ba1b0e9b
2024-07-28,7640081,WETH-USDT,0.01%,0xc7bbec68d12a0d1830360f8ec58fa599ba1b0e9b
2024-07-29,8052194,WETH-USDT,0.01%,0xc7bbec68d12a0d1830360f8ec58fa599ba1b0e9b
2024-07-30,7725881,WETH-USDT,0.01%,0xc7bbec68d12a0d1830360f8ec58fa599ba1b0e9b
2024-07-31,7933435,WETH-USDT,0.01%,0xc7bbec68d12a0d1830360f8ec58fa599ba1b0e9b
2024-08-01,7188563,WETH-USDT,0.01%,0xc7bbec68d12a0d1830360f8ec58fa599ba1b0e9b
2024-08-02,7041318,WETH-USDT,0.01%,0xc7bbec68d12a0d1830360f8ec58fa599ba1b0e9b
2024-08-03,5876100,WETH-USDT,0.01%,0xc7bbec68d12a0d1830360f8ec58fa599ba1b0e9b
2024-08-04,5569903,WETH-USDT,0.01%,0xc7bbec68d12a0d1830360f8ec58fa599ba1b0e9b
2024-08-05,3679004,WETH-USDT,0.01%,0xc7bbec68d12a0d1830360f8ec58fa599ba1b0e9b
2024-08-06,3869276,WETH-USDT,0.01%,0xc7bbec68d12a0d1830360f8ec58fa599ba1b0e9b
2024-08-07,3919612,WETH-USDT,0.01%,0xc7bbec68d12a0d1830360f8ec58fa599ba1b0e9b
2024-08-08,4180929,WETH-USDT,0.01%,0xc7bbec68d12a0d1830360f8ec58fa599ba1b0e9b
2024-08-09,6438345,WETH-USDT,0.01%,0xc7bbec68d12a0d1830360f8ec58fa599ba1b0e9b
2024-08-10,6507875,WETH-USDT,0.01%,0xc7bbec68d12a0d1830360f8ec58fa599ba1b0e9b
2024-08-11,6378559,WETH-USDT,0.01%,0xc7bbec68d12a0d1830360f8ec58fa599ba1b0e9b
2024-08-12,6905353,WETH-USDT,0.01%,0xc7bbec68d12a0d1830360f8ec58fa599ba1b0e9b
2024-08-13,7245297,WETH-USDT,0.01%,0xc7bbec68d12a0d1830360f8ec58fa599ba1b0e9b
2024-08-14,7136104,WETH-USDT,0.01%,0xc7bbec68d12a0d1830360f8ec58fa599ba1b0e9b
2024-08-15,6985304,WETH-USDT,0.01%,0xc7bbec68d12a0d1830360f8ec58fa599ba1b0e9b
2024-08-16,7123890,WETH-USDT,0.01%,0xc7bbec68d12a0d1830360f8ec58fa599ba1b0e9b
2024-08-17,7126449,WETH-USDT,0.01%,0xc7bbec68d12a0d1830360f8ec58fa599ba1b0e9b
2024-08-18,7146846,WETH-USDT,0.01%,0xc7bbec68d12a0d1830360f8ec58fa599ba1b0e9b
2024-08-19,7224989,WETH-USDT,0.01%,0xc7bbec68d12a0d1830360f8ec58fa599ba1b0e9b
2024-08-20,7220215,WETH-USDT,0.01%,0xc7bbec68d12a0d1830360f8ec58fa599ba1b0e9b
2024-08-21,7684515,WETH-USDT,0.01%,0xc7bbec68d12a0d1830360f8ec58fa599ba1b0e9b
2024-08-22,7738834,WETH-USDT,0.01%,0xc7bbec68d12a0d1830360f8ec58fa599ba1b0e9b
2024-08-23,7687552,WETH-USDT,0.01%,0xc7bbec68d12a0d1830360f8ec58fa599ba1b0e9b
2024-08-24,9247427,WETH-USDT,0.01%,0xc7bbec68d12a0d1830360f8ec58fa599ba1b0e9b
2024-08-25,9507972,WETH-USDT,0.01%,0xc7bbec68d12a0d1830360f8ec58fa599ba1b0e9b
2024-08-26,9100247,WETH-USDT,0.01%,0xc7bbec68d12a0d1830360f8ec58fa599ba1b0e9b
2024-08-27,8259700,WETH-USDT,0.01%,0xc7bbec68d12a0d1830360f8ec58fa599ba1b0e9b
2024-08-28,8635087,WETH-USDT,0.01%,0xc7bbec68d12a0d1830360f8ec58fa599ba1b0e9b
2024-08-29,8433283,WETH-USDT,0.01%,0xc7bbec68d12a0d1830360f8ec58fa599ba1b0e9b
2024-08-30,8489406,WETH-USDT,0.01%,0xc7bbec68d12a0d1830360f8ec58fa599ba1b0e9b
2024-08-31,8917296,WETH-USDT,0.01%,0xc7bbec68d12a0d1830360f8ec58fa599ba1b0e9b
2024-09-01,8997652,WETH-USDT,0.01%,0xc7bbec68d12a0d1830360f8ec58fa599ba1b0e9b
2024-09-02,9610484,WETH-USDT,0.01%,0xc7bbec68d12a0d1830360f8ec58fa599ba1b0e9b
2024-09-03,9428083,WETH-USDT,0.01%,0xc7bbec68d12a0d1830360f8ec58fa599ba1b0e9b
2024-09-04,10165306,WETH-USDT,0.01%,0xc7bbec68d12a0d1830360f8ec58fa599ba1b0e9b
2024-09-05,9015114,WETH-USDT,0.01%,0xc7bbec68d12a0d1830360f8ec58fa599ba1b0e9b
2024-09-06,6420623,WETH-USDT,0.01%,0xc7bbec68d12a0d1830360f8ec58fa599ba1b0e9b
2024-09-07,6446440,WETH-USDT,0.01%,0xc7bbec68d12a0d1830360f8ec58fa599ba1b0e9b
2024-09-08,7719043,WETH-USDT,0.01%,0xc7bbec68d12a0d1830360f8ec58fa599ba1b0e9b
2024-09-09,7604679,WETH-USDT,0.01%,0xc7bbec68d12a0d1830360f8ec58fa599ba1b0e9b
2024-09-10,9223840,WETH-USDT,0.01%,0xc7bbec68d12a0d1830360f8ec58fa599ba1b0e9b
2024-09-11,10420202,WETH-USDT,0.01%,0xc7bbec68d12a0d1830360f8ec58fa599ba1b0e9b
2024-09-12,12173715,WETH-USDT,0.01%,0xc7bbec68d12a0d1830360f8ec58fa599ba1b0e9b
2024-09-13,12393533,WETH-USDT,0.01%,0xc7bbec68d12a0d1830360f8ec58fa599ba1b0e9b
2024-09-14,12282162,WETH-USDT,0.01%,0xc7bbec68d12a0d1830360f8ec58fa599ba1b0e9b
2024-09-15,11863576,WETH-USDT,0.01%,0xc7bbec68d12a0d1830360f8ec58fa599ba1b0e9b
2024-09-16,11782716,WETH-USDT,0.01%,0xc7bbec68d12a0d1830360f8ec58fa599ba1b0e9b
2024-09-17,10690357,WETH-USDT,0.01%,0xc7bbec68d12a0d1830360f8ec58fa599ba1b0e9b
2024-09-18,10950504,WETH-USDT,0.01%,0xc7bbec68d12a0d1830360f8ec58fa599ba1b0e9b
2024-09-19,11309246,WETH-USDT,0.01%,0xc7bbec68d12a0d1830360f8ec58fa599ba1b0e9b
2024-09-20,11361738,WETH-USDT,0.01%,0xc7bbec68d12a0d1830360f8ec58fa599ba1b0e9b
2024-09-21,11435334,WETH-USDT,0.01%,0xc7bbec68d12a0d1830360f8ec58fa599ba1b0e9b
2024-09-22,11371813,WETH-USDT,0.01%,0xc7bbec68d12a0d1830360f8ec58fa599ba1b0e9b
2024-09-23,11335639,WETH-USDT,0.01%,0xc7bbec68d12a0d1830360f8ec58fa599ba1b0e9b
2024-09-24,11335748,WETH-USDT,0.01%,0xc7bbec68d12a0d1830360f8ec58fa599ba1b0e9b
2024-09-25,11245483,WETH-USDT,0.01%,0xc7bbec68d12a0d1830360f8ec58fa599ba1b0e9b
2024-09-26,12031600,WETH-USDT,0.01%,0xc7bbec68d12a0d1830360f8ec58fa599ba1b0e9b
2024-09-27,12082283,WETH-USDT,0.01%,0xc7bbec68d12a0d1830360f8ec58fa599ba1b0e9b
2024-09-28,12196715,WETH-USDT,0.01%,0xc7bbec68d12a0d1830360f8ec58fa599ba1b0e9b
2024-09-29,10981877,WETH-USDT,0.01%,0xc7bbec68d12a0d1830360f8ec58fa599ba1b0e9b
2024-09-30,10774246,WETH-USDT,0.01%,0xc7bbec68d12a0d1830360f8ec58fa599ba1b0e9b
2024-10-01,10827457,WETH-USDT,0.01%,0xc7bbec68d12a0d1830360f8ec58fa599ba1b0e9b
2024-10-02,9917331,WETH-USDT,0.01%,0xc7bbec68d12a0d1830360f8ec58fa599ba1b0e9b
2024-10-03,10046179,WETH-USDT,0.01%,0xc7bbec68d12a0d1830360f8ec58fa599ba1b0e9b
2024-10-04,10474345,WETH-USDT,0.01%,0xc7bbec68d12a0d1830360f8ec58fa599ba1b0e9b
2024-10-05,10403188,WETH-USDT,0.01%,0xc7bbec68d12a0d1830360f8ec58fa599ba1b0e9b
2024-10-06,10813928,WETH-USDT,0.01%,0xc7bbec68d12a0d1830360f8ec58fa599ba1b0e9b
2024-10-07,10206787,WETH-USDT,0.01%,0xc7bbec68d12a0d1830360f8ec58fa599ba1b0e9b
2024-10-08,10657136,WETH-USDT,0.01%,0xc7bbec68d12a0d1830360f8ec58fa599ba1b0e9b
2024-10-09,10372086,WETH-USDT,0.01%,0xc7bbec68d12a0d1830360f8ec58fa599ba1b0e9b
2024-10-10,10372372,WETH-USDT,0.01%,0xc7bbec68d12a0d1830360f8ec58fa599ba1b0e9b
2024-10-11,10534229,WETH-USDT,0.01%,0xc7bbec68d12a0d1830360f8ec58fa599ba1b0e9b
2024-10-12,10988887,WETH-USDT,0.01%,0xc7bbec68d12a0d1830360f8ec58fa599ba1b0e9b
2024-10-13,8853872,WETH-USDT,0.01%,0xc7bbec68d12a0d1830360f8ec58fa599ba1b0e9b
2024-10-14,9259351,WETH-USDT,0.01%,0xc7bbec68d12a0d1830360f8ec58fa599ba1b0e9b
2024-10-15,9189979,WETH-USDT,0.01%,0xc7bbec68d12a0d1830360f8ec58fa599ba1b0e9b
2024-10-16,9514363,WETH-USDT,0.01%,0xc7bbec68d12a0d1830360f8ec58fa599ba1b0e9b
2024-10-17,9520668,WETH-USDT,0.01%,0xc7bbec68d12a0d1830360f8ec58fa599ba1b0e9b
2024-10-18,10208757,WETH-USDT,0.01%,0xc7bbec68d12a0d1830360f8ec58fa599ba1b0e9b
2024-10-19,10442785,WETH-USDT,0.01%,0xc7bbec68d12a0d1830360f8ec58fa599ba1b0e9b
2024-10-20,10113454,WETH-USDT,0.01%,0xc7bbec68d12a0d1830360f8ec58fa599ba1b0e9b
2024-10-21,10337468,WETH-USDT,0.01%,0xc7bbec68d12a0d1830360f8ec58fa599ba1b0e9b
2024-10-22,10193313,WETH-USDT,0.01%,0xc7bbec68d12a0d1830360f8ec58fa599ba1b0e9b
2024-10-23,9923525,WETH-USDT,0.01%,0xc7bbec68d12a0d1830360f8ec58fa599ba1b0e9b
2024-10-24,16045345,WETH-USDT,0.01%,0xc7bbec68d12a0d1830360f8ec58fa599ba1b0e9b
2024-10-25,15689835,WETH-USDT,0.01%,0xc7bbec68d12a0d1830360f8ec58fa599ba1b0e9b
2024-10-26,15740311,WETH-USDT,0.01%,0xc7bbec68d12a0d1830360f8ec58fa599ba1b0e9b
2024-10-27,9908422,WETH-USDT,0.01%,0xc7bbec68d12a0d1830360f8ec58fa599ba1b0e9b
2024-10-28,12980092,WETH-USDT,0.01%,0xc7bbec68d12a0d1830360f8ec58fa599ba1b0e9b
2024-10-29,12991442,WETH-USDT,0.01%,0xc7bbec68d12a0d1830360f8ec58fa599ba1b0e9b
2024-10-30,12447319,WETH-USDT,0.01%,0xc7bbec68d12a0d1830360f8ec58fa599ba1b0e9b
2024-10-31,12012642,WETH-USDT,0.01%,0xc7bbec68d12a0d1830360f8ec58fa599ba1b0e9b
2024-11-01,11935738,WETH-USDT,0.01%,0xc7bbec68d12a0d1830360f8ec58fa599ba1b0e9b
2024-11-02,11988349,WETH-USDT,0.01%,0xc7bbec68d12a0d1830360f8ec58fa599ba1b0e9b
2024-11-03,11826346,WETH-USDT,0.01%,0xc7bbec68d12a0d1830360f8ec58fa599ba1b0e9b
2024-11-04,11447099,WETH-USDT,0.01%,0xc7bbec68d12a0d1830360f8ec58fa599ba1b0e9b
2024-11-05,9637552,WETH-USDT,0.01%,0xc7bbec68d12a0d1830360f8ec58fa599ba1b0e9b
2024-11-06,10940540,WETH-USDT,0.01%,0xc7bbec68d12a0d1830360f8ec58fa599ba1b0e9b
2024-11-07,10061230,WETH-USDT,0.01%,0xc7bbec68d12a0d1830360f8ec58fa599ba1b0e9b
2024-11-08,10089815,WETH-USDT,0.01%,0xc7bbec68d12a0d1830360f8ec58fa599ba1b0e9b
2024-11-09,9881106,WETH-USDT,0.01%,0xc7bbec68d12a0d1830360f8ec58fa599ba1b0e9b
2024-11-10,8235887,WETH-USDT,0.01%,0xc7bbec68d12a0d1830360f8ec58fa599ba1b0e9b
2024-11-11,6288725,WETH-USDT,0.01%,0xc7bbec68d12a0d1830360f8ec58fa599ba1b0e9b
2024-11-12,4468107,WETH-USDT,0.01%,0xc7bbec68d12a0d1830360f8ec58fa599ba1b0e9b
2024-11-13,4309695,WETH-USDT,0.01%,0xc7bbec68d12a0d1830360f8ec58fa599ba1b0e9b
2024-11-14,4322698,WETH-USDT,0.01%,0xc7bbec68d12a0d1830360f8ec58fa599ba1b0e9b
2024-11-15,3743800,WETH-USDT,0.01%,0xc7bbec68d12a0d1830360f8ec58fa599ba1b0e9b
2024-11-16,5048360,WETH-USDT,0.01%,0xc7bbec68d12a0d1830360f8ec58fa599ba1b0e9b
2024-11-17,4727127,WETH-USDT,0.01%,0xc7bbec68d12a0d1830360f8ec58fa599ba1b0e9b
2024-11-18,5020225,WETH-USDT,0.01%,0xc7bbec68d12a0d1830360f8ec58fa599ba1b0e9b
2024-11-19,4496190,WETH-USDT,0.01%,0xc7bbec68d12a0d1830360f8ec58fa599ba1b0e9b
2024-11-20,4487487,WETH-USDT,0.01%,0xc7bbec68d12a0d1830360f8ec58fa599ba1b0e9b
2024-11-21,4613417,WETH-USDT,0.01%,0xc7bbec68d12a0d1830360f8ec58fa599ba1b0e9b
2024-11-22,4566568,WETH-USDT,0.01%,0xc7bbec68d12a0d1830360f8ec58fa599ba1b0e9b
2024-11-23,4552302,WETH-USDT,0.01%,0xc7bbec68d12a0d1830360f8ec58fa599ba1b0e9b
2024-11-24,5291053,WETH-USDT,0.01%,0xc7bbec68d12a0d1830360f8ec58fa599ba1b0e9b
2024-11-25,5322195,WETH-USDT,0.01%,0xc7bbec68d12a0d1830360f8ec58fa599ba1b0e9b
2024-11-26,6268285,WETH-USDT,0.01%,0xc7bbec68d12a0d1830360f8ec58fa599ba1b0e9b
2024-11-27,4232128,WETH-USDT,0.01%,0xc7bbec68d12a0d1830360f8ec58fa599ba1b0e9b
2024-11-28,6363411,WETH-USDT,0.01%,0xc7bbec68d12a0d1830360f8ec58fa599ba1b0e9b
2024-11-29,7155621,WETH-USDT,0.01%,0xc7bbec68d12a0d1830360f8ec58fa599ba1b0e9b
2024-11-30,7296329,WETH-USDT,0.01%,0xc7bbec68d12a0d1830360f8ec58fa599ba1b0e9b
2024-12-01,7154312,WETH-USDT,0.01%,0xc7bbec68d12a0d1830360f8ec58fa599ba1b0e9b
2024-12-02,7093471,WETH-USDT,0.01%,0xc7bbec68d12a0d1830360f8ec58fa599ba1b0e9b
2024-12-03,7327999,WETH-USDT,0.01%,0xc7bbec68d12a0d1830360f8ec58fa599ba1b0e9b
2024-12-04,6630740,WETH-USDT,0.01%,0xc7bbec68d12a0d1830360f8ec58fa599ba1b0e9b
2024-12-05,6498289,WETH-USDT,0.01%,0xc7bbec68d12a0d1830360f8ec58fa599ba1b0e9b
2024-12-06,11806850,WETH-USDT,0.01%,0xc7bbec68d12a0d1830360f8ec58fa599ba1b0e9b
2024-12-07,11891174,WETH-USDT,0.01%,0xc7bbec68d12a0d1830360f8ec58fa599ba1b0e9b
2024-12-08,11877675,WETH-USDT,0.01%,0xc7bbec68d12a0d1830360f8ec58fa599ba1b0e9b
2024-12-09,11672743,WETH-USDT,0.01%,0xc7bbec68d12a0d1830360f8ec58fa599ba1b0e9b
2024-12-10,7038708,WETH-USDT,0.01%,0xc7bbec68d12a0d1830360f8ec58fa599ba1b0e9b
2024-12-11,6958264,WETH-USDT,0.01%,0xc7bbec68d12a0d1830360f8ec58fa599ba1b0e9b
2024-12-12,7082877,WETH-USDT,0.01%,0xc7bbec68d12a0d1830360f8ec58fa599ba1b0e9b
2024-12-13,6946490,WETH-USDT,0.01%,0xc7bbec68d12a0d1830360f8ec58fa599ba1b0e9b
2024-12-14,7720816,WETH-USDT,0.01%,0xc7bbec68d12a0d1830360f8ec58fa599ba1b0e9b
2024-12-15,8231226,WETH-USDT,0.01%,0xc7bbec68d12a0d1830360f8ec58fa599ba1b0e9b
2024-12-16,10319735,WETH-USDT,0.01%,0xc7bbec68d12a0d1830360f8ec58fa599ba1b0e9b
2024-12-17,10145464,WETH-USDT,0.01%,0xc7bbec68d12a0d1830360f8ec58fa599ba1b0e9b
2024-12-18,9311597,WETH-USDT,0.01%,0xc7bbec68d12a0d1830360f8ec58fa599ba1b0e9b
2024-12-19,6246617,WETH-USDT,0.01%,0xc7bbec68d12a0d1830360f8ec58fa599ba1b0e9b
2024-12-20,3660831,WETH-USDT,0.01%,0xc7bbec68d12a0d1830360f8ec58fa599ba1b0e9b
2024-12-21,3597791,WETH-USDT,0.01%,0xc7bbec68d12a0d1830360f8ec58fa599ba1b0e9b
2024-12-22,3579113,WETH-USDT,0.01%,0xc7bbec68d12a0d1830360f8ec58fa599ba1b0e9b
2024-12-23,3691689,WETH-USDT,0.01%,0xc7bbec68d12a0d1830360f8ec58fa599ba1b0e9b
2024-12-24,5672612,WETH-USDT,0.01%,0xc7bbec68d12a0d1830360f8ec58fa599ba1b0e9b
2024-12-25,5421598,WETH-USDT,0.01%,0xc7bbec68d12a0d1830360f8ec58fa599ba1b0e9b
2024-12-26,5285365,WETH-USDT,0.01%,0xc7bbec68d12a0d1830360f8ec58fa599ba1b0e9b
2024-12-27,5237502,WETH-USDT,0.01%,0xc7bbec68d12a0d1830360f8ec58fa599ba1b0e9b
2024-12-28,5274962,WETH-USDT,0.01%,0xc7bbec68d12a0d1830360f8ec58fa599ba1b0e9b
2024-12-29,5125854,WETH-USDT,0.01%,0xc7bbec68d12a0d1830360f8ec58fa599ba1b0e9b
2024-12-30,5619854,WETH-USDT,0.01%,0xc7bbec68d12a0d1830360f8ec58fa599ba1b0e9b
2024-12-31,5894209,WETH-USDT,0.01%,0xc7bbec68d12a0d1830360f8ec58fa599ba1b0e9b
2025-01-01,6917427,WETH-USDT,0.01%,0xc7bbec68d12a0d1830360f8ec58fa599ba1b0e9b
2025-01-02,6968502,WETH-USDT,0.01%,0xc7bbec68d12a0d1830360f8ec58fa599ba1b0e9b
2025-01-03,7548739,WETH-USDT,0.01%,0xc7bbec68d12a0d1830360f8ec58fa599ba1b0e9b
2025-01-04,7916746,WETH-USDT,0.01%,0xc7bbec68d12a0d1830360f8ec58fa599ba1b0e9b
2025-01-05,8315592,WETH-USDT,0.01%,0xc7bbec68d12a0d1830360f8ec58fa599ba1b0e9b
2025-01-06,8913617,WETH-USDT,0.01%,0xc7bbec68d12a0d1830360f8ec58fa599ba1b0e9b
2025-01-07,8191379,WETH-USDT,0.01%,0xc7bbec68d12a0d1830360f8ec58fa599ba1b0e9b
2025-01-08,7556976,WETH-USDT,0.01%,0xc7bbec68d12a0d1830360f8ec58fa599ba1b0e9b
2025-01-09,4747077,WETH-USDT,0.01%,0xc7bbec68d12a0d1830360f8ec58fa599ba1b0e9b
2025-01-10,6449885,WETH-USDT,0.01%,0xc7bbec68d12a0d1830360f8ec58fa599ba1b0e9b
2025-01-11,6439422,WETH-USDT,0.01%,0xc7bbec68d12a0d1830360f8ec58fa599ba1b0e9b
2025-01-12,6413938,WETH-USDT,0.01%,0xc7bbec68d12a0d1830360f8ec58fa599ba1b0e9b
2025-01-13,5978536,WETH-USDT,0.01%,0xc7bbec68d12a0d1830360f8ec58fa599ba1b0e9b
2025-01-14,6149441,WETH-USDT,0.01%,0xc7bbec68d12a0d1830360f8ec58fa599ba1b0e9b
2025-01-15,6464749,WETH-USDT,0.01%,0xc7bbec68d12a0d1830360f8ec58fa599ba1b0e9b
2025-01-16,6337883,WETH-USDT,0.01%,0xc7bbec68d12a0d1830360f8ec58fa599ba1b0e9b
2025-01-17,6419258,WETH-USDT,0.01%,0xc7bbec68d12a0d1830360f8ec58fa599ba1b0e9b
2025-01-18,6230549,WETH-USDT,0.01%,0xc7bbec68d12a0d1830360f8ec58fa599ba1b0e9b
2025-01-19,6145603,WETH-USDT,0.01%,0xc7bbec68d12a0d1830360f8ec58fa599ba1b0e9b
2025-01-20,13010134,WETH-USDT,0.01%,0xc7bbec68d12a0d1830360f8ec58fa599ba1b0e9b
2025-01-21,6646385,WETH-USDT,0.01%,0xc7bbec68d12a0d1830360f8ec58fa599ba1b0e9b
2025-01-22,6532546,WETH-USDT,0.01%,0xc7bbec68d12a0d1830360f8ec58fa599ba1b0e9b
2025-01-23,6285686,WETH-USDT,0.01%,0xc7bbec68d12a0d1830360f8ec58fa599ba1b0e9b
2025-01-24,6492865,WETH-USDT,0.01%,0xc7bbec68d12a0d1830360f8ec58fa599ba1b0e9b
2025-01-25,6860490,WETH-USDT,0.01%,0xc7bbec68d12a0d1830360f8ec58fa599ba1b0e9b
2025-01-26,7464860,WETH-USDT,0.01%,0xc7bbec68d12a0d1830360f8ec58fa599ba1b0e9b
2025-01-27,6627159,WETH-USDT,0.01%,0xc7bbec68d12a0d1830360f8ec58fa599ba1b0e9b
2025-01-28,7219147,WETH-USDT,0.01%,0xc7bbec68d12a0d1830360f8ec58fa599ba1b0e9b
2025-01-29,7355804,WETH-USDT,0.01%,0xc7bbec68d12a0d1830360f8ec58fa599ba1b0e9b
2025-01-30,7023843,WETH-USDT,0.01%,0xc7bbec68d12a0d1830360f8ec58fa599ba1b0e9b
2025-01-31,7204300,WETH-USDT,0.01%,0xc7bbec68d12a0d1830360f8ec58fa599ba1b0e9b
2025-02-01,6255134,WETH-USDT,0.01%,0xc7bbec68d12a0d1830360f8ec58fa599ba1b0e9b
2025-02-02,6811806,WETH-USDT,0.01%,0xc7bbec68d12a0d1830360f8ec58fa599ba1b0e9b
2025-02-03,5709843,WETH-USDT,0.01%,0xc7bbec68d12a0d1830360f8ec58fa599ba1b0e9b
2025-02-04,5315416,WETH-USDT,0.01%,0xc7bbec68d12a0d1830360f8ec58fa599ba1b0e9b
2025-02-05,5346344,WETH-USDT,0.01%,0xc7bbec68d12a0d1830360f8ec58fa599ba1b0e9b
2025-02-06,5264169,WETH-USDT,0.01%,0xc7bbec68d12a0d1830360f8ec58fa599ba1b0e9b
2025-02-07,5153341,WETH-USDT,0.01%,0xc7bbec68d12a0d1830360f8ec58fa599ba1b0e9b
2025-02-08,5887160,WETH-USDT,0.01%,0xc7bbec68d12a0d1830360f8ec58fa599ba1b0e9b
2025-02-09,5875430,WETH-USDT,0.01%,0xc7bbec68d12a0d1830360f8ec58fa599ba1b0e9b
2025-02-10,5906547,WETH-USDT,0.01%,0xc7bbec68d12a0d1830360f8ec58fa599ba1b0e9b
2025-02-11,6072917,WETH-USDT,0.01%,0xc7bbec68d12a0d1830360f8ec58fa599ba1b0e9b
2025-02-12,6584608,WETH-USDT,0.01%,0xc7bbec68d12a0d1830360f8ec58fa599ba1b0e9b
2025-02-13,6770657,WETH-USDT,0.01%,0xc7bbec68d12a0d1830360f8ec58fa599ba1b0e9b
2025-02-14,6979585,WETH-USDT,0.01%,0xc7bbec68d12a0d1830360f8ec58fa599ba1b0e9b
2025-02-15,7012722,WETH-USDT,0.01%,0xc7bbec68d12a0d1830360f8ec58fa599ba1b0e9b
2025-02-16,6546188,WETH-USDT,0.01%,0xc7bbec68d12a0d1830360f8ec58fa599ba1b0e9b
2025-02-17,6856351,WETH-USDT,0.01%,0xc7bbec68d12a0d1830360f8ec58fa599ba1b0e9b
2025-02-18,6819098,WETH-USDT,0.01%,0xc7bbec68d12a0d1830360f8ec58fa599ba1b0e9b
2025-02-19,7617846,WETH-USDT,0.01%,0xc7bbec68d12a0d1830360f8ec58fa599ba1b0e9b
2025-02-20,7926075,WETH-USDT,0.01%,0xc7bbec68d12a0d1830360f8ec58fa599ba1b0e9b
2025-02-21,7895001,WETH-USDT,0.01%,0xc7bbec68d12a0d1830360f8ec58fa599ba1b0e9b
2025-02-22,8253916,WETH-USDT,0.01%,0xc7bbec68d12a0d1830360f8ec58fa599ba1b0e9b
2025-02-23,8317108,WETH-USDT,0.01%,0xc7bbec68d12a0d1830360f8ec58fa599ba1b0e9b
2025-02-24,8659469,WETH-USDT,0.01%,0xc7bbec68d12a0d1830360f8ec58fa599ba1b0e9b
2025-02-25,8552008,WETH-USDT,0.01%,0xc7bbec68d12a0d1830360f8ec58fa599ba1b0e9b
2025-02-26,8149370,WETH-USDT,0.01%,0xc7bbec68d12a0d1830360f8ec58fa599ba1b0e9b
2025-02-27,7685657,WETH-USDT,0.01%,0xc7bbec68d12a0d1830360f8ec58fa599ba1b0e9b
2025-02-28,6859705,WETH-USDT,0.01%,0xc7bbec68d12a0d1830360f8ec58fa599ba1b0e9b
2025-03-01,6849550,WETH-USDT,0.01%,0xc7bbec68d12a0d1830360f8ec58fa599ba1b0e9b
2025-03-02,6490017,WETH-USDT,0.01%,0xc7bbec68d12a0d1830360f8ec58fa599ba1b0e9b
2025-03-03,5954008,WETH-USDT,0.01%,0xc7bbec68d12a0d1830360f8ec58fa599ba1b0e9b
2025-03-04,5897060,WETH-USDT,0.01%,0xc7bbec68d12a0d1830360f8ec58fa599ba1b0e9b
2025-03-05,5908843,WETH-USDT,0.01%,0xc7bbec68d12a0d1830360f8ec58fa599ba1b0e9b
2025-03-06,5689886,WETH-USDT,0.01%,0xc7bbec68d12a0d1830360f8ec58fa599ba1b0e9b
2025-03-07,5410151,WETH-USDT,0.01%,0xc7bbec68d12a0d1830360f8ec58fa599ba1b0e9b
2025-03-08,5704088,WETH-USDT,0.01%,0xc7bbec68d12a0d1830360f8ec58fa599ba1b0e9b
2025-03-09,5451890,WETH-USDT,0.01%,0xc7bbec68d12a0d1830360f8ec58fa599ba1b0e9b
2025-03-10,5151742,WETH-USDT,0.01%,0xc7bbec68d12a0d1830360f8ec58fa599ba1b0e9b
2025-03-11,5278117,WETH-USDT,0.01%,0xc7bbec68d12a0d1830360f8ec58fa599ba1b0e9b
2025-03-12,5066572,WETH-USDT,0.01%,0xc7bbec68d12a0d1830360f8ec58fa599ba1b0e9b
2025-03-13,4945690,WETH-USDT,0.01%,0xc7bbec68d12a0d1830360f8ec58fa599ba1b0e9b
2025-03-14,5082755,WETH-USDT,0.01%,0xc7bbec68d12a0d1830360f8ec58fa599ba1b0e9b
2025-03-15,4924855,WETH-USDT,0.01%,0xc7bbec68d12a0d1830360f8ec58fa599ba1b0e9b
2025-03-16,4809752,WETH-USDT,0.01%,0xc7bbec68d12a0d1830360f8ec58fa599ba1b0e9b
2025-03-17,5025269,WETH-USDT,0.01%,0xc7bbec68d12a0d1830360f8ec58fa599ba1b0e9b
2025-03-18,4169086,WETH-USDT,0.01%,0xc7bbec68d12a0d1830360f8ec58fa599ba1b0e9b
2025-03-19,4583783,WETH-USDT,0.01%,0xc7bbec68d12a0d1830360f8ec58fa599ba1b0e9b
2025-03-20,4549354,WETH-USDT,0.01%,0xc7bbec68d12a0d1830360f8ec58fa599ba1b0e9b
2025-03-21,5282193,WETH-USDT,0.01%,0xc7bbec68d12a0d1830360f8ec58fa599ba1b0e9b
2025-03-22,5340140,WETH-USDT,0.01%,0xc7bbec68d12a0d1830360f8ec58fa599ba1b0e9b
2025-03-23,4718882,WETH-USDT,0.01%,0xc7bbec68d12a0d1830360f8ec58fa599ba1b0e9b
2025-03-24,5163674,WETH-USDT,0.01%,0xc7bbec68d12a0d1830360f8ec58fa599ba1b0e9b
2025-03-25,5097165,WETH-USDT,0.01%,0xc7bbec68d12a0d1830360f8ec58fa599ba1b0e9b
2025-03-26,5133264,WETH-USDT,0.01%,0xc7bbec68d12a0d1830360f8ec58fa599ba1b0e9b
2025-03-27,5270621,WETH-USDT,0.01%,0xc7bbec68d12a0d1830360f8ec58fa599ba1b0e9b
2025-03-28,5341853,WETH-USDT,0.01%,0xc7bbec68d12a0d1830360f8ec58fa599ba1b0e9b
2025-03-29,5385875,WETH-USDT,0.01%,0xc7bbec68d12a0d1830360f8ec58fa599ba1b0e9b
2025-03-30,5366060,WETH-USDT,0.01%,0xc7bbec68d12a0d1830360f8ec58fa599ba1b0e9b
2025-03-31,5450323,WETH-USDT,0.01%,0xc7bbec68d12a0d1830360f8ec58fa599ba1b0e9b
2025-04-01,5707301,WETH-USDT,0.01%,0xc7bbec68d12a0d1830360f8ec58fa599ba1b0e9b
2025-04-02,5588450,WETH-USDT,0.01%,0xc7bbec68d12a0d1830360f8ec58fa599ba1b0e9b
2025-04-03,5903152,WETH-USDT,0.01%,0xc7bbec68d12a0d1830360f8ec58fa599ba1b0e9b
2025-04-04,5852019,WETH-USDT,0.01%,0xc7bbec68d12a0d1830360f8ec58fa599ba1b0e9b
2025-04-05,5596355,WETH-USDT,0.01%,0xc7bbec68d12a0d1830360f8ec58fa599ba1b0e9b
2025-04-06,3525757,WETH-USDT,0.01%,0xc7bbec68d12a0d1830360f8ec58fa599ba1b0e9b
2025-04-07,2877834,WETH-USDT,0.01%,0xc7bbec68d12a0d1830360f8ec58fa599ba1b0e9b
2025-04-08,2820720,WETH-USDT,0.01%,0xc7bbec68d12a0d1830360f8ec58fa599ba1b0e9b
2025-04-09,3067090,WETH-USDT,0.01%,0xc7bbec68d12a0d1830360f8ec58fa599ba1b0e9b
2025-04-10,2867011,WETH-USDT,0.01%,0xc7bbec68d12a0d1830360f8ec58fa599ba1b0e9b
2025-04-11,2935385,WETH-USDT,0.01%,0xc7bbec68d12a0d1830360f8ec58fa599ba1b0e9b
2025-04-12,3048953,WETH-USDT,0.01%,0xc7bbec68d12a0d1830360f8ec58fa599ba1b0e9b
2025-04-13,3058903,WETH-USDT,0.01%,0xc7bbec68d12a0d1830360f8ec58fa599ba1b0e9b
2025-04-14,3060673,WETH-USDT,0.01%,0xc7bbec68d12a0d1830360f8ec58fa599ba1b0e9b
2025-04-15,2969802,WETH-USDT,0.01%,0xc7bbec68d12a0d1830360f8ec58fa599ba1b0e9b
2025-04-16,2797075,WETH-USDT,0.01%,0xc7bbec68d12a0d1830360f8ec58fa599ba1b0e9b
2025-04-17,2850182,WETH-USDT,0.01%,0xc7bbec68d12a0d1830360f8ec58fa599ba1b0e9b
2025-04-18,2887646,WETH-USDT,0.01%,0xc7bbec68d12a0d1830360f8ec58fa599ba1b0e9b
2025-04-19,3329837,WETH-USDT,0.01%,0xc7bbec68d12a0d1830360f8ec58fa599ba1b0e9b
2025-04-20,3324969,WETH-USDT,0.01%,0xc7bbec68d12a0d1830360f8ec58fa599ba1b0e9b
2025-04-21,3324563,WETH-USDT,0.01%,0xc7bbec68d12a0d1830360f8ec58fa599ba1b0e9b
2025-04-22,3535025,WETH-USDT,0.01%,0xc7bbec68d12a0d1830360f8ec58fa599ba1b0e9b
2025-04-23,3579398,WETH-USDT,0.01%,0xc7bbec68d12a0d1830360f8ec58fa599ba1b0e9b
2025-04-24,3788534,WETH-USDT,0.01%,0xc7bbec68d12a0d1830360f8ec58fa599ba1b0e9b
2025-04-25,3752894,WETH-USDT,0.01%,0xc7bbec68d12a0d1830360f8ec58fa599ba1b0e9b
2025-04-26,3857607,WETH-USDT,0.01%,0xc7bbec68d12a0d1830360f8ec58fa599ba1b0e9b
2025-04-27,3985902,WETH-USDT,0.01%,0xc7bbec68d12a0d1830360f8ec58fa599ba1b0e9b
2025-04-28,4107213,WETH-USDT,0.01%,0xc7bbec68d12a0d1830360f8ec58fa599ba1b0e9b
2025-04-29,4197661,WETH-USDT,0.01%,0xc7bbec68d12a0d1830360f8ec58fa599ba1b0e9b
2025-04-30,4239574,WETH-USDT,0.01%,0xc7bbec68d12a0d1830360f8ec58fa599ba1b0e9b
2025-05-01,4310782,WETH-USDT,0.01%,0xc7bbec68d12a0d1830360f8ec58fa599ba1b0e9b
2025-05-02,4890444,WETH-USDT,0.01%,0xc7bbec68d12a0d1830360f8ec58fa599ba1b0e9b
2025-05-03,5152370,WETH-USDT,0.01%,0xc7bbec68d12a0d1830360f8ec58fa599ba1b0e9b
2025-05-04,5007423,WETH-USDT,0.01%,0xc7bbec68d12a0d1830360f8ec58fa599ba1b0e9b
2025-05-05,4799573,WETH-USDT,0.01%,0xc7bbec68d12a0d1830360f8ec58fa599ba1b0e9b
2025-05-06,4699905,WETH-USDT,0.01%,0xc7bbec68d12a0d1830360f8ec58fa599ba1b0e9b
2025-05-07,4619255,WETH-USDT,0.01%,0xc7bbec68d12a0d1830360f8ec58fa599ba1b0e9b
2025-05-08,4889816,WETH-USDT,0.01%,0xc7bbec68d12a0d1830360f8ec58fa599ba1b0e9b
2025-05-09,4098658,WETH-USDT,0.01%,0xc7bbec68d12a0d1830360f8ec58fa599ba1b0e9b
2025-05-10,3482757,WETH-USDT,0.01%,0xc7bbec68d12a0d1830360f8ec58fa599ba1b0e9b
2025-05-11,4050719,WETH-USDT,0.01%,0xc7bbec68d12a0d1830360f8ec58fa599ba1b0e9b
2025-05-12,4011843,WETH-USDT,0.01%,0xc7bbec68d12a0d1830360f8ec58fa599ba1b0e9b
2025-05-13,3640692,WETH-USDT,0.01%,0xc7bbec68d12a0d1830360f8ec58fa599ba1b0e9b
2025-05-14,3519416,WETH-USDT,0.01%,0xc7bbec68d12a0d1830360f8ec58fa599ba1b0e9b
2025-05-15,3793755,WETH-USDT,0.01%,0xc7bbec68d12a0d1830360f8ec58fa599ba1b0e9b
2025-05-16,4085834,WETH-USDT,0.01%,0xc7bbec68d12a0d1830360f8ec58fa599ba1b0e9b
2025-05-17,3985868,WETH-USDT,0.01%,0xc7bbec68d12a0d1830360f8ec58fa599ba1b0e9b
2025-05-18,3937226,WETH-USDT,0.01%,0xc7bbec68d12a0d1830360f8ec58fa599ba1b0e9b
2025-05-19,3785666,WETH-USDT,0.01%,0xc7bbec68d12a0d1830360f8ec58fa599ba1b0e9b
2025-05-20,3784836,WETH-USDT,0.01%,0xc7bbec68d12a0d1830360f8ec58fa599ba1b0e9b
2025-05-21,3865159,WETH-USDT,0.01%,0xc7bbec68d12a0d1830360f8ec58fa599ba1b0e9b
2025-05-22,3850063,WETH-USDT,0.01%,0xc7bbec68d12a0d1830360f8ec58fa599ba1b0e9b
2025-05-23,3861586,WETH-USDT,0.01%,0xc7bbec68d12a0d1830360f8ec58fa599ba1b0e9b
2025-05-24,4541774,WETH-USDT,0.01%,0xc7bbec68d12a0d1830360f8ec58fa599ba1b0e9b
2025-05-25,4556184,WETH-USDT,0.01%,0xc7bbec68d12a0d1830360f8ec58fa599ba1b0e9b
2025-05-26,4579954,WETH-USDT,0.01%,0xc7bbec68d12a0d1830360f8ec58fa599ba1b0e9b
2025-05-27,4529268,WETH-USDT,0.01%,0xc7bbec68d12a0d1830360f8ec58fa599ba1b0e9b
2025-05-28,4530091,WETH-USDT,0.01%,0xc7bbec68d12a0d1830360f8ec58fa599ba1b0e9b
2025-05-29,4467317,WETH-USDT,0.01%,0xc7bbec68d12a0d1830360f8ec58fa599ba1b0e9b
2025-05-30,3799591,WETH-USDT,0.01%,0xc7bbec68d12a0d1830360f8ec58fa599ba1b0e9b
2025-05-31,3923150,WETH-USDT,0.01%,0xc7bbec68d12a0d1830360f8ec58fa599ba1b0e9b
2025-06-01,4042680,WETH-USDT,0.01%,0xc7bbec68d12a0d1830360f8ec58fa599ba1b0e9b
2025-06-02,4267046,WETH-USDT,0.01%,0xc7bbec68d12a0d1830360f8ec58fa599ba1b0e9b
2025-06-03,4979198,WETH-USDT,0.01%,0xc7bbec68d12a0d1830360f8ec58fa599ba1b0e9b
2025-06-04,4885669,WETH-USDT,0.01%,0xc7bbec68d12a0d1830360f8ec58fa599ba1b0e9b
2025-06-05,4934486,WETH-USDT,0.01%,0xc7bbec68d12a0d1830360f8ec58fa599ba1b0e9b
2025-06-06,4794567,WETH-USDT,0.01%,0xc7bbec68d12a0d1830360f8ec58fa599ba1b0e9b
2025-06-07,4670988,WETH-USDT,0.01%,0xc7bbec68d12a0d1830360f8ec58fa599ba1b0e9b
2025-06-08,4704576,WETH-USDT,0.01%,0xc7bbec68d12a0d1830360f8ec58fa599ba1b0e9b
2025-06-09,4839096,WETH-USDT,0.01%,0xc7bbec68d12a0d1830360f8ec58fa599ba1b0e9b
2025-06-10,5150598,WETH-USDT,0.01%,0xc7bbec68d12a0d1830360f8ec58fa599ba1b0e9b
2025-06-11,5124271,WETH-USDT,0.01%,0xc7bbec68d12a0d1830360f8ec58fa599ba1b0e9b
2025-06-12,4965958,WETH-USDT,0.01%,0xc7bbec68d12a0d1830360f8ec58fa599ba1b0e9b
2025-06-13,4964343,WETH-USDT,0.01%,0xc7bbec68d12a0d1830360f8ec58fa599ba1b0e9b
2025-06-14,4993481,WETH-USDT,0.01%,0xc7bbec68d12a0d1830360f8ec58fa599ba1b0e9b
2025-06-15,5272811,WETH-USDT,0.01%,0xc7bbec68d12a0d1830360f8ec58fa599ba1b0e9b
2025-06-16,5026753,WETH-USDT,0.01%,0xc7bbec68d12a0d1830360f8ec58fa599ba1b0e9b
2025-06-17,5121622,WETH-USDT,0.01%,0xc7bbec68d12a0d1830360f8ec58fa599ba1b0e9b
2025-06-18,5257250,WETH-USDT,0.01%,0xc7bbec68d12a0d1830360f8ec58fa599ba1b0e9b
2025-06-19,5285089,WETH-USDT,0.01%,0xc7bbec68d12a0d1830360f8ec58fa599ba1b0e9b
2025-06-20,5149709,WETH-USDT,0.01%,0xc7bbec68d12a0d1830360f8ec58fa599ba1b0e9b
2025-06-21,4878752,WETH-USDT,0.01%,0xc7bbec68d12a0d1830360f8ec58fa599ba1b0e9b
2025-06-22,4085021,WETH-USDT,0.01%,0xc7bbec68d12a0d1830360f8ec58fa599ba1b0e9b
2025-06-23,4962329,WETH-USDT,0.01%,0xc7bbec68d12a0d1830360f8ec58fa599ba1b0e9b
2025-06-24,5032433,WETH-USDT,0.01%,0xc7bbec68d12a0d1830360f8ec58fa599ba1b0e9b
2025-06-25,5455822,WETH-USDT,0.01%,0xc7bbec68d12a0d1830360f8ec58fa599ba1b0e9b
2025-06-26,5456143,WETH-USDT,0.01%,0xc7bbec68d12a0d1830360f8ec58fa599ba1b0e9b
2025-06-27,5476283,WETH-USDT,0.01%,0xc7bbec68d12a0d1830360f8ec58fa599ba1b0e9b
2025-06-28,5610752,WETH-USDT,0.01%,0xc7bbec68d12a0d1830360f8ec58fa599ba1b0e9b
2025-06-29,5639227,WETH-USDT,0.01%,0xc7bbec68d12a0d1830360f8ec58fa599ba1b0e9b
2025-06-30,5739506,WETH-USDT,0.01%,0xc7bbec68d12a0d1830360f8ec58fa599ba1b0e9b
2025-07-01,5841207,WETH-USDT,0.01%,0xc7bbec68d12a0d1830360f8ec58fa599ba1b0e9b
2025-07-02,6445928,WETH-USDT,0.01%,0xc7bbec68d12a0d1830360f8ec58fa599ba1b0e9b
2025-07-03,6431218,WETH-USDT,0.01%,0xc7bbec68d12a0d1830360f8ec58fa599ba1b0e9b
2025-07-04,6328672,WETH-USDT,0.01%,0xc7bbec68d12a0d1830360f8ec58fa599ba1b0e9b
2025-07-05,6854307,WETH-USDT,0.01%,0xc7bbec68d12a0d1830360f8ec58fa599ba1b0e9b
2025-07-06,7089385,WETH-USDT,0.01%,0xc7bbec68d12a0d1830360f8ec58fa599ba1b0e9b
2025-07-07,7673362,WETH-USDT,0.01%,0xc7bbec68d12a0d1830360f8ec58fa599ba1b0e9b
2025-07-08,7832648,WETH-USDT,0.01%,0xc7bbec68d12a0d1830360f8ec58fa599ba1b0e9b
2025-07-09,7450511,WETH-USDT,0.01%,0xc7bbec68d12a0d1830360f8ec58fa599ba1b0e9b
2025-07-10,7448279,WETH-USDT,0.01%,0xc7bbec68d12a0d1830360f8ec58fa599ba1b0e9b
2025-07-11,8440780,WETH-USDT,0.01%,0xc7bbec68d12a0d1830360f8ec58fa599ba1b0e9b
2025-07-12,8614718,WETH-USDT,0.01%,0xc7bbec68d12a0d1830360f8ec58fa599ba1b0e9b
2025-07-13,9577495,WETH-USDT,0.01%,0xc7bbec68d12a0d1830360f8ec58fa599ba1b0e9b
2025-07-14,9602796,WETH-USDT,0.01%,0xc7bbec68d12a0d1830360f8ec58fa599ba1b0e9b
2025-07-15,8717084,WETH-USDT,0.01%,0xc7bbec68d12a0d1830360f8ec58fa599ba1b0e9b
2025-07-16,8847263,WETH-USDT,0.01%,0xc7bbec68d12a0d1830360f8ec58fa599ba1b0e9b
2025-07-17,9666273,WETH-USDT,0.01%,0xc7bbec68d12a0d1830360f8ec58fa599ba1b0e9b
2025-07-18,6988298,WETH-USDT,0.01%,0xc7bbec68d12a0d1830360f8ec58fa599ba1b0e9b
2025-07-19,7092240,WETH-USDT,0.01%,0xc7bbec68d12a0d1830360f8ec58fa599ba1b0e9b
2025-07-20,7564516,WETH-USDT,0.01%,0xc7bbec68d12a0d1830360f8ec58fa599ba1b0e9b
2025-07-21,7939242,WETH-USDT,0.01%,0xc7bbec68d12a0d1830360f8ec58fa599ba1b0e9b
2025-07-22,7905347,WETH-USDT,0.01%,0xc7bbec68d12a0d1830360f8ec58fa599ba1b0e9b
2025-07-23,7561085,WETH-USDT,0.01%,0xc7bbec68d12a0d1830360f8ec58fa599ba1b0e9b
2025-07-24,8220417,WETH-USDT,0.01%,0xc7bbec68d12a0d1830360f8ec58fa599ba1b0e9b
2025-07-25,8541387,WETH-USDT,0.01%,0xc7bbec68d12a0d1830360f8ec58fa599ba1b0e9b
2025-07-26,8552883,WETH-USDT,0.01%,0xc7bbec68d12a0d1830360f8ec58fa599ba1b0e9b
2025-07-27,8699065,WETH-USDT,0.01%,0xc7bbec68d12a0d1830360f8ec58fa599ba1b0e9b
2025-07-28,9201077,WETH-USDT,0.01%,0xc7bbec68d12a0d1830360f8ec58fa599ba1b0e9b
2025-07-29,8990821,WETH-USDT,0.01%,0xc7bbec68d12a0d1830360f8ec58fa599ba1b0e9b
2025-07-30,8995456,WETH-USDT,0.01%,0xc7bbec68d12a0d1830360f8ec58fa599ba1b0e9b
2025-07-31,8760805,WETH-USDT,0.01%,0xc7bbec68d12a0d1830360f8ec58fa599ba1b0e9b
2025-08-01,7126236,WETH-USDT,0.01%,0xc7bbec68d12a0d1830360f8ec58fa599ba1b0e9b
2025-08-02,6858873,WETH-USDT,0.01%,0xc7bbec68d12a0d1830360f8ec58fa599ba1b0e9b
2025-08-03,7329214,WETH-USDT,0.01%,0xc7bbec68d12a0d1830360f8ec58fa599ba1b0e9b
2025-08-04,8374931,WETH-USDT,0.01%,0xc7bbec68d12a0d1830360f8ec58fa599ba1b0e9b
2025-08-05,8234834,WETH-USDT,0.01%,0xc7bbec68d12a0d1830360f8ec58fa599ba1b0e9b
2025-08-06,8258502,WETH-USDT,0.01%,0xc7bbec68d12a0d1830360f8ec58fa599ba1b0e9b
2025-08-07,7805496,WETH-USDT,0.01%,0xc7bbec68d12a0d1830360f8ec58fa599ba1b0e9b
2025-08-08,7687856,WETH-USDT,0.01%,0xc7bbec68d12a0d1830360f8ec58fa599ba1b0e9b
2025-08-09,7366454,WETH-USDT,0.01%,0xc7bbec68d12a0d1830360f8ec58fa599ba1b0e9b
2025-08-10,7864051,WETH-USDT,0.01%,0xc7bbec68d12a0d1830360f8ec58fa599ba1b0e9b
2025-08-11,8197985,WETH-USDT,0.01%,0xc7bbec68d12a0d1830360f8ec58fa599ba1b0e9b
2025-08-12,8289943,WETH-USDT,0.01%,0xc7bbec68d12a0d1830360f8ec58fa599ba1b0e9b
2025-08-13,8063070,WETH-USDT,0.01%,0xc7bbec68d12a0d1830360f8ec58fa599ba1b0e9b
2025-08-14,6868154,WETH-USDT,0.01%,0xc7bbec68d12a0d1830360f8ec58fa599ba1b0e9b
2025-08-15,7147583,WETH-USDT,0.01%,0xc7bbec68d12a0d1830360f8ec58fa599ba1b0e9b
2025-08-16,7422776,WETH-USDT,0.01%,0xc7bbec68d12a0d1830360f8ec58fa599ba1b0e9b
2025-08-17,7558948,WETH-USDT,0.01%,0xc7bbec68d12a0d1830360f8ec58fa599ba1b0e9b
2025-08-18,7211746,WETH-USDT,0.01%,0xc7bbec68d12a0d1830360f8ec58fa599ba1b0e9b
2025-08-19,7013476,WETH-USDT,0.01%,0xc7bbec68d12a0d1830360f8ec58fa599ba1b0e9b
2025-08-20,7600650,WETH-USDT,0.01%,0xc7bbec68d12a0d1830360f8ec58fa599ba1b0e9b
2025-08-21,7348938,WETH-USDT,0.01%,0xc7bbec68d12a0d1830360f8ec58fa599ba1b0e9b
2025-08-22,7178279,WETH-USDT,0.01%,0xc7bbec68d12a0d1830360f8ec58fa599ba1b0e9b
2025-08-23,7239952,WETH-USDT,0.01%,0xc7bbec68d12a0d1830360f8ec58fa599ba1b0e9b
2025-08-24,8196679,WETH-USDT,0.01%,0xc7bbec68d12a0d1830360f8ec58fa599ba1b0e9b
2025-08-25,7547126,WETH-USDT,0.01%,0xc7bbec68d12a0d1830360f8ec58fa599ba1b0e9b
2025-08-26,7509646,WETH-USDT,0.01%,0xc7bbec68d12a0d1830360f8ec58fa599ba1b0e9b
2025-08-27,7454911,WETH-USDT,0.01%,0xc7bbec68d12a0d1830360f8ec58fa599ba1b0e9b
2025-08-28,7407428,WETH-USDT,0.01%,0xc7bbec68d12a0d1830360f8ec58fa599ba1b0e9b
2025-08-29,7474777,WETH-USDT,0.01%,0xc7bbec68d12a0d1830360f8ec58fa599ba1b0e9b
2025-08-30,7779397,WETH-USDT,0.01%,0xc7bbec68d12a0d1830360f8ec58fa599ba1b0e9b
2025-08-31,7989828,WETH-USDT,0.01%,0xc7bbec68d12a0d1830360f8ec58fa599ba1b0e9b
2025-09-01,7994308,WETH-USDT,0.01%,0xc7bbec68d12a0d1830360f8ec58fa599ba1b0e9b
2025-09-02,7867780,WETH-USDT,0.01%,0xc7bbec68d12a0d1830360f8ec58fa599ba1b0e9b
2025-09-03,8235964,WETH-USDT,0.01%,0xc7bbec68d12a0d1830360f8ec58fa599ba1b0e9b
2025-09-04,8356874,WETH-USDT,0.01%,0xc7bbec68d12a0d1830360f8ec58fa599ba1b0e9b
2025-09-05,8212116,WETH-USDT,0.01%,0xc7bbec68d12a0d1830360f8ec58fa599ba1b0e9b
2025-09-06,11966528,WETH-USDT,0.01%,0xc7bbec68d12a0d1830360f8ec58fa599ba1b0e9b
2025-09-07,12019078,WETH-USDT,0.01%,0xc7bbec68d12a0d1830360f8ec58fa599ba1b0e9b
2025-09-08,8439250,WETH-USDT,0.01%,0xc7bbec68d12a0d1830360f8ec58fa599ba1b0e9b
2025-09-09,8699305,WETH-USDT,0.01%,0xc7bbec68d12a0d1830360f8ec58fa599ba1b0e9b
2025-09-10,8753344,WETH-USDT,0.01%,0xc7bbec68d12a0d1830360f8ec58fa599ba1b0e9b
2025-09-11,8810110,WETH-USDT,0.01%,0xc7bbec68d12a0d1830360f8ec58fa599ba1b0e9b
2025-09-12,8809934,WETH-USDT,0.01%,0xc7bbec68d12a0d1830360f8ec58fa599ba1b0e9b
2025-09-13,8639790,WETH-USDT,0.01%,0xc7bbec68d12a0d1830360f8ec58fa599ba1b0e9b
2025-09-14,9195804,WETH-USDT,0.01%,0xc7bbec68d12a0d1830360f8ec58fa599ba1b0e9b
2025-09-15,9226333,WETH-USDT,0.01%,0xc7bbec68d12a0d1830360f8ec58fa599ba1b0e9b
2025-09-16,9658198,WETH-USDT,0.01%,0xc7bbec68d12a0d1830360f8ec58fa599ba1b0e9b
2025-09-17,10344178,WETH-USDT,0.01%,0xc7bbec68d12a0d1830360f8ec58fa599ba1b0e9b
2025-09-18,10432560,WETH-USDT,0.01%,0xc7bbec68d12a0d1830360f8ec58fa599ba1b0e9b
2025-09-19,10604490,WETH-USDT,0.01%,0xc7bbec68d12a0d1830360f8ec58fa599ba1b0e9b
2025-09-20,11265160,WETH-USDT,0.01%,0xc7bbec68d12a0d1830360f8ec58fa599ba1b0e9b
2025-09-21,11290235,WETH-USDT,0.01%,0xc7bbec68d12a0d1830360f8ec58fa599ba1b0e9b
2025-09-22,9272358,WETH-USDT,0.01%,0xc7bbec68d12a0d1830360f8ec58fa599ba1b0e9b
2025-09-23,9413396,WETH-USDT,0.01%,0xc7bbec68d12a0d1830360f8ec58fa599ba1b0e9b
2025-09-24,9241061,WETH-USDT,0.01%,0xc7bbec68d12a0d1830360f8ec58fa599ba1b0e9b
2025-09-25,8660863,WETH-USDT,0.01%,0xc7bbec68d12a0d1830360f8ec58fa599ba1b0e9b
2025-09-26,8519305,WETH-USDT,0.01%,0xc7bbec68d12a0d1830360f8ec58fa599ba1b0e9b
2025-09-27,8738399,WETH-USDT,0.01%,0xc7bbec68d12a0d1830360f8ec58fa599ba1b0e9b
2025-09-28,8919687,WETH-USDT,0.01%,0xc7bbec68d12a0d1830360f8ec58fa599ba1b0e9b
2025-09-29,8757040,WETH-USDT,0.01%,0xc7bbec68d12a0d1830360f8ec58fa599ba1b0e9b
2025-09-30,9044277,WETH-USDT,0.01%,0xc7bbec68d12a0d1830360f8ec58fa599ba1b0e9b
2025-10-01,10098274,WETH-USDT,0.01%,0xc7bbec68d12a0d1830360f8ec58fa599ba1b0e9b
2025-10-02,10930259,WETH-USDT,0.01%,0xc7bbec68d12a0d1830360f8ec58fa599ba1b0e9b
2025-10-03,11138368,WETH-USDT,0.01%,0xc7bbec68d12a0d1830360f8ec58fa599ba1b0e9b
2025-10-04,11385422,WETH-USDT,0.01%,0xc7bbec68d12a0d1830360f8ec58fa599ba1b0e9b
2025-10-05,13663933,WETH-USDT,0.01%,0xc7bbec68d12a0d1830360f8ec58fa599ba1b0e9b
2025-10-06,13452336,WETH-USDT,0.01%,0xc7bbec68d12a0d1830360f8ec58fa599ba1b0e9b
2025-10-07,13113593,WETH-USDT,0.01%,0xc7bbec68d12a0d1830360f8ec58fa599ba1b0e9b
2025-10-08,13374822,WETH-USDT,0.01%,0xc7bbec68d12a0d1830360f8ec58fa599ba1b0e9b
2025-10-09,13100194,WETH-USDT,0.01%,0xc7bbec68d12a0d1830360f8ec58fa599ba1b0e9b
2025-10-10,12389394,WETH-USDT,0.01%,0xc7bbec68d12a0d1830360f8ec58fa599ba1b0e9b
2025-10-11,11727944,WETH-USDT,0.01%,0xc7bbec68d12a0d1830360f8ec58fa599ba1b0e9b
2025-10-12,12582209,WETH-USDT,0.01%,0xc7bbec68d12a0d1830360f8ec58fa599ba1b0e9b
2025-10-13,12515606,WETH-USDT,0.01%,0xc7bbec68d12a0d1830360f8ec58fa599ba1b0e9b
2025-10-14,12703193,WETH-USDT,0.01%,0xc7bbec68d12a0d1830360f8ec58fa599ba1b0e9b
2025-10-15,12301290,WETH-USDT,0.01%,0xc7bbec68d12a0d1830360f8ec58fa599ba1b0e9b
2025-10-16,12092266,WETH-USDT,0.01%,0xc7bbec68d12a0d1830360f8ec58fa599ba1b0e9b
2025-10-17,11962346,WETH-USDT,0.01%,0xc7bbec68d12a0d1830360f8ec58fa599ba1b0e9b
2025-10-18,12196244,WETH-USDT,0.01%,0xc7bbec68d12a0d1830360f8ec58fa599ba1b0e9b
2025-10-19,12423454,WETH-USDT,0.01%,0xc7bbec68d12a0d1830360f8ec58fa599ba1b0e9b
2025-10-20,12783054,WETH-USDT,0.01%,0xc7bbec68d12a0d1830360f8ec58fa599ba1b0e9b
2025-10-21,12848919,WETH-USDT,0.01%,0xc7bbec68d12a0d1830360f8ec58fa599ba1b0e9b
2025-10-22,11513476,WETH-USDT,0.01%,0xc7bbec68d12a0d1830360f8ec58fa599ba1b0e9b
2025-10-23,11867546,WETH-USDT,0.01%,0xc7bbec68d12a0d1830360f8ec58fa599ba1b0e9b
2025-10-24,12019729,WETH-USDT,0.01%,0xc7bbec68d12a0d1830360f8ec58fa599ba1b0e9b
2025-10-25,11997024,WETH-USDT,0.01%,0xc7bbec68d12a0d1830360f8ec58fa599ba1b0e9b
2025-10-26,12499152,WETH-USDT,0.01%,0xc7bbec68d12a0d1830360f8ec58fa599ba1b0e9b
2025-10-27,12622642,WETH-USDT,0.01%,0xc7bbec68d12a0d1830360f8ec58fa599ba1b0e9b
2025-10-28,12388846,WETH-USDT,0.01%,0xc7bbec68d12a0d1830360f8ec58fa599ba1b0e9b
2025-10-29,12578225,WETH-USDT,0.01%,0xc7bbec68d12a0d1830360f8ec58fa599ba1b0e9b
2025-10-30,12346091,WETH-USDT,0.01%,0xc7bbec68d12a0d1830360f8ec58fa599ba1b0e9b
2025-10-31,13022832,WETH-USDT,0.01%,0xc7bbec68d12a0d1830360f8ec58fa599ba1b0e9b
2025-11-01,13451723,WETH-USDT,0.01%,0xc7bbec68d12a0d1830360f8ec58fa599ba1b0e9b
2025-11-02,13245611,WETH-USDT,0.01%,0xc7bbec68d12a0d1830360f8ec58fa599ba1b0e9b
2025-11-03,11428933,WETH-USDT,0.01%,0xc7bbec68d12a0d1830360f8ec58fa599ba1b0e9b
2025-11-04,10166644,WETH-USDT,0.01%,0xc7bbec68d12a0d1830360f8ec58fa599ba1b0e9b
2025-11-05,10271135,WETH-USDT,0.01%,0xc7bbec68d12a0d1830360f8ec58fa599ba1b0e9b
2025-11-06,9923047,WETH-USDT,0.01%,0xc7bbec68d12a0d1830360f8ec58fa599ba1b0e9b
2025-11-07,10336524,WETH-USDT,0.01%,0xc7bbec68d12a0d1830360f8ec58fa599ba1b0e9b
2025-11-08,10243312,WETH-USDT,0.01%,0xc7bbec68d12a0d1830360f8ec58fa599ba1b0e9b
2025-11-09,10662692,WETH-USDT,0.01%,0xc7bbec68d12a0d1830360f8ec58fa599ba1b0e9b
2025-11-10,10559200,WETH-USDT,0.01%,0xc7bbec68d12a0d1830360f8ec58fa599ba1b0e9b
2025-11-11,10204181,WETH-USDT,0.01%,0xc7bbec68d12a0d1830360f8ec58fa599ba1b0e9b
2025-11-12,10136871,WETH-USDT,0.01%,0xc7bbec68d12a0d1830360f8ec58fa599ba1b0e9b
2025-11-13,8361145,WETH-USDT,0.01%,0xc7bbec68d12a0d1830360f8ec58fa599ba1b0e9b
2025-11-14,8270012,WETH-USDT,0.01%,0xc7bbec68d12a0d1830360f8ec58fa599ba1b0e9b
2025-11-15,8269404,WETH-USDT,0.01%,0xc7bbec68d12a0d1830360f8ec58fa599ba1b0e9b
2025-11-16,7883451,WETH-USDT,0.01%,0xc7bbec68d12a0d1830360f8ec58fa599ba1b0e9b
2025-11-17,7671954,WETH-USDT,0.01%,0xc7bbec68d12a0d1830360f8ec58fa599ba1b0e9b
2025-11-18,7814230,WETH-USDT,0.01%,0xc7bbec68d12a0d1830360f8ec58fa599ba1b0e9b
2025-11-19,7457633,WETH-USDT,0.01%,0xc7bbec68d12a0d1830360f8ec58fa599ba1b0e9b
2025-11-20,7498261,WETH-USDT,0.01%,0xc7bbec68d12a0d1830360f8ec58fa599ba1b0e9b
2025-11-21,5390576,WETH-USDT,0.01%,0xc7bbec68d12a0d1830360f8ec58fa599ba1b0e9b
2025-11-22,5476479,WETH-USDT,0.01%,0xc7bbec68d12a0d1830360f8ec58fa599ba1b0e9b
2025-11-23,5654328,WETH-USDT,0.01%,0xc7bbec68d12a0d1830360f8ec58fa599ba1b0e9b
2025-11-24,5726336,WETH-USDT,0.01%,0xc7bbec68d12a0d1830360f8ec58fa599ba1b0e9b
2025-11-25,6001618,WETH-USDT,0.01%,0xc7bbec68d12a0d1830360f8ec58fa599ba1b0e9b
2025-11-26,6186807,WETH-USDT,0.01%,0xc7bbec68d12a0d1830360f8ec58fa599ba1b0e9b
2025-11-27,6033858,WETH-USDT,0.01%,0xc7bbec68d12a0d1830360f8ec58fa599ba1b0e9b
2025-11-28,6528737,WETH-USDT,0.01%,0xc7bbec68d12a0d1830360f8ec58fa599ba1b0e9b
2025-11-29,6537848,WETH-USDT,0.01%,0xc7bbec68d12a0d1830360f8ec58fa599ba1b0e9b
2025-11-30,6902576,WETH-USDT,0.01%,0xc7bbec68d12a0d1830360f8ec58fa599ba1b0e9b
2025-12-01,6588737,WETH-USDT,0.01%,0xc7bbec68d12a0d1830360f8ec58fa599ba1b0e9b
2025-12-02,7049644,WETH-USDT,0.01%,0xc7bbec68d12a0d1830360f8ec58fa599ba1b0e9b
2025-12-03,7338193,WETH-USDT,0.01%,0xc7bbec68d12a0d1830360f8ec58fa599ba1b0e9b
2025-12-04,7196775,WETH-USDT,0.01%,0xc7bbec68d12a0d1830360f8ec58fa599ba1b0e9b
2025-12-05,7073112,WETH-USDT,0.01%,0xc7bbec68d12a0d1830360f8ec58fa599ba1b0e9b
2025-12-06,7091856,WETH-USDT,0.01%,0xc7bbec68d12a0d1830360f8ec58fa599ba1b0e9b
2025-12-07,6951886,WETH-USDT,0.01%,0xc7bbec68d12a0d1830360f8ec58fa599ba1b0e9b
2025-12-08,6972203,WETH-USDT,0.01%,0xc7bbec68d12a0d1830360f8ec58fa599ba1b0e9b
2025-12-09,7339900,WETH-USDT,0.01%,0xc7bbec68d12a0d1830360f8ec58fa599ba1b0e9b
2025-12-10,7393932,WETH-USDT,0.01%,0xc7bbec68d12a0d1830360f8ec58fa599ba1b0e9b
2025-12-11,7149289,WETH-USDT,0.01%,0xc7bbec68d12a0d1830360f8ec58fa599ba1b0e9b
2025-12-12,6955299,WETH-USDT,0.01%,0xc7bbec68d12a0d1830360f8ec58fa599ba1b0e9b
2025-12-13,7014243,WETH-USDT,0.01%,0xc7bbec68d12a0d1830360f8ec58fa599ba1b0e9b
2025-12-14,6869224,WETH-USDT,0.01%,0xc7bbec68d12a0d1830360f8ec58fa599ba1b0e9b
2025-12-15,6443324,WETH-USDT,0.01%,0xc7bbec68d12a0d1830360f8ec58fa599ba1b0e9b
2025-12-16,6636230,WETH-USDT,0.01%,0xc7bbec68d12a0d1830360f8ec58fa599ba1b0e9b
2025-12-17,7045999,WETH-USDT,0.01%,0xc7bbec68d12a0d1830360f8ec58fa599ba1b0e9b
2025-12-18,7640525,WETH-USDT,0.01%,0xc7bbec68d12a0d1830360f8ec58fa599ba1b0e9b
2025-12-19,8070515,WETH-USDT,0.01%,0xc7bbec68d12a0d1830360f8ec58fa599ba1b0e9b
2025-12-20,8131288,WETH-USDT,0.01%,0xc7bbec68d12a0d1830360f8ec58fa599ba1b0e9b
2025-12-21,7404879,WETH-USDT,0.01%,0xc7bbec68d12a0d1830360f8ec58fa599ba1b0e9b
2025-12-22,7377381,WETH-USDT,0.01%,0xc7bbec68d12a0d1830360f8ec58fa599ba1b0e9b
2025-12-23,7569154,WETH-USDT,0.01%,0xc7bbec68d12a0d1830360f8ec58fa599ba1b0e9b
2025-12-24,7465093,WETH-USDT,0.01%,0xc7bbec68d12a0d1830360f8ec58fa599ba1b0e9b
2025-12-25,7389685,WETH-USDT,0.01%,0xc7bbec68d12a0d1830360f8ec58fa599ba1b0e9b
2025-12-26,7209074,WETH-USDT,0.01%,0xc7bbec68d12a0d1830360f8ec58fa599ba1b0e9b
2025-12-27,7641368,WETH-USDT,0.01%,0xc7bbec68d12a0d1830360f8ec58fa599ba1b0e9b
2025-12-28,8553466,WETH-USDT,0.01%,0xc7bbec68d12a0d1830360f8ec58fa599ba1b0e9b
2025-12-29,7502988,WETH-USDT,0.01%,0xc7bbec68d12a0d1830360f8ec58fa599ba1b0e9b
2025-12-30,7574390,WETH-USDT,0.01%,0xc7bbec68d12a0d1830360f8ec58fa599ba1b0e9b
2025-12-31,7644645,WETH-USDT,0.01%,0xc7bbec68d12a0d1830360f8ec58fa599ba1b0e9b
2026-01-01,7805015,WETH-USDT,0.01%,0xc7bbec68d12a0d1830360f8ec58fa599ba1b0e9b
2026-01-02,8202368,WETH-USDT,0.01%,0xc7bbec68d12a0d1830360f8ec58fa599ba1b0e9b
2026-01-03,9001650,WETH-USDT,0.01%,0xc7bbec68d12a0d1830360f8ec58fa599ba1b0e9b
2026-01-04,9238791,WETH-USDT,0.01%,0xc7bbec68d12a0d1830360f8ec58fa599ba1b0e9b
2026-01-05,9288255,WETH-USDT,0.01%,0xc7bbec68d12a0d1830360f8ec58fa599ba1b0e9b
2026-01-06,8005858,WETH-USDT,0.01%,0xc7bbec68d12a0d1830360f8ec58fa599ba1b0e9b
2026-01-07,7828117,WETH-USDT,0.01%,0xc7bbec68d12a0d1830360f8ec58fa599ba1b0e9b
2026-01-08,8842862,WETH-USDT,0.01%,0xc7bbec68d12a0d1830360f8ec58fa599ba1b0e9b
2026-01-09,7411564,WETH-USDT,0.01%,0xc7bbec68d12a0d1830360f8ec58fa599ba1b0e9b
2026-01-10,8484640,WETH-USDT,0.01%,0xc7bbec68d12a0d1830360f8ec58fa599ba1b0e9b
2026-01-11,8555965,WETH-USDT,0.01%,0xc7bbec68d12a0d1830360f8ec58fa599ba1b0e9b
2026-01-12,8533773,WETH-USDT,0.01%,0xc7bbec68d12a0d1830360f8ec58fa599ba1b0e9b
2026-01-13,8878980,WETH-USDT,0.01%,0xc7bbec68d12a0d1830360f8ec58fa599ba1b0e9b
2026-01-14,7676581,WETH-USDT,0.01%,0xc7bbec68d12a0d1830360f8ec58fa599ba1b0e9b
2026-01-15,12339874,WETH-USDT,0.01%,0xc7bbec68d12a0d1830360f8ec58fa599ba1b0e9b
2026-01-16,12205674,WETH-USDT,0.01%,0xc7bbec68d12a0d1830360f8ec58fa599ba1b0e9b
2026-01-17,12181057,WETH-USDT,0.01%,0xc7bbec68d12a0d1830360f8ec58fa599ba1b0e9b
2026-01-18,11905772,WETH-USDT,0.01%,0xc7bbec68d12a0d1830360f8ec58fa599ba1b0e9b
2026-01-19,11615615,WETH-USDT,0.01%,0xc7bbec68d12a0d1830360f8ec58fa599ba1b0e9b
2026-01-20,11153662,WETH-USDT,0.01%,0xc7bbec68d12a0d1830360f8ec58fa599ba1b0e9b
2026-01-21,11497248,WETH-USDT,0.01%,0xc7bbec68d12a0d1830360f8ec58fa599ba1b0e9b
2026-01-22,11089513,WETH-USDT,0.01%,0xc7bbec68d12a0d1830360f8ec58fa599ba1b0e9b
2026-01-23,11103037,WETH-USDT,0.01%,0xc7bbec68d12a0d1830360f8ec58fa599ba1b0e9b
2026-01-24,11971783,WETH-USDT,0.01%,0xc7bbec68d12a0d1830360f8ec58fa599ba1b0e9b
2026-01-25,11772873,WETH-USDT,0.01%,0xc7bbec68d12a0d1830360f8ec58fa599ba1b0e9b
2026-01-26,12031133,WETH-USDT,0.01%,0xc7bbec68d12a0d1830360f8ec58fa599ba1b0e9b
2026-01-27,13693033,WETH-USDT,0.01%,0xc7bbec68d12a0d1830360f8ec58fa599ba1b0e9b
2026-01-28,13626096,WETH-USDT,0.01%,0xc7bbec68d12a0d1830360f8ec58fa599ba1b0e9b
2026-01-29,11677519,WETH-USDT,0.01%,0xc7bbec68d12a0d1830360f8ec58fa599ba1b0e9b
2026-01-30,11268873,WETH-USDT,0.01%,0xc7bbec68d12a0d1830360f8ec58fa599ba1b0e9b
2026-01-31,10561465,WETH-USDT,0.01%,0xc7bbec68d12a0d1830360f8ec58fa599ba1b0e9b
2026-02-01,10238689,WETH-USDT,0.01%,0xc7bbec68d12a0d1830360f8ec58fa599ba1b0e9b
2026-02-02,10468371,WETH-USDT,0.01%,0xc7bbec68d12a0d1830360f8ec58fa599ba1b0e9b
2026-02-03,10072407,WETH-USDT,0.01%,0xc7bbec68d12a0d1830360f8ec58fa599ba1b0e9b
2026-02-04,9649235,WETH-USDT,0.01%,0xc7bbec68d12a0d1830360f8ec58fa599ba1b0e9b
2026-02-05,4556769,WETH-USDT,0.01%,0xc7bbec68d12a0d1830360f8ec58fa599ba1b0e9b
2026-02-06,4828274,WETH-USDT,0.01%,0xc7bbec68d12a0d1830360f8ec58fa599ba1b0e9b
2026-02-07,4867965,WETH-USDT,0.01%,0xc7bbec68d12a0d1830360f8ec58fa599ba1b0e9b
2026-02-08,4883794,WETH-USDT,0.01%,0xc7bbec68d12a0d1830360f8ec58fa599ba1b0e9b
2026-02-09,4917574,WETH-USDT,0.01%,0xc7bbec68d12a0d1830360f8ec58fa599ba1b0e9b
2026-02-10,4712165,WETH-USDT,0.01%,0xc7bbec68d12a0d1830360f8ec58fa599ba1b0e9b
2026-02-11,4506977,WETH-USDT,0.01%,0xc7bbec68d12a0d1830360f8ec58fa599ba1b0e9b
2026-02-12,4998271,WETH-USDT,0.01%,0xc7bbec68d12a0d1830360f8ec58fa599ba1b0e9b
2026-02-13,5241142,WETH-USDT,0.01%,0xc7bbec68d12a0d1830360f8ec58fa599ba1b0e9b
2026-02-14,5342606,WETH-USDT,0.01%,0xc7bbec68d12a0d1830360f8ec58fa599ba1b0e9b
2026-02-15,5073650,WETH-USDT,0.01%,0xc7bbec68d12a0d1830360f8ec58fa599ba1b0e9b
2026-02-16,5137049,WETH-USDT,0.01%,0xc7bbec68d12a0d1830360f8ec58fa599ba1b0e9b
2026-02-17,5418328,WETH-USDT,0.01%,0xc7bbec68d12a0d1830360f8ec58fa599ba1b0e9b
2026-02-18,5333039,WETH-USDT,0.01%,0xc7bbec68d12a0d1830360f8ec58fa599ba1b0e9b
2026-02-19,5597915,WETH-USDT,0.01%,0xc7bbec68d12a0d1830360f8ec58fa599ba1b0e9b
2026-02-20,6310087,WETH-USDT,0.01%,0xc7bbec68d12a0d1830360f8ec58fa599ba1b0e9b
2026-02-21,6480719,WETH-USDT,0.01%,0xc7bbec68d12a0d1830360f8ec58fa599ba1b0e9b
2026-02-22,6734259,WETH-USDT,0.01%,0xc7bbec68d12a0d1830360f8ec58fa599ba1b0e9b
2026-02-23,7034072,WETH-USDT,0.01%,0xc7bbec68d12a0d1830360f8ec58fa599ba1b0e9b
2026-02-24,7195563,WETH-USDT,0.01%,0xc7bbec68d12a0d1830360f8ec58fa599ba1b0e9b
2026-02-25,7273865,WETH-USDT,0.01%,0xc7bbec68d12a0d1830360f8ec58fa599ba1b0e9b
2026-02-26,7264009,WETH-USDT,0.01%,0xc7bbec68d12a0d1830360f8ec58fa599ba1b0e9b
2026-02-27,6999334,WETH-USDT,0.01%,0xc7bbec68d12a0d1830360f8ec58fa599ba1b0e9b
2026-02-28,6978254,WETH-USDT,0.01%,0xc7bbec68d12a0d1830360f8ec58fa599ba1b0e9b
2026-03-01,6340249,WETH-USDT,0.01%,0xc7bbec68d12a0d1830360f8ec58fa599ba1b0e9b
2026-03-02,6548150,WETH-USDT,0.01%,0xc7bbec68d12a0d1830360f8ec58fa599ba1b0e9b
2026-03-03,5974634,WETH-USDT,0.01%,0xc7bbec68d12a0d1830360f8ec58fa599ba1b0e9b
2026-03-04,6274983,WETH-USDT,0.01%,0xc7bbec68d12a0d1830360f8ec58fa599ba1b0e9b
2026-03-05,6150736,WETH-USDT,0.01%,0xc7bbec68d12a0d1830360f8ec58fa599ba1b0e9b
2026-03-06,5926707,WETH-USDT,0.01%,0xc7bbec68d12a0d1830360f8ec58fa599ba1b0e9b
2026-03-07,6007401,WETH-USDT,0.01%,0xc7bbec68d12a0d1830360f8ec58fa599ba1b0e9b
2026-03-08,5935430,WETH-USDT,0.01%,0xc7bbec68d12a0d1830360f8ec58fa599ba1b0e9b
2026-03-09,5801976,WETH-USDT,0.01%,0xc7bbec68d12a0d1830360f8ec58fa599ba1b0e9b
2026-03-10,5711037,WETH-USDT,0.01%,0xc7bbec68d12a0d1830360f8ec58fa599ba1b0e9b
2026-03-11,6027000,WETH-USDT,0.01%,0xc7bbec68d12a0d1830360f8ec58fa599ba1b0e9b
2026-03-12,6112625,WETH-USDT,0.01%,0xc7bbec68d12a0d1830360f8ec58fa599ba1b0e9b
2026-03-13,6027088,WETH-USDT,0.01%,0xc7bbec68d12a0d1830360f8ec58fa599ba1b0e9b
2026-03-14,6016928,WETH-USDT,0.01%,0xc7bbec68d12a0d1830360f8ec58fa599ba1b0e9b
2026-03-15,6235806,WETH-USDT,0.01%,0xc7bbec68d12a0d1830360f8ec58fa599ba1b0e9b
2026-03-16,6267962,WETH-USDT,0.01%,0xc7bbec68d12a0d1830360f8ec58fa599ba1b0e9b
2026-03-17,6051065,WETH-USDT,0.01%,0xc7bbec68d12a0d1830360f8ec58fa599ba1b0e9b
2026-03-18,5781576,WETH-USDT,0.01%,0xc7bbec68d12a0d1830360f8ec58fa599ba1b0e9b
2026-03-19,5696629,WETH-USDT,0.01%,0xc7bbec68d12a0d1830360f8ec58fa599ba1b0e9b
2026-03-20,5603671,WETH-USDT,0.01%,0xc7bbec68d12a0d1830360f8ec58fa599ba1b0e9b
2026-03-21,5694577,WETH-USDT,0.01%,0xc7bbec68d12a0d1830360f8ec58fa599ba1b0e9b
2026-03-22,5372864,WETH-USDT,0.01%,0xc7bbec68d12a0d1830360f8ec58fa599ba1b0e9b
2026-03-23,5563806,WETH-USDT,0.01%,0xc7bbec68d12a0d1830360f8ec58fa599ba1b0e9b
2026-03-24,5565805,WETH-USDT,0.01%,0xc7bbec68d12a0d1830360f8ec58fa599ba1b0e9b
2026-03-25,5626262,WETH-USDT,0.01%,0xc7bbec68d12a0d1830360f8ec58fa599ba1b0e9b
2026-03-26,5400438,WETH-USDT,0.01%,0xc7bbec68d12a0d1830360f8ec58fa599ba1b0e9b
2026-03-27,5306367,WETH-USDT,0.01%,0xc7bbec68d12a0d1830360f8ec58fa599ba1b0e9b
2026-03-28,5380074,WETH-USDT,0.01%,0xc7bbec68d12a0d1830360f8ec58fa599ba1b0e9b
2026-03-29,5327428,WETH-USDT,0.01%,0xc7bbec68d12a0d1830360f8ec58fa599ba1b0e9b
2026-03-30,5442076,WETH-USDT,0.01%,0xc7bbec68d12a0d1830360f8ec58fa599ba1b0e9b
2026-03-31,5837825,WETH-USDT,0.01%,0xc7bbec68d12a0d1830360f8ec58fa599ba1b0e9b
2026-04-01,5900060,WETH-USDT,0.01%,0xc7bbec68d12a0d1830360f8ec58fa599ba1b0e9b
2026-04-02,5731973,WETH-USDT,0.01%,0xc7bbec68d12a0d1830360f8ec58fa599ba1b0e9b
2026-04-03,5702661,WETH-USDT,0.01%,0xc7bbec68d12a0d1830360f8ec58fa599ba1b0e9b
2026-04-04,5785086,WETH-USDT,0.01%,0xc7bbec68d12a0d1830360f8ec58fa599ba1b0e9b
2026-04-05,5817116,WETH-USDT,0.01%,0xc7bbec68d12a0d1830360f8ec58fa599ba1b0e9b
2026-04-06,5864958,WETH-USDT,0.01%,0xc7bbec68d12a0d1830360f8ec58fa599ba1b0e9b
2026-04-07,6056965,WETH-USDT,0.01%,0xc7bbec68d12a0d1830360f8ec58fa599ba1b0e9b
2026-04-08,6032920,WETH-USDT,0.01%,0xc7bbec68d12a0d1830360f8ec58fa599ba1b0e9b
2026-04-09,6050791,WETH-USDT,0.01%,0xc7bbec68d12a0d1830360f8ec58fa599ba1b0e9b
2026-04-10,6126269,WETH-USDT,0.01%,0xc7bbec68d12a0d1830360f8ec58fa599ba1b0e9b
2026-04-11,6172044,WETH-USDT,0.01%,0xc7bbec68d12a0d1830360f8ec58fa599ba1b0e9b
2026-04-12,5974566,WETH-USDT,0.01%,0xc7bbec68d12a0d1830360f8ec58fa599ba1b0e9b
2026-04-13,6280874,WETH-USDT,0.01%,0xc7bbec68d12a0d1830360f8ec58fa599ba1b0e9b
2026-04-14,6219627,WETH-USDT,0.01%,0xc7bbec68d12a0d1830360f8ec58fa599ba1b0e9b
2026-04-15,6316942,WETH-USDT,0.01%,0xc7bbec68d12a0d1830360f8ec58fa599ba1b0e9b
2026-04-16,6241364,WETH-USDT,0.01%,0xc7bbec68d12a0d1830360f8ec58fa599ba1b0e9b
2026-04-17,6344323,WETH-USDT,0.01%,0xc7bbec68d12a0d1830360f8ec58fa599ba1b0e9b
2026-04-18,6220184,WETH-USDT,0.01%,0xc7bbec68d12a0d1830360f8ec58fa599ba1b0e9b
2026-04-19,6066075,WETH-USDT,0.01%,0xc7bbec68d12a0d1830360f8ec58fa599ba1b0e9b
2026-04-20,6155675,WETH-USDT,0.01%,0xc7bbec68d12a0d1830360f8ec58fa599ba1b0e9b
2026-04-21,5884479,WETH-USDT,0.01%,0xc7bbec68d12a0d1830360f8ec58fa599ba1b0e9b
2026-04-22,6032798,WETH-USDT,0.01%,0xc7bbec68d12a0d1830360f8ec58fa599ba1b0e9b
2026-04-23,5884388,WETH-USDT,0.01%,0xc7bbec68d12a0d1830360f8ec58fa599ba1b0e9b
2026-04-24,5847218,WETH-USDT,0.01%,0xc7bbec68d12a0d1830360f8ec58fa599ba1b0e9b
2026-04-25,5858548,WETH-USDT,0.01%,0xc7bbec68d12a0d1830360f8ec58fa599ba1b0e9b
2026-04-26,5378290,WETH-USDT,0.01%,0xc7bbec68d12a0d1830360f8ec58fa599ba1b0e9b
2026-04-27,5263884,WETH-USDT,0.01%,0xc7bbec68d12a0d1830360f8ec58fa599ba1b0e9b
2026-04-28,5232183,WETH-USDT,0.01%,0xc7bbec68d12a0d1830360f8ec58fa599ba1b0e9b
2026-04-29,5290301,WETH-USDT,0.01%,0xc7bbec68d12a0d1830360f8ec58fa599ba1b0e9b
2026-04-30,5271283,WETH-USDT,0.01%,0xc7bbec68d12a0d1830360f8ec58fa599ba1b0e9b
2026-05-01,5197756,WETH-USDT,0.01%,0xc7bbec68d12a0d1830360f8ec58fa599ba1b0e9b
2026-05-02,5208640,WETH-USDT,0.01%,0xc7bbec68d12a0d1830360f8ec58fa599ba1b0e9b
2026-05-03,6668140,WETH-USDT,0.01%,0xc7bbec68d12a0d1830360f8ec58fa599ba1b0e9b
2026-05-04,5808456,WETH-USDT,0.01%,0xc7bbec68d12a0d1830360f8ec58fa599ba1b0e9b
2026-05-05,5838851,WETH-USDT,0.01%,0xc7bbec68d12a0d1830360f8ec58fa599ba1b0e9b
2026-05-06,5842627,WETH-USDT,0.01%,0xc7bbec68d12a0d1830360f8ec58fa599ba1b0e9b
2026-05-07,5744476,WETH-USDT,0.01%,0xc7bbec68d12a0d1830360f8ec58fa599ba1b0e9b
2026-05-08,6406629,WETH-USDT,0.01%,0xc7bbec68d12a0d1830360f8ec58fa599ba1b0e9b
2026-05-09,7917653,WETH-USDT,0.01%,0xc7bbec68d12a0d1830360f8ec58fa599ba1b0e9b
2026-05-10,9288641,WETH-USDT,0.01%,0xc7bbec68d12a0d1830360f8ec58fa599ba1b0e9b
2026-05-11,9218195,WETH-USDT,0.01%,0xc7bbec68d12a0d1830360f8ec58fa599ba1b0e9b
2026-05-12,8475570,WETH-USDT,0.01%,0xc7bbec68d12a0d1830360f8ec58fa599ba1b0e9b
2026-05-13,5482551,WETH-USDT,0.01%,0xc7bbec68d12a0d1830360f8ec58fa599ba1b0e9b
2026-05-14,5538557,WETH-USDT,0.01%,0xc7bbec68d12a0d1830360f8ec58fa599ba1b0e9b
2026-05-15,5384842,WETH-USDT,0.01%,0xc7bbec68d12a0d1830360f8ec58fa599ba1b0e9b
2026-05-16,5320689,WETH-USDT,0.01%,0xc7bbec68d12a0d1830360f8ec58fa599ba1b0e9b
2026-05-17,5308222,WETH-USDT,0.01%,0xc7bbec68d12a0d1830360f8ec58fa599ba1b0e9b
2026-05-18,8859742,WETH-USDT,0.01%,0xc7bbec68d12a0d1830360f8ec58fa599ba1b0e9b
2026-05-19,5185353,WETH-USDT,0.01%,0xc7bbec68d12a0d1830360f8ec58fa599ba1b0e9b
2026-05-20,5293963,WETH-USDT,0.01%,0xc7bbec68d12a0d1830360f8ec58fa599ba1b0e9b
2026-05-21,5538627,WETH-USDT,0.01%,0xc7bbec68d12a0d1830360f8ec58fa599ba1b0e9b
2026-05-22,5428011,WETH-USDT,0.01%,0xc7bbec68d12a0d1830360f8ec58fa599ba1b0e9b
2026-05-23,5364932,WETH-USDT,0.01%,0xc7bbec68d12a0d1830360f8ec58fa599ba1b0e9b
2026-05-24,5463880,WETH-USDT,0.01%,0xc7bbec68d12a0d1830360f8ec58fa599ba1b0e9b
2026-05-25,5308842,WETH-USDT,0.01%,0xc7bbec68d12a0d1830360f8ec58fa599ba1b0e9b
2026-05-26,5220962,WETH-USDT,0.01%,0xc7bbec68d12a0d1830360f8ec58fa599ba1b0e9b
2026-05-27,5136895,WETH-USDT,0.01%,0xc7bbec68d12a0d1830360f8ec58fa599ba1b0e9b
2026-05-28,5177521,WETH-USDT,0.01%,0xc7bbec68d12a0d1830360f8ec58fa599ba1b0e9b
2026-05-29,5193253,WETH-USDT,0.01%,0xc7bbec68d12a0d1830360f8ec58fa599ba1b0e9b
2026-05-30,5179643,WETH-USDT,0.01%,0xc7bbec68d12a0d1830360f8ec58fa599ba1b0e9b
2026-05-31,5158942,WETH-USDT,0.01%,0xc7bbec68d12a0d1830360f8ec58fa599ba1b0e9b
2026-06-01,5077735,WETH-USDT,0.01%,0xc7bbec68d12a0d1830360f8ec58fa599ba1b0e9b
2026-06-02,4765384,WETH-USDT,0.01%,0xc7bbec68d12a0d1830360f8ec58fa599ba1b0e9b
2026-06-03,4132392,WETH-USDT,0.01%,0xc7bbec68d12a0d1830360f8ec58fa599ba1b0e9b
2026-06-04,3994722,WETH-USDT,0.01%,0xc7bbec68d12a0d1830360f8ec58fa599ba1b0e9b
2026-06-05,3338092,WETH-USDT,0.01%,0xc7bbec68d12a0d1830360f8ec58fa599ba1b0e9b
2026-06-06,3227329,WETH-USDT,0.01%,0xc7bbec68d12a0d1830360f8ec58fa599ba1b0e9b
2026-06-07,3453384,WETH-USDT,0.01%,0xc7bbec68d12a0d1830360f8ec58fa599ba1b0e9b
2026-06-08,3488895,WETH-USDT,0.01%,0xc7bbec68d12a0d1830360f8ec58fa599ba1b0e9b
2026-06-09,3378292,WETH-USDT,0.01%,0xc7bbec68d12a0d1830360f8ec58fa599ba1b0e9b
2026-06-10,3305383,WETH-USDT,0.01%,0xc7bbec68d12a0d1830360f8ec58fa599ba1b0e9b
2026-06-11,3442592,WETH-USDT,0.01%,0xc7bbec68d12a0d1830360f8ec58fa599ba1b0e9b
2026-06-12,3415584,WETH-USDT,0.01%,0xc7bbec68d12a0d1830360f8ec58fa599ba1b0e9b
2026-06-13,3451391,WETH-USDT,0.01%,0xc7bbec68d12a0d1830360f8ec58fa599ba1b0e9b
2026-06-14,3492085,WETH-USDT,0.01%,0xc7bbec68d12a0d1830360f8ec58fa599ba1b0e9b
2026-06-15,3609449,WETH-USDT,0.01%,0xc7bbec68d12a0d1830360f8ec58fa599ba1b0e9b
2026-06-16,3618061,WETH-USDT,0.01%,0xc7bbec68d12a0d1830360f8ec58fa599ba1b0e9b
2026-06-17,3525919,WETH-USDT,0.01%,0xc7bbec68d12a0d1830360f8ec58fa599ba1b0e9b
2026-06-18,3393190,WETH-USDT,0.01%,0xc7bbec68d12a0d1830360f8ec58fa599ba1b0e9b
2026-06-19,3400318,WETH-USDT,0.01%,0xc7bbec68d12a0d1830360f8ec58fa599ba1b0e9b
2026-06-20,3464096,WETH-USDT,0.01%,0xc7bbec68d12a0d1830360f8ec58fa599ba1b0e9b
2026-06-21,3418632,WETH-USDT,0.01%,0xc7bbec68d12a0d1830360f8ec58fa599ba1b0e9b
2026-06-22,3456627,WETH-USDT,0.01%,0xc7bbec68d12a0d1830360f8ec58fa599ba1b0e9b
2026-06-23,2960707,WETH-USDT,0.01%,0xc7bbec68d12a0d1830360f8ec58fa599ba1b0e9b
2026-06-24,2754209,WETH-USDT,0.01%,0xc7bbec68d12a0d1830360f8ec58fa599ba1b0e9b
2026-06-25,2723480,WETH-USDT,0.01%,0xc7bbec68d12a0d1830360f8ec58fa599ba1b0e9b
2026-06-26,2735251,WETH-USDT,0.01%,0xc7bbec68d12a0d1830360f8ec58fa599ba1b0e9b
2026-06-27,2727563,WETH-USDT,0.01%,0xc7bbec68d12a0d1830360f8ec58fa599ba1b0e9b
2026-06-28,2720774,WETH-USDT,0.01%,0xc7bbec68d12a0d1830360f8ec58fa599ba1b0e9b
2026-06-29,2785939,WETH-USDT,0.01%,0xc7bbec68d12a0d1830360f8ec58fa599ba1b0e9b
2026-06-30,2713155,WETH-USDT,0.01%,0xc7bbec68d12a0d1830360f8ec58fa599ba1b0e9b
2026-07-01,2797500,WETH-USDT,0.01%,0xc7bbec68d12a0d1830360f8ec58fa599ba1b0e9b
2026-07-02,2919306,WETH-USDT,0.01%,0xc7bbec68d12a0d1830360f8ec58fa599ba1b0e9b
2026-07-03,2912652,WETH-USDT,0.01%,0xc7bbec68d12a0d1830360f8ec58fa599ba1b0e9b
2026-07-04,2965286,WETH-USDT,0.01%,0xc7bbec68d12a0d1830360f8ec58fa599ba1b0e9b
2026-07-05,2975798,WETH-USDT,0.01%,0xc7bbec68d12a0d1830360f8ec58fa599ba1b0e9b
2026-07-06,2997567,WETH-USDT,0.01%,0xc7bbec68d12a0d1830360f8ec58fa599ba1b0e9b
2026-07-07,2956644,WETH-USDT,0.01%,0xc7bbec68d12a0d1830360f8ec58fa599ba1b0e9b
2026-07-08,2907247,WETH-USDT,0.01%,0xc7bbec68d12a0d1830360f8ec58fa599ba1b0e9b
2026-07-09,2922409,WETH-USDT,0.01%,0xc7bbec68d12a0d1830360f8ec58fa599ba1b0e9b
2026-07-10,2997033,WETH-USDT,0.01%,0xc7bbec68d12a0d1830360f8ec58fa599ba1b0e9b
2026-07-11,3024561,WETH-USDT,0.01%,0xc7bbec68d12a0d1830360f8ec58fa599ba1b0e9b
2026-07-12,2652278,WETH-USDT,0.01%,0xc7bbec68d12a0d1830360f8ec58fa599ba1b0e9b
2026-07-13,2810292,WETH-USDT,0.01%,0xc7bbec68d12a0d1830360f8ec58fa599ba1b0e9b
2026-07-14,2926626,WETH-USDT,0.01%,0xc7bbec68d12a0d1830360f8ec58fa599ba1b0e9b
2026-07-15,2967381,WETH-USDT,0.01%,0xc7bbec68d12a0d1830360f8ec58fa599ba1b0e9b
2026-07-16,2892593,WETH-USDT,0.01%,0xc7bbec68d12a0d1830360f8ec58fa599ba1b0e9b
2026-07-17,2940675,WETH-USDT,0.01%,0xc7bbec68d12a0d1830360f8ec58fa599ba1b0e9b
2026-07-18,2973051,WETH-USDT,0.01%,0xc7bbec68d12a0d1830360f8ec58fa599ba1b0e9b
2026-07-19,3006332,WETH-USDT,0.01%,0xc7bbec68d12a0d1830360f8ec58fa599ba1b0e9b
2026-07-20,3035101,WETH-USDT,0.01%,0xc7bbec68d12a0d1830360f8ec58fa599ba1b0e9b
2026-07-21,3005855,WETH-USDT,0.01%,0xc7bbec68d12a0d1830360f8ec58fa599ba1b0e9b
2026-07-22,3024617,WETH-USDT,0.01%,0xc7bbec68d12a0d1830360f8ec58fa599ba1b0e9b
2026-07-23,2958695,WETH-USDT,0.01%,0xc7bbec68d12a0d1830360f8ec58fa599ba1b0e9b
2026-07-24,2890280,WETH-USDT,0.01%,0xc7bbec68d12a0d1830360f8ec58fa599ba1b0e9b
2026-07-25,3412902,WETH-USDT,0.01%,0xc7bbec68d12a0d1830360f8ec58fa599ba1b0e9b
2026-07-26,3487234,WETH-USDT,0.01%,0xc7bbec68d12a0d1830360f8ec58fa599ba1b0e9b
2026-07-27,3445782,WETH-USDT,0.01%,0xc7bbec68d12a0d1830360f8ec58fa599ba1b0e9b
2026-07-28,3483062,WETH-USDT,0.01%,0xc7bbec68d12a0d1830360f8ec58fa599ba1b0e9b
2026-07-29,3500875,WETH-USDT,0.01%,0xc7bbec68d12a0d1830360f8ec58fa599ba1b0e9b
2026-07-30,3506230,WETH-USDT,0.01%,0xc7bbec68d12a0d1830360f8ec58fa599ba1b0e9b
2026-07-31,3413409,WETH-USDT,0.01%,0xc7bbec68d12a0d1830360f8ec58fa599ba1b0e9b
2026-08-01,3385217,WETH-USDT,0.01%,0xc7bbec68d12a0d1830360f8ec58fa599ba1b0e9b
2026-08-02,3450253,WETH-USDT,0.01%,0xc7bbec68d12a0d1830360f8ec58fa599ba1b0e9b
2026-08-03,3409115,WETH-USDT,0.01%,0xc7bbec68d12a0d1830360f8ec58fa599ba1b0e9b
2026-08-04,3428772,WETH-USDT,0.01%,0xc7bbec68d12a0d1830360f8ec58fa599ba1b0e9b
2026-08-05,3490894,WETH-USDT,0.01%,0xc7bbec68d12a0d1830360f8ec58fa599ba1b0e9b
2026-08-06,3495760,WETH-USDT,0.01%,0xc7bbec68d12a0d1830360f8ec58fa599ba1b0e9b
2026-08-07,3510442,WETH-USDT,0.01%,0xc7bbec68d12a0d1830360f8ec58fa599ba1b0e9b
2026-08-08,3533662,WETH-USDT,0.01%,0xc7bbec68d12a0d1830360f8ec58fa599ba1b0e9b
2026-08-09,3535509,WETH-USDT,0.01%,0xc7bbec68d12a0d1830360f8ec58fa599ba1b0e9b
2026-08-10,3470123,WETH-USDT,0.01%,0xc7bbec68d12a0d1830360f8ec58fa599ba1b0e9b
2026-08-11,3481407,WETH-USDT,0.01%,0xc7bbec68d12a0d1830360f8ec58fa599ba1b0e9b
2026-08-12,3471413,WETH-USDT,0.01%,0xc7bbec68d12a0d1830360f8ec58fa599ba1b0e9b
2026-08-13,3553108,WETH-USDT,0.01%,0xc7bbec68d12a0d1830360f8ec58fa599ba1b0e9b
2026-08-14,3476255,WETH-USDT,0.01%,0xc7bbec68d12a0d1830360f8ec58fa599ba1b0e9b
2026-08-15,3478192,WETH-USDT,0.01%,0xc7bbec68d12a0d1830360f8ec58fa599ba1b0e9b
2026-08-16,3539900,WETH-USDT,0.01%,0xc7bbec68d12a0d1830360f8ec58fa599ba1b0e9b
2026-08-17,3614013,WETH-USDT,0.01%,0xc7bbec68d12a0d1830360f8ec58fa599ba1b0e9b
2026-08-18,3632337,WETH-USDT,0.01%,0xc7bbec68d12a0d1830360f8ec58fa599ba1b0e9b
2026-08-19,4085829,WETH-USDT,0.01%,0xc7bbec68d12a0d1830360f8ec58fa599ba1b0e9b
2026-08-20,3891393,WETH-USDT,0.01%,0xc7bbec68d12a0d1830360f8ec58fa599ba1b0e9b
2026-08-21,4123682,WETH-USDT,0.01%,0xc7bbec68d12a0d1830360f8ec58fa599ba1b0e9b
2026-08-22,4018039,WETH-USDT,0.01%,0xc7bbec68d12a0d1830360f8ec58fa599ba1b0e9b
2026-08-23,4041724,WETH-USDT,0.01%,0xc7bbec68d12a0d1830360f8ec58fa599ba1b0e9b
2026-08-24,4032319,WETH-USDT,0.01%,0xc7bbec68d12a0d1830360f8ec58fa599ba1b0e9b
2026-08-25,3459995,WETH-USDT,0.01%,0xc7bbec68d12a0d1830360f8ec58fa599ba1b0e9b
2026-08-26,4054726,WETH-USDT,0.01%,0xc7bbec68d12a0d1830360f8ec58fa599ba1b0e9b
2026-08-27,4225135,WETH-USDT,0.01%,0xc7bbec68d12a0d1830360f8ec58fa599ba1b0e9b
2026-08-28,4103196,WETH-USDT,0.01%,0xc7bbec68d12a0d1830360f8ec58fa599ba1b0e9b
2026-08-29,4106675,WETH-USDT,0.01%,0xc7bbec68d12a0d1830360f8ec58fa599ba1b0e9b
2026-08-30,4144517,WETH-USDT,0.01%,0xc7bbec68d12a0d1830360f8ec58fa599ba1b0e9b
2026-08-31,4167950,WETH-USDT,0.01%,0xc7bbec68d12a0d1830360f8ec58fa599ba1b0e9b
2026-09-01,4058086,WETH-USDT,0.01%,0xc7bbec68d12a0d1830360f8ec58fa599ba1b0e9b
2026-09-02,3538056,WETH-USDT,0.01%,0xc7bbec68d12a0d1830360f8ec58fa599ba1b0e9b
2026-09-03,3493389,WETH-USDT,0.01%,0xc7bbec68d12a0d1830360f8ec58fa599ba1b0e9b
2026-09-04,3457943,WETH-USDT,0.01%,0xc7bbec68d12a0d1830360f8ec58fa599ba1b0e9b
2026-09-05,3446314,WETH-USDT,0.01%,0xc7bbec68d12a0d1830360f8ec58fa599ba1b0e9b
2026-09-06,3485079,WETH-USDT,0.01%,0xc7bbec68d12a0d1830360f8ec58fa599ba1b0e9b
2026-09-07,3525195,WETH-USDT,0.01%,0xc7bbec68d12a0d1830360f8ec58fa599ba1b0e9b
2026-09-08,3571574,WETH-USDT,0.01%,0xc7bbec68d12a0d1830360f8ec58fa599ba1b0e9b
2026-09-09,3530041,WETH-USDT,0.01%,0xc7bbec68d12a0d1830360f8ec58fa599ba1b0e9b
2026-09-10,3526708,WETH-USDT,0.01%,0xc7bbec68d12a0d1830360f8ec58fa599ba1b0e9b
2026-09-11,3845925,WETH-USDT,0.01%,0xc7bbec68d12a0d1830360f8ec58fa599ba1b0e9b
2026-09-12,3706259,WETH-USDT,0.01%,0xc7bbec68d12a0d1830360f8ec58fa599ba1b0e9b
2026-09-13,3649852,WETH-USDT,0.01%,0xc7bbec68d12a0d1830360f8ec58fa599ba1b0e9b
2026-09-14,3739723,WETH-USDT,0.01%,0xc7bbec68d12a0d1830360f8ec58fa599ba1b0e9b
2026-09-15,3592146,WETH-USDT,0.01%,0xc7bbec68d12a0d1830360f8ec58fa599ba1b0e9b
2026-09-16,3595706,WETH-USDT,0.01%,0xc7bbec68d12a0d1830360f8ec58fa599ba1b0e9b
2022-04-28,141443,USDC-WETH,0.01%,0xe0554a476a092703abdb3ef35c80e0d76d32939f
2022-04-29,138904,USDC-WETH,0.01%,0xe0554a476a092703abdb3ef35c80e0d76d32939f
2022-04-30,138294,USDC-WETH,0.01%,0xe0554a476a092703abdb3ef35c80e0d76d32939f
2022-05-01,138948,USDC-WETH,0.01%,0xe0554a476a092703abdb3ef35c80e0d76d32939f
2022-05-02,140043,USDC-WETH,0.01%,0xe0554a476a092703abdb3ef35c80e0d76d32939f
2022-05-03,138568,USDC-WETH,0.01%,0xe0554a476a092703abdb3ef35c80e0d76d32939f
2022-05-04,141617,USDC-WETH,0.01%,0xe0554a476a092703abdb3ef35c80e0d76d32939f
2022-05-22,130955,USDC-WETH,0.01%,0xe0554a476a092703abdb3ef35c80e0d76d32939f
2022-05-23,129165,USDC-WETH,0.01%,0xe0554a476a092703abdb3ef35c80e0d76d32939f
2022-05-24,129199,USDC-WETH,0.01%,0xe0554a476a092703abdb3ef35c80e0d76d32939f
2022-05-25,128578,USDC-WETH,0.01%,0xe0554a476a092703abdb3ef35c80e0d76d32939f
2022-05-26,123109,USDC-WETH,0.01%,0xe0554a476a092703abdb3ef35c80e0d76d32939f
2022-05-27,116917,USDC-WETH,0.01%,0xe0554a476a092703abdb3ef35c80e0d76d32939f
2022-05-28,118816,USDC-WETH,0.01%,0xe0554a476a092703abdb3ef35c80e0d76d32939f
2022-05-29,120161,USDC-WETH,0.01%,0xe0554a476a092703abdb3ef35c80e0d76d32939f
2022-05-30,127116,USDC-WETH,0.01%,0xe0554a476a092703abdb3ef35c80e0d76d32939f
2022-05-31,125726,USDC-WETH,0.01%,0xe0554a476a092703abdb3ef35c80e0d76d32939f
2022-06-01,120381,USDC-WETH,0.01%,0xe0554a476a092703abdb3ef35c80e0d76d32939f
2022-06-02,121186,USDC-WETH,0.01%,0xe0554a476a092703abdb3ef35c80e0d76d32939f
2022-06-03,117454,USDC-WETH,0.01%,0xe0554a476a092703abdb3ef35c80e0d76d32939f
2022-06-05,120462,USDC-WETH,0.01%,0xe0554a476a092703abdb3ef35c80e0d76d32939f
2022-06-06,122315,USDC-WETH,0.01%,0xe0554a476a092703abdb3ef35c80e0d76d32939f
2022-06-07,117611,USDC-WETH,0.01%,0xe0554a476a092703abdb3ef35c80e0d76d32939f
2022-08-17,57852,USDC-WETH,0.01%,0xe0554a476a092703abdb3ef35c80e0d76d32939f
2022-10-03,131008,USDC-WETH,0.01%,0xe0554a476a092703abdb3ef35c80e0d76d32939f
2022-11-10,121535,USDC-WETH,0.01%,0xe0554a476a092703abdb3ef35c80e0d76d32939f
2022-11-11,121637,USDC-WETH,0.01%,0xe0554a476a092703abdb3ef35c80e0d76d32939f
2022-11-12,121223,USDC-WETH,0.01%,0xe0554a476a092703abdb3ef35c80e0d76d32939f
2022-11-13,121607,USDC-WETH,0.01%,0xe0554a476a092703abdb3ef35c80e0d76d32939f
2022-11-14,121514,USDC-WETH,0.01%,0xe0554a476a092703abdb3ef35c80e0d76d32939f
2022-11-18,159293,USDC-WETH,0.01%,0xe0554a476a092703abdb3ef35c80e0d76d32939f
2022-11-19,255011,USDC-WETH,0.01%,0xe0554a476a092703abdb3ef35c80e0d76d32939f
2022-11-20,286945,USDC-WETH,0.01%,0xe0554a476a092703abdb3ef35c80e0d76d32939f
2022-11-21,329705,USDC-WETH,0.01%,0xe0554a476a092703abdb3ef35c80e0d76d32939f
2022-11-22,500234,USDC-WETH,0.01%,0xe0554a476a092703abdb3ef35c80e0d76d32939f
2022-11-23,517895,USDC-WETH,0.01%,0xe0554a476a092703abdb3ef35c80e0d76d32939f
2022-11-24,525563,USDC-WETH,0.01%,0xe0554a476a092703abdb3ef35c80e0d76d32939f
2022-11-25,529439,USDC-WETH,0.01%,0xe0554a476a092703abdb3ef35c80e0d76d32939f
2022-11-26,532862,USDC-WETH,0.01%,0xe0554a476a092703abdb3ef35c80e0d76d32939f
2022-11-27,533386,USDC-WETH,0.01%,0xe0554a476a092703abdb3ef35c80e0d76d32939f
2022-11-28,328907,USDC-WETH,0.01%,0xe0554a476a092703abdb3ef35c80e0d76d32939f
2022-11-29,659272,USDC-WETH,0.01%,0xe0554a476a092703abdb3ef35c80e0d76d32939f
2022-11-30,806811,USDC-WETH,0.01%,0xe0554a476a092703abdb3ef35c80e0d76d32939f
2022-12-01,814108,USDC-WETH,0.01%,0xe0554a476a092703abdb3ef35c80e0d76d32939f
2022-12-02,807996,USDC-WETH,0.01%,0xe0554a476a092703abdb3ef35c80e0d76d32939f
2022-12-03,801882,USDC-WETH,0.01%,0xe0554a476a092703abdb3ef35c80e0d76d32939f
2022-12-04,808579,USDC-WETH,0.01%,0xe0554a476a092703abdb3ef35c80e0d76d32939f
2022-12-05,996299,USDC-WETH,0.01%,0xe0554a476a092703abdb3ef35c80e0d76d32939f
2022-12-06,998964,USDC-WETH,0.01%,0xe0554a476a092703abdb3ef35c80e0d76d32939f
2022-12-07,1080343,USDC-WETH,0.01%,0xe0554a476a092703abdb3ef35c80e0d76d32939f
2022-12-08,1105120,USDC-WETH,0.01%,0xe0554a476a092703abdb3ef35c80e0d76d32939f
2022-12-09,1097847,USDC-WETH,0.01%,0xe0554a476a092703abdb3ef35c80e0d76d32939f
2022-12-10,1114774,USDC-WETH,0.01%,0xe0554a476a092703abdb3ef35c80e0d76d32939f
2022-12-11,1186717,USDC-WETH,0.01%,0xe0554a476a092703abdb3ef35c80e0d76d32939f
2022-12-12,923797,USDC-WETH,0.01%,0xe0554a476a092703abdb3ef35c80e0d76d32939f
2022-12-13,900674,USDC-WETH,0.01%,0xe0554a476a092703abdb3ef35c80e0d76d32939f
2022-12-14,929388,USDC-WETH,0.01%,0xe0554a476a092703abdb3ef35c80e0d76d32939f
2022-12-15,1068353,USDC-WETH,0.01%,0xe0554a476a092703abdb3ef35c80e0d76d32939f
2022-12-16,1038872,USDC-WETH,0.01%,0xe0554a476a092703abdb3ef35c80e0d76d32939f
2022-12-17,1038717,USDC-WETH,0.01%,0xe0554a476a092703abdb3ef35c80e0d76d32939f
2022-12-18,1037312,USDC-WETH,0.01%,0xe0554a476a092703abdb3ef35c80e0d76d32939f
2022-12-19,1038679,USDC-WETH,0.01%,0xe0554a476a092703abdb3ef35c80e0d76d32939f
2022-12-20,1057460,USDC-WETH,0.01%,0xe0554a476a092703abdb3ef35c80e0d76d32939f
2022-12-21,1035809,USDC-WETH,0.01%,0xe0554a476a092703abdb3ef35c80e0d76d32939f
2022-12-22,1010412,USDC-WETH,0.01%,0xe0554a476a092703abdb3ef35c80e0d76d32939f
2022-12-23,1048684,USDC-WETH,0.01%,0xe0554a476a092703abdb3ef35c80e0d76d32939f
2022-12-24,996958,USDC-WETH,0.01%,0xe0554a476a092703abdb3ef35c80e0d76d32939f
2022-12-25,1194024,USDC-WETH,0.01%,0xe0554a476a092703abdb3ef35c80e0d76d32939f
2022-12-26,1223364,USDC-WETH,0.01%,0xe0554a476a092703abdb3ef35c80e0d76d32939f
2022-12-27,1018807,USDC-WETH,0.01%,0xe0554a476a092703abdb3ef35c80e0d76d32939f
2022-12-28,1061358,USDC-WETH,0.01%,0xe0554a476a092703abdb3ef35c80e0d76d32939f
2022-12-29,1018139,USDC-WETH,0.01%,0xe0554a476a092703abdb3ef35c80e0d76d32939f
2022-12-30,2727597,USDC-WETH,0.01%,0xe0554a476a092703abdb3ef35c80e0d76d32939f
2022-12-31,2754304,USDC-WETH,0.01%,0xe0554a476a092703abdb3ef35c80e0d76d32939f
2023-01-01,2895516,USDC-WETH,0.01%,0xe0554a476a092703abdb3ef35c80e0d76d32939f
2023-01-02,2974674,USDC-WETH,0.01%,0xe0554a476a092703abdb3ef35c80e0d76d32939f
2023-01-03,3214930,USDC-WETH,0.01%,0xe0554a476a092703abdb3ef35c80e0d76d32939f
2023-01-04,4949035,USDC-WETH,0.01%,0xe0554a476a092703abdb3ef35c80e0d76d32939f
2023-01-05,4362886,USDC-WETH,0.01%,0xe0554a476a092703abdb3ef35c80e0d76d32939f
2023-01-06,3478090,USDC-WETH,0.01%,0xe0554a476a092703abdb3ef35c80e0d76d32939f
2023-01-07,3987597,USDC-WETH,0.01%,0xe0554a476a092703abdb3ef35c80e0d76d32939f
2023-01-08,3915205,USDC-WETH,0.01%,0xe0554a476a092703abdb3ef35c80e0d76d32939f
2023-01-09,4016080,USDC-WETH,0.01%,0xe0554a476a092703abdb3ef35c80e0d76d32939f
2023-01-10,4983780,USDC-WETH,0.01%,0xe0554a476a092703abdb3ef35c80e0d76d32939f
2023-01-11,5006366,USDC-WETH,0.01%,0xe0554a476a092703abdb3ef35c80e0d76d32939f
2023-01-12,2984494,USDC-WETH,0.01%,0xe0554a476a092703abdb3ef35c80e0d76d32939f
2023-01-13,3914581,USDC-WETH,0.01%,0xe0554a476a092703abdb3ef35c80e0d76d32939f
2023-01-14,24513313,USDC-WETH,0.01%,0xe0554a476a092703abdb3ef35c80e0d76d32939f
2023-01-15,18004151,USDC-WETH,0.01%,0xe0554a476a092703abdb3ef35c80e0d76d32939f
2023-01-16,17869572,USDC-WETH,0.01%,0xe0554a476a092703abdb3ef35c80e0d76d32939f
2023-01-17,17757910,USDC-WETH,0.01%,0xe0554a476a092703abdb3ef35c80e0d76d32939f
2023-01-18,17112813,USDC-WETH,0.01%,0xe0554a476a092703abdb3ef35c80e0d76d32939f
2023-01-19,17348522,USDC-WETH,0.01%,0xe0554a476a092703abdb3ef35c80e0d76d32939f
2023-01-20,18294553,USDC-WETH,0.01%,0xe0554a476a092703abdb3ef35c80e0d76d32939f
2023-01-21,17905086,USDC-WETH,0.01%,0xe0554a476a092703abdb3ef35c80e0d76d32939f
2023-01-22,24595706,USDC-WETH,0.01%,0xe0554a476a092703abdb3ef35c80e0d76d32939f
2023-01-23,24638731,USDC-WETH,0.01%,0xe0554a476a092703abdb3ef35c80e0d76d32939f
2023-01-24,23889339,USDC-WETH,0.01%,0xe0554a476a092703abdb3ef35c80e0d76d32939f
2023-01-25,23980179,USDC-WETH,0.01%,0xe0554a476a092703abdb3ef35c80e0d76d32939f
2023-01-26,24323135,USDC-WETH,0.01%,0xe0554a476a092703abdb3ef35c80e0d76d32939f
2023-01-27,23969988,USDC-WETH,0.01%,0xe0554a476a092703abdb3ef35c80e0d76d32939f
2023-01-28,23874135,USDC-WETH,0.01%,0xe0554a476a092703abdb3ef35c80e0d76d32939f
2023-01-29,24799770,USDC-WETH,0.01%,0xe0554a476a092703abdb3ef35c80e0d76d32939f
2023-01-30,23755201,USDC-WETH,0.01%,0xe0554a476a092703abdb3ef35c80e0d76d32939f
2023-01-31,23976018,USDC-WETH,0.01%,0xe0554a476a092703abdb3ef35c80e0d76d32939f
2023-02-01,24806421,USDC-WETH,0.01%,0xe0554a476a092703abdb3ef35c80e0d76d32939f
2023-02-02,24508419,USDC-WETH,0.01%,0xe0554a476a092703abdb3ef35c80e0d76d32939f
2023-02-03,24592023,USDC-WETH,0.01%,0xe0554a476a092703abdb3ef35c80e0d76d32939f
2023-02-04,24722927,USDC-WETH,0.01%,0xe0554a476a092703abdb3ef35c80e0d76d32939f
2023-02-05,24157535,USDC-WETH,0.01%,0xe0554a476a092703abdb3ef35c80e0d76d32939f
2023-02-06,24159628,USDC-WETH,0.01%,0xe0554a476a092703abdb3ef35c80e0d76d32939f
2023-02-07,25305826,USDC-WETH,0.01%,0xe0554a476a092703abdb3ef35c80e0d76d32939f
2023-02-08,25139864,USDC-WETH,0.01%,0xe0554a476a092703abdb3ef35c80e0d76d32939f
2023-02-09,24863181,USDC-WETH,0.01%,0xe0554a476a092703abdb3ef35c80e0d76d32939f
2023-02-10,25358050,USDC-WETH,0.01%,0xe0554a476a092703abdb3ef35c80e0d76d32939f
2023-02-12,25412504,USDC-WETH,0.01%,0xe0554a476a092703abdb3ef35c80e0d76d32939f
2023-02-13,24101956,USDC-WETH,0.01%,0xe0554a476a092703abdb3ef35c80e0d76d32939f
2023-02-14,25019310,USDC-WETH,0.01%,0xe0554a476a092703abdb3ef35c80e0d76d32939f
2023-02-15,29590219,USDC-WETH,0.01%,0xe0554a476a092703abdb3ef35c80e0d76d32939f
2023-02-16,30758263,USDC-WETH,0.01%,0xe0554a476a092703abdb3ef35c80e0d76d32939f
2023-02-17,31372836,USDC-WETH,0.01%,0xe0554a476a092703abdb3ef35c80e0d76d32939f
2023-02-18,31291157,USDC-WETH,0.01%,0xe0554a476a092703abdb3ef35c80e0d76d32939f
2023-02-19,31281515,USDC-WETH,0.01%,0xe0554a476a092703abdb3ef35c80e0d76d32939f
2023-02-20,33245440,USDC-WETH,0.01%,0xe0554a476a092703abdb3ef35c80e0d76d32939f
2023-02-21,35199676,USDC-WETH,0.01%,0xe0554a476a092703abdb3ef35c80e0d76d32939f
2023-02-22,34895593,USDC-WETH,0.01%,0xe0554a476a092703abdb3ef35c80e0d76d32939f
2023-02-23,35122782,USDC-WETH,0.01%,0xe0554a476a092703abdb3ef35c80e0d76d32939f
2023-02-24,34449580,USDC-WETH,0.01%,0xe0554a476a092703abdb3ef35c80e0d76d32939f
2023-02-25,34144520,USDC-WETH,0.01%,0xe0554a476a092703abdb3ef35c80e0d76d32939f
2023-02-26,34923276,USDC-WETH,0.01%,0xe0554a476a092703abdb3ef35c80e0d76d32939f
2023-02-27,35107506,USDC-WETH,0.01%,0xe0554a476a092703abdb3ef35c80e0d76d32939f
2023-02-28,34804799,USDC-WETH,0.01%,0xe0554a476a092703abdb3ef35c80e0d76d32939f
2023-03-01,36507026,USDC-WETH,0.01%,0xe0554a476a092703abdb3ef35c80e0d76d32939f
2023-03-02,36259493,USDC-WETH,0.01%,0xe0554a476a092703abdb3ef35c80e0d76d32939f
2023-03-03,34831829,USDC-WETH,0.01%,0xe0554a476a092703abdb3ef35c80e0d76d32939f
2023-03-04,34661009,USDC-WETH,0.01%,0xe0554a476a092703abdb3ef35c80e0d76d32939f
2023-03-05,34676757,USDC-WETH,0.01%,0xe0554a476a092703abdb3ef35c80e0d76d32939f
2023-03-06,34778836,USDC-WETH,0.01%,0xe0554a476a092703abdb3ef35c80e0d76d32939f
2023-03-07,34491994,USDC-WETH,0.01%,0xe0554a476a092703abdb3ef35c80e0d76d32939f
2023-03-08,35208443,USDC-WETH,0.01%,0xe0554a476a092703abdb3ef35c80e0d76d32939f
2023-03-09,32567510,USDC-WETH,0.01%,0xe0554a476a092703abdb3ef35c80e0d76d32939f
2023-03-10,33000840,USDC-WETH,0.01%,0xe0554a476a092703abdb3ef35c80e0d76d32939f
2023-03-11,641579,USDC-WETH,0.01%,0xe0554a476a092703abdb3ef35c80e0d76d32939f
2023-03-12,718617,USDC-WETH,0.01%,0xe0554a476a092703abdb3ef35c80e0d76d32939f
2023-03-13,704205,USDC-WETH,0.01%,0xe0554a476a092703abdb3ef35c80e0d76d32939f
2023-03-14,623315,USDC-WETH,0.01%,0xe0554a476a092703abdb3ef35c80e0d76d32939f
2023-03-15,619270,USDC-WETH,0.01%,0xe0554a476a092703abdb3ef35c80e0d76d32939f
2023-03-16,623418,USDC-WETH,0.01%,0xe0554a476a092703abdb3ef35c80e0d76d32939f
2023-03-17,634644,USDC-WETH,0.01%,0xe0554a476a092703abdb3ef35c80e0d76d32939f
2023-03-18,634633,USDC-WETH,0.01%,0xe0554a476a092703abdb3ef35c80e0d76d32939f
2023-03-19,643222,USDC-WETH,0.01%,0xe0554a476a092703abdb3ef35c80e0d76d32939f
2023-03-20,638693,USDC-WETH,0.01%,0xe0554a476a092703abdb3ef35c80e0d76d32939f
2023-03-21,588336,USDC-WETH,0.01%,0xe0554a476a092703abdb3ef35c80e0d76d32939f
2023-03-22,263327,USDC-WETH,0.01%,0xe0554a476a092703abdb3ef35c80e0d76d32939f
2023-03-23,323067,USDC-WETH,0.01%,0xe0554a476a092703abdb3ef35c80e0d76d32939f
2023-03-24,264619,USDC-WETH,0.01%,0xe0554a476a092703abdb3ef35c80e0d76d32939f
2023-03-25,315693,USDC-WETH,0.01%,0xe0554a476a092703abdb3ef35c80e0d76d32939f
2023-03-26,266774,USDC-WETH,0.01%,0xe0554a476a092703abdb3ef35c80e0d76d32939f
2023-03-27,304332,USDC-WETH,0.01%,0xe0554a476a092703abdb3ef35c80e0d76d32939f
2023-03-28,302633,USDC-WETH,0.01%,0xe0554a476a092703abdb3ef35c80e0d76d32939f
2023-03-29,266760,USDC-WETH,0.01%,0xe0554a476a092703abdb3ef35c80e0d76d32939f
2023-03-30,266869,USDC-WETH,0.01%,0xe0554a476a092703abdb3ef35c80e0d76d32939f
2023-03-31,1425590,USDC-WETH,0.01%,0xe0554a476a092703abdb3ef35c80e0d76d32939f
2023-04-01,1787253,USDC-WETH,0.01%,0xe0554a476a092703abdb3ef35c80e0d76d32939f
2023-04-02,1790672,USDC-WETH,0.01%,0xe0554a476a092703abdb3ef35c80e0d76d32939f
2023-04-03,1800619,USDC-WETH,0.01%,0xe0554a476a092703abdb3ef35c80e0d76d32939f
2023-04-04,280658,USDC-WETH,0.01%,0xe0554a476a092703abdb3ef35c80e0d76d32939f
2023-04-05,284002,USDC-WETH,0.01%,0xe0554a476a092703abdb3ef35c80e0d76d32939f
2023-04-06,336838,USDC-WETH,0.01%,0xe0554a476a092703abdb3ef35c80e0d76d32939f
2023-04-07,337152,USDC-WETH,0.01%,0xe0554a476a092703abdb3ef35c80e0d76d32939f
2023-04-08,335453,USDC-WETH,0.01%,0xe0554a476a092703abdb3ef35c80e0d76d32939f
2023-04-09,336686,USDC-WETH,0.01%,0xe0554a476a092703abdb3ef35c80e0d76d32939f
2023-04-10,287459,USDC-WETH,0.01%,0xe0554a476a092703abdb3ef35c80e0d76d32939f
2023-04-11,280163,USDC-WETH,0.01%,0xe0554a476a092703abdb3ef35c80e0d76d32939f
2023-04-12,225269,USDC-WETH,0.01%,0xe0554a476a092703abdb3ef35c80e0d76d32939f
2023-04-13,231982,USDC-WETH,0.01%,0xe0554a476a092703abdb3ef35c80e0d76d32939f
2023-04-14,425039,USDC-WETH,0.01%,0xe0554a476a092703abdb3ef35c80e0d76d32939f
2023-04-15,422525,USDC-WETH,0.01%,0xe0554a476a092703abdb3ef35c80e0d76d32939f
2023-04-16,427556,USDC-WETH,0.01%,0xe0554a476a092703abdb3ef35c80e0d76d32939f
2023-04-17,420585,USDC-WETH,0.01%,0xe0554a476a092703abdb3ef35c80e0d76d32939f
2023-04-18,423812,USDC-WETH,0.01%,0xe0554a476a092703abdb3ef35c80e0d76d32939f
2023-04-19,403401,USDC-WETH,0.01%,0xe0554a476a092703abdb3ef35c80e0d76d32939f
2023-04-20,399011,USDC-WETH,0.01%,0xe0554a476a092703abdb3ef35c80e0d76d32939f
2023-04-21,407351,USDC-WETH,0.01%,0xe0554a476a092703abdb3ef35c80e0d76d32939f
2023-04-22,412842,USDC-WETH,0.01%,0xe0554a476a092703abdb3ef35c80e0d76d32939f
2023-04-23,410447,USDC-WETH,0.01%,0xe0554a476a092703abdb3ef35c80e0d76d32939f
2023-04-24,381281,USDC-WETH,0.01%,0xe0554a476a092703abdb3ef35c80e0d76d32939f
2023-04-25,387335,USDC-WETH,0.01%,0xe0554a476a092703abdb3ef35c80e0d76d32939f
2023-04-26,385837,USDC-WETH,0.01%,0xe0554a476a092703abdb3ef35c80e0d76d32939f
2023-04-27,393186,USDC-WETH,0.01%,0xe0554a476a092703abdb3ef35c80e0d76d32939f
2023-04-28,391056,USDC-WETH,0.01%,0xe0554a476a092703abdb3ef35c80e0d76d32939f
2023-04-29,392395,USDC-WETH,0.01%,0xe0554a476a092703abdb3ef35c80e0d76d32939f
2023-04-30,390984,USDC-WETH,0.01%,0xe0554a476a092703abdb3ef35c80e0d76d32939f
2023-05-01,377801,USDC-WETH,0.01%,0xe0554a476a092703abdb3ef35c80e0d76d32939f
2023-05-02,387271,USDC-WETH,0.01%,0xe0554a476a092703abdb3ef35c80e0d76d32939f
2023-05-03,392736,USDC-WETH,0.01%,0xe0554a476a092703abdb3ef35c80e0d76d32939f
2023-05-04,386636,USDC-WETH,0.01%,0xe0554a476a092703abdb3ef35c80e0d76d32939f
2023-05-05,405927,USDC-WETH,0.01%,0xe0554a476a092703abdb3ef35c80e0d76d32939f
2023-05-06,391103,USDC-WETH,0.01%,0xe0554a476a092703abdb3ef35c80e0d76d32939f
2023-05-07,393119,USDC-WETH,0.01%,0xe0554a476a092703abdb3ef35c80e0d76d32939f
2023-05-08,382263,USDC-WETH,0.01%,0xe0554a476a092703abdb3ef35c80e0d76d32939f
2023-05-09,382115,USDC-WETH,0.01%,0xe0554a476a092703abdb3ef35c80e0d76d32939f
2023-05-10,381087,USDC-WETH,0.01%,0xe0554a476a092703abdb3ef35c80e0d76d32939f
2023-05-11,373166,USDC-WETH,0.01%,0xe0554a476a092703abdb3ef35c80e0d76d32939f
2023-05-12,360706,USDC-WETH,0.01%,0xe0554a476a092703abdb3ef35c80e0d76d32939f
2023-05-13,360511,USDC-WETH,0.01%,0xe0554a476a092703abdb3ef35c80e0d76d32939f
2023-05-14,360397,USDC-WETH,0.01%,0xe0554a476a092703abdb3ef35c80e0d76d32939f
2023-05-15,364154,USDC-WETH,0.01%,0xe0554a476a092703abdb3ef35c80e0d76d32939f
2023-05-16,363557,USDC-WETH,0.01%,0xe0554a476a092703abdb3ef35c80e0d76d32939f
2023-05-17,363996,USDC-WETH,0.01%,0xe0554a476a092703abdb3ef35c80e0d76d32939f
2023-05-18,361930,USDC-WETH,0.01%,0xe0554a476a092703abdb3ef35c80e0d76d32939f
2023-05-19,362324,USDC-WETH,0.01%,0xe0554a476a092703abdb3ef35c80e0d76d32939f
2023-05-20,363326,USDC-WETH,0.01%,0xe0554a476a092703abdb3ef35c80e0d76d32939f
2023-05-21,361202,USDC-WETH,0.01%,0xe0554a476a092703abdb3ef35c80e0d76d32939f
2023-05-22,363367,USDC-WETH,0.01%,0xe0554a476a092703abdb3ef35c80e0d76d32939f
2023-05-23,369044,USDC-WETH,0.01%,0xe0554a476a092703abdb3ef35c80e0d76d32939f
2023-05-24,369440,USDC-WETH,0.01%,0xe0554a476a092703abdb3ef35c80e0d76d32939f
2023-05-25,371009,USDC-WETH,0.01%,0xe0554a476a092703abdb3ef35c80e0d76d32939f
2023-05-26,374667,USDC-WETH,0.01%,0xe0554a476a092703abdb3ef35c80e0d76d32939f
2023-05-27,374854,USDC-WETH,0.01%,0xe0554a476a092703abdb3ef35c80e0d76d32939f
2023-05-28,385864,USDC-WETH,0.01%,0xe0554a476a092703abdb3ef35c80e0d76d32939f
2023-05-29,384204,USDC-WETH,0.01%,0xe0554a476a092703abdb3ef35c80e0d76d32939f
2023-05-30,386092,USDC-WETH,0.01%,0xe0554a476a092703abdb3ef35c80e0d76d32939f
2023-05-31,379910,USDC-WETH,0.01%,0xe0554a476a092703abdb3ef35c80e0d76d32939f
2023-06-01,380022,USDC-WETH,0.01%,0xe0554a476a092703abdb3ef35c80e0d76d32939f
2023-06-02,386336,USDC-WETH,0.01%,0xe0554a476a092703abdb3ef35c80e0d76d32939f
2023-06-03,383590,USDC-WETH,0.01%,0xe0554a476a092703abdb3ef35c80e0d76d32939f
2023-06-04,385891,USDC-WETH,0.01%,0xe0554a476a092703abdb3ef35c80e0d76d32939f
2023-06-05,369780,USDC-WETH,0.01%,0xe0554a476a092703abdb3ef35c80e0d76d32939f
2023-06-06,216423,USDC-WETH,0.01%,0xe0554a476a092703abdb3ef35c80e0d76d32939f
2023-06-07,215232,USDC-WETH,0.01%,0xe0554a476a092703abdb3ef35c80e0d76d32939f
2023-06-08,214005,USDC-WETH,0.01%,0xe0554a476a092703abdb3ef35c80e0d76d32939f
2023-06-09,213166,USDC-WETH,0.01%,0xe0554a476a092703abdb3ef35c80e0d76d32939f
2023-06-10,206341,USDC-WETH,0.01%,0xe0554a476a092703abdb3ef35c80e0d76d32939f
2023-06-11,206475,USDC-WETH,0.01%,0xe0554a476a092703abdb3ef35c80e0d76d32939f
2023-06-12,205356,USDC-WETH,0.01%,0xe0554a476a092703abdb3ef35c80e0d76d32939f
2023-06-13,204694,USDC-WETH,0.01%,0xe0554a476a092703abdb3ef35c80e0d76d32939f
2023-06-14,196999,USDC-WETH,0.01%,0xe0554a476a092703abdb3ef35c80e0d76d32939f
2023-06-15,198365,USDC-WETH,0.01%,0xe0554a476a092703abdb3ef35c80e0d76d32939f
2023-06-16,203227,USDC-WETH,0.01%,0xe0554a476a092703abdb3ef35c80e0d76d32939f
2023-06-17,204249,USDC-WETH,0.01%,0xe0554a476a092703abdb3ef35c80e0d76d32939f
2023-06-18,203821,USDC-WETH,0.01%,0xe0554a476a092703abdb3ef35c80e0d76d32939f
2023-06-19,204452,USDC-WETH,0.01%,0xe0554a476a092703abdb3ef35c80e0d76d32939f
2023-06-20,209160,USDC-WETH,0.01%,0xe0554a476a092703abdb3ef35c80e0d76d32939f
2023-06-21,217071,USDC-WETH,0.01%,0xe0554a476a092703abdb3ef35c80e0d76d32939f
2023-06-22,216260,USDC-WETH,0.01%,0xe0554a476a092703abdb3ef35c80e0d76d32939f
2023-06-23,217304,USDC-WETH,0.01%,0xe0554a476a092703abdb3ef35c80e0d76d32939f
2023-06-24,216147,USDC-WETH,0.01%,0xe0554a476a092703abdb3ef35c80e0d76d32939f
2023-06-25,218167,USDC-WETH,0.01%,0xe0554a476a092703abdb3ef35c80e0d76d32939f
2023-06-26,203962,USDC-WETH,0.01%,0xe0554a476a092703abdb3ef35c80e0d76d32939f
2023-06-27,206095,USDC-WETH,0.01%,0xe0554a476a092703abdb3ef35c80e0d76d32939f
2023-06-28,201623,USDC-WETH,0.01%,0xe0554a476a092703abdb3ef35c80e0d76d32939f
2023-06-29,27944,USDC-WETH,0.01%,0xe0554a476a092703abdb3ef35c80e0d76d32939f
2023-06-30,28224,USDC-WETH,0.01%,0xe0554a476a092703abdb3ef35c80e0d76d32939f
2023-07-01,28184,USDC-WETH,0.01%,0xe0554a476a092703abdb3ef35c80e0d76d32939f
2023-07-02,28251,USDC-WETH,0.01%,0xe0554a476a092703abdb3ef35c80e0d76d32939f
2023-07-03,28302,USDC-WETH,0.01%,0xe0554a476a092703abdb3ef35c80e0d76d32939f
2023-07-04,28254,USDC-WETH,0.01%,0xe0554a476a092703abdb3ef35c80e0d76d32939f
2023-07-05,31765,USDC-WETH,0.01%,0xe0554a476a092703abdb3ef35c80e0d76d32939f
2023-07-06,28026,USDC-WETH,0.01%,0xe0554a476a092703abdb3ef35c80e0d76d32939f
2023-07-07,28001,USDC-WETH,0.01%,0xe0554a476a092703abdb3ef35c80e0d76d32939f
2023-07-08,27994,USDC-WETH,0.01%,0xe0554a476a092703abdb3ef35c80e0d76d32939f
2023-07-09,27993,USDC-WETH,0.01%,0xe0554a476a092703abdb3ef35c80e0d76d32939f
2023-07-10,28027,USDC-WETH,0.01%,0xe0554a476a092703abdb3ef35c80e0d76d32939f
2023-07-11,28031,USDC-WETH,0.01%,0xe0554a476a092703abdb3ef35c80e0d76d32939f
2023-07-12,28036,USDC-WETH,0.01%,0xe0554a476a092703abdb3ef35c80e0d76d32939f
2023-07-13,28453,USDC-WETH,0.01%,0xe0554a476a092703abdb3ef35c80e0d76d32939f
2023-07-14,28203,USDC-WETH,0.01%,0xe0554a476a092703abdb3ef35c80e0d76d32939f
2023-07-15,28213,USDC-WETH,0.01%,0xe0554a476a092703abdb3ef35c80e0d76d32939f
2023-07-16,28191,USDC-WETH,0.01%,0xe0554a476a092703abdb3ef35c80e0d76d32939f
2023-07-17,28068,USDC-WETH,0.01%,0xe0554a476a092703abdb3ef35c80e0d76d32939f
2023-07-18,28076,USDC-WETH,0.01%,0xe0554a476a092703abdb3ef35c80e0d76d32939f
2023-07-19,28050,USDC-WETH,0.01%,0xe0554a476a092703abdb3ef35c80e0d76d32939f
2023-07-20,28066,USDC-WETH,0.01%,0xe0554a476a092703abdb3ef35c80e0d76d32939f
2023-07-21,28063,USDC-WETH,0.01%,0xe0554a476a092703abdb3ef35c80e0d76d32939f
2023-07-22,28038,USDC-WETH,0.01%,0xe0554a476a092703abdb3ef35c80e0d76d32939f
2023-07-23,28063,USDC-WETH,0.01%,0xe0554a476a092703abdb3ef35c80e0d76d32939f
2023-07-24,27918,USDC-WETH,0.01%,0xe0554a476a092703abdb3ef35c80e0d76d32939f
2023-07-25,27951,USDC-WETH,0.01%,0xe0554a476a092703abdb3ef35c80e0d76d32939f
2023-07-26,27819,USDC-WETH,0.01%,0xe0554a476a092703abdb3ef35c80e0d76d32939f
2023-07-27,27757,USDC-WETH,0.01%,0xe0554a476a092703abdb3ef35c80e0d76d32939f
2023-07-28,27822,USDC-WETH,0.01%,0xe0554a476a092703abdb3ef35c80e0d76d32939f
2023-07-29,27840,USDC-WETH,0.01%,0xe0554a476a092703abdb3ef35c80e0d76d32939f
2023-07-30,27782,USDC-WETH,0.01%,0xe0554a476a092703abdb3ef35c80e0d76d32939f
2023-07-31,27770,USDC-WETH,0.01%,0xe0554a476a092703abdb3ef35c80e0d76d32939f
2023-08-01,27759,USDC-WETH,0.01%,0xe0554a476a092703abdb3ef35c80e0d76d32939f
2023-08-02,27725,USDC-WETH,0.01%,0xe0554a476a092703abdb3ef35c80e0d76d32939f
2023-08-03,28171,USDC-WETH,0.01%,0xe0554a476a092703abdb3ef35c80e0d76d32939f
2023-08-04,28134,USDC-WETH,0.01%,0xe0554a476a092703abdb3ef35c80e0d76d32939f
2023-08-05,28159,USDC-WETH,0.01%,0xe0554a476a092703abdb3ef35c80e0d76d32939f
2023-08-06,28175,USDC-WETH,0.01%,0xe0554a476a092703abdb3ef35c80e0d76d32939f
2023-08-07,28163,USDC-WETH,0.01%,0xe0554a476a092703abdb3ef35c80e0d76d32939f
2023-08-08,28206,USDC-WETH,0.01%,0xe0554a476a092703abdb3ef35c80e0d76d32939f
2023-08-29,27473,USDC-WETH,0.01%,0xe0554a476a092703abdb3ef35c80e0d76d32939f
2023-08-30,26814,USDC-WETH,0.01%,0xe0554a476a092703abdb3ef35c80e0d76d32939f
2023-08-31,26332,USDC-WETH,0.01%,0xe0554a476a092703abdb3ef35c80e0d76d32939f
2023-09-01,26263,USDC-WETH,0.01%,0xe0554a476a092703abdb3ef35c80e0d76d32939f
2023-09-04,26069,USDC-WETH,0.01%,0xe0554a476a092703abdb3ef35c80e0d76d32939f
2023-09-05,26169,USDC-WETH,0.01%,0xe0554a476a092703abdb3ef35c80e0d76d32939f
2023-09-06,26140,USDC-WETH,0.01%,0xe0554a476a092703abdb3ef35c80e0d76d32939f
2023-09-07,26351,USDC-WETH,0.01%,0xe0554a476a092703abdb3ef35c80e0d76d32939f
2023-09-08,26170,USDC-WETH,0.01%,0xe0554a476a092703abdb3ef35c80e0d76d32939f
2023-09-09,26210,USDC-WETH,0.01%,0xe0554a476a092703abdb3ef35c80e0d76d32939f
2023-09-10,26048,USDC-WETH,0.01%,0xe0554a476a092703abdb3ef35c80e0d76d32939f
2023-09-11,25386,USDC-WETH,0.01%,0xe0554a476a092703abdb3ef35c80e0d76d32939f
2023-09-12,25793,USDC-WETH,0.01%,0xe0554a476a092703abdb3ef35c80e0d76d32939f
2023-09-13,25918,USDC-WETH,0.01%,0xe0554a476a092703abdb3ef35c80e0d76d32939f
2023-09-14,26130,USDC-WETH,0.01%,0xe0554a476a092703abdb3ef35c80e0d76d32939f
2023-09-15,26295,USDC-WETH,0.01%,0xe0554a476a092703abdb3ef35c80e0d76d32939f
2023-09-16,26187,USDC-WETH,0.01%,0xe0554a476a092703abdb3ef35c80e0d76d32939f
2023-09-17,26037,USDC-WETH,0.01%,0xe0554a476a092703abdb3ef35c80e0d76d32939f
2023-09-18,26247,USDC-WETH,0.01%,0xe0554a476a092703abdb3ef35c80e0d76d32939f
2023-09-19,26244,USDC-WETH,0.01%,0xe0554a476a092703abdb3ef35c80e0d76d32939f
2023-09-20,26059,USDC-WETH,0.01%,0xe0554a476a092703abdb3ef35c80e0d76d32939f
2023-09-21,25740,USDC-WETH,0.01%,0xe0554a476a092703abdb3ef35c80e0d76d32939f
2023-09-22,25795,USDC-WETH,0.01%,0xe0554a476a092703abdb3ef35c80e0d76d32939f
2023-09-23,25782,USDC-WETH,0.01%,0xe0554a476a092703abdb3ef35c80e0d76d32939f
2023-09-24,25751,USDC-WETH,0.01%,0xe0554a476a092703abdb3ef35c80e0d76d32939f
2023-09-25,25713,USDC-WETH,0.01%,0xe0554a476a092703abdb3ef35c80e0d76d32939f
2023-09-26,25755,USDC-WETH,0.01%,0xe0554a476a092703abdb3ef35c80e0d76d32939f
2023-09-27,25828,USDC-WETH,0.01%,0xe0554a476a092703abdb3ef35c80e0d76d32939f
2023-09-28,26315,USDC-WETH,0.01%,0xe0554a476a092703abdb3ef35c80e0d76d32939f
2023-09-29,26468,USDC-WETH,0.01%,0xe0554a476a092703abdb3ef35c80e0d76d32939f
2023-09-30,26548,USDC-WETH,0.01%,0xe0554a476a092703abdb3ef35c80e0d76d32939f
2023-10-01,27053,USDC-WETH,0.01%,0xe0554a476a092703abdb3ef35c80e0d76d32939f
2023-10-02,26407,USDC-WETH,0.01%,0xe0554a476a092703abdb3ef35c80e0d76d32939f
2023-10-03,26358,USDC-WETH,0.01%,0xe0554a476a092703abdb3ef35c80e0d76d32939f
2023-10-04,26302,USDC-WETH,0.01%,0xe0554a476a092703abdb3ef35c80e0d76d32939f
2023-10-05,26026,USDC-WETH,0.01%,0xe0554a476a092703abdb3ef35c80e0d76d32939f
2023-10-06,26273,USDC-WETH,0.01%,0xe0554a476a092703abdb3ef35c80e0d76d32939f
2023-10-07,29260,USDC-WETH,0.01%,0xe0554a476a092703abdb3ef35c80e0d76d32939f
2023-10-08,29219,USDC-WETH,0.01%,0xe0554a476a092703abdb3ef35c80e0d76d32939f
2023-10-09,28623,USDC-WETH,0.01%,0xe0554a476a092703abdb3ef35c80e0d76d32939f
2023-10-10,28507,USDC-WETH,0.01%,0xe0554a476a092703abdb3ef35c80e0d76d32939f
2023-10-11,28499,USDC-WETH,0.01%,0xe0554a476a092703abdb3ef35c80e0d76d32939f
2023-10-12,28167,USDC-WETH,0.01%,0xe0554a476a092703abdb3ef35c80e0d76d32939f
2023-10-13,28330,USDC-WETH,0.01%,0xe0554a476a092703abdb3ef35c80e0d76d32939f
2023-10-14,28376,USDC-WETH,0.01%,0xe0554a476a092703abdb3ef35c80e0d76d32939f
2023-10-15,28340,USDC-WETH,0.01%,0xe0554a476a092703abdb3ef35c80e0d76d32939f
2023-10-16,28743,USDC-WETH,0.01%,0xe0554a476a092703abdb3ef35c80e0d76d32939f
2023-10-17,28421,USDC-WETH,0.01%,0xe0554a476a092703abdb3ef35c80e0d76d32939f
2023-10-18,28442,USDC-WETH,0.01%,0xe0554a476a092703abdb3ef35c80e0d76d32939f
2023-10-19,28427,USDC-WETH,0.01%,0xe0554a476a092703abdb3ef35c80e0d76d32939f
2023-10-20,30851,USDC-WETH,0.01%,0xe0554a476a092703abdb3ef35c80e0d76d32939f
2023-10-21,30758,USDC-WETH,0.01%,0xe0554a476a092703abdb3ef35c80e0d76d32939f
2023-10-22,29432,USDC-WETH,0.01%,0xe0554a476a092703abdb3ef35c80e0d76d32939f
2023-10-23,31537,USDC-WETH,0.01%,0xe0554a476a092703abdb3ef35c80e0d76d32939f
2023-10-24,31839,USDC-WETH,0.01%,0xe0554a476a092703abdb3ef35c80e0d76d32939f
2023-10-25,31900,USDC-WETH,0.01%,0xe0554a476a092703abdb3ef35c80e0d76d32939f
2023-10-26,27703,USDC-WETH,0.01%,0xe0554a476a092703abdb3ef35c80e0d76d32939f
2023-10-27,27529,USDC-WETH,0.01%,0xe0554a476a092703abdb3ef35c80e0d76d32939f
2023-10-28,27590,USDC-WETH,0.01%,0xe0554a476a092703abdb3ef35c80e0d76d32939f
2023-10-29,27770,USDC-WETH,0.01%,0xe0554a476a092703abdb3ef35c80e0d76d32939f
2023-10-30,27800,USDC-WETH,0.01%,0xe0554a476a092703abdb3ef35c80e0d76d32939f
2023-10-31,27781,USDC-WETH,0.01%,0xe0554a476a092703abdb3ef35c80e0d76d32939f
2023-11-01,27929,USDC-WETH,0.01%,0xe0554a476a092703abdb3ef35c80e0d76d32939f
2023-11-02,117976,USDC-WETH,0.01%,0xe0554a476a092703abdb3ef35c80e0d76d32939f
2023-11-03,119293,USDC-WETH,0.01%,0xe0554a476a092703abdb3ef35c80e0d76d32939f
2023-11-04,120525,USDC-WETH,0.01%,0xe0554a476a092703abdb3ef35c80e0d76d32939f
2023-11-05,121850,USDC-WETH,0.01%,0xe0554a476a092703abdb3ef35c80e0d76d32939f
2023-11-06,122384,USDC-WETH,0.01%,0xe0554a476a092703abdb3ef35c80e0d76d32939f
2023-11-07,121734,USDC-WETH,0.01%,0xe0554a476a092703abdb3ef35c80e0d76d32939f
2023-11-08,122297,USDC-WETH,0.01%,0xe0554a476a092703abdb3ef35c80e0d76d32939f
2023-11-09,124887,USDC-WETH,0.01%,0xe0554a476a092703abdb3ef35c80e0d76d32939f
2023-11-10,29769,USDC-WETH,0.01%,0xe0554a476a092703abdb3ef35c80e0d76d32939f
2023-11-11,172034,USDC-WETH,0.01%,0xe0554a476a092703abdb3ef35c80e0d76d32939f
2023-11-12,29612,USDC-WETH,0.01%,0xe0554a476a092703abdb3ef35c80e0d76d32939f
2023-11-13,684112,USDC-WETH,0.01%,0xe0554a476a092703abdb3ef35c80e0d76d32939f
2023-11-14,1854093,USDC-WETH,0.01%,0xe0554a476a092703abdb3ef35c80e0d76d32939f
2023-11-15,1891554,USDC-WETH,0.01%,0xe0554a476a092703abdb3ef35c80e0d76d32939f
2023-11-16,33220,USDC-WETH,0.01%,0xe0554a476a092703abdb3ef35c80e0d76d32939f
2023-11-17,29629,USDC-WETH,0.01%,0xe0554a476a092703abdb3ef35c80e0d76d32939f
2023-11-18,29255,USDC-WETH,0.01%,0xe0554a476a092703abdb3ef35c80e0d76d32939f
2023-11-19,29367,USDC-WETH,0.01%,0xe0554a476a092703abdb3ef35c80e0d76d32939f
2023-11-20,29535,USDC-WETH,0.01%,0xe0554a476a092703abdb3ef35c80e0d76d32939f
2023-11-21,29301,USDC-WETH,0.01%,0xe0554a476a092703abdb3ef35c80e0d76d32939f
2023-11-22,29795,USDC-WETH,0.01%,0xe0554a476a092703abdb3ef35c80e0d76d32939f
2023-11-23,29792,USDC-WETH,0.01%,0xe0554a476a092703abdb3ef35c80e0d76d32939f
2023-11-24,29763,USDC-WETH,0.01%,0xe0554a476a092703abdb3ef35c80e0d76d32939f
2023-11-25,29830,USDC-WETH,0.01%,0xe0554a476a092703abdb3ef35c80e0d76d32939f
2023-11-26,29794,USDC-WETH,0.01%,0xe0554a476a092703abdb3ef35c80e0d76d32939f
2023-11-27,29616,USDC-WETH,0.01%,0xe0554a476a092703abdb3ef35c80e0d76d32939f
2023-11-28,29705,USDC-WETH,0.01%,0xe0554a476a092703abdb3ef35c80e0d76d32939f
2023-11-29,29634,USDC-WETH,0.01%,0xe0554a476a092703abdb3ef35c80e0d76d32939f
2023-11-30,29707,USDC-WETH,0.01%,0xe0554a476a092703abdb3ef35c80e0d76d32939f
2023-12-01,29835,USDC-WETH,0.01%,0xe0554a476a092703abdb3ef35c80e0d76d32939f
2023-12-02,30098,USDC-WETH,0.01%,0xe0554a476a092703abdb3ef35c80e0d76d32939f
2023-12-03,29348,USDC-WETH,0.01%,0xe0554a476a092703abdb3ef35c80e0d76d32939f
2023-12-04,28458,USDC-WETH,0.01%,0xe0554a476a092703abdb3ef35c80e0d76d32939f
2023-12-05,28608,USDC-WETH,0.01%,0xe0554a476a092703abdb3ef35c80e0d76d32939f
2023-12-06,28602,USDC-WETH,0.01%,0xe0554a476a092703abdb3ef35c80e0d76d32939f
2023-12-07,28913,USDC-WETH,0.01%,0xe0554a476a092703abdb3ef35c80e0d76d32939f
2023-12-08,28758,USDC-WETH,0.01%,0xe0554a476a092703abdb3ef35c80e0d76d32939f
2023-12-09,28771,USDC-WETH,0.01%,0xe0554a476a092703abdb3ef35c80e0d76d32939f
2023-12-10,28801,USDC-WETH,0.01%,0xe0554a476a092703abdb3ef35c80e0d76d32939f
2023-12-11,28353,USDC-WETH,0.01%,0xe0554a476a092703abdb3ef35c80e0d76d32939f
2023-12-12,28417,USDC-WETH,0.01%,0xe0554a476a092703abdb3ef35c80e0d76d32939f
2023-12-13,28615,USDC-WETH,0.01%,0xe0554a476a092703abdb3ef35c80e0d76d32939f
2023-12-14,28756,USDC-WETH,0.01%,0xe0554a476a092703abdb3ef35c80e0d76d32939f
2023-12-15,28600,USDC-WETH,0.01%,0xe0554a476a092703abdb3ef35c80e0d76d32939f
2023-12-16,28603,USDC-WETH,0.01%,0xe0554a476a092703abdb3ef35c80e0d76d32939f
2023-12-17,28492,USDC-WETH,0.01%,0xe0554a476a092703abdb3ef35c80e0d76d32939f
2023-12-18,28529,USDC-WETH,0.01%,0xe0554a476a092703abdb3ef35c80e0d76d32939f
2023-12-19,28426,USDC-WETH,0.01%,0xe0554a476a092703abdb3ef35c80e0d76d32939f
2023-12-20,28414,USDC-WETH,0.01%,0xe0554a476a092703abdb3ef35c80e0d76d32939f
2023-12-21,28573,USDC-WETH,0.01%,0xe0554a476a092703abdb3ef35c80e0d76d32939f
2023-12-22,28845,USDC-WETH,0.01%,0xe0554a476a092703abdb3ef35c80e0d76d32939f
2023-12-23,28777,USDC-WETH,0.01%,0xe0554a476a092703abdb3ef35c80e0d76d32939f
2023-12-24,28736,USDC-WETH,0.01%,0xe0554a476a092703abdb3ef35c80e0d76d32939f
2023-12-25,28730,USDC-WETH,0.01%,0xe0554a476a092703abdb3ef35c80e0d76d32939f
2023-12-26,28548,USDC-WETH,0.01%,0xe0554a476a092703abdb3ef35c80e0d76d32939f
2023-12-27,28960,USDC-WETH,0.01%,0xe0554a476a092703abdb3ef35c80e0d76d32939f
2023-12-28,28967,USDC-WETH,0.01%,0xe0554a476a092703abdb3ef35c80e0d76d32939f
2023-12-29,28706,USDC-WETH,0.01%,0xe0554a476a092703abdb3ef35c80e0d76d32939f
2023-12-30,28761,USDC-WETH,0.01%,0xe0554a476a092703abdb3ef35c80e0d76d32939f
2023-12-31,28688,USDC-WETH,0.01%,0xe0554a476a092703abdb3ef35c80e0d76d32939f
2024-01-01,28921,USDC-WETH,0.01%,0xe0554a476a092703abdb3ef35c80e0d76d32939f
2024-01-02,28298,USDC-WETH,0.01%,0xe0554a476a092703abdb3ef35c80e0d76d32939f
2024-01-03,27669,USDC-WETH,0.01%,0xe0554a476a092703abdb3ef35c80e0d76d32939f
2024-01-04,27889,USDC-WETH,0.01%,0xe0554a476a092703abdb3ef35c80e0d76d32939f
2024-01-05,27823,USDC-WETH,0.01%,0xe0554a476a092703abdb3ef35c80e0d76d32939f
2024-01-06,27754,USDC-WETH,0.01%,0xe0554a476a092703abdb3ef35c80e0d76d32939f
2024-01-07,27723,USDC-WETH,0.01%,0xe0554a476a092703abdb3ef35c80e0d76d32939f
2024-01-08,28096,USDC-WETH,0.01%,0xe0554a476a092703abdb3ef35c80e0d76d32939f
2024-01-09,528930,USDC-WETH,0.01%,0xe0554a476a092703abdb3ef35c80e0d76d32939f
2024-01-10,27825,USDC-WETH,0.01%,0xe0554a476a092703abdb3ef35c80e0d76d32939f
2024-01-11,27990,USDC-WETH,0.01%,0xe0554a476a092703abdb3ef35c80e0d76d32939f
2024-01-12,27693,USDC-WETH,0.01%,0xe0554a476a092703abdb3ef35c80e0d76d32939f
2024-01-13,27903,USDC-WETH,0.01%,0xe0554a476a092703abdb3ef35c80e0d76d32939f
2024-01-14,27694,USDC-WETH,0.01%,0xe0554a476a092703abdb3ef35c80e0d76d32939f
2024-01-15,27737,USDC-WETH,0.01%,0xe0554a476a092703abdb3ef35c80e0d76d32939f
2024-01-16,27995,USDC-WETH,0.01%,0xe0554a476a092703abdb3ef35c80e0d76d32939f
2024-01-17,27727,USDC-WETH,0.01%,0xe0554a476a092703abdb3ef35c80e0d76d32939f
2024-01-18,27542,USDC-WETH,0.01%,0xe0554a476a092703abdb3ef35c80e0d76d32939f
2024-01-19,27646,USDC-WETH,0.01%,0xe0554a476a092703abdb3ef35c80e0d76d32939f
2024-01-20,27574,USDC-WETH,0.01%,0xe0554a476a092703abdb3ef35c80e0d76d32939f
2024-01-21,27584,USDC-WETH,0.01%,0xe0554a476a092703abdb3ef35c80e0d76d32939f
2024-01-22,27259,USDC-WETH,0.01%,0xe0554a476a092703abdb3ef35c80e0d76d32939f
2024-01-23,26810,USDC-WETH,0.01%,0xe0554a476a092703abdb3ef35c80e0d76d32939f
2024-01-24,26818,USDC-WETH,0.01%,0xe0554a476a092703abdb3ef35c80e0d76d32939f
2024-01-25,26807,USDC-WETH,0.01%,0xe0554a476a092703abdb3ef35c80e0d76d32939f
2024-01-26,26920,USDC-WETH,0.01%,0xe0554a476a092703abdb3ef35c80e0d76d32939f
2024-01-27,26958,USDC-WETH,0.01%,0xe0554a476a092703abdb3ef35c80e0d76d32939f
2024-01-28,30955,USDC-WETH,0.01%,0xe0554a476a092703abdb3ef35c80e0d76d32939f
2024-01-29,31244,USDC-WETH,0.01%,0xe0554a476a092703abdb3ef35c80e0d76d32939f
2024-01-30,27252,USDC-WETH,0.01%,0xe0554a476a092703abdb3ef35c80e0d76d32939f
2024-01-31,26960,USDC-WETH,0.01%,0xe0554a476a092703abdb3ef35c80e0d76d32939f
2024-02-01,27069,USDC-WETH,0.01%,0xe0554a476a092703abdb3ef35c80e0d76d32939f
2024-02-02,27092,USDC-WETH,0.01%,0xe0554a476a092703abdb3ef35c80e0d76d32939f
2024-02-03,27040,USDC-WETH,0.01%,0xe0554a476a092703abdb3ef35c80e0d76d32939f
2024-02-04,26995,USDC-WETH,0.01%,0xe0554a476a092703abdb3ef35c80e0d76d32939f
2024-02-05,27058,USDC-WETH,0.01%,0xe0554a476a092703abdb3ef35c80e0d76d32939f
2024-02-06,27304,USDC-WETH,0.01%,0xe0554a476a092703abdb3ef35c80e0d76d32939f
2024-02-07,27411,USDC-WETH,0.01%,0xe0554a476a092703abdb3ef35c80e0d76d32939f
2024-02-08,27450,USDC-WETH,0.01%,0xe0554a476a092703abdb3ef35c80e0d76d32939f
2024-02-09,27661,USDC-WETH,0.01%,0xe0554a476a092703abdb3ef35c80e0d76d32939f
2024-02-10,27709,USDC-WETH,0.01%,0xe0554a476a092703abdb3ef35c80e0d76d32939f
2024-02-11,323806,USDC-WETH,0.01%,0xe0554a476a092703abdb3ef35c80e0d76d32939f
2024-02-12,328637,USDC-WETH,0.01%,0xe0554a476a092703abdb3ef35c80e0d76d32939f
2024-02-13,28117,USDC-WETH,0.01%,0xe0554a476a092703abdb3ef35c80e0d76d32939f
2024-02-14,30398,USDC-WETH,0.01%,0xe0554a476a092703abdb3ef35c80e0d76d32939f
2024-02-15,28662,USDC-WETH,0.01%,0xe0554a476a092703abdb3ef35c80e0d76d32939f
2024-02-16,28551,USDC-WETH,0.01%,0xe0554a476a092703abdb3ef35c80e0d76d32939f
2024-02-17,29952,USDC-WETH,0.01%,0xe0554a476a092703abdb3ef35c80e0d76d32939f
2024-02-18,30252,USDC-WETH,0.01%,0xe0554a476a092703abdb3ef35c80e0d76d32939f
2024-02-19,29247,USDC-WETH,0.01%,0xe0554a476a092703abdb3ef35c80e0d76d32939f
2024-02-20,29044,USDC-WETH,0.01%,0xe0554a476a092703abdb3ef35c80e0d76d32939f
2024-02-21,28827,USDC-WETH,0.01%,0xe0554a476a092703abdb3ef35c80e0d76d32939f
2024-02-22,29026,USDC-WETH,0.01%,0xe0554a476a092703abdb3ef35c80e0d76d32939f
2024-02-23,28877,USDC-WETH,0.01%,0xe0554a476a092703abdb3ef35c80e0d76d32939f
2024-02-24,29033,USDC-WETH,0.01%,0xe0554a476a092703abdb3ef35c80e0d76d32939f
2024-02-25,29351,USDC-WETH,0.01%,0xe0554a476a092703abdb3ef35c80e0d76d32939f
2024-02-26,29627,USDC-WETH,0.01%,0xe0554a476a092703abdb3ef35c80e0d76d32939f
2024-02-27,29702,USDC-WETH,0.01%,0xe0554a476a092703abdb3ef35c80e0d76d32939f
2024-02-28,30084,USDC-WETH,0.01%,0xe0554a476a092703abdb3ef35c80e0d76d32939f
2024-02-29,30161,USDC-WETH,0.01%,0xe0554a476a092703abdb3ef35c80e0d76d32939f
2024-03-01,30354,USDC-WETH,0.01%,0xe0554a476a092703abdb3ef35c80e0d76d32939f
2024-03-02,30281,USDC-WETH,0.01%,0xe0554a476a092703abdb3ef35c80e0d76d32939f
2024-03-03,30453,USDC-WETH,0.01%,0xe0554a476a092703abdb3ef35c80e0d76d32939f
2024-03-04,30862,USDC-WETH,0.01%,0xe0554a476a092703abdb3ef35c80e0d76d32939f
2024-03-05,30606,USDC-WETH,0.01%,0xe0554a476a092703abdb3ef35c80e0d76d32939f
2024-03-06,31631,USDC-WETH,0.01%,0xe0554a476a092703abdb3ef35c80e0d76d32939f
2024-03-07,31761,USDC-WETH,0.01%,0xe0554a476a092703abdb3ef35c80e0d76d32939f
2024-03-08,31763,USDC-WETH,0.01%,0xe0554a476a092703abdb3ef35c80e0d76d32939f
2024-03-09,31816,USDC-WETH,0.01%,0xe0554a476a092703abdb3ef35c80e0d76d32939f
2024-03-10,36812,USDC-WETH,0.01%,0xe0554a476a092703abdb3ef35c80e0d76d32939f
2024-03-11,37748,USDC-WETH,0.01%,0xe0554a476a092703abdb3ef35c80e0d76d32939f
2024-03-12,37380,USDC-WETH,0.01%,0xe0554a476a092703abdb3ef35c80e0d76d32939f
2024-03-13,37521,USDC-WETH,0.01%,0xe0554a476a092703abdb3ef35c80e0d76d32939f
2024-03-14,37107,USDC-WETH,0.01%,0xe0554a476a092703abdb3ef35c80e0d76d32939f
2024-03-15,36639,USDC-WETH,0.01%,0xe0554a476a092703abdb3ef35c80e0d76d32939f
2024-03-16,35865,USDC-WETH,0.01%,0xe0554a476a092703abdb3ef35c80e0d76d32939f
2024-03-17,36180,USDC-WETH,0.01%,0xe0554a476a092703abdb3ef35c80e0d76d32939f
2024-03-18,35790,USDC-WETH,0.01%,0xe0554a476a092703abdb3ef35c80e0d76d32939f
2024-03-19,34330,USDC-WETH,0.01%,0xe0554a476a092703abdb3ef35c80e0d76d32939f
2024-03-20,34060,USDC-WETH,0.01%,0xe0554a476a092703abdb3ef35c80e0d76d32939f
2024-03-22,87381,USDC-WETH,0.01%,0xe0554a476a092703abdb3ef35c80e0d76d32939f
2024-03-23,89348,USDC-WETH,0.01%,0xe0554a476a092703abdb3ef35c80e0d76d32939f
2024-03-24,90453,USDC-WETH,0.01%,0xe0554a476a092703abdb3ef35c80e0d76d32939f
2024-03-25,36066,USDC-WETH,0.01%,0xe0554a476a092703abdb3ef35c80e0d76d32939f
2024-03-26,36065,USDC-WETH,0.01%,0xe0554a476a092703abdb3ef35c80e0d76d32939f
2024-03-27,35693,USDC-WETH,0.01%,0xe0554a476a092703abdb3ef35c80e0d76d32939f
2024-03-28,35907,USDC-WETH,0.01%,0xe0554a476a092703abdb3ef35c80e0d76d32939f
2024-03-29,35753,USDC-WETH,0.01%,0xe0554a476a092703abdb3ef35c80e0d76d32939f
2024-03-30,35695,USDC-WETH,0.01%,0xe0554a476a092703abdb3ef35c80e0d76d32939f
2024-03-31,36216,USDC-WETH,0.01%,0xe0554a476a092703abdb3ef35c80e0d76d32939f
2024-04-01,35690,USDC-WETH,0.01%,0xe0554a476a092703abdb3ef35c80e0d76d32939f
2024-04-02,34783,USDC-WETH,0.01%,0xe0554a476a092703abdb3ef35c80e0d76d32939f
2024-04-03,34862,USDC-WETH,0.01%,0xe0554a476a092703abdb3ef35c80e0d76d32939f
2024-04-04,34893,USDC-WETH,0.01%,0xe0554a476a092703abdb3ef35c80e0d76d32939f
2024-04-05,34824,USDC-WETH,0.01%,0xe0554a476a092703abdb3ef35c80e0d76d32939f
2024-04-06,35157,USDC-WETH,0.01%,0xe0554a476a092703abdb3ef35c80e0d76d32939f
2024-04-07,30321,USDC-WETH,0.01%,0xe0554a476a092703abdb3ef35c80e0d76d32939f
2024-04-08,31272,USDC-WETH,0.01%,0xe0554a476a092703abdb3ef35c80e0d76d32939f
2024-04-09,30613,USDC-WETH,0.01%,0xe0554a476a092703abdb3ef35c80e0d76d32939f
2024-04-10,30632,USDC-WETH,0.01%,0xe0554a476a092703abdb3ef35c80e0d76d32939f
2024-04-11,30610,USDC-WETH,0.01%,0xe0554a476a092703abdb3ef35c80e0d76d32939f
2024-04-12,29737,USDC-WETH,0.01%,0xe0554a476a092703abdb3ef35c80e0d76d32939f
2024-04-13,29123,USDC-WETH,0.01%,0xe0554a476a092703abdb3ef35c80e0d76d32939f
2024-04-14,29617,USDC-WETH,0.01%,0xe0554a476a092703abdb3ef35c80e0d76d32939f
2024-04-15,29430,USDC-WETH,0.01%,0xe0554a476a092703abdb3ef35c80e0d76d32939f
2024-04-16,29357,USDC-WETH,0.01%,0xe0554a476a092703abdb3ef35c80e0d76d32939f
2024-04-17,27779,USDC-WETH,0.01%,0xe0554a476a092703abdb3ef35c80e0d76d32939f
2024-04-18,27958,USDC-WETH,0.01%,0xe0554a476a092703abdb3ef35c80e0d76d32939f
2024-04-19,27979,USDC-WETH,0.01%,0xe0554a476a092703abdb3ef35c80e0d76d32939f
2024-04-20,28189,USDC-WETH,0.01%,0xe0554a476a092703abdb3ef35c80e0d76d32939f
2024-04-21,28079,USDC-WETH,0.01%,0xe0554a476a092703abdb3ef35c80e0d76d32939f
2024-04-22,28254,USDC-WETH,0.01%,0xe0554a476a092703abdb3ef35c80e0d76d32939f
2024-04-23,28245,USDC-WETH,0.01%,0xe0554a476a092703abdb3ef35c80e0d76d32939f
2024-04-24,27997,USDC-WETH,0.01%,0xe0554a476a092703abdb3ef35c80e0d76d32939f
2024-04-25,28092,USDC-WETH,0.01%,0xe0554a476a092703abdb3ef35c80e0d76d32939f
2024-04-26,27980,USDC-WETH,0.01%,0xe0554a476a092703abdb3ef35c80e0d76d32939f
2024-04-29,28339,USDC-WETH,0.01%,0xe0554a476a092703abdb3ef35c80e0d76d32939f
2024-04-30,27749,USDC-WETH,0.01%,0xe0554a476a092703abdb3ef35c80e0d76d32939f
2024-05-01,27620,USDC-WETH,0.01%,0xe0554a476a092703abdb3ef35c80e0d76d32939f
2024-05-02,27726,USDC-WETH,0.01%,0xe0554a476a092703abdb3ef35c80e0d76d32939f
2024-05-03,28077,USDC-WETH,0.01%,0xe0554a476a092703abdb3ef35c80e0d76d32939f
2024-05-04,28083,USDC-WETH,0.01%,0xe0554a476a092703abdb3ef35c80e0d76d32939f
2024-05-05,28143,USDC-WETH,0.01%,0xe0554a476a092703abdb3ef35c80e0d76d32939f
2024-05-06,27908,USDC-WETH,0.01%,0xe0554a476a092703abdb3ef35c80e0d76d32939f
2024-05-07,27792,USDC-WETH,0.01%,0xe0554a476a092703abdb3ef35c80e0d76d32939f
2024-05-08,27559,USDC-WETH,0.01%,0xe0554a476a092703abdb3ef35c80e0d76d32939f
2024-05-09,27823,USDC-WETH,0.01%,0xe0554a476a092703abdb3ef35c80e0d76d32939f
2024-05-10,27397,USDC-WETH,0.01%,0xe0554a476a092703abdb3ef35c80e0d76d32939f
2024-05-11,27433,USDC-WETH,0.01%,0xe0554a476a092703abdb3ef35c80e0d76d32939f
2024-05-12,27474,USDC-WETH,0.01%,0xe0554a476a092703abdb3ef35c80e0d76d32939f
2024-05-13,27505,USDC-WETH,0.01%,0xe0554a476a092703abdb3ef35c80e0d76d32939f
2024-05-14,27340,USDC-WETH,0.01%,0xe0554a476a092703abdb3ef35c80e0d76d32939f
2024-05-15,27727,USDC-WETH,0.01%,0xe0554a476a092703abdb3ef35c80e0d76d32939f
2024-05-16,27497,USDC-WETH,0.01%,0xe0554a476a092703abdb3ef35c80e0d76d32939f
2024-05-17,27936,USDC-WETH,0.01%,0xe0554a476a092703abdb3ef35c80e0d76d32939f
2024-05-18,28020,USDC-WETH,0.01%,0xe0554a476a092703abdb3ef35c80e0d76d32939f
2024-05-19,27896,USDC-WETH,0.01%,0xe0554a476a092703abdb3ef35c80e0d76d32939f
2024-05-20,29090,USDC-WETH,0.01%,0xe0554a476a092703abdb3ef35c80e0d76d32939f
2024-05-21,29971,USDC-WETH,0.01%,0xe0554a476a092703abdb3ef35c80e0d76d32939f
2024-05-22,29790,USDC-WETH,0.01%,0xe0554a476a092703abdb3ef35c80e0d76d32939f
2024-05-23,30068,USDC-WETH,0.01%,0xe0554a476a092703abdb3ef35c80e0d76d32939f
2024-05-24,39341,USDC-WETH,0.01%,0xe0554a476a092703abdb3ef35c80e0d76d32939f
2024-05-25,39490,USDC-WETH,0.01%,0xe0554a476a092703abdb3ef35c80e0d76d32939f
2024-05-26,39916,USDC-WETH,0.01%,0xe0554a476a092703abdb3ef35c80e0d76d32939f
2024-05-27,40038,USDC-WETH,0.01%,0xe0554a476a092703abdb3ef35c80e0d76d32939f
2024-05-28,39987,USDC-WETH,0.01%,0xe0554a476a092703abdb3ef35c80e0d76d32939f
2024-05-29,49834,USDC-WETH,0.01%,0xe0554a476a092703abdb3ef35c80e0d76d32939f
2024-05-30,59644,USDC-WETH,0.01%,0xe0554a476a092703abdb3ef35c80e0d76d32939f
2024-05-31,129785,USDC-WETH,0.01%,0xe0554a476a092703abdb3ef35c80e0d76d32939f
2024-06-01,100719,USDC-WETH,0.01%,0xe0554a476a092703abdb3ef35c80e0d76d32939f
2024-06-02,29896,USDC-WETH,0.01%,0xe0554a476a092703abdb3ef35c80e0d76d32939f
2024-06-03,29872,USDC-WETH,0.01%,0xe0554a476a092703abdb3ef35c80e0d76d32939f
2024-06-04,29989,USDC-WETH,0.01%,0xe0554a476a092703abdb3ef35c80e0d76d32939f
2024-06-05,30084,USDC-WETH,0.01%,0xe0554a476a092703abdb3ef35c80e0d76d32939f
2024-06-06,29968,USDC-WETH,0.01%,0xe0554a476a092703abdb3ef35c80e0d76d32939f
2024-06-07,29644,USDC-WETH,0.01%,0xe0554a476a092703abdb3ef35c80e0d76d32939f
2024-06-08,29606,USDC-WETH,0.01%,0xe0554a476a092703abdb3ef35c80e0d76d32939f
2024-06-09,29678,USDC-WETH,0.01%,0xe0554a476a092703abdb3ef35c80e0d76d32939f
2024-06-10,29698,USDC-WETH,0.01%,0xe0554a476a092703abdb3ef35c80e0d76d32939f
2024-06-11,29214,USDC-WETH,0.01%,0xe0554a476a092703abdb3ef35c80e0d76d32939f
2024-06-12,29402,USDC-WETH,0.01%,0xe0554a476a092703abdb3ef35c80e0d76d32939f
2024-06-13,29147,USDC-WETH,0.01%,0xe0554a476a092703abdb3ef35c80e0d76d32939f
2024-06-14,29137,USDC-WETH,0.01%,0xe0554a476a092703abdb3ef35c80e0d76d32939f
2024-06-15,29405,USDC-WETH,0.01%,0xe0554a476a092703abdb3ef35c80e0d76d32939f
2024-06-16,29576,USDC-WETH,0.01%,0xe0554a476a092703abdb3ef35c80e0d76d32939f
2024-06-17,29278,USDC-WETH,0.01%,0xe0554a476a092703abdb3ef35c80e0d76d32939f
2024-06-18,29142,USDC-WETH,0.01%,0xe0554a476a092703abdb3ef35c80e0d76d32939f
2024-06-19,29392,USDC-WETH,0.01%,0xe0554a476a092703abdb3ef35c80e0d76d32939f
2024-06-20,29249,USDC-WETH,0.01%,0xe0554a476a092703abdb3ef35c80e0d76d32939f
2024-06-21,29268,USDC-WETH,0.01%,0xe0554a476a092703abdb3ef35c80e0d76d32939f
2024-06-22,29216,USDC-WETH,0.01%,0xe0554a476a092703abdb3ef35c80e0d76d32939f
2024-06-23,28984,USDC-WETH,0.01%,0xe0554a476a092703abdb3ef35c80e0d76d32939f
2024-06-24,29940,USDC-WETH,0.01%,0xe0554a476a092703abdb3ef35c80e0d76d32939f
2024-06-25,28855,USDC-WETH,0.01%,0xe0554a476a092703abdb3ef35c80e0d76d32939f
2024-06-26,28890,USDC-WETH,0.01%,0xe0554a476a092703abdb3ef35c80e0d76d32939f
2024-06-27,29054,USDC-WETH,0.01%,0xe0554a476a092703abdb3ef35c80e0d76d32939f
2024-06-28,28834,USDC-WETH,0.01%,0xe0554a476a092703abdb3ef35c80e0d76d32939f
2024-06-29,28838,USDC-WETH,0.01%,0xe0554a476a092703abdb3ef35c80e0d76d32939f
2024-06-30,42275,USDC-WETH,0.01%,0xe0554a476a092703abdb3ef35c80e0d76d32939f
2024-07-01,42194,USDC-WETH,0.01%,0xe0554a476a092703abdb3ef35c80e0d76d32939f
2024-07-02,42154,USDC-WETH,0.01%,0xe0554a476a092703abdb3ef35c80e0d76d32939f
2024-07-03,41562,USDC-WETH,0.01%,0xe0554a476a092703abdb3ef35c80e0d76d32939f
2024-07-04,46065,USDC-WETH,0.01%,0xe0554a476a092703abdb3ef35c80e0d76d32939f
2024-07-05,164597,USDC-WETH,0.01%,0xe0554a476a092703abdb3ef35c80e0d76d32939f
2024-07-06,224608,USDC-WETH,0.01%,0xe0554a476a092703abdb3ef35c80e0d76d32939f
2024-07-07,224459,USDC-WETH,0.01%,0xe0554a476a092703abdb3ef35c80e0d76d32939f
2024-07-08,227536,USDC-WETH,0.01%,0xe0554a476a092703abdb3ef35c80e0d76d32939f
2024-07-09,286286,USDC-WETH,0.01%,0xe0554a476a092703abdb3ef35c80e0d76d32939f
2024-07-10,286618,USDC-WETH,0.01%,0xe0554a476a092703abdb3ef35c80e0d76d32939f
2024-07-11,104204,USDC-WETH,0.01%,0xe0554a476a092703abdb3ef35c80e0d76d32939f
2024-07-12,174301,USDC-WETH,0.01%,0xe0554a476a092703abdb3ef35c80e0d76d32939f
2024-07-13,175002,USDC-WETH,0.01%,0xe0554a476a092703abdb3ef35c80e0d76d32939f
2024-07-14,174606,USDC-WETH,0.01%,0xe0554a476a092703abdb3ef35c80e0d76d32939f
2024-07-15,355256,USDC-WETH,0.01%,0xe0554a476a092703abdb3ef35c80e0d76d32939f
2024-07-16,355207,USDC-WETH,0.01%,0xe0554a476a092703abdb3ef35c80e0d76d32939f
2024-07-17,355076,USDC-WETH,0.01%,0xe0554a476a092703abdb3ef35c80e0d76d32939f
2024-07-18,356300,USDC-WETH,0.01%,0xe0554a476a092703abdb3ef35c80e0d76d32939f
2024-07-19,357679,USDC-WETH,0.01%,0xe0554a476a092703abdb3ef35c80e0d76d32939f
2024-07-20,359518,USDC-WETH,0.01%,0xe0554a476a092703abdb3ef35c80e0d76d32939f
2024-07-21,357825,USDC-WETH,0.01%,0xe0554a476a092703abdb3ef35c80e0d76d32939f
2024-07-22,357636,USDC-WETH,0.01%,0xe0554a476a092703abdb3ef35c80e0d76d32939f
2024-07-23,803297,USDC-WETH,0.01%,0xe0554a476a092703abdb3ef35c80e0d76d32939f
2024-07-24,783732,USDC-WETH,0.01%,0xe0554a476a092703abdb3ef35c80e0d76d32939f
2024-07-25,646235,USDC-WETH,0.01%,0xe0554a476a092703abdb3ef35c80e0d76d32939f
2024-07-26,241320,USDC-WETH,0.01%,0xe0554a476a092703abdb3ef35c80e0d76d32939f
2024-07-27,241566,USDC-WETH,0.01%,0xe0554a476a092703abdb3ef35c80e0d76d32939f
2024-07-28,241728,USDC-WETH,0.01%,0xe0554a476a092703abdb3ef35c80e0d76d32939f
2024-07-29,363404,USDC-WETH,0.01%,0xe0554a476a092703abdb3ef35c80e0d76d32939f
2024-07-30,363434,USDC-WETH,0.01%,0xe0554a476a092703abdb3ef35c80e0d76d32939f
2024-07-31,364530,USDC-WETH,0.01%,0xe0554a476a092703abdb3ef35c80e0d76d32939f
2024-08-01,368591,USDC-WETH,0.01%,0xe0554a476a092703abdb3ef35c80e0d76d32939f
2024-08-02,379339,USDC-WETH,0.01%,0xe0554a476a092703abdb3ef35c80e0d76d32939f
2024-08-03,384864,USDC-WETH,0.01%,0xe0554a476a092703abdb3ef35c80e0d76d32939f
2024-08-04,361258,USDC-WETH,0.01%,0xe0554a476a092703abdb3ef35c80e0d76d32939f
2024-08-05,707637,USDC-WETH,0.01%,0xe0554a476a092703abdb3ef35c80e0d76d32939f
2024-08-06,892170,USDC-WETH,0.01%,0xe0554a476a092703abdb3ef35c80e0d76d32939f
2024-08-07,260991,USDC-WETH,0.01%,0xe0554a476a092703abdb3ef35c80e0d76d32939f
2024-08-08,149317,USDC-WETH,0.01%,0xe0554a476a092703abdb3ef35c80e0d76d32939f
2024-08-09,443518,USDC-WETH,0.01%,0xe0554a476a092703abdb3ef35c80e0d76d32939f
2024-08-10,456669,USDC-WETH,0.01%,0xe0554a476a092703abdb3ef35c80e0d76d32939f
2024-08-11,539337,USDC-WETH,0.01%,0xe0554a476a092703abdb3ef35c80e0d76d32939f
2024-08-12,1207139,USDC-WETH,0.01%,0xe0554a476a092703abdb3ef35c80e0d76d32939f
2024-08-13,983275,USDC-WETH,0.01%,0xe0554a476a092703abdb3ef35c80e0d76d32939f
2024-08-14,1038830,USDC-WETH,0.01%,0xe0554a476a092703abdb3ef35c80e0d76d32939f
2024-08-15,1041712,USDC-WETH,0.01%,0xe0554a476a092703abdb3ef35c80e0d76d32939f
2024-08-16,632090,USDC-WETH,0.01%,0xe0554a476a092703abdb3ef35c80e0d76d32939f
2024-08-17,1046281,USDC-WETH,0.01%,0xe0554a476a092703abdb3ef35c80e0d76d32939f
2024-08-18,1529946,USDC-WETH,0.01%,0xe0554a476a092703abdb3ef35c80e0d76d32939f
2024-08-19,650928,USDC-WETH,0.01%,0xe0554a476a092703abdb3ef35c80e0d76d32939f
2024-08-20,779017,USDC-WETH,0.01%,0xe0554a476a092703abdb3ef35c80e0d76d32939f
2024-08-21,839452,USDC-WETH,0.01%,0xe0554a476a092703abdb3ef35c80e0d76d32939f
2024-08-22,1608047,USDC-WETH,0.01%,0xe0554a476a092703abdb3ef35c80e0d76d32939f
2024-08-23,1802078,USDC-WETH,0.01%,0xe0554a476a092703abdb3ef35c80e0d76d32939f
2024-08-24,1733692,USDC-WETH,0.01%,0xe0554a476a092703abdb3ef35c80e0d76d32939f
2024-08-25,1778398,USDC-WETH,0.01%,0xe0554a476a092703abdb3ef35c80e0d76d32939f
2024-08-26,1893906,USDC-WETH,0.01%,0xe0554a476a092703abdb3ef35c80e0d76d32939f
2024-08-27,1928472,USDC-WETH,0.01%,0xe0554a476a092703abdb3ef35c80e0d76d32939f
2024-08-28,1507843,USDC-WETH,0.01%,0xe0554a476a092703abdb3ef35c80e0d76d32939f
2024-08-29,1508394,USDC-WETH,0.01%,0xe0554a476a092703abdb3ef35c80e0d76d32939f
2024-08-30,1511988,USDC-WETH,0.01%,0xe0554a476a092703abdb3ef35c80e0d76d32939f
2024-08-31,1538683,USDC-WETH,0.01%,0xe0554a476a092703abdb3ef35c80e0d76d32939f
2024-09-01,1616309,USDC-WETH,0.01%,0xe0554a476a092703abdb3ef35c80e0d76d32939f
2024-09-02,1559165,USDC-WETH,0.01%,0xe0554a476a092703abdb3ef35c80e0d76d32939f
2024-09-03,1589066,USDC-WETH,0.01%,0xe0554a476a092703abdb3ef35c80e0d76d32939f
2024-09-04,1796418,USDC-WETH,0.01%,0xe0554a476a092703abdb3ef35c80e0d76d32939f
2024-09-05,1870525,USDC-WETH,0.01%,0xe0554a476a092703abdb3ef35c80e0d76d32939f
2024-09-06,1578937,USDC-WETH,0.01%,0xe0554a476a092703abdb3ef35c80e0d76d32939f
2024-09-07,1624957,USDC-WETH,0.01%,0xe0554a476a092703abdb3ef35c80e0d76d32939f
2024-09-08,1644489,USDC-WETH,0.01%,0xe0554a476a092703abdb3ef35c80e0d76d32939f
2024-09-09,1595781,USDC-WETH,0.01%,0xe0554a476a092703abdb3ef35c80e0d76d32939f
2024-09-10,2261637,USDC-WETH,0.01%,0xe0554a476a092703abdb3ef35c80e0d76d32939f
2024-09-11,3617378,USDC-WETH,0.01%,0xe0554a476a092703abdb3ef35c80e0d76d32939f
2024-09-12,3751421,USDC-WETH,0.01%,0xe0554a476a092703abdb3ef35c80e0d76d32939f
2024-09-13,4141786,USDC-WETH,0.01%,0xe0554a476a092703abdb3ef35c80e0d76d32939f
2024-09-14,5150265,USDC-WETH,0.01%,0xe0554a476a092703abdb3ef35c80e0d76d32939f
2024-09-15,10330339,USDC-WETH,0.01%,0xe0554a476a092703abdb3ef35c80e0d76d32939f
2024-09-16,10128422,USDC-WETH,0.01%,0xe0554a476a092703abdb3ef35c80e0d76d32939f
2024-09-17,9380955,USDC-WETH,0.01%,0xe0554a476a092703abdb3ef35c80e0d76d32939f
2024-09-18,9432471,USDC-WETH,0.01%,0xe0554a476a092703abdb3ef35c80e0d76d32939f
2024-09-19,9649801,USDC-WETH,0.01%,0xe0554a476a092703abdb3ef35c80e0d76d32939f
2024-09-20,10129739,USDC-WETH,0.01%,0xe0554a476a092703abdb3ef35c80e0d76d32939f
2024-09-21,10367451,USDC-WETH,0.01%,0xe0554a476a092703abdb3ef35c80e0d76d32939f
2024-09-22,10442028,USDC-WETH,0.01%,0xe0554a476a092703abdb3ef35c80e0d76d32939f
2024-09-23,10358166,USDC-WETH,0.01%,0xe0554a476a092703abdb3ef35c80e0d76d32939f
2024-09-24,10298798,USDC-WETH,0.01%,0xe0554a476a092703abdb3ef35c80e0d76d32939f
2024-09-25,10097708,USDC-WETH,0.01%,0xe0554a476a092703abdb3ef35c80e0d76d32939f
2024-09-26,10236007,USDC-WETH,0.01%,0xe0554a476a092703abdb3ef35c80e0d76d32939f
2024-09-27,10359969,USDC-WETH,0.01%,0xe0554a476a092703abdb3ef35c80e0d76d32939f
2024-09-28,10242428,USDC-WETH,0.01%,0xe0554a476a092703abdb3ef35c80e0d76d32939f
2024-09-29,10224539,USDC-WETH,0.01%,0xe0554a476a092703abdb3ef35c80e0d76d32939f
2024-09-30,10042890,USDC-WETH,0.01%,0xe0554a476a092703abdb3ef35c80e0d76d32939f
2024-10-01,8445210,USDC-WETH,0.01%,0xe0554a476a092703abdb3ef35c80e0d76d32939f
2024-10-02,8071402,USDC-WETH,0.01%,0xe0554a476a092703abdb3ef35c80e0d76d32939f
2024-10-03,8104215,USDC-WETH,0.01%,0xe0554a476a092703abdb3ef35c80e0d76d32939f
2024-10-04,8261882,USDC-WETH,0.01%,0xe0554a476a092703abdb3ef35c80e0d76d32939f
2024-10-05,8252880,USDC-WETH,0.01%,0xe0554a476a092703abdb3ef35c80e0d76d32939f
2024-10-06,8257501,USDC-WETH,0.01%,0xe0554a476a092703abdb3ef35c80e0d76d32939f
2024-10-07,8272378,USDC-WETH,0.01%,0xe0554a476a092703abdb3ef35c80e0d76d32939f
2024-10-08,8328954,USDC-WETH,0.01%,0xe0554a476a092703abdb3ef35c80e0d76d32939f
2024-10-09,8227376,USDC-WETH,0.01%,0xe0554a476a092703abdb3ef35c80e0d76d32939f
2024-10-10,2600325,USDC-WETH,0.01%,0xe0554a476a092703abdb3ef35c80e0d76d32939f
2024-10-11,2661995,USDC-WETH,0.01%,0xe0554a476a092703abdb3ef35c80e0d76d32939f
2024-10-12,2826266,USDC-WETH,0.01%,0xe0554a476a092703abdb3ef35c80e0d76d32939f
2024-10-13,5228745,USDC-WETH,0.01%,0xe0554a476a092703abdb3ef35c80e0d76d32939f
2024-10-14,5263409,USDC-WETH,0.01%,0xe0554a476a092703abdb3ef35c80e0d76d32939f
2024-10-15,5098569,USDC-WETH,0.01%,0xe0554a476a092703abdb3ef35c80e0d76d32939f
2024-10-16,5206299,USDC-WETH,0.01%,0xe0554a476a092703abdb3ef35c80e0d76d32939f
2024-10-17,5226218,USDC-WETH,0.01%,0xe0554a476a092703abdb3ef35c80e0d76d32939f
2024-10-18,5117769,USDC-WETH,0.01%,0xe0554a476a092703abdb3ef35c80e0d76d32939f
2024-10-19,5178918,USDC-WETH,0.01%,0xe0554a476a092703abdb3ef35c80e0d76d32939f
2024-10-20,5347600,USDC-WETH,0.01%,0xe0554a476a092703abdb3ef35c80e0d76d32939f
2024-10-21,5614657,USDC-WETH,0.01%,0xe0554a476a092703abdb3ef35c80e0d76d32939f
2024-10-22,5556186,USDC-WETH,0.01%,0xe0554a476a092703abdb3ef35c80e0d76d32939f
2024-10-23,5386007,USDC-WETH,0.01%,0xe0554a476a092703abdb3ef35c80e0d76d32939f
2024-10-24,5414646,USDC-WETH,0.01%,0xe0554a476a092703abdb3ef35c80e0d76d32939f
2024-10-25,5364398,USDC-WETH,0.01%,0xe0554a476a092703abdb3ef35c80e0d76d32939f
2024-10-26,5457027,USDC-WETH,0.01%,0xe0554a476a092703abdb3ef35c80e0d76d32939f
2024-10-27,11323739,USDC-WETH,0.01%,0xe0554a476a092703abdb3ef35c80e0d76d32939f
2024-10-28,9140588,USDC-WETH,0.01%,0xe0554a476a092703abdb3ef35c80e0d76d32939f
2024-10-29,9289791,USDC-WETH,0.01%,0xe0554a476a092703abdb3ef35c80e0d76d32939f
2024-10-30,3146256,USDC-WETH,0.01%,0xe0554a476a092703abdb3ef35c80e0d76d32939f
2024-10-31,3249302,USDC-WETH,0.01%,0xe0554a476a092703abdb3ef35c80e0d76d32939f
2024-11-01,3265515,USDC-WETH,0.01%,0xe0554a476a092703abdb3ef35c80e0d76d32939f
2024-11-02,3319239,USDC-WETH,0.01%,0xe0554a476a092703abdb3ef35c80e0d76d32939f
2024-11-03,3440747,USDC-WETH,0.01%,0xe0554a476a092703abdb3ef35c80e0d76d32939f
2024-11-04,3456063,USDC-WETH,0.01%,0xe0554a476a092703abdb3ef35c80e0d76d32939f
2024-11-05,3404918,USDC-WETH,0.01%,0xe0554a476a092703abdb3ef35c80e0d76d32939f
2024-11-06,4988792,USDC-WETH,0.01%,0xe0554a476a092703abdb3ef35c80e0d76d32939f
2024-11-07,5134430,USDC-WETH,0.01%,0xe0554a476a092703abdb3ef35c80e0d76d32939f
2024-11-08,7968626,USDC-WETH,0.01%,0xe0554a476a092703abdb3ef35c80e0d76d32939f
2024-11-09,7668765,USDC-WETH,0.01%,0xe0554a476a092703abdb3ef35c80e0d76d32939f
2024-11-10,4127175,USDC-WETH,0.01%,0xe0554a476a092703abdb3ef35c80e0d76d32939f
2024-11-11,2679230,USDC-WETH,0.01%,0xe0554a476a092703abdb3ef35c80e0d76d32939f
2024-11-12,4253310,USDC-WETH,0.01%,0xe0554a476a092703abdb3ef35c80e0d76d32939f
2024-11-13,4188102,USDC-WETH,0.01%,0xe0554a476a092703abdb3ef35c80e0d76d32939f
2024-11-14,2306759,USDC-WETH,0.01%,0xe0554a476a092703abdb3ef35c80e0d76d32939f
2024-11-15,2399782,USDC-WETH,0.01%,0xe0554a476a092703abdb3ef35c80e0d76d32939f
2024-11-16,3827935,USDC-WETH,0.01%,0xe0554a476a092703abdb3ef35c80e0d76d32939f
2024-11-17,3685574,USDC-WETH,0.01%,0xe0554a476a092703abdb3ef35c80e0d76d32939f
2024-11-18,3813534,USDC-WETH,0.01%,0xe0554a476a092703abdb3ef35c80e0d76d32939f
2024-11-19,3774013,USDC-WETH,0.01%,0xe0554a476a092703abdb3ef35c80e0d76d32939f
2024-11-20,3776131,USDC-WETH,0.01%,0xe0554a476a092703abdb3ef35c80e0d76d32939f
2024-11-21,2566231,USDC-WETH,0.01%,0xe0554a476a092703abdb3ef35c80e0d76d32939f
2024-11-22,2487675,USDC-WETH,0.01%,0xe0554a476a092703abdb3ef35c80e0d76d32939f
2024-11-23,2835836,USDC-WETH,0.01%,0xe0554a476a092703abdb3ef35c80e0d76d32939f
2024-11-24,2778532,USDC-WETH,0.01%,0xe0554a476a092703abdb3ef35c80e0d76d32939f
2024-11-25,2772903,USDC-WETH,0.01%,0xe0554a476a092703abdb3ef35c80e0d76d32939f
2024-11-26,4403057,USDC-WETH,0.01%,0xe0554a476a092703abdb3ef35c80e0d76d32939f
2024-11-27,2610250,USDC-WETH,0.01%,0xe0554a476a092703abdb3ef35c80e0d76d32939f
2024-11-28,4648874,USDC-WETH,0.01%,0xe0554a476a092703abdb3ef35c80e0d76d32939f
2024-11-29,4724446,USDC-WETH,0.01%,0xe0554a476a092703abdb3ef35c80e0d76d32939f
2024-11-30,5245547,USDC-WETH,0.01%,0xe0554a476a092703abdb3ef35c80e0d76d32939f
2024-12-01,5299073,USDC-WETH,0.01%,0xe0554a476a092703abdb3ef35c80e0d76d32939f
2024-12-02,5417842,USDC-WETH,0.01%,0xe0554a476a092703abdb3ef35c80e0d76d32939f
2024-12-03,5463138,USDC-WETH,0.01%,0xe0554a476a092703abdb3ef35c80e0d76d32939f
2024-12-04,5575880,USDC-WETH,0.01%,0xe0554a476a092703abdb3ef35c80e0d76d32939f
2024-12-05,5462889,USDC-WETH,0.01%,0xe0554a476a092703abdb3ef35c80e0d76d32939f
2024-12-06,3363914,USDC-WETH,0.01%,0xe0554a476a092703abdb3ef35c80e0d76d32939f
2024-12-07,3464480,USDC-WETH,0.01%,0xe0554a476a092703abdb3ef35c80e0d76d32939f
2024-12-08,3475140,USDC-WETH,0.01%,0xe0554a476a092703abdb3ef35c80e0d76d32939f
2024-12-09,3429400,USDC-WETH,0.01%,0xe0554a476a092703abdb3ef35c80e0d76d32939f
2024-12-10,3050140,USDC-WETH,0.01%,0xe0554a476a092703abdb3ef35c80e0d76d32939f
2024-12-11,2715715,USDC-WETH,0.01%,0xe0554a476a092703abdb3ef35c80e0d76d32939f
2024-12-12,2565942,USDC-WETH,0.01%,0xe0554a476a092703abdb3ef35c80e0d76d32939f
2024-12-13,2662033,USDC-WETH,0.01%,0xe0554a476a092703abdb3ef35c80e0d76d32939f
2024-12-14,2703036,USDC-WETH,0.01%,0xe0554a476a092703abdb3ef35c80e0d76d32939f
2024-12-15,2718486,USDC-WETH,0.01%,0xe0554a476a092703abdb3ef35c80e0d76d32939f
2024-12-16,2816219,USDC-WETH,0.01%,0xe0554a476a092703abdb3ef35c80e0d76d32939f
2024-12-17,2761341,USDC-WETH,0.01%,0xe0554a476a092703abdb3ef35c80e0d76d32939f
2024-12-18,2783684,USDC-WETH,0.01%,0xe0554a476a092703abdb3ef35c80e0d76d32939f
2024-12-19,2628243,USDC-WETH,0.01%,0xe0554a476a092703abdb3ef35c80e0d76d32939f
2024-12-20,2397583,USDC-WETH,0.01%,0xe0554a476a092703abdb3ef35c80e0d76d32939f
2024-12-21,2327394,USDC-WETH,0.01%,0xe0554a476a092703abdb3ef35c80e0d76d32939f
2024-12-22,2315032,USDC-WETH,0.01%,0xe0554a476a092703abdb3ef35c80e0d76d32939f
2024-12-23,2274006,USDC-WETH,0.01%,0xe0554a476a092703abdb3ef35c80e0d76d32939f
2024-12-24,2391515,USDC-WETH,0.01%,0xe0554a476a092703abdb3ef35c80e0d76d32939f
2024-12-25,2383229,USDC-WETH,0.01%,0xe0554a476a092703abdb3ef35c80e0d76d32939f
2024-12-26,2507207,USDC-WETH,0.01%,0xe0554a476a092703abdb3ef35c80e0d76d32939f
2024-12-27,2741993,USDC-WETH,0.01%,0xe0554a476a092703abdb3ef35c80e0d76d32939f
2024-12-28,2928052,USDC-WETH,0.01%,0xe0554a476a092703abdb3ef35c80e0d76d32939f
2024-12-29,3007851,USDC-WETH,0.01%,0xe0554a476a092703abdb3ef35c80e0d76d32939f
2024-12-30,3063175,USDC-WETH,0.01%,0xe0554a476a092703abdb3ef35c80e0d76d32939f
2024-12-31,3104101,USDC-WETH,0.01%,0xe0554a476a092703abdb3ef35c80e0d76d32939f
2025-01-01,3078048,USDC-WETH,0.01%,0xe0554a476a092703abdb3ef35c80e0d76d32939f
2025-01-02,2936607,USDC-WETH,0.01%,0xe0554a476a092703abdb3ef35c80e0d76d32939f
2025-01-03,3163734,USDC-WETH,0.01%,0xe0554a476a092703abdb3ef35c80e0d76d32939f
2025-01-04,3478397,USDC-WETH,0.01%,0xe0554a476a092703abdb3ef35c80e0d76d32939f
2025-01-05,3593712,USDC-WETH,0.01%,0xe0554a476a092703abdb3ef35c80e0d76d32939f
2025-01-06,3467909,USDC-WETH,0.01%,0xe0554a476a092703abdb3ef35c80e0d76d32939f
2025-01-07,3630832,USDC-WETH,0.01%,0xe0554a476a092703abdb3ef35c80e0d76d32939f
2025-01-08,3745508,USDC-WETH,0.01%,0xe0554a476a092703abdb3ef35c80e0d76d32939f
2025-01-09,3467735,USDC-WETH,0.01%,0xe0554a476a092703abdb3ef35c80e0d76d32939f
2025-01-10,3723401,USDC-WETH,0.01%,0xe0554a476a092703abdb3ef35c80e0d76d32939f
2025-01-11,3740295,USDC-WETH,0.01%,0xe0554a476a092703abdb3ef35c80e0d76d32939f
2025-01-12,3835947,USDC-WETH,0.01%,0xe0554a476a092703abdb3ef35c80e0d76d32939f
2025-01-13,3368461,USDC-WETH,0.01%,0xe0554a476a092703abdb3ef35c80e0d76d32939f
2025-01-14,3647353,USDC-WETH,0.01%,0xe0554a476a092703abdb3ef35c80e0d76d32939f
2025-01-15,3758137,USDC-WETH,0.01%,0xe0554a476a092703abdb3ef35c80e0d76d32939f
2025-01-16,3687756,USDC-WETH,0.01%,0xe0554a476a092703abdb3ef35c80e0d76d32939f
2025-01-17,3707596,USDC-WETH,0.01%,0xe0554a476a092703abdb3ef35c80e0d76d32939f
2025-01-18,3710638,USDC-WETH,0.01%,0xe0554a476a092703abdb3ef35c80e0d76d32939f
2025-01-19,3674952,USDC-WETH,0.01%,0xe0554a476a092703abdb3ef35c80e0d76d32939f
2025-01-20,3836495,USDC-WETH,0.01%,0xe0554a476a092703abdb3ef35c80e0d76d32939f
2025-01-21,3788922,USDC-WETH,0.01%,0xe0554a476a092703abdb3ef35c80e0d76d32939f
2025-01-22,3589702,USDC-WETH,0.01%,0xe0554a476a092703abdb3ef35c80e0d76d32939f
2025-01-23,3545027,USDC-WETH,0.01%,0xe0554a476a092703abdb3ef35c80e0d76d32939f
2025-01-24,3570896,USDC-WETH,0.01%,0xe0554a476a092703abdb3ef35c80e0d76d32939f
2025-01-25,3891922,USDC-WETH,0.01%,0xe0554a476a092703abdb3ef35c80e0d76d32939f
2025-01-26,4003956,USDC-WETH,0.01%,0xe0554a476a092703abdb3ef35c80e0d76d32939f
2025-01-27,3808852,USDC-WETH,0.01%,0xe0554a476a092703abdb3ef35c80e0d76d32939f
2025-01-28,3718227,USDC-WETH,0.01%,0xe0554a476a092703abdb3ef35c80e0d76d32939f
2025-01-29,3781779,USDC-WETH,0.01%,0xe0554a476a092703abdb3ef35c80e0d76d32939f
2025-01-30,4448379,USDC-WETH,0.01%,0xe0554a476a092703abdb3ef35c80e0d76d32939f
2025-01-31,4714770,USDC-WETH,0.01%,0xe0554a476a092703abdb3ef35c80e0d76d32939f
2025-02-01,5055840,USDC-WETH,0.01%,0xe0554a476a092703abdb3ef35c80e0d76d32939f
2025-02-02,4579491,USDC-WETH,0.01%,0xe0554a476a092703abdb3ef35c80e0d76d32939f
2025-02-03,3404344,USDC-WETH,0.01%,0xe0554a476a092703abdb3ef35c80e0d76d32939f
2025-02-04,3231349,USDC-WETH,0.01%,0xe0554a476a092703abdb3ef35c80e0d76d32939f
2025-02-05,3374434,USDC-WETH,0.01%,0xe0554a476a092703abdb3ef35c80e0d76d32939f
2025-02-06,3345280,USDC-WETH,0.01%,0xe0554a476a092703abdb3ef35c80e0d76d32939f
2025-02-07,3433558,USDC-WETH,0.01%,0xe0554a476a092703abdb3ef35c80e0d76d32939f
2025-02-08,3405488,USDC-WETH,0.01%,0xe0554a476a092703abdb3ef35c80e0d76d32939f
2025-02-09,3577575,USDC-WETH,0.01%,0xe0554a476a092703abdb3ef35c80e0d76d32939f
2025-02-10,3669672,USDC-WETH,0.01%,0xe0554a476a092703abdb3ef35c80e0d76d32939f
2025-02-11,4276886,USDC-WETH,0.01%,0xe0554a476a092703abdb3ef35c80e0d76d32939f
2025-02-12,4585505,USDC-WETH,0.01%,0xe0554a476a092703abdb3ef35c80e0d76d32939f
2025-02-13,4359632,USDC-WETH,0.01%,0xe0554a476a092703abdb3ef35c80e0d76d32939f
2025-02-14,4474263,USDC-WETH,0.01%,0xe0554a476a092703abdb3ef35c80e0d76d32939f
2025-02-15,4463399,USDC-WETH,0.01%,0xe0554a476a092703abdb3ef35c80e0d76d32939f
2025-02-16,4559718,USDC-WETH,0.01%,0xe0554a476a092703abdb3ef35c80e0d76d32939f
2025-02-17,5373757,USDC-WETH,0.01%,0xe0554a476a092703abdb3ef35c80e0d76d32939f
2025-02-18,5288899,USDC-WETH,0.01%,0xe0554a476a092703abdb3ef35c80e0d76d32939f
2025-02-19,5431054,USDC-WETH,0.01%,0xe0554a476a092703abdb3ef35c80e0d76d32939f
2025-02-20,5506595,USDC-WETH,0.01%,0xe0554a476a092703abdb3ef35c80e0d76d32939f
2025-02-21,5299850,USDC-WETH,0.01%,0xe0554a476a092703abdb3ef35c80e0d76d32939f
2025-02-22,5412341,USDC-WETH,0.01%,0xe0554a476a092703abdb3ef35c80e0d76d32939f
2025-02-23,5505090,USDC-WETH,0.01%,0xe0554a476a092703abdb3ef35c80e0d76d32939f
2025-02-24,4838692,USDC-WETH,0.01%,0xe0554a476a092703abdb3ef35c80e0d76d32939f
2025-02-25,5284961,USDC-WETH,0.01%,0xe0554a476a092703abdb3ef35c80e0d76d32939f
2025-02-26,4931267,USDC-WETH,0.01%,0xe0554a476a092703abdb3ef35c80e0d76d32939f
2025-02-27,5112899,USDC-WETH,0.01%,0xe0554a476a092703abdb3ef35c80e0d76d32939f
2025-02-28,4724925,USDC-WETH,0.01%,0xe0554a476a092703abdb3ef35c80e0d76d32939f
2025-03-01,4728570,USDC-WETH,0.01%,0xe0554a476a092703abdb3ef35c80e0d76d32939f
2025-03-02,4745345,USDC-WETH,0.01%,0xe0554a476a092703abdb3ef35c80e0d76d32939f
2025-03-03,3927353,USDC-WETH,0.01%,0xe0554a476a092703abdb3ef35c80e0d76d32939f
2025-03-04,4404889,USDC-WETH,0.01%,0xe0554a476a092703abdb3ef35c80e0d76d32939f
2025-03-05,4549072,USDC-WETH,0.01%,0xe0554a476a092703abdb3ef35c80e0d76d32939f
2025-03-06,4814210,USDC-WETH,0.01%,0xe0554a476a092703abdb3ef35c80e0d76d32939f
2025-03-07,4702103,USDC-WETH,0.01%,0xe0554a476a092703abdb3ef35c80e0d76d32939f
2025-03-08,4751716,USDC-WETH,0.01%,0xe0554a476a092703abdb3ef35c80e0d76d32939f
2025-03-09,4342156,USDC-WETH,0.01%,0xe0554a476a092703abdb3ef35c80e0d76d32939f
2025-03-10,4217641,USDC-WETH,0.01%,0xe0554a476a092703abdb3ef35c80e0d76d32939f
2025-03-11,4195976,USDC-WETH,0.01%,0xe0554a476a092703abdb3ef35c80e0d76d32939f
2025-03-12,3982831,USDC-WETH,0.01%,0xe0554a476a092703abdb3ef35c80e0d76d32939f
2025-03-13,4299853,USDC-WETH,0.01%,0xe0554a476a092703abdb3ef35c80e0d76d32939f
2025-03-14,4353429,USDC-WETH,0.01%,0xe0554a476a092703abdb3ef35c80e0d76d32939f
2025-03-15,4471059,USDC-WETH,0.01%,0xe0554a476a092703abdb3ef35c80e0d76d32939f
2025-03-16,4019057,USDC-WETH,0.01%,0xe0554a476a092703abdb3ef35c80e0d76d32939f
2025-03-17,4143818,USDC-WETH,0.01%,0xe0554a476a092703abdb3ef35c80e0d76d32939f
2025-03-18,4144032,USDC-WETH,0.01%,0xe0554a476a092703abdb3ef35c80e0d76d32939f
2025-03-19,4509751,USDC-WETH,0.01%,0xe0554a476a092703abdb3ef35c80e0d76d32939f
2025-03-20,4599339,USDC-WETH,0.01%,0xe0554a476a092703abdb3ef35c80e0d76d32939f
2025-03-21,4853586,USDC-WETH,0.01%,0xe0554a476a092703abdb3ef35c80e0d76d32939f
2025-03-22,5051975,USDC-WETH,0.01%,0xe0554a476a092703abdb3ef35c80e0d76d32939f
2025-03-23,5196068,USDC-WETH,0.01%,0xe0554a476a092703abdb3ef35c80e0d76d32939f
2025-03-24,5821063,USDC-WETH,0.01%,0xe0554a476a092703abdb3ef35c80e0d76d32939f
2025-03-25,5632226,USDC-WETH,0.01%,0xe0554a476a092703abdb3ef35c80e0d76d32939f
2025-03-26,5587490,USDC-WETH,0.01%,0xe0554a476a092703abdb3ef35c80e0d76d32939f
2025-03-27,5633571,USDC-WETH,0.01%,0xe0554a476a092703abdb3ef35c80e0d76d32939f
2025-03-28,5817294,USDC-WETH,0.01%,0xe0554a476a092703abdb3ef35c80e0d76d32939f
2025-03-29,5568270,USDC-WETH,0.01%,0xe0554a476a092703abdb3ef35c80e0d76d32939f
2025-03-30,5384559,USDC-WETH,0.01%,0xe0554a476a092703abdb3ef35c80e0d76d32939f
2025-03-31,5265317,USDC-WETH,0.01%,0xe0554a476a092703abdb3ef35c80e0d76d32939f
2025-04-01,5529859,USDC-WETH,0.01%,0xe0554a476a092703abdb3ef35c80e0d76d32939f
2025-04-02,5259191,USDC-WETH,0.01%,0xe0554a476a092703abdb3ef35c80e0d76d32939f
2025-04-03,5284317,USDC-WETH,0.01%,0xe0554a476a092703abdb3ef35c80e0d76d32939f
2025-04-04,5281904,USDC-WETH,0.01%,0xe0554a476a092703abdb3ef35c80e0d76d32939f
2025-04-05,5316058,USDC-WETH,0.01%,0xe0554a476a092703abdb3ef35c80e0d76d32939f
2025-04-06,4461353,USDC-WETH,0.01%,0xe0554a476a092703abdb3ef35c80e0d76d32939f
2025-04-07,4486127,USDC-WETH,0.01%,0xe0554a476a092703abdb3ef35c80e0d76d32939f
2025-04-08,4579302,USDC-WETH,0.01%,0xe0554a476a092703abdb3ef35c80e0d76d32939f
2025-04-09,4506586,USDC-WETH,0.01%,0xe0554a476a092703abdb3ef35c80e0d76d32939f
2025-04-10,4317634,USDC-WETH,0.01%,0xe0554a476a092703abdb3ef35c80e0d76d32939f
2025-04-11,4377235,USDC-WETH,0.01%,0xe0554a476a092703abdb3ef35c80e0d76d32939f
2025-04-12,4517018,USDC-WETH,0.01%,0xe0554a476a092703abdb3ef35c80e0d76d32939f
2025-04-13,4399069,USDC-WETH,0.01%,0xe0554a476a092703abdb3ef35c80e0d76d32939f
2025-04-14,4472727,USDC-WETH,0.01%,0xe0554a476a092703abdb3ef35c80e0d76d32939f
2025-04-15,4536078,USDC-WETH,0.01%,0xe0554a476a092703abdb3ef35c80e0d76d32939f
2025-04-16,4552795,USDC-WETH,0.01%,0xe0554a476a092703abdb3ef35c80e0d76d32939f
2025-04-17,4617976,USDC-WETH,0.01%,0xe0554a476a092703abdb3ef35c80e0d76d32939f
2025-04-18,4643114,USDC-WETH,0.01%,0xe0554a476a092703abdb3ef35c80e0d76d32939f
2025-04-19,4732650,USDC-WETH,0.01%,0xe0554a476a092703abdb3ef35c80e0d76d32939f
2025-04-20,4595331,USDC-WETH,0.01%,0xe0554a476a092703abdb3ef35c80e0d76d32939f
2025-04-21,4906223,USDC-WETH,0.01%,0xe0554a476a092703abdb3ef35c80e0d76d32939f
2025-04-22,5234420,USDC-WETH,0.01%,0xe0554a476a092703abdb3ef35c80e0d76d32939f
2025-04-23,5745682,USDC-WETH,0.01%,0xe0554a476a092703abdb3ef35c80e0d76d32939f
2025-04-24,5091701,USDC-WETH,0.01%,0xe0554a476a092703abdb3ef35c80e0d76d32939f
2025-04-25,5213234,USDC-WETH,0.01%,0xe0554a476a092703abdb3ef35c80e0d76d32939f
2025-04-26,5184722,USDC-WETH,0.01%,0xe0554a476a092703abdb3ef35c80e0d76d32939f
2025-04-27,5106368,USDC-WETH,0.01%,0xe0554a476a092703abdb3ef35c80e0d76d32939f
2025-04-28,5286083,USDC-WETH,0.01%,0xe0554a476a092703abdb3ef35c80e0d76d32939f
2025-04-29,4966485,USDC-WETH,0.01%,0xe0554a476a092703abdb3ef35c80e0d76d32939f
2025-04-30,4976356,USDC-WETH,0.01%,0xe0554a476a092703abdb3ef35c80e0d76d32939f
2025-05-01,4957273,USDC-WETH,0.01%,0xe0554a476a092703abdb3ef35c80e0d76d32939f
2025-05-02,4629178,USDC-WETH,0.01%,0xe0554a476a092703abdb3ef35c80e0d76d32939f
2025-05-03,4639523,USDC-WETH,0.01%,0xe0554a476a092703abdb3ef35c80e0d76d32939f
2025-05-04,4512518,USDC-WETH,0.01%,0xe0554a476a092703abdb3ef35c80e0d76d32939f
2025-05-05,4539402,USDC-WETH,0.01%,0xe0554a476a092703abdb3ef35c80e0d76d32939f
2025-05-06,4507621,USDC-WETH,0.01%,0xe0554a476a092703abdb3ef35c80e0d76d32939f
2025-05-07,4645729,USDC-WETH,0.01%,0xe0554a476a092703abdb3ef35c80e0d76d32939f
2025-05-08,4970092,USDC-WETH,0.01%,0xe0554a476a092703abdb3ef35c80e0d76d32939f
2025-05-09,4733871,USDC-WETH,0.01%,0xe0554a476a092703abdb3ef35c80e0d76d32939f
2025-05-10,4925525,USDC-WETH,0.01%,0xe0554a476a092703abdb3ef35c80e0d76d32939f
2025-05-11,4838519,USDC-WETH,0.01%,0xe0554a476a092703abdb3ef35c80e0d76d32939f
2025-05-12,4892444,USDC-WETH,0.01%,0xe0554a476a092703abdb3ef35c80e0d76d32939f
2025-05-13,5095706,USDC-WETH,0.01%,0xe0554a476a092703abdb3ef35c80e0d76d32939f
2025-05-14,4983981,USDC-WETH,0.01%,0xe0554a476a092703abdb3ef35c80e0d76d32939f
2025-05-15,4934593,USDC-WETH,0.01%,0xe0554a476a092703abdb3ef35c80e0d76d32939f
2025-05-16,4448423,USDC-WETH,0.01%,0xe0554a476a092703abdb3ef35c80e0d76d32939f
2025-05-17,4338387,USDC-WETH,0.01%,0xe0554a476a092703abdb3ef35c80e0d76d32939f
2025-05-18,4271743,USDC-WETH,0.01%,0xe0554a476a092703abdb3ef35c80e0d76d32939f
2025-05-19,4353703,USDC-WETH,0.01%,0xe0554a476a092703abdb3ef35c80e0d76d32939f
2025-05-20,4338626,USDC-WETH,0.01%,0xe0554a476a092703abdb3ef35c80e0d76d32939f
2025-05-21,4522147,USDC-WETH,0.01%,0xe0554a476a092703abdb3ef35c80e0d76d32939f
2025-05-22,4975551,USDC-WETH,0.01%,0xe0554a476a092703abdb3ef35c80e0d76d32939f
2025-05-23,4898252,USDC-WETH,0.01%,0xe0554a476a092703abdb3ef35c80e0d76d32939f
2025-05-24,4905723,USDC-WETH,0.01%,0xe0554a476a092703abdb3ef35c80e0d76d32939f
2025-05-25,4958717,USDC-WETH,0.01%,0xe0554a476a092703abdb3ef35c80e0d76d32939f
2025-05-26,5055715,USDC-WETH,0.01%,0xe0554a476a092703abdb3ef35c80e0d76d32939f
2025-05-27,5296574,USDC-WETH,0.01%,0xe0554a476a092703abdb3ef35c80e0d76d32939f
2025-05-28,5298261,USDC-WETH,0.01%,0xe0554a476a092703abdb3ef35c80e0d76d32939f
2025-05-29,5198275,USDC-WETH,0.01%,0xe0554a476a092703abdb3ef35c80e0d76d32939f
2025-05-30,5145943,USDC-WETH,0.01%,0xe0554a476a092703abdb3ef35c80e0d76d32939f
2025-05-31,5650834,USDC-WETH,0.01%,0xe0554a476a092703abdb3ef35c80e0d76d32939f
2025-06-01,5687009,USDC-WETH,0.01%,0xe0554a476a092703abdb3ef35c80e0d76d32939f
2025-06-02,5881098,USDC-WETH,0.01%,0xe0554a476a092703abdb3ef35c80e0d76d32939f
2025-06-03,5912882,USDC-WETH,0.01%,0xe0554a476a092703abdb3ef35c80e0d76d32939f
2025-06-04,6046929,USDC-WETH,0.01%,0xe0554a476a092703abdb3ef35c80e0d76d32939f
2025-06-05,5772380,USDC-WETH,0.01%,0xe0554a476a092703abdb3ef35c80e0d76d32939f
2025-06-06,5833136,USDC-WETH,0.01%,0xe0554a476a092703abdb3ef35c80e0d76d32939f
2025-06-07,6079410,USDC-WETH,0.01%,0xe0554a476a092703abdb3ef35c80e0d76d32939f
2025-06-08,6069282,USDC-WETH,0.01%,0xe0554a476a092703abdb3ef35c80e0d76d32939f
2025-06-09,6224831,USDC-WETH,0.01%,0xe0554a476a092703abdb3ef35c80e0d76d32939f
2025-06-10,6144594,USDC-WETH,0.01%,0xe0554a476a092703abdb3ef35c80e0d76d32939f
2025-06-11,6120364,USDC-WETH,0.01%,0xe0554a476a092703abdb3ef35c80e0d76d32939f
2025-06-12,5921000,USDC-WETH,0.01%,0xe0554a476a092703abdb3ef35c80e0d76d32939f
2025-06-13,5830585,USDC-WETH,0.01%,0xe0554a476a092703abdb3ef35c80e0d76d32939f
2025-06-14,5786796,USDC-WETH,0.01%,0xe0554a476a092703abdb3ef35c80e0d76d32939f
2025-06-15,5776206,USDC-WETH,0.01%,0xe0554a476a092703abdb3ef35c80e0d76d32939f
2025-06-16,6063909,USDC-WETH,0.01%,0xe0554a476a092703abdb3ef35c80e0d76d32939f
2025-06-17,5749403,USDC-WETH,0.01%,0xe0554a476a092703abdb3ef35c80e0d76d32939f
2025-06-18,5809198,USDC-WETH,0.01%,0xe0554a476a092703abdb3ef35c80e0d76d32939f
2025-06-19,5799262,USDC-WETH,0.01%,0xe0554a476a092703abdb3ef35c80e0d76d32939f
2025-06-20,5584280,USDC-WETH,0.01%,0xe0554a476a092703abdb3ef35c80e0d76d32939f
2025-06-21,5409415,USDC-WETH,0.01%,0xe0554a476a092703abdb3ef35c80e0d76d32939f
2025-06-22,4451526,USDC-WETH,0.01%,0xe0554a476a092703abdb3ef35c80e0d76d32939f
2025-06-23,4945978,USDC-WETH,0.01%,0xe0554a476a092703abdb3ef35c80e0d76d32939f
2025-06-24,4996345,USDC-WETH,0.01%,0xe0554a476a092703abdb3ef35c80e0d76d32939f
2025-06-25,5094680,USDC-WETH,0.01%,0xe0554a476a092703abdb3ef35c80e0d76d32939f
2025-06-26,5071970,USDC-WETH,0.01%,0xe0554a476a092703abdb3ef35c80e0d76d32939f
2025-06-27,4877353,USDC-WETH,0.01%,0xe0554a476a092703abdb3ef35c80e0d76d32939f
2025-06-28,4909151,USDC-WETH,0.01%,0xe0554a476a092703abdb3ef35c80e0d76d32939f
2025-06-29,5450954,USDC-WETH,0.01%,0xe0554a476a092703abdb3ef35c80e0d76d32939f
2025-06-30,5394217,USDC-WETH,0.01%,0xe0554a476a092703abdb3ef35c80e0d76d32939f
2025-07-01,5286533,USDC-WETH,0.01%,0xe0554a476a092703abdb3ef35c80e0d76d32939f
2025-07-02,5627044,USDC-WETH,0.01%,0xe0554a476a092703abdb3ef35c80e0d76d32939f
2025-07-03,5634306,USDC-WETH,0.01%,0xe0554a476a092703abdb3ef35c80e0d76d32939f
2025-07-04,5564765,USDC-WETH,0.01%,0xe0554a476a092703abdb3ef35c80e0d76d32939f
2025-07-05,5541498,USDC-WETH,0.01%,0xe0554a476a092703abdb3ef35c80e0d76d32939f
2025-07-06,5619128,USDC-WETH,0.01%,0xe0554a476a092703abdb3ef35c80e0d76d32939f
2025-07-07,5624883,USDC-WETH,0.01%,0xe0554a476a092703abdb3ef35c80e0d76d32939f
2025-07-08,5657573,USDC-WETH,0.01%,0xe0554a476a092703abdb3ef35c80e0d76d32939f
2025-07-09,5843972,USDC-WETH,0.01%,0xe0554a476a092703abdb3ef35c80e0d76d32939f
2025-07-10,6077451,USDC-WETH,0.01%,0xe0554a476a092703abdb3ef35c80e0d76d32939f
2025-07-11,5993988,USDC-WETH,0.01%,0xe0554a476a092703abdb3ef35c80e0d76d32939f
2025-07-12,5844066,USDC-WETH,0.01%,0xe0554a476a092703abdb3ef35c80e0d76d32939f
2025-07-13,5858453,USDC-WETH,0.01%,0xe0554a476a092703abdb3ef35c80e0d76d32939f
2025-07-14,6129028,USDC-WETH,0.01%,0xe0554a476a092703abdb3ef35c80e0d76d32939f
2025-07-15,6569499,USDC-WETH,0.01%,0xe0554a476a092703abdb3ef35c80e0d76d32939f
2025-07-16,7396292,USDC-WETH,0.01%,0xe0554a476a092703abdb3ef35c80e0d76d32939f
2025-07-17,6906644,USDC-WETH,0.01%,0xe0554a476a092703abdb3ef35c80e0d76d32939f
2025-07-18,6529189,USDC-WETH,0.01%,0xe0554a476a092703abdb3ef35c80e0d76d32939f
2025-07-19,6544709,USDC-WETH,0.01%,0xe0554a476a092703abdb3ef35c80e0d76d32939f
2025-07-20,6535989,USDC-WETH,0.01%,0xe0554a476a092703abdb3ef35c80e0d76d32939f
2025-07-21,6491544,USDC-WETH,0.01%,0xe0554a476a092703abdb3ef35c80e0d76d32939f
2025-07-22,6509945,USDC-WETH,0.01%,0xe0554a476a092703abdb3ef35c80e0d76d32939f
2025-07-23,6200666,USDC-WETH,0.01%,0xe0554a476a092703abdb3ef35c80e0d76d32939f
2025-07-24,6279136,USDC-WETH,0.01%,0xe0554a476a092703abdb3ef35c80e0d76d32939f
2025-07-25,6992636,USDC-WETH,0.01%,0xe0554a476a092703abdb3ef35c80e0d76d32939f
2025-07-26,7171346,USDC-WETH,0.01%,0xe0554a476a092703abdb3ef35c80e0d76d32939f
2025-07-27,7327754,USDC-WETH,0.01%,0xe0554a476a092703abdb3ef35c80e0d76d32939f
2025-07-28,7316091,USDC-WETH,0.01%,0xe0554a476a092703abdb3ef35c80e0d76d32939f
2025-07-29,7233016,USDC-WETH,0.01%,0xe0554a476a092703abdb3ef35c80e0d76d32939f
2025-07-30,7409003,USDC-WETH,0.01%,0xe0554a476a092703abdb3ef35c80e0d76d32939f
2025-07-31,7396161,USDC-WETH,0.01%,0xe0554a476a092703abdb3ef35c80e0d76d32939f
2025-08-01,6698309,USDC-WETH,0.01%,0xe0554a476a092703abdb3ef35c80e0d76d32939f
2025-08-02,6664359,USDC-WETH,0.01%,0xe0554a476a092703abdb3ef35c80e0d76d32939f
2025-08-03,12032836,USDC-WETH,0.01%,0xe0554a476a092703abdb3ef35c80e0d76d32939f
2025-08-04,12380166,USDC-WETH,0.01%,0xe0554a476a092703abdb3ef35c80e0d76d32939f
2025-08-05,12164299,USDC-WETH,0.01%,0xe0554a476a092703abdb3ef35c80e0d76d32939f
2025-08-06,12289641,USDC-WETH,0.01%,0xe0554a476a092703abdb3ef35c80e0d76d32939f
2025-08-07,12655183,USDC-WETH,0.01%,0xe0554a476a092703abdb3ef35c80e0d76d32939f
2025-08-08,12300056,USDC-WETH,0.01%,0xe0554a476a092703abdb3ef35c80e0d76d32939f
2025-08-09,12848086,USDC-WETH,0.01%,0xe0554a476a092703abdb3ef35c80e0d76d32939f
2025-08-10,12569671,USDC-WETH,0.01%,0xe0554a476a092703abdb3ef35c80e0d76d32939f
2025-08-11,12824916,USDC-WETH,0.01%,0xe0554a476a092703abdb3ef35c80e0d76d32939f
2025-08-12,13475575,USDC-WETH,0.01%,0xe0554a476a092703abdb3ef35c80e0d76d32939f
2025-08-13,13638680,USDC-WETH,0.01%,0xe0554a476a092703abdb3ef35c80e0d76d32939f
2025-08-14,7221184,USDC-WETH,0.01%,0xe0554a476a092703abdb3ef35c80e0d76d32939f
2025-08-15,7188271,USDC-WETH,0.01%,0xe0554a476a092703abdb3ef35c80e0d76d32939f
2025-08-16,7201342,USDC-WETH,0.01%,0xe0554a476a092703abdb3ef35c80e0d76d32939f
2025-08-17,7512503,USDC-WETH,0.01%,0xe0554a476a092703abdb3ef35c80e0d76d32939f
2025-08-18,7396590,USDC-WETH,0.01%,0xe0554a476a092703abdb3ef35c80e0d76d32939f
2025-08-19,7246278,USDC-WETH,0.01%,0xe0554a476a092703abdb3ef35c80e0d76d32939f
2025-08-20,7485258,USDC-WETH,0.01%,0xe0554a476a092703abdb3ef35c80e0d76d32939f
2025-08-21,7388176,USDC-WETH,0.01%,0xe0554a476a092703abdb3ef35c80e0d76d32939f
2025-08-22,7181103,USDC-WETH,0.01%,0xe0554a476a092703abdb3ef35c80e0d76d32939f
2025-08-23,7083413,USDC-WETH,0.01%,0xe0554a476a092703abdb3ef35c80e0d76d32939f
2025-08-24,6591134,USDC-WETH,0.01%,0xe0554a476a092703abdb3ef35c80e0d76d32939f
2025-08-25,6315513,USDC-WETH,0.01%,0xe0554a476a092703abdb3ef35c80e0d76d32939f
2025-08-26,6526220,USDC-WETH,0.01%,0xe0554a476a092703abdb3ef35c80e0d76d32939f
2025-08-27,6356904,USDC-WETH,0.01%,0xe0554a476a092703abdb3ef35c80e0d76d32939f
2025-08-28,6351267,USDC-WETH,0.01%,0xe0554a476a092703abdb3ef35c80e0d76d32939f
2025-08-29,5867815,USDC-WETH,0.01%,0xe0554a476a092703abdb3ef35c80e0d76d32939f
2025-08-30,5787556,USDC-WETH,0.01%,0xe0554a476a092703abdb3ef35c80e0d76d32939f
2025-08-31,5802986,USDC-WETH,0.01%,0xe0554a476a092703abdb3ef35c80e0d76d32939f
2025-09-01,5725222,USDC-WETH,0.01%,0xe0554a476a092703abdb3ef35c80e0d76d32939f
2025-09-02,6545716,USDC-WETH,0.01%,0xe0554a476a092703abdb3ef35c80e0d76d32939f
2025-09-03,6709547,USDC-WETH,0.01%,0xe0554a476a092703abdb3ef35c80e0d76d32939f
2025-09-04,6901291,USDC-WETH,0.01%,0xe0554a476a092703abdb3ef35c80e0d76d32939f
2025-09-05,6897183,USDC-WETH,0.01%,0xe0554a476a092703abdb3ef35c80e0d76d32939f
2025-09-06,7076690,USDC-WETH,0.01%,0xe0554a476a092703abdb3ef35c80e0d76d32939f
2025-09-07,7219310,USDC-WETH,0.01%,0xe0554a476a092703abdb3ef35c80e0d76d32939f
2025-09-08,7262412,USDC-WETH,0.01%,0xe0554a476a092703abdb3ef35c80e0d76d32939f
2025-09-09,7262778,USDC-WETH,0.01%,0xe0554a476a092703abdb3ef35c80e0d76d32939f
2025-09-10,7338677,USDC-WETH,0.01%,0xe0554a476a092703abdb3ef35c80e0d76d32939f
2025-09-11,7459088,USDC-WETH,0.01%,0xe0554a476a092703abdb3ef35c80e0d76d32939f
2025-09-12,7533161,USDC-WETH,0.01%,0xe0554a476a092703abdb3ef35c80e0d76d32939f
2025-09-13,7434882,USDC-WETH,0.01%,0xe0554a476a092703abdb3ef35c80e0d76d32939f
2025-09-14,7402052,USDC-WETH,0.01%,0xe0554a476a092703abdb3ef35c80e0d76d32939f
2025-09-15,7373704,USDC-WETH,0.01%,0xe0554a476a092703abdb3ef35c80e0d76d32939f
2025-09-16,7954062,USDC-WETH,0.01%,0xe0554a476a092703abdb3ef35c80e0d76d32939f
2025-09-17,8097837,USDC-WETH,0.01%,0xe0554a476a092703abdb3ef35c80e0d76d32939f
2025-09-18,8116634,USDC-WETH,0.01%,0xe0554a476a092703abdb3ef35c80e0d76d32939f
2025-09-19,8034730,USDC-WETH,0.01%,0xe0554a476a092703abdb3ef35c80e0d76d32939f
2025-09-20,7988818,USDC-WETH,0.01%,0xe0554a476a092703abdb3ef35c80e0d76d32939f
2025-09-21,7941387,USDC-WETH,0.01%,0xe0554a476a092703abdb3ef35c80e0d76d32939f
2025-09-22,7249109,USDC-WETH,0.01%,0xe0554a476a092703abdb3ef35c80e0d76d32939f
2025-09-23,7243188,USDC-WETH,0.01%,0xe0554a476a092703abdb3ef35c80e0d76d32939f
2025-09-24,7241922,USDC-WETH,0.01%,0xe0554a476a092703abdb3ef35c80e0d76d32939f
2025-09-25,5455950,USDC-WETH,0.01%,0xe0554a476a092703abdb3ef35c80e0d76d32939f
2025-09-26,5575760,USDC-WETH,0.01%,0xe0554a476a092703abdb3ef35c80e0d76d32939f
2025-09-27,5722030,USDC-WETH,0.01%,0xe0554a476a092703abdb3ef35c80e0d76d32939f
2025-09-28,5949573,USDC-WETH,0.01%,0xe0554a476a092703abdb3ef35c80e0d76d32939f
2025-09-29,6030075,USDC-WETH,0.01%,0xe0554a476a092703abdb3ef35c80e0d76d32939f
2025-09-30,6157586,USDC-WETH,0.01%,0xe0554a476a092703abdb3ef35c80e0d76d32939f
2025-10-01,6459827,USDC-WETH,0.01%,0xe0554a476a092703abdb3ef35c80e0d76d32939f
2025-10-02,6575379,USDC-WETH,0.01%,0xe0554a476a092703abdb3ef35c80e0d76d32939f
2025-10-03,6905425,USDC-WETH,0.01%,0xe0554a476a092703abdb3ef35c80e0d76d32939f
2025-10-04,6880112,USDC-WETH,0.01%,0xe0554a476a092703abdb3ef35c80e0d76d32939f
2025-10-05,6817963,USDC-WETH,0.01%,0xe0554a476a092703abdb3ef35c80e0d76d32939f
2025-10-06,6946243,USDC-WETH,0.01%,0xe0554a476a092703abdb3ef35c80e0d76d32939f
2025-10-07,6693964,USDC-WETH,0.01%,0xe0554a476a092703abdb3ef35c80e0d76d32939f
2025-10-08,6616226,USDC-WETH,0.01%,0xe0554a476a092703abdb3ef35c80e0d76d32939f
2025-10-09,6302671,USDC-WETH,0.01%,0xe0554a476a092703abdb3ef35c80e0d76d32939f
2025-10-10,5783327,USDC-WETH,0.01%,0xe0554a476a092703abdb3ef35c80e0d76d32939f
2025-10-11,5106938,USDC-WETH,0.01%,0xe0554a476a092703abdb3ef35c80e0d76d32939f
2025-10-12,5773913,USDC-WETH,0.01%,0xe0554a476a092703abdb3ef35c80e0d76d32939f
2025-10-13,5868560,USDC-WETH,0.01%,0xe0554a476a092703abdb3ef35c80e0d76d32939f
2025-10-14,5779883,USDC-WETH,0.01%,0xe0554a476a092703abdb3ef35c80e0d76d32939f
2025-10-15,5613244,USDC-WETH,0.01%,0xe0554a476a092703abdb3ef35c80e0d76d32939f
2025-10-16,5526751,USDC-WETH,0.01%,0xe0554a476a092703abdb3ef35c80e0d76d32939f
2025-10-17,5691491,USDC-WETH,0.01%,0xe0554a476a092703abdb3ef35c80e0d76d32939f
2025-10-18,5735885,USDC-WETH,0.01%,0xe0554a476a092703abdb3ef35c80e0d76d32939f
2025-10-19,5847916,USDC-WETH,0.01%,0xe0554a476a092703abdb3ef35c80e0d76d32939f
2025-10-20,5886266,USDC-WETH,0.01%,0xe0554a476a092703abdb3ef35c80e0d76d32939f
2025-10-21,5824777,USDC-WETH,0.01%,0xe0554a476a092703abdb3ef35c80e0d76d32939f
2025-10-22,5603592,USDC-WETH,0.01%,0xe0554a476a092703abdb3ef35c80e0d76d32939f
2025-10-23,6189579,USDC-WETH,0.01%,0xe0554a476a092703abdb3ef35c80e0d76d32939f
2025-10-24,6458747,USDC-WETH,0.01%,0xe0554a476a092703abdb3ef35c80e0d76d32939f
2025-10-25,6538129,USDC-WETH,0.01%,0xe0554a476a092703abdb3ef35c80e0d76d32939f
2025-10-26,7082642,USDC-WETH,0.01%,0xe0554a476a092703abdb3ef35c80e0d76d32939f
2025-10-27,6997179,USDC-WETH,0.01%,0xe0554a476a092703abdb3ef35c80e0d76d32939f
2025-10-28,6853100,USDC-WETH,0.01%,0xe0554a476a092703abdb3ef35c80e0d76d32939f
2025-10-29,6770599,USDC-WETH,0.01%,0xe0554a476a092703abdb3ef35c80e0d76d32939f
2025-10-30,6641716,USDC-WETH,0.01%,0xe0554a476a092703abdb3ef35c80e0d76d32939f
2025-10-31,6345647,USDC-WETH,0.01%,0xe0554a476a092703abdb3ef35c80e0d76d32939f
2025-11-01,6367167,USDC-WETH,0.01%,0xe0554a476a092703abdb3ef35c80e0d76d32939f
2025-11-02,6365361,USDC-WETH,0.01%,0xe0554a476a092703abdb3ef35c80e0d76d32939f
2025-11-03,6067361,USDC-WETH,0.01%,0xe0554a476a092703abdb3ef35c80e0d76d32939f
2025-11-04,4993773,USDC-WETH,0.01%,0xe0554a476a092703abdb3ef35c80e0d76d32939f
2025-11-05,5035052,USDC-WETH,0.01%,0xe0554a476a092703abdb3ef35c80e0d76d32939f
2025-11-06,4656736,USDC-WETH,0.01%,0xe0554a476a092703abdb3ef35c80e0d76d32939f
2025-11-07,4713881,USDC-WETH,0.01%,0xe0554a476a092703abdb3ef35c80e0d76d32939f
2025-11-08,4636752,USDC-WETH,0.01%,0xe0554a476a092703abdb3ef35c80e0d76d32939f
2025-11-09,4755138,USDC-WETH,0.01%,0xe0554a476a092703abdb3ef35c80e0d76d32939f
2025-11-10,4692473,USDC-WETH,0.01%,0xe0554a476a092703abdb3ef35c80e0d76d32939f
2025-11-11,4609466,USDC-WETH,0.01%,0xe0554a476a092703abdb3ef35c80e0d76d32939f
2025-11-12,4597428,USDC-WETH,0.01%,0xe0554a476a092703abdb3ef35c80e0d76d32939f
2025-11-13,4295327,USDC-WETH,0.01%,0xe0554a476a092703abdb3ef35c80e0d76d32939f
2025-11-14,4185606,USDC-WETH,0.01%,0xe0554a476a092703abdb3ef35c80e0d76d32939f
2025-11-15,4204160,USDC-WETH,0.01%,0xe0554a476a092703abdb3ef35c80e0d76d32939f
2025-11-16,4111042,USDC-WETH,0.01%,0xe0554a476a092703abdb3ef35c80e0d76d32939f
2025-11-17,4070902,USDC-WETH,0.01%,0xe0554a476a092703abdb3ef35c80e0d76d32939f
2025-11-18,4151543,USDC-WETH,0.01%,0xe0554a476a092703abdb3ef35c80e0d76d32939f
2025-11-19,3701616,USDC-WETH,0.01%,0xe0554a476a092703abdb3ef35c80e0d76d32939f
2025-11-20,3637561,USDC-WETH,0.01%,0xe0554a476a092703abdb3ef35c80e0d76d32939f
2025-11-21,3461411,USDC-WETH,0.01%,0xe0554a476a092703abdb3ef35c80e0d76d32939f
2025-11-22,3478190,USDC-WETH,0.01%,0xe0554a476a092703abdb3ef35c80e0d76d32939f
2025-11-23,3531803,USDC-WETH,0.01%,0xe0554a476a092703abdb3ef35c80e0d76d32939f
2025-11-24,3646171,USDC-WETH,0.01%,0xe0554a476a092703abdb3ef35c80e0d76d32939f
2025-11-25,3680171,USDC-WETH,0.01%,0xe0554a476a092703abdb3ef35c80e0d76d32939f
2025-11-26,3730121,USDC-WETH,0.01%,0xe0554a476a092703abdb3ef35c80e0d76d32939f
2025-11-27,3713259,USDC-WETH,0.01%,0xe0554a476a092703abdb3ef35c80e0d76d32939f
2025-11-28,3841847,USDC-WETH,0.01%,0xe0554a476a092703abdb3ef35c80e0d76d32939f
2025-11-29,3785062,USDC-WETH,0.01%,0xe0554a476a092703abdb3ef35c80e0d76d32939f
2025-11-30,3828241,USDC-WETH,0.01%,0xe0554a476a092703abdb3ef35c80e0d76d32939f
2025-12-01,3618338,USDC-WETH,0.01%,0xe0554a476a092703abdb3ef35c80e0d76d32939f
2025-12-02,3794454,USDC-WETH,0.01%,0xe0554a476a092703abdb3ef35c80e0d76d32939f
2025-12-03,3914868,USDC-WETH,0.01%,0xe0554a476a092703abdb3ef35c80e0d76d32939f
2025-12-04,3897769,USDC-WETH,0.01%,0xe0554a476a092703abdb3ef35c80e0d76d32939f
2025-12-05,3767426,USDC-WETH,0.01%,0xe0554a476a092703abdb3ef35c80e0d76d32939f
2025-12-06,3844021,USDC-WETH,0.01%,0xe0554a476a092703abdb3ef35c80e0d76d32939f
2025-12-07,3842425,USDC-WETH,0.01%,0xe0554a476a092703abdb3ef35c80e0d76d32939f
2025-12-08,4108159,USDC-WETH,0.01%,0xe0554a476a092703abdb3ef35c80e0d76d32939f
2025-12-09,4240430,USDC-WETH,0.01%,0xe0554a476a092703abdb3ef35c80e0d76d32939f
2025-12-10,4295602,USDC-WETH,0.01%,0xe0554a476a092703abdb3ef35c80e0d76d32939f
2025-12-11,4170138,USDC-WETH,0.01%,0xe0554a476a092703abdb3ef35c80e0d76d32939f
2025-12-12,4033374,USDC-WETH,0.01%,0xe0554a476a092703abdb3ef35c80e0d76d32939f
2025-12-13,4058499,USDC-WETH,0.01%,0xe0554a476a092703abdb3ef35c80e0d76d32939f
2025-12-14,3989520,USDC-WETH,0.01%,0xe0554a476a092703abdb3ef35c80e0d76d32939f
2025-12-15,3869162,USDC-WETH,0.01%,0xe0554a476a092703abdb3ef35c80e0d76d32939f
2025-12-16,3856906,USDC-WETH,0.01%,0xe0554a476a092703abdb3ef35c80e0d76d32939f
2025-12-17,3732614,USDC-WETH,0.01%,0xe0554a476a092703abdb3ef35c80e0d76d32939f
2025-12-18,3694716,USDC-WETH,0.01%,0xe0554a476a092703abdb3ef35c80e0d76d32939f
2025-12-19,3866343,USDC-WETH,0.01%,0xe0554a476a092703abdb3ef35c80e0d76d32939f
2025-12-20,3860188,USDC-WETH,0.01%,0xe0554a476a092703abdb3ef35c80e0d76d32939f
2025-12-21,3867811,USDC-WETH,0.01%,0xe0554a476a092703abdb3ef35c80e0d76d32939f
2025-12-22,3874294,USDC-WETH,0.01%,0xe0554a476a092703abdb3ef35c80e0d76d32939f
2025-12-23,3821735,USDC-WETH,0.01%,0xe0554a476a092703abdb3ef35c80e0d76d32939f
2025-12-24,3811331,USDC-WETH,0.01%,0xe0554a476a092703abdb3ef35c80e0d76d32939f
2025-12-25,3609407,USDC-WETH,0.01%,0xe0554a476a092703abdb3ef35c80e0d76d32939f
2025-12-26,3569866,USDC-WETH,0.01%,0xe0554a476a092703abdb3ef35c80e0d76d32939f
2025-12-27,3679152,USDC-WETH,0.01%,0xe0554a476a092703abdb3ef35c80e0d76d32939f
2025-12-28,3694887,USDC-WETH,0.01%,0xe0554a476a092703abdb3ef35c80e0d76d32939f
2025-12-29,3683232,USDC-WETH,0.01%,0xe0554a476a092703abdb3ef35c80e0d76d32939f
2025-12-30,3718138,USDC-WETH,0.01%,0xe0554a476a092703abdb3ef35c80e0d76d32939f
2025-12-31,3729439,USDC-WETH,0.01%,0xe0554a476a092703abdb3ef35c80e0d76d32939f
2026-01-01,3831335,USDC-WETH,0.01%,0xe0554a476a092703abdb3ef35c80e0d76d32939f
2026-01-02,3932931,USDC-WETH,0.01%,0xe0554a476a092703abdb3ef35c80e0d76d32939f
2026-01-03,3936368,USDC-WETH,0.01%,0xe0554a476a092703abdb3ef35c80e0d76d32939f
2026-01-04,3839159,USDC-WETH,0.01%,0xe0554a476a092703abdb3ef35c80e0d76d32939f
2026-01-05,3910889,USDC-WETH,0.01%,0xe0554a476a092703abdb3ef35c80e0d76d32939f
2026-01-06,3941134,USDC-WETH,0.01%,0xe0554a476a092703abdb3ef35c80e0d76d32939f
2026-01-07,3802873,USDC-WETH,0.01%,0xe0554a476a092703abdb3ef35c80e0d76d32939f
2026-01-08,3779166,USDC-WETH,0.01%,0xe0554a476a092703abdb3ef35c80e0d76d32939f
2026-01-09,3753398,USDC-WETH,0.01%,0xe0554a476a092703abdb3ef35c80e0d76d32939f
2026-01-10,3761689,USDC-WETH,0.01%,0xe0554a476a092703abdb3ef35c80e0d76d32939f
2026-01-11,3747019,USDC-WETH,0.01%,0xe0554a476a092703abdb3ef35c80e0d76d32939f
2026-01-12,3741549,USDC-WETH,0.01%,0xe0554a476a092703abdb3ef35c80e0d76d32939f
2026-01-13,8877048,USDC-WETH,0.01%,0xe0554a476a092703abdb3ef35c80e0d76d32939f
2026-01-14,3499512,USDC-WETH,0.01%,0xe0554a476a092703abdb3ef35c80e0d76d32939f
2026-01-15,3465442,USDC-WETH,0.01%,0xe0554a476a092703abdb3ef35c80e0d76d32939f
2026-01-16,3480687,USDC-WETH,0.01%,0xe0554a476a092703abdb3ef35c80e0d76d32939f
2026-01-17,3486555,USDC-WETH,0.01%,0xe0554a476a092703abdb3ef35c80e0d76d32939f
2026-01-18,3582490,USDC-WETH,0.01%,0xe0554a476a092703abdb3ef35c80e0d76d32939f
2026-01-19,3498053,USDC-WETH,0.01%,0xe0554a476a092703abdb3ef35c80e0d76d32939f
2026-01-20,3299778,USDC-WETH,0.01%,0xe0554a476a092703abdb3ef35c80e0d76d32939f
2026-01-21,3352309,USDC-WETH,0.01%,0xe0554a476a092703abdb3ef35c80e0d76d32939f
2026-01-22,3396790,USDC-WETH,0.01%,0xe0554a476a092703abdb3ef35c80e0d76d32939f
2026-01-23,3412855,USDC-WETH,0.01%,0xe0554a476a092703abdb3ef35c80e0d76d32939f
2026-01-24,3449102,USDC-WETH,0.01%,0xe0554a476a092703abdb3ef35c80e0d76d32939f
2026-01-25,3312287,USDC-WETH,0.01%,0xe0554a476a092703abdb3ef35c80e0d76d32939f
2026-01-26,3460951,USDC-WETH,0.01%,0xe0554a476a092703abdb3ef35c80e0d76d32939f
2026-01-27,3560717,USDC-WETH,0.01%,0xe0554a476a092703abdb3ef35c80e0d76d32939f
2026-01-28,3808072,USDC-WETH,0.01%,0xe0554a476a092703abdb3ef35c80e0d76d32939f
2026-01-29,3650315,USDC-WETH,0.01%,0xe0554a476a092703abdb3ef35c80e0d76d32939f
2026-01-30,3481147,USDC-WETH,0.01%,0xe0554a476a092703abdb3ef35c80e0d76d32939f
2026-01-31,3168906,USDC-WETH,0.01%,0xe0554a476a092703abdb3ef35c80e0d76d32939f
2026-02-01,3092944,USDC-WETH,0.01%,0xe0554a476a092703abdb3ef35c80e0d76d32939f
2026-02-02,3198870,USDC-WETH,0.01%,0xe0554a476a092703abdb3ef35c80e0d76d32939f
2026-02-03,3322327,USDC-WETH,0.01%,0xe0554a476a092703abdb3ef35c80e0d76d32939f
2026-02-04,2913069,USDC-WETH,0.01%,0xe0554a476a092703abdb3ef35c80e0d76d32939f
2026-02-05,2537183,USDC-WETH,0.01%,0xe0554a476a092703abdb3ef35c80e0d76d32939f
2026-02-06,2748260,USDC-WETH,0.01%,0xe0554a476a092703abdb3ef35c80e0d76d32939f
2026-02-07,2767233,USDC-WETH,0.01%,0xe0554a476a092703abdb3ef35c80e0d76d32939f
2026-02-08,2755250,USDC-WETH,0.01%,0xe0554a476a092703abdb3ef35c80e0d76d32939f
2026-02-09,2773487,USDC-WETH,0.01%,0xe0554a476a092703abdb3ef35c80e0d76d32939f
2026-02-10,2680146,USDC-WETH,0.01%,0xe0554a476a092703abdb3ef35c80e0d76d32939f
2026-02-11,2610255,USDC-WETH,0.01%,0xe0554a476a092703abdb3ef35c80e0d76d32939f
2026-02-12,2600728,USDC-WETH,0.01%,0xe0554a476a092703abdb3ef35c80e0d76d32939f
2026-02-13,2775843,USDC-WETH,0.01%,0xe0554a476a092703abdb3ef35c80e0d76d32939f
2026-02-14,2836513,USDC-WETH,0.01%,0xe0554a476a092703abdb3ef35c80e0d76d32939f
2026-02-15,2695021,USDC-WETH,0.01%,0xe0554a476a092703abdb3ef35c80e0d76d32939f
2026-02-16,2721571,USDC-WETH,0.01%,0xe0554a476a092703abdb3ef35c80e0d76d32939f
2026-02-17,2726663,USDC-WETH,0.01%,0xe0554a476a092703abdb3ef35c80e0d76d32939f
2026-02-18,2575023,USDC-WETH,0.01%,0xe0554a476a092703abdb3ef35c80e0d76d32939f
2026-02-19,2579417,USDC-WETH,0.01%,0xe0554a476a092703abdb3ef35c80e0d76d32939f
2026-02-20,2590168,USDC-WETH,0.01%,0xe0554a476a092703abdb3ef35c80e0d76d32939f
2026-02-21,2650649,USDC-WETH,0.01%,0xe0554a476a092703abdb3ef35c80e0d76d32939f
2026-02-22,2635452,USDC-WETH,0.01%,0xe0554a476a092703abdb3ef35c80e0d76d32939f
2026-02-23,2529594,USDC-WETH,0.01%,0xe0554a476a092703abdb3ef35c80e0d76d32939f
2026-02-24,2403193,USDC-WETH,0.01%,0xe0554a476a092703abdb3ef35c80e0d76d32939f
2026-02-25,2627682,USDC-WETH,0.01%,0xe0554a476a092703abdb3ef35c80e0d76d32939f
2026-02-26,2586965,USDC-WETH,0.01%,0xe0554a476a092703abdb3ef35c80e0d76d32939f
2026-02-27,2473778,USDC-WETH,0.01%,0xe0554a476a092703abdb3ef35c80e0d76d32939f
2026-02-28,2552986,USDC-WETH,0.01%,0xe0554a476a092703abdb3ef35c80e0d76d32939f
2026-03-01,2667864,USDC-WETH,0.01%,0xe0554a476a092703abdb3ef35c80e0d76d32939f
2026-03-02,2801100,USDC-WETH,0.01%,0xe0554a476a092703abdb3ef35c80e0d76d32939f
2026-03-03,2724413,USDC-WETH,0.01%,0xe0554a476a092703abdb3ef35c80e0d76d32939f
2026-03-04,2873862,USDC-WETH,0.01%,0xe0554a476a092703abdb3ef35c80e0d76d32939f
2026-03-05,2822816,USDC-WETH,0.01%,0xe0554a476a092703abdb3ef35c80e0d76d32939f
2026-03-06,2726415,USDC-WETH,0.01%,0xe0554a476a092703abdb3ef35c80e0d76d32939f
2026-03-07,2709308,USDC-WETH,0.01%,0xe0554a476a092703abdb3ef35c80e0d76d32939f
2026-03-08,2690749,USDC-WETH,0.01%,0xe0554a476a092703abdb3ef35c80e0d76d32939f
2026-03-09,2753369,USDC-WETH,0.01%,0xe0554a476a092703abdb3ef35c80e0d76d32939f
2026-03-10,2772969,USDC-WETH,0.01%,0xe0554a476a092703abdb3ef35c80e0d76d32939f
2026-03-11,2809372,USDC-WETH,0.01%,0xe0554a476a092703abdb3ef35c80e0d76d32939f
2026-03-12,2812954,USDC-WETH,0.01%,0xe0554a476a092703abdb3ef35c80e0d76d32939f
2026-03-13,2853370,USDC-WETH,0.01%,0xe0554a476a092703abdb3ef35c80e0d76d32939f
2026-03-14,2854262,USDC-WETH,0.01%,0xe0554a476a092703abdb3ef35c80e0d76d32939f
2026-03-15,2945024,USDC-WETH,0.01%,0xe0554a476a092703abdb3ef35c80e0d76d32939f
2026-03-16,3096513,USDC-WETH,0.01%,0xe0554a476a092703abdb3ef35c80e0d76d32939f
2026-03-17,3103338,USDC-WETH,0.01%,0xe0554a476a092703abdb3ef35c80e0d76d32939f
2026-03-18,2984759,USDC-WETH,0.01%,0xe0554a476a092703abdb3ef35c80e0d76d32939f
2026-03-19,2920923,USDC-WETH,0.01%,0xe0554a476a092703abdb3ef35c80e0d76d32939f
2026-03-20,2889898,USDC-WETH,0.01%,0xe0554a476a092703abdb3ef35c80e0d76d32939f
2026-03-21,2904166,USDC-WETH,0.01%,0xe0554a476a092703abdb3ef35c80e0d76d32939f
2026-03-22,2804867,USDC-WETH,0.01%,0xe0554a476a092703abdb3ef35c80e0d76d32939f
2026-03-23,3073860,USDC-WETH,0.01%,0xe0554a476a092703abdb3ef35c80e0d76d32939f
2026-03-24,3191888,USDC-WETH,0.01%,0xe0554a476a092703abdb3ef35c80e0d76d32939f
2026-03-25,3251339,USDC-WETH,0.01%,0xe0554a476a092703abdb3ef35c80e0d76d32939f
2026-03-26,3138447,USDC-WETH,0.01%,0xe0554a476a092703abdb3ef35c80e0d76d32939f
2026-03-27,3054002,USDC-WETH,0.01%,0xe0554a476a092703abdb3ef35c80e0d76d32939f
2026-03-28,3093307,USDC-WETH,0.01%,0xe0554a476a092703abdb3ef35c80e0d76d32939f
2026-03-29,3021973,USDC-WETH,0.01%,0xe0554a476a092703abdb3ef35c80e0d76d32939f
2026-03-30,3089212,USDC-WETH,0.01%,0xe0554a476a092703abdb3ef35c80e0d76d32939f
2026-03-31,3167705,USDC-WETH,0.01%,0xe0554a476a092703abdb3ef35c80e0d76d32939f
2026-04-01,3236963,USDC-WETH,0.01%,0xe0554a476a092703abdb3ef35c80e0d76d32939f
2026-04-02,3149282,USDC-WETH,0.01%,0xe0554a476a092703abdb3ef35c80e0d76d32939f
2026-04-03,3146266,USDC-WETH,0.01%,0xe0554a476a092703abdb3ef35c80e0d76d32939f
2026-04-04,3191477,USDC-WETH,0.01%,0xe0554a476a092703abdb3ef35c80e0d76d32939f
2026-04-05,3248973,USDC-WETH,0.01%,0xe0554a476a092703abdb3ef35c80e0d76d32939f
2026-04-06,3295413,USDC-WETH,0.01%,0xe0554a476a092703abdb3ef35c80e0d76d32939f
2026-04-07,3312810,USDC-WETH,0.01%,0xe0554a476a092703abdb3ef35c80e0d76d32939f
2026-04-08,3317290,USDC-WETH,0.01%,0xe0554a476a092703abdb3ef35c80e0d76d32939f
2026-04-09,3337295,USDC-WETH,0.01%,0xe0554a476a092703abdb3ef35c80e0d76d32939f
2026-04-10,3382760,USDC-WETH,0.01%,0xe0554a476a092703abdb3ef35c80e0d76d32939f
2026-04-11,3579789,USDC-WETH,0.01%,0xe0554a476a092703abdb3ef35c80e0d76d32939f
2026-04-12,3486044,USDC-WETH,0.01%,0xe0554a476a092703abdb3ef35c80e0d76d32939f
2026-04-13,3690208,USDC-WETH,0.01%,0xe0554a476a092703abdb3ef35c80e0d76d32939f
2026-04-14,3729551,USDC-WETH,0.01%,0xe0554a476a092703abdb3ef35c80e0d76d32939f
2026-04-15,3835812,USDC-WETH,0.01%,0xe0554a476a092703abdb3ef35c80e0d76d32939f
2026-04-16,3813634,USDC-WETH,0.01%,0xe0554a476a092703abdb3ef35c80e0d76d32939f
2026-04-17,3884437,USDC-WETH,0.01%,0xe0554a476a092703abdb3ef35c80e0d76d32939f
2026-04-18,3839519,USDC-WETH,0.01%,0xe0554a476a092703abdb3ef35c80e0d76d32939f
2026-04-19,3743754,USDC-WETH,0.01%,0xe0554a476a092703abdb3ef35c80e0d76d32939f
2026-04-20,3834291,USDC-WETH,0.01%,0xe0554a476a092703abdb3ef35c80e0d76d32939f
2026-04-21,4154583,USDC-WETH,0.01%,0xe0554a476a092703abdb3ef35c80e0d76d32939f
2026-04-22,4464902,USDC-WETH,0.01%,0xe0554a476a092703abdb3ef35c80e0d76d32939f
2026-04-23,4595519,USDC-WETH,0.01%,0xe0554a476a092703abdb3ef35c80e0d76d32939f
2026-04-24,5549207,USDC-WETH,0.01%,0xe0554a476a092703abdb3ef35c80e0d76d32939f
2026-04-25,5907030,USDC-WETH,0.01%,0xe0554a476a092703abdb3ef35c80e0d76d32939f
2026-04-26,5796362,USDC-WETH,0.01%,0xe0554a476a092703abdb3ef35c80e0d76d32939f
2026-04-27,6112712,USDC-WETH,0.01%,0xe0554a476a092703abdb3ef35c80e0d76d32939f
2026-04-28,6746496,USDC-WETH,0.01%,0xe0554a476a092703abdb3ef35c80e0d76d32939f
2026-04-29,6623741,USDC-WETH,0.01%,0xe0554a476a092703abdb3ef35c80e0d76d32939f
2026-04-30,6757088,USDC-WETH,0.01%,0xe0554a476a092703abdb3ef35c80e0d76d32939f
2026-05-01,7161026,USDC-WETH,0.01%,0xe0554a476a092703abdb3ef35c80e0d76d32939f
2026-05-02,7581988,USDC-WETH,0.01%,0xe0554a476a092703abdb3ef35c80e0d76d32939f
2026-05-03,8046815,USDC-WETH,0.01%,0xe0554a476a092703abdb3ef35c80e0d76d32939f
2026-05-04,6576913,USDC-WETH,0.01%,0xe0554a476a092703abdb3ef35c80e0d76d32939f
2026-05-05,6801291,USDC-WETH,0.01%,0xe0554a476a092703abdb3ef35c80e0d76d32939f
2026-05-06,7323916,USDC-WETH,0.01%,0xe0554a476a092703abdb3ef35c80e0d76d32939f
2026-05-07,7084292,USDC-WETH,0.01%,0xe0554a476a092703abdb3ef35c80e0d76d32939f
2026-05-08,7818169,USDC-WETH,0.01%,0xe0554a476a092703abdb3ef35c80e0d76d32939f
2026-05-09,8008463,USDC-WETH,0.01%,0xe0554a476a092703abdb3ef35c80e0d76d32939f
2026-05-10,7286753,USDC-WETH,0.01%,0xe0554a476a092703abdb3ef35c80e0d76d32939f
2026-05-11,7445988,USDC-WETH,0.01%,0xe0554a476a092703abdb3ef35c80e0d76d32939f
2026-05-12,7477183,USDC-WETH,0.01%,0xe0554a476a092703abdb3ef35c80e0d76d32939f
2026-05-13,6001555,USDC-WETH,0.01%,0xe0554a476a092703abdb3ef35c80e0d76d32939f
2026-05-14,5486700,USDC-WETH,0.01%,0xe0554a476a092703abdb3ef35c80e0d76d32939f
2026-05-15,5486505,USDC-WETH,0.01%,0xe0554a476a092703abdb3ef35c80e0d76d32939f
2026-05-16,5282143,USDC-WETH,0.01%,0xe0554a476a092703abdb3ef35c80e0d76d32939f
2026-05-17,5291632,USDC-WETH,0.01%,0xe0554a476a092703abdb3ef35c80e0d76d32939f
2026-05-18,4921064,USDC-WETH,0.01%,0xe0554a476a092703abdb3ef35c80e0d76d32939f
2026-05-19,4699401,USDC-WETH,0.01%,0xe0554a476a092703abdb3ef35c80e0d76d32939f
2026-05-20,4638909,USDC-WETH,0.01%,0xe0554a476a092703abdb3ef35c80e0d76d32939f
2026-05-21,4380711,USDC-WETH,0.01%,0xe0554a476a092703abdb3ef35c80e0d76d32939f
2026-05-22,5490658,USDC-WETH,0.01%,0xe0554a476a092703abdb3ef35c80e0d76d32939f
2026-05-23,5915669,USDC-WETH,0.01%,0xe0554a476a092703abdb3ef35c80e0d76d32939f
2026-05-24,5887465,USDC-WETH,0.01%,0xe0554a476a092703abdb3ef35c80e0d76d32939f
2026-05-25,6007079,USDC-WETH,0.01%,0xe0554a476a092703abdb3ef35c80e0d76d32939f
2026-05-26,5617085,USDC-WETH,0.01%,0xe0554a476a092703abdb3ef35c80e0d76d32939f
2026-05-27,4492888,USDC-WETH,0.01%,0xe0554a476a092703abdb3ef35c80e0d76d32939f
2026-05-28,4428351,USDC-WETH,0.01%,0xe0554a476a092703abdb3ef35c80e0d76d32939f
2026-05-29,4371069,USDC-WETH,0.01%,0xe0554a476a092703abdb3ef35c80e0d76d32939f
2026-05-30,4423448,USDC-WETH,0.01%,0xe0554a476a092703abdb3ef35c80e0d76d32939f
2026-05-31,4519948,USDC-WETH,0.01%,0xe0554a476a092703abdb3ef35c80e0d76d32939f
2026-06-01,4797840,USDC-WETH,0.01%,0xe0554a476a092703abdb3ef35c80e0d76d32939f
2026-06-02,4548135,USDC-WETH,0.01%,0xe0554a476a092703abdb3ef35c80e0d76d32939f
2026-06-03,4484393,USDC-WETH,0.01%,0xe0554a476a092703abdb3ef35c80e0d76d32939f
2026-06-04,4055879,USDC-WETH,0.01%,0xe0554a476a092703abdb3ef35c80e0d76d32939f
2026-06-05,3689193,USDC-WETH,0.01%,0xe0554a476a092703abdb3ef35c80e0d76d32939f
2026-06-06,3471881,USDC-WETH,0.01%,0xe0554a476a092703abdb3ef35c80e0d76d32939f
2026-06-07,3571769,USDC-WETH,0.01%,0xe0554a476a092703abdb3ef35c80e0d76d32939f
2026-06-08,3603199,USDC-WETH,0.01%,0xe0554a476a092703abdb3ef35c80e0d76d32939f
2026-06-09,3419752,USDC-WETH,0.01%,0xe0554a476a092703abdb3ef35c80e0d76d32939f
2026-06-10,3403368,USDC-WETH,0.01%,0xe0554a476a092703abdb3ef35c80e0d76d32939f
2026-06-11,3510172,USDC-WETH,0.01%,0xe0554a476a092703abdb3ef35c80e0d76d32939f
2026-06-12,3489465,USDC-WETH,0.01%,0xe0554a476a092703abdb3ef35c80e0d76d32939f
2026-06-13,3467321,USDC-WETH,0.01%,0xe0554a476a092703abdb3ef35c80e0d76d32939f
2026-06-14,3483146,USDC-WETH,0.01%,0xe0554a476a092703abdb3ef35c80e0d76d32939f
2026-06-15,3623259,USDC-WETH,0.01%,0xe0554a476a092703abdb3ef35c80e0d76d32939f
2026-06-16,3616928,USDC-WETH,0.01%,0xe0554a476a092703abdb3ef35c80e0d76d32939f
2026-06-17,3539612,USDC-WETH,0.01%,0xe0554a476a092703abdb3ef35c80e0d76d32939f
2026-06-18,3484718,USDC-WETH,0.01%,0xe0554a476a092703abdb3ef35c80e0d76d32939f
2026-06-19,3485037,USDC-WETH,0.01%,0xe0554a476a092703abdb3ef35c80e0d76d32939f
2026-06-20,3730569,USDC-WETH,0.01%,0xe0554a476a092703abdb3ef35c80e0d76d32939f
2026-06-21,3681812,USDC-WETH,0.01%,0xe0554a476a092703abdb3ef35c80e0d76d32939f
2026-06-22,3685321,USDC-WETH,0.01%,0xe0554a476a092703abdb3ef35c80e0d76d32939f
2026-06-23,3607888,USDC-WETH,0.01%,0xe0554a476a092703abdb3ef35c80e0d76d32939f
2026-06-24,3552139,USDC-WETH,0.01%,0xe0554a476a092703abdb3ef35c80e0d76d32939f
2026-06-25,3471619,USDC-WETH,0.01%,0xe0554a476a092703abdb3ef35c80e0d76d32939f
2026-06-26,3461457,USDC-WETH,0.01%,0xe0554a476a092703abdb3ef35c80e0d76d32939f
2026-06-27,3452945,USDC-WETH,0.01%,0xe0554a476a092703abdb3ef35c80e0d76d32939f
2026-06-28,3461984,USDC-WETH,0.01%,0xe0554a476a092703abdb3ef35c80e0d76d32939f
2026-06-29,3662439,USDC-WETH,0.01%,0xe0554a476a092703abdb3ef35c80e0d76d32939f
2026-06-30,3575367,USDC-WETH,0.01%,0xe0554a476a092703abdb3ef35c80e0d76d32939f
2026-07-01,3702685,USDC-WETH,0.01%,0xe0554a476a092703abdb3ef35c80e0d76d32939f
2026-07-02,3698321,USDC-WETH,0.01%,0xe0554a476a092703abdb3ef35c80e0d76d32939f
2026-07-03,3769486,USDC-WETH,0.01%,0xe0554a476a092703abdb3ef35c80e0d76d32939f
2026-07-04,3795212,USDC-WETH,0.01%,0xe0554a476a092703abdb3ef35c80e0d76d32939f
2026-07-05,3810109,USDC-WETH,0.01%,0xe0554a476a092703abdb3ef35c80e0d76d32939f
2026-07-06,3823034,USDC-WETH,0.01%,0xe0554a476a092703abdb3ef35c80e0d76d32939f
2026-07-07,3571500,USDC-WETH,0.01%,0xe0554a476a092703abdb3ef35c80e0d76d32939f
2026-07-08,3534586,USDC-WETH,0.01%,0xe0554a476a092703abdb3ef35c80e0d76d32939f
2026-07-09,3545182,USDC-WETH,0.01%,0xe0554a476a092703abdb3ef35c80e0d76d32939f
2026-07-10,3747240,USDC-WETH,0.01%,0xe0554a476a092703abdb3ef35c80e0d76d32939f
2026-07-11,4041240,USDC-WETH,0.01%,0xe0554a476a092703abdb3ef35c80e0d76d32939f
2026-07-12,4097669,USDC-WETH,0.01%,0xe0554a476a092703abdb3ef35c80e0d76d32939f
2026-07-13,4087778,USDC-WETH,0.01%,0xe0554a476a092703abdb3ef35c80e0d76d32939f
2026-07-14,4281386,USDC-WETH,0.01%,0xe0554a476a092703abdb3ef35c80e0d76d32939f
2026-07-15,4412730,USDC-WETH,0.01%,0xe0554a476a092703abdb3ef35c80e0d76d32939f
2026-07-16,4519665,USDC-WETH,0.01%,0xe0554a476a092703abdb3ef35c80e0d76d32939f
2026-07-17,4324663,USDC-WETH,0.01%,0xe0554a476a092703abdb3ef35c80e0d76d32939f
2026-07-18,4343663,USDC-WETH,0.01%,0xe0554a476a092703abdb3ef35c80e0d76d32939f
2026-07-19,4454381,USDC-WETH,0.01%,0xe0554a476a092703abdb3ef35c80e0d76d32939f
2026-07-20,4373143,USDC-WETH,0.01%,0xe0554a476a092703abdb3ef35c80e0d76d32939f
2026-07-21,4163467,USDC-WETH,0.01%,0xe0554a476a092703abdb3ef35c80e0d76d32939f
2026-07-22,4169280,USDC-WETH,0.01%,0xe0554a476a092703abdb3ef35c80e0d76d32939f
2026-07-23,4090431,USDC-WETH,0.01%,0xe0554a476a092703abdb3ef35c80e0d76d32939f
2026-07-24,3997321,USDC-WETH,0.01%,0xe0554a476a092703abdb3ef35c80e0d76d32939f
2026-07-25,4041085,USDC-WETH,0.01%,0xe0554a476a092703abdb3ef35c80e0d76d32939f
2026-07-26,3872711,USDC-WETH,0.01%,0xe0554a476a092703abdb3ef35c80e0d76d32939f
2026-07-27,3701529,USDC-WETH,0.01%,0xe0554a476a092703abdb3ef35c80e0d76d32939f
2026-07-28,3801657,USDC-WETH,0.01%,0xe0554a476a092703abdb3ef35c80e0d76d32939f
2026-07-29,3941446,USDC-WETH,0.01%,0xe0554a476a092703abdb3ef35c80e0d76d32939f
2026-07-30,3982208,USDC-WETH,0.01%,0xe0554a476a092703abdb3ef35c80e0d76d32939f
2026-07-31,3907618,USDC-WETH,0.01%,0xe0554a476a092703abdb3ef35c80e0d76d32939f
2026-08-01,3934223,USDC-WETH,0.01%,0xe0554a476a092703abdb3ef35c80e0d76d32939f
2026-08-02,4085372,USDC-WETH,0.01%,0xe0554a476a092703abdb3ef35c80e0d76d32939f
2026-08-03,4184353,USDC-WETH,0.01%,0xe0554a476a092703abdb3ef35c80e0d76d32939f
2026-08-04,4234400,USDC-WETH,0.01%,0xe0554a476a092703abdb3ef35c80e0d76d32939f
2026-08-05,4296118,USDC-WETH,0.01%,0xe0554a476a092703abdb3ef35c80e0d76d32939f
2026-08-06,4095020,USDC-WETH,0.01%,0xe0554a476a092703abdb3ef35c80e0d76d32939f
2026-08-07,4276287,USDC-WETH,0.01%,0xe0554a476a092703abdb3ef35c80e0d76d32939f
2026-08-08,4557211,USDC-WETH,0.01%,0xe0554a476a092703abdb3ef35c80e0d76d32939f
2026-08-09,4774690,USDC-WETH,0.01%,0xe0554a476a092703abdb3ef35c80e0d76d32939f
2026-08-10,4553938,USDC-WETH,0.01%,0xe0554a476a092703abdb3ef35c80e0d76d32939f
2026-08-11,4872445,USDC-WETH,0.01%,0xe0554a476a092703abdb3ef35c80e0d76d32939f
2026-08-12,4864655,USDC-WETH,0.01%,0xe0554a476a092703abdb3ef35c80e0d76d32939f
2026-08-13,4891541,USDC-WETH,0.01%,0xe0554a476a092703abdb3ef35c80e0d76d32939f
2026-08-14,5033083,USDC-WETH,0.01%,0xe0554a476a092703abdb3ef35c80e0d76d32939f
2026-08-15,5175194,USDC-WETH,0.01%,0xe0554a476a092703abdb3ef35c80e0d76d32939f
2026-08-16,5129668,USDC-WETH,0.01%,0xe0554a476a092703abdb3ef35c80e0d76d32939f
2026-08-17,5290277,USDC-WETH,0.01%,0xe0554a476a092703abdb3ef35c80e0d76d32939f
2026-08-18,5320015,USDC-WETH,0.01%,0xe0554a476a092703abdb3ef35c80e0d76d32939f
2026-08-19,5086242,USDC-WETH,0.01%,0xe0554a476a092703abdb3ef35c80e0d76d32939f
2026-08-20,4914947,USDC-WETH,0.01%,0xe0554a476a092703abdb3ef35c80e0d76d32939f
2026-08-21,5033286,USDC-WETH,0.01%,0xe0554a476a092703abdb3ef35c80e0d76d32939f
2026-08-22,4609988,USDC-WETH,0.01%,0xe0554a476a092703abdb3ef35c80e0d76d32939f
2026-08-23,4394643,USDC-WETH,0.01%,0xe0554a476a092703abdb3ef35c80e0d76d32939f
2026-08-24,3944875,USDC-WETH,0.01%,0xe0554a476a092703abdb3ef35c80e0d76d32939f
2026-08-25,3829760,USDC-WETH,0.01%,0xe0554a476a092703abdb3ef35c80e0d76d32939f
2026-08-26,3775560,USDC-WETH,0.01%,0xe0554a476a092703abdb3ef35c80e0d76d32939f
2026-08-27,3805997,USDC-WETH,0.01%,0xe0554a476a092703abdb3ef35c80e0d76d32939f
2026-08-28,3619690,USDC-WETH,0.01%,0xe0554a476a092703abdb3ef35c80e0d76d32939f
2026-08-29,3611502,USDC-WETH,0.01%,0xe0554a476a092703abdb3ef35c80e0d76d32939f
2026-08-30,3650475,USDC-WETH,0.01%,0xe0554a476a092703abdb3ef35c80e0d76d32939f
2026-08-31,3642327,USDC-WETH,0.01%,0xe0554a476a092703abdb3ef35c80e0d76d32939f
2026-09-01,3653456,USDC-WETH,0.01%,0xe0554a476a092703abdb3ef35c80e0d76d32939f
2026-09-02,3635307,USDC-WETH,0.01%,0xe0554a476a092703abdb3ef35c80e0d76d32939f
2026-09-03,3783400,USDC-WETH,0.01%,0xe0554a476a092703abdb3ef35c80e0d76d32939f
2026-09-04,3437803,USDC-WETH,0.01%,0xe0554a476a092703abdb3ef35c80e0d76d32939f
2026-09-05,3477515,USDC-WETH,0.01%,0xe0554a476a092703abdb3ef35c80e0d76d32939f
2026-09-06,3505611,USDC-WETH,0.01%,0xe0554a476a092703abdb3ef35c80e0d76d32939f
2026-09-07,3555073,USDC-WETH,0.01%,0xe0554a476a092703abdb3ef35c80e0d76d32939f
2026-09-08,3575224,USDC-WETH,0.01%,0xe0554a476a092703abdb3ef35c80e0d76d32939f
2026-09-09,3521722,USDC-WETH,0.01%,0xe0554a476a092703abdb3ef35c80e0d76d32939f
2026-09-10,3508423,USDC-WETH,0.01%,0xe0554a476a092703abdb3ef35c80e0d76d32939f
2026-09-11,3502678,USDC-WETH,0.01%,0xe0554a476a092703abdb3ef35c80e0d76d32939f
2026-09-12,3487580,USDC-WETH,0.01%,0xe0554a476a092703abdb3ef35c80e0d76d32939f
2026-09-13,3459569,USDC-WETH,0.01%,0xe0554a476a092703abdb3ef35c80e0d76d32939f
2026-09-14,3491275,USDC-WETH,0.01%,0xe0554a476a092703abdb3ef35c80e0d76d32939f
2026-09-15,3311646,USDC-WETH,0.01%,0xe0554a476a092703abdb3ef35c80e0d76d32939f
2026-09-16,3252260,USDC-WETH,0.01%,0xe0554a476a092703abdb3ef35c80e0d76d32939f
2022-03-27,13468700,USDC-WETH,1%,0x7bea39867e4169dbe237d55c8242a8f2fcdcc387
2022-03-28,13246894,USDC-WETH,1%,0x7bea39867e4169dbe237d55c8242a8f2fcdcc387
2022-03-29,13248423,USDC-WETH,1%,0x7bea39867e4169dbe237d55c8242a8f2fcdcc387
2022-03-30,13298480,USDC-WETH,1%,0x7bea39867e4169dbe237d55c8242a8f2fcdcc387
2022-03-31,13026017,USDC-WETH,1%,0x7bea39867e4169dbe237d55c8242a8f2fcdcc387
2022-04-01,13560638,USDC-WETH,1%,0x7bea39867e4169dbe237d55c8242a8f2fcdcc387
2022-04-02,13578219,USDC-WETH,1%,0x7bea39867e4169dbe237d55c8242a8f2fcdcc387
2022-04-03,14957944,USDC-WETH,1%,0x7bea39867e4169dbe237d55c8242a8f2fcdcc387
2022-04-04,15019574,USDC-WETH,1%,0x7bea39867e4169dbe237d55c8242a8f2fcdcc387
2022-04-05,13936753,USDC-WETH,1%,0x7bea39867e4169dbe237d55c8242a8f2fcdcc387
2022-04-06,10542387,USDC-WETH,1%,0x7bea39867e4169dbe237d55c8242a8f2fcdcc387
2022-04-07,11740582,USDC-WETH,1%,0x7bea39867e4169dbe237d55c8242a8f2fcdcc387
2022-04-08,11928082,USDC-WETH,1%,0x7bea39867e4169dbe237d55c8242a8f2fcdcc387
2022-04-09,12000537,USDC-WETH,1%,0x7bea39867e4169dbe237d55c8242a8f2fcdcc387
2022-04-10,11995470,USDC-WETH,1%,0x7bea39867e4169dbe237d55c8242a8f2fcdcc387
2022-04-11,11550288,USDC-WETH,1%,0x7bea39867e4169dbe237d55c8242a8f2fcdcc387
2022-04-12,11577579,USDC-WETH,1%,0x7bea39867e4169dbe237d55c8242a8f2fcdcc387
2022-04-13,11957934,USDC-WETH,1%,0x7bea39867e4169dbe237d55c8242a8f2fcdcc387
2022-04-14,11733370,USDC-WETH,1%,0x7bea39867e4169dbe237d55c8242a8f2fcdcc387
2022-04-15,11767907,USDC-WETH,1%,0x7bea39867e4169dbe237d55c8242a8f2fcdcc387
2022-04-16,11861906,USDC-WETH,1%,0x7bea39867e4169dbe237d55c8242a8f2fcdcc387
2022-04-17,12231213,USDC-WETH,1%,0x7bea39867e4169dbe237d55c8242a8f2fcdcc387
2022-04-18,12215162,USDC-WETH,1%,0x7bea39867e4169dbe237d55c8242a8f2fcdcc387
2022-04-19,12358229,USDC-WETH,1%,0x7bea39867e4169dbe237d55c8242a8f2fcdcc387
2022-04-20,12191320,USDC-WETH,1%,0x7bea39867e4169dbe237d55c8242a8f2fcdcc387
2022-04-21,12201882,USDC-WETH,1%,0x7bea39867e4169dbe237d55c8242a8f2fcdcc387
2022-04-22,11902105,USDC-WETH,1%,0x7bea39867e4169dbe237d55c8242a8f2fcdcc387
2022-04-23,11740569,USDC-WETH,1%,0x7bea39867e4169dbe237d55c8242a8f2fcdcc387
2022-04-24,11676943,USDC-WETH,1%,0x7bea39867e4169dbe237d55c8242a8f2fcdcc387
2022-04-25,12439419,USDC-WETH,1%,0x7bea39867e4169dbe237d55c8242a8f2fcdcc387
2022-04-26,11914958,USDC-WETH,1%,0x7bea39867e4169dbe237d55c8242a8f2fcdcc387
2022-04-27,12067354,USDC-WETH,1%,0x7bea39867e4169dbe237d55c8242a8f2fcdcc387
2022-04-28,12275531,USDC-WETH,1%,0x7bea39867e4169dbe237d55c8242a8f2fcdcc387
2022-04-29,11908922,USDC-WETH,1%,0x7bea39867e4169dbe237d55c8242a8f2fcdcc387
2022-04-30,11838063,USDC-WETH,1%,0x7bea39867e4169dbe237d55c8242a8f2fcdcc387
2022-05-01,11908632,USDC-WETH,1%,0x7bea39867e4169dbe237d55c8242a8f2fcdcc387
2022-05-02,12085774,USDC-WETH,1%,0x7bea39867e4169dbe237d55c8242a8f2fcdcc387
2022-05-03,11864913,USDC-WETH,1%,0x7bea39867e4169dbe237d55c8242a8f2fcdcc387
2022-05-04,12337353,USDC-WETH,1%,0x7bea39867e4169dbe237d55c8242a8f2fcdcc387
2022-05-05,11766287,USDC-WETH,1%,0x7bea39867e4169dbe237d55c8242a8f2fcdcc387
2022-05-06,11571911,USDC-WETH,1%,0x7bea39867e4169dbe237d55c8242a8f2fcdcc387
2022-05-07,11277062,USDC-WETH,1%,0x7bea39867e4169dbe237d55c8242a8f2fcdcc387
2022-05-08,9510515,USDC-WETH,1%,0x7bea39867e4169dbe237d55c8242a8f2fcdcc387
2022-05-09,27398795,USDC-WETH,1%,0x7bea39867e4169dbe237d55c8242a8f2fcdcc387
2022-05-10,27501864,USDC-WETH,1%,0x7bea39867e4169dbe237d55c8242a8f2fcdcc387
2022-05-11,8541874,USDC-WETH,1%,0x7bea39867e4169dbe237d55c8242a8f2fcdcc387
2022-05-12,8131911,USDC-WETH,1%,0x7bea39867e4169dbe237d55c8242a8f2fcdcc387
2022-05-13,8494107,USDC-WETH,1%,0x7bea39867e4169dbe237d55c8242a8f2fcdcc387
2022-05-14,10158616,USDC-WETH,1%,0x7bea39867e4169dbe237d55c8242a8f2fcdcc387
2022-05-15,10413518,USDC-WETH,1%,0x7bea39867e4169dbe237d55c8242a8f2fcdcc387
2022-05-16,10796841,USDC-WETH,1%,0x7bea39867e4169dbe237d55c8242a8f2fcdcc387
2022-05-17,11010721,USDC-WETH,1%,0x7bea39867e4169dbe237d55c8242a8f2fcdcc387
2022-05-18,10524476,USDC-WETH,1%,0x7bea39867e4169dbe237d55c8242a8f2fcdcc387
2022-05-19,10737385,USDC-WETH,1%,0x7bea39867e4169dbe237d55c8242a8f2fcdcc387
2022-05-20,10546694,USDC-WETH,1%,0x7bea39867e4169dbe237d55c8242a8f2fcdcc387
2022-05-21,10612830,USDC-WETH,1%,0x7bea39867e4169dbe237d55c8242a8f2fcdcc387
2022-05-22,10895517,USDC-WETH,1%,0x7bea39867e4169dbe237d55c8242a8f2fcdcc387
2022-05-23,10641856,USDC-WETH,1%,0x7bea39867e4169dbe237d55c8242a8f2fcdcc387
2022-05-24,10716322,USDC-WETH,1%,0x7bea39867e4169dbe237d55c8242a8f2fcdcc387
2022-05-25,10709178,USDC-WETH,1%,0x7bea39867e4169dbe237d55c8242a8f2fcdcc387
2022-05-26,10069459,USDC-WETH,1%,0x7bea39867e4169dbe237d55c8242a8f2fcdcc387
2022-05-27,9857357,USDC-WETH,1%,0x7bea39867e4169dbe237d55c8242a8f2fcdcc387
2022-05-28,10017779,USDC-WETH,1%,0x7bea39867e4169dbe237d55c8242a8f2fcdcc387
2022-05-29,10207457,USDC-WETH,1%,0x7bea39867e4169dbe237d55c8242a8f2fcdcc387
2022-05-30,10935926,USDC-WETH,1%,0x7bea39867e4169dbe237d55c8242a8f2fcdcc387
2022-05-31,9683143,USDC-WETH,1%,0x7bea39867e4169dbe237d55c8242a8f2fcdcc387
2022-06-01,9097967,USDC-WETH,1%,0x7bea39867e4169dbe237d55c8242a8f2fcdcc387
2022-06-02,8904688,USDC-WETH,1%,0x7bea39867e4169dbe237d55c8242a8f2fcdcc387
2022-06-03,7849228,USDC-WETH,1%,0x7bea39867e4169dbe237d55c8242a8f2fcdcc387
2022-06-05,9925091,USDC-WETH,1%,0x7bea39867e4169dbe237d55c8242a8f2fcdcc387
2022-06-06,10087931,USDC-WETH,1%,0x7bea39867e4169dbe237d55c8242a8f2fcdcc387
2022-06-07,10407206,USDC-WETH,1%,0x7bea39867e4169dbe237d55c8242a8f2fcdcc387
2022-06-08,10504808,USDC-WETH,1%,0x7bea39867e4169dbe237d55c8242a8f2fcdcc387
2022-06-09,10358062,USDC-WETH,1%,0x7bea39867e4169dbe237d55c8242a8f2fcdcc387
2022-06-10,10096677,USDC-WETH,1%,0x7bea39867e4169dbe237d55c8242a8f2fcdcc387
2022-06-11,9512883,USDC-WETH,1%,0x7bea39867e4169dbe237d55c8242a8f2fcdcc387
2022-06-12,10137724,USDC-WETH,1%,0x7bea39867e4169dbe237d55c8242a8f2fcdcc387
2022-06-13,9029550,USDC-WETH,1%,0x7bea39867e4169dbe237d55c8242a8f2fcdcc387
2022-06-14,10399905,USDC-WETH,1%,0x7bea39867e4169dbe237d55c8242a8f2fcdcc387
2022-06-15,10149484,USDC-WETH,1%,0x7bea39867e4169dbe237d55c8242a8f2fcdcc387
2022-06-16,26490226,USDC-WETH,1%,0x7bea39867e4169dbe237d55c8242a8f2fcdcc387
2022-06-17,26371150,USDC-WETH,1%,0x7bea39867e4169dbe237d55c8242a8f2fcdcc387
2022-06-18,24204644,USDC-WETH,1%,0x7bea39867e4169dbe237d55c8242a8f2fcdcc387
2022-06-19,27179457,USDC-WETH,1%,0x7bea39867e4169dbe237d55c8242a8f2fcdcc387
2022-06-20,26821070,USDC-WETH,1%,0x7bea39867e4169dbe237d55c8242a8f2fcdcc387
2022-06-21,27444834,USDC-WETH,1%,0x7bea39867e4169dbe237d55c8242a8f2fcdcc387
2022-06-22,27141516,USDC-WETH,1%,0x7bea39867e4169dbe237d55c8242a8f2fcdcc387
2022-06-23,27593369,USDC-WETH,1%,0x7bea39867e4169dbe237d55c8242a8f2fcdcc387
2022-06-24,29408488,USDC-WETH,1%,0x7bea39867e4169dbe237d55c8242a8f2fcdcc387
2022-06-25,29680322,USDC-WETH,1%,0x7bea39867e4169dbe237d55c8242a8f2fcdcc387
2022-06-26,28385183,USDC-WETH,1%,0x7bea39867e4169dbe237d55c8242a8f2fcdcc387
2022-06-27,28274710,USDC-WETH,1%,0x7bea39867e4169dbe237d55c8242a8f2fcdcc387
2022-06-28,28267682,USDC-WETH,1%,0x7bea39867e4169dbe237d55c8242a8f2fcdcc387
2022-06-29,27783326,USDC-WETH,1%,0x7bea39867e4169dbe237d55c8242a8f2fcdcc387
2022-06-30,26456647,USDC-WETH,1%,0x7bea39867e4169dbe237d55c8242a8f2fcdcc387
2022-07-01,27431567,USDC-WETH,1%,0x7bea39867e4169dbe237d55c8242a8f2fcdcc387
2022-07-02,27456814,USDC-WETH,1%,0x7bea39867e4169dbe237d55c8242a8f2fcdcc387
2022-07-03,27536444,USDC-WETH,1%,0x7bea39867e4169dbe237d55c8242a8f2fcdcc387
2022-07-04,27939850,USDC-WETH,1%,0x7bea39867e4169dbe237d55c8242a8f2fcdcc387
2022-07-05,27995943,USDC-WETH,1%,0x7bea39867e4169dbe237d55c8242a8f2fcdcc387
2022-07-06,28779468,USDC-WETH,1%,0x7bea39867e4169dbe237d55c8242a8f2fcdcc387
2022-07-07,29358278,USDC-WETH,1%,0x7bea39867e4169dbe237d55c8242a8f2fcdcc387
2022-07-08,28409100,USDC-WETH,1%,0x7bea39867e4169dbe237d55c8242a8f2fcdcc387
2022-07-09,28133342,USDC-WETH,1%,0x7bea39867e4169dbe237d55c8242a8f2fcdcc387
2022-07-10,27421257,USDC-WETH,1%,0x7bea39867e4169dbe237d55c8242a8f2fcdcc387
2022-07-11,25868798,USDC-WETH,1%,0x7bea39867e4169dbe237d55c8242a8f2fcdcc387
2022-07-12,24973310,USDC-WETH,1%,0x7bea39867e4169dbe237d55c8242a8f2fcdcc387
2022-07-13,25709975,USDC-WETH,1%,0x7bea39867e4169dbe237d55c8242a8f2fcdcc387
2022-07-14,27342417,USDC-WETH,1%,0x7bea39867e4169dbe237d55c8242a8f2fcdcc387
2022-07-15,28478302,USDC-WETH,1%,0x7bea39867e4169dbe237d55c8242a8f2fcdcc387
2022-07-16,29732004,USDC-WETH,1%,0x7bea39867e4169dbe237d55c8242a8f2fcdcc387
2022-07-17,29867147,USDC-WETH,1%,0x7bea39867e4169dbe237d55c8242a8f2fcdcc387
2022-07-18,31875752,USDC-WETH,1%,0x7bea39867e4169dbe237d55c8242a8f2fcdcc387
2022-07-19,32554381,USDC-WETH,1%,0x7bea39867e4169dbe237d55c8242a8f2fcdcc387
2022-07-20,32426004,USDC-WETH,1%,0x7bea39867e4169dbe237d55c8242a8f2fcdcc387
2022-07-21,34240849,USDC-WETH,1%,0x7bea39867e4169dbe237d55c8242a8f2fcdcc387
2022-07-22,34662119,USDC-WETH,1%,0x7bea39867e4169dbe237d55c8242a8f2fcdcc387
2022-07-23,33983162,USDC-WETH,1%,0x7bea39867e4169dbe237d55c8242a8f2fcdcc387
2022-07-24,35062888,USDC-WETH,1%,0x7bea39867e4169dbe237d55c8242a8f2fcdcc387
2022-07-25,33178179,USDC-WETH,1%,0x7bea39867e4169dbe237d55c8242a8f2fcdcc387
2022-07-26,32106128,USDC-WETH,1%,0x7bea39867e4169dbe237d55c8242a8f2fcdcc387
2022-07-27,35009012,USDC-WETH,1%,0x7bea39867e4169dbe237d55c8242a8f2fcdcc387
2022-07-28,38040950,USDC-WETH,1%,0x7bea39867e4169dbe237d55c8242a8f2fcdcc387
2022-07-29,37815599,USDC-WETH,1%,0x7bea39867e4169dbe237d55c8242a8f2fcdcc387
2022-07-30,37141933,USDC-WETH,1%,0x7bea39867e4169dbe237d55c8242a8f2fcdcc387
2022-07-31,36828443,USDC-WETH,1%,0x7bea39867e4169dbe237d55c8242a8f2fcdcc387
2022-08-01,35863136,USDC-WETH,1%,0x7bea39867e4169dbe237d55c8242a8f2fcdcc387
2022-08-02,36146326,USDC-WETH,1%,0x7bea39867e4169dbe237d55c8242a8f2fcdcc387
2022-08-03,35940683,USDC-WETH,1%,0x7bea39867e4169dbe237d55c8242a8f2fcdcc387
2022-08-04,35599701,USDC-WETH,1%,0x7bea39867e4169dbe237d55c8242a8f2fcdcc387
2022-08-05,37336370,USDC-WETH,1%,0x7bea39867e4169dbe237d55c8242a8f2fcdcc387
2022-08-06,37252246,USDC-WETH,1%,0x7bea39867e4169dbe237d55c8242a8f2fcdcc387
2022-08-07,37161905,USDC-WETH,1%,0x7bea39867e4169dbe237d55c8242a8f2fcdcc387
2022-08-08,37713989,USDC-WETH,1%,0x7bea39867e4169dbe237d55c8242a8f2fcdcc387
2022-08-09,36891022,USDC-WETH,1%,0x7bea39867e4169dbe237d55c8242a8f2fcdcc387
2022-08-10,38745121,USDC-WETH,1%,0x7bea39867e4169dbe237d55c8242a8f2fcdcc387
2022-08-11,40398552,USDC-WETH,1%,0x7bea39867e4169dbe237d55c8242a8f2fcdcc387
2022-08-12,39682851,USDC-WETH,1%,0x7bea39867e4169dbe237d55c8242a8f2fcdcc387
2022-08-13,39105651,USDC-WETH,1%,0x7bea39867e4169dbe237d55c8242a8f2fcdcc387
2022-08-14,38633620,USDC-WETH,1%,0x7bea39867e4169dbe237d55c8242a8f2fcdcc387
2022-08-15,38206261,USDC-WETH,1%,0x7bea39867e4169dbe237d55c8242a8f2fcdcc387
2022-08-16,37905726,USDC-WETH,1%,0x7bea39867e4169dbe237d55c8242a8f2fcdcc387
2022-08-17,37410825,USDC-WETH,1%,0x7bea39867e4169dbe237d55c8242a8f2fcdcc387
2022-08-18,37835409,USDC-WETH,1%,0x7bea39867e4169dbe237d55c8242a8f2fcdcc387
2022-08-19,34617741,USDC-WETH,1%,0x7bea39867e4169dbe237d55c8242a8f2fcdcc387
2022-08-20,32839579,USDC-WETH,1%,0x7bea39867e4169dbe237d55c8242a8f2fcdcc387
2022-08-21,33494262,USDC-WETH,1%,0x7bea39867e4169dbe237d55c8242a8f2fcdcc387
2022-08-22,32998046,USDC-WETH,1%,0x7bea39867e4169dbe237d55c8242a8f2fcdcc387
2022-08-23,33800777,USDC-WETH,1%,0x7bea39867e4169dbe237d55c8242a8f2fcdcc387
2022-08-24,33920616,USDC-WETH,1%,0x7bea39867e4169dbe237d55c8242a8f2fcdcc387
2022-08-25,34342393,USDC-WETH,1%,0x7bea39867e4169dbe237d55c8242a8f2fcdcc387
2022-08-26,32575889,USDC-WETH,1%,0x7bea39867e4169dbe237d55c8242a8f2fcdcc387
2022-08-27,31753354,USDC-WETH,1%,0x7bea39867e4169dbe237d55c8242a8f2fcdcc387
2022-08-28,31668955,USDC-WETH,1%,0x7bea39867e4169dbe237d55c8242a8f2fcdcc387
2022-08-29,32666472,USDC-WETH,1%,0x7bea39867e4169dbe237d55c8242a8f2fcdcc387
2022-08-30,32528767,USDC-WETH,1%,0x7bea39867e4169dbe237d55c8242a8f2fcdcc387
2022-08-31,32871547,USDC-WETH,1%,0x7bea39867e4169dbe237d55c8242a8f2fcdcc387
2022-09-01,33426644,USDC-WETH,1%,0x7bea39867e4169dbe237d55c8242a8f2fcdcc387
2022-09-02,33423605,USDC-WETH,1%,0x7bea39867e4169dbe237d55c8242a8f2fcdcc387
2022-09-03,33065977,USDC-WETH,1%,0x7bea39867e4169dbe237d55c8242a8f2fcdcc387
2022-09-04,33182893,USDC-WETH,1%,0x7bea39867e4169dbe237d55c8242a8f2fcdcc387
2022-09-05,33407046,USDC-WETH,1%,0x7bea39867e4169dbe237d55c8242a8f2fcdcc387
2022-09-06,33173499,USDC-WETH,1%,0x7bea39867e4169dbe237d55c8242a8f2fcdcc387
2022-09-07,32202417,USDC-WETH,1%,0x7bea39867e4169dbe237d55c8242a8f2fcdcc387
2022-09-09,34943131,USDC-WETH,1%,0x7bea39867e4169dbe237d55c8242a8f2fcdcc387
2022-09-10,35608042,USDC-WETH,1%,0x7bea39867e4169dbe237d55c8242a8f2fcdcc387
2022-09-11,35420171,USDC-WETH,1%,0x7bea39867e4169dbe237d55c8242a8f2fcdcc387
2022-09-12,34914282,USDC-WETH,1%,0x7bea39867e4169dbe237d55c8242a8f2fcdcc387
2022-09-13,33134250,USDC-WETH,1%,0x7bea39867e4169dbe237d55c8242a8f2fcdcc387
2022-09-14,33850757,USDC-WETH,1%,0x7bea39867e4169dbe237d55c8242a8f2fcdcc387
2022-09-15,32031411,USDC-WETH,1%,0x7bea39867e4169dbe237d55c8242a8f2fcdcc387
2022-09-16,31264343,USDC-WETH,1%,0x7bea39867e4169dbe237d55c8242a8f2fcdcc387
2022-09-17,31639813,USDC-WETH,1%,0x7bea39867e4169dbe237d55c8242a8f2fcdcc387
2022-09-18,29986506,USDC-WETH,1%,0x7bea39867e4169dbe237d55c8242a8f2fcdcc387
2022-09-19,30557051,USDC-WETH,1%,0x7bea39867e4169dbe237d55c8242a8f2fcdcc387
2022-09-20,25729088,USDC-WETH,1%,0x7bea39867e4169dbe237d55c8242a8f2fcdcc387
2022-09-21,24443178,USDC-WETH,1%,0x7bea39867e4169dbe237d55c8242a8f2fcdcc387
2022-09-22,25054979,USDC-WETH,1%,0x7bea39867e4169dbe237d55c8242a8f2fcdcc387
2022-09-23,25111476,USDC-WETH,1%,0x7bea39867e4169dbe237d55c8242a8f2fcdcc387
2022-09-24,24968032,USDC-WETH,1%,0x7bea39867e4169dbe237d55c8242a8f2fcdcc387
2022-09-25,24749435,USDC-WETH,1%,0x7bea39867e4169dbe237d55c8242a8f2fcdcc387
2022-09-26,25027977,USDC-WETH,1%,0x7bea39867e4169dbe237d55c8242a8f2fcdcc387
2022-09-27,25189741,USDC-WETH,1%,0x7bea39867e4169dbe237d55c8242a8f2fcdcc387
2022-09-28,25271519,USDC-WETH,1%,0x7bea39867e4169dbe237d55c8242a8f2fcdcc387
2022-09-29,25127475,USDC-WETH,1%,0x7bea39867e4169dbe237d55c8242a8f2fcdcc387
2022-09-30,25093947,USDC-WETH,1%,0x7bea39867e4169dbe237d55c8242a8f2fcdcc387
2022-10-01,24891471,USDC-WETH,1%,0x7bea39867e4169dbe237d55c8242a8f2fcdcc387
2022-10-02,24699396,USDC-WETH,1%,0x7bea39867e4169dbe237d55c8242a8f2fcdcc387
2022-10-03,25022414,USDC-WETH,1%,0x7bea39867e4169dbe237d55c8242a8f2fcdcc387
2022-10-04,25552415,USDC-WETH,1%,0x7bea39867e4169dbe237d55c8242a8f2fcdcc387
2022-10-05,25477745,USDC-WETH,1%,0x7bea39867e4169dbe237d55c8242a8f2fcdcc387
2022-10-06,26040022,USDC-WETH,1%,0x7bea39867e4169dbe237d55c8242a8f2fcdcc387
2022-10-07,25822856,USDC-WETH,1%,0x7bea39867e4169dbe237d55c8242a8f2fcdcc387
2022-10-08,25482106,USDC-WETH,1%,0x7bea39867e4169dbe237d55c8242a8f2fcdcc387
2022-10-09,24389948,USDC-WETH,1%,0x7bea39867e4169dbe237d55c8242a8f2fcdcc387
2022-10-10,24067464,USDC-WETH,1%,0x7bea39867e4169dbe237d55c8242a8f2fcdcc387
2022-10-11,24629801,USDC-WETH,1%,0x7bea39867e4169dbe237d55c8242a8f2fcdcc387
2022-10-12,25005637,USDC-WETH,1%,0x7bea39867e4169dbe237d55c8242a8f2fcdcc387
2022-10-13,24786938,USDC-WETH,1%,0x7bea39867e4169dbe237d55c8242a8f2fcdcc387
2022-10-14,24909991,USDC-WETH,1%,0x7bea39867e4169dbe237d55c8242a8f2fcdcc387
2022-10-15,24571204,USDC-WETH,1%,0x7bea39867e4169dbe237d55c8242a8f2fcdcc387
2022-10-16,25062071,USDC-WETH,1%,0x7bea39867e4169dbe237d55c8242a8f2fcdcc387
2022-10-17,25301357,USDC-WETH,1%,0x7bea39867e4169dbe237d55c8242a8f2fcdcc387
2022-10-18,25119283,USDC-WETH,1%,0x7bea39867e4169dbe237d55c8242a8f2fcdcc387
2022-10-19,24757306,USDC-WETH,1%,0x7bea39867e4169dbe237d55c8242a8f2fcdcc387
2022-10-20,24714646,USDC-WETH,1%,0x7bea39867e4169dbe237d55c8242a8f2fcdcc387
2022-10-21,24974158,USDC-WETH,1%,0x7bea39867e4169dbe237d55c8242a8f2fcdcc387
2022-10-22,25109089,USDC-WETH,1%,0x7bea39867e4169dbe237d55c8242a8f2fcdcc387
2022-10-23,25821701,USDC-WETH,1%,0x7bea39867e4169dbe237d55c8242a8f2fcdcc387
2022-10-24,25548174,USDC-WETH,1%,0x7bea39867e4169dbe237d55c8242a8f2fcdcc387
2022-10-25,27055317,USDC-WETH,1%,0x7bea39867e4169dbe237d55c8242a8f2fcdcc387
2022-10-26,28064160,USDC-WETH,1%,0x7bea39867e4169dbe237d55c8242a8f2fcdcc387
2022-10-27,27528051,USDC-WETH,1%,0x7bea39867e4169dbe237d55c8242a8f2fcdcc387
2022-10-28,27982621,USDC-WETH,1%,0x7bea39867e4169dbe237d55c8242a8f2fcdcc387
2022-10-29,28511251,USDC-WETH,1%,0x7bea39867e4169dbe237d55c8242a8f2fcdcc387
2022-10-30,28288080,USDC-WETH,1%,0x7bea39867e4169dbe237d55c8242a8f2fcdcc387
2022-10-31,27987564,USDC-WETH,1%,0x7bea39867e4169dbe237d55c8242a8f2fcdcc387
2022-11-01,28081315,USDC-WETH,1%,0x7bea39867e4169dbe237d55c8242a8f2fcdcc387
2022-11-02,27334503,USDC-WETH,1%,0x7bea39867e4169dbe237d55c8242a8f2fcdcc387
2022-11-03,27600438,USDC-WETH,1%,0x7bea39867e4169dbe237d55c8242a8f2fcdcc387
2022-11-04,28935495,USDC-WETH,1%,0x7bea39867e4169dbe237d55c8242a8f2fcdcc387
2022-11-05,28636511,USDC-WETH,1%,0x7bea39867e4169dbe237d55c8242a8f2fcdcc387
2022-11-06,28294833,USDC-WETH,1%,0x7bea39867e4169dbe237d55c8242a8f2fcdcc387
2022-11-07,27744446,USDC-WETH,1%,0x7bea39867e4169dbe237d55c8242a8f2fcdcc387
2022-11-08,24890800,USDC-WETH,1%,0x7bea39867e4169dbe237d55c8242a8f2fcdcc387
2022-11-09,22705064,USDC-WETH,1%,0x7bea39867e4169dbe237d55c8242a8f2fcdcc387
2022-11-10,25890468,USDC-WETH,1%,0x7bea39867e4169dbe237d55c8242a8f2fcdcc387
2022-11-11,25085170,USDC-WETH,1%,0x7bea39867e4169dbe237d55c8242a8f2fcdcc387
2022-11-12,18715817,USDC-WETH,1%,0x7bea39867e4169dbe237d55c8242a8f2fcdcc387
2022-11-13,18395064,USDC-WETH,1%,0x7bea39867e4169dbe237d55c8242a8f2fcdcc387
2022-11-14,18351568,USDC-WETH,1%,0x7bea39867e4169dbe237d55c8242a8f2fcdcc387
2022-11-15,20731697,USDC-WETH,1%,0x7bea39867e4169dbe237d55c8242a8f2fcdcc387
2022-11-16,20234164,USDC-WETH,1%,0x7bea39867e4169dbe237d55c8242a8f2fcdcc387
2022-11-17,20192736,USDC-WETH,1%,0x7bea39867e4169dbe237d55c8242a8f2fcdcc387
2022-11-18,20218984,USDC-WETH,1%,0x7bea39867e4169dbe237d55c8242a8f2fcdcc387
2022-11-19,20464482,USDC-WETH,1%,0x7bea39867e4169dbe237d55c8242a8f2fcdcc387
2022-11-20,18758379,USDC-WETH,1%,0x7bea39867e4169dbe237d55c8242a8f2fcdcc387
2022-11-21,18364735,USDC-WETH,1%,0x7bea39867e4169dbe237d55c8242a8f2fcdcc387
2022-11-22,18626512,USDC-WETH,1%,0x7bea39867e4169dbe237d55c8242a8f2fcdcc387
2022-11-23,19307222,USDC-WETH,1%,0x7bea39867e4169dbe237d55c8242a8f2fcdcc387
2022-11-24,19776061,USDC-WETH,1%,0x7bea39867e4169dbe237d55c8242a8f2fcdcc387
2022-11-25,19732717,USDC-WETH,1%,0x7bea39867e4169dbe237d55c8242a8f2fcdcc387
2022-11-26,20040927,USDC-WETH,1%,0x7bea39867e4169dbe237d55c8242a8f2fcdcc387
2022-11-27,19970113,USDC-WETH,1%,0x7bea39867e4169dbe237d55c8242a8f2fcdcc387
2022-11-28,19422012,USDC-WETH,1%,0x7bea39867e4169dbe237d55c8242a8f2fcdcc387
2022-11-29,20113532,USDC-WETH,1%,0x7bea39867e4169dbe237d55c8242a8f2fcdcc387
2022-11-30,21076900,USDC-WETH,1%,0x7bea39867e4169dbe237d55c8242a8f2fcdcc387
2022-12-01,20823880,USDC-WETH,1%,0x7bea39867e4169dbe237d55c8242a8f2fcdcc387
2022-12-02,20956107,USDC-WETH,1%,0x7bea39867e4169dbe237d55c8242a8f2fcdcc387
2022-12-03,20230592,USDC-WETH,1%,0x7bea39867e4169dbe237d55c8242a8f2fcdcc387
2022-12-04,20684151,USDC-WETH,1%,0x7bea39867e4169dbe237d55c8242a8f2fcdcc387
2022-12-05,20538951,USDC-WETH,1%,0x7bea39867e4169dbe237d55c8242a8f2fcdcc387
2022-12-06,21316972,USDC-WETH,1%,0x7bea39867e4169dbe237d55c8242a8f2fcdcc387
2022-12-07,20994482,USDC-WETH,1%,0x7bea39867e4169dbe237d55c8242a8f2fcdcc387
2022-12-08,21735070,USDC-WETH,1%,0x7bea39867e4169dbe237d55c8242a8f2fcdcc387
2022-12-09,21433877,USDC-WETH,1%,0x7bea39867e4169dbe237d55c8242a8f2fcdcc387
2022-12-10,21495716,USDC-WETH,1%,0x7bea39867e4169dbe237d55c8242a8f2fcdcc387
2022-12-11,21377181,USDC-WETH,1%,0x7bea39867e4169dbe237d55c8242a8f2fcdcc387
2022-12-12,21542578,USDC-WETH,1%,0x7bea39867e4169dbe237d55c8242a8f2fcdcc387
2022-12-13,20838897,USDC-WETH,1%,0x7bea39867e4169dbe237d55c8242a8f2fcdcc387
2022-12-14,20714622,USDC-WETH,1%,0x7bea39867e4169dbe237d55c8242a8f2fcdcc387
2022-12-15,20130295,USDC-WETH,1%,0x7bea39867e4169dbe237d55c8242a8f2fcdcc387
2022-12-16,19149896,USDC-WETH,1%,0x7bea39867e4169dbe237d55c8242a8f2fcdcc387
2022-12-17,19076169,USDC-WETH,1%,0x7bea39867e4169dbe237d55c8242a8f2fcdcc387
2022-12-18,19185269,USDC-WETH,1%,0x7bea39867e4169dbe237d55c8242a8f2fcdcc387
2022-12-19,18803036,USDC-WETH,1%,0x7bea39867e4169dbe237d55c8242a8f2fcdcc387
2022-12-20,19561598,USDC-WETH,1%,0x7bea39867e4169dbe237d55c8242a8f2fcdcc387
2022-12-21,3395803,USDC-WETH,1%,0x7bea39867e4169dbe237d55c8242a8f2fcdcc387
2022-12-22,19550675,USDC-WETH,1%,0x7bea39867e4169dbe237d55c8242a8f2fcdcc387
2022-12-23,19602871,USDC-WETH,1%,0x7bea39867e4169dbe237d55c8242a8f2fcdcc387
2022-12-24,19597453,USDC-WETH,1%,0x7bea39867e4169dbe237d55c8242a8f2fcdcc387
2022-12-25,19568371,USDC-WETH,1%,0x7bea39867e4169dbe237d55c8242a8f2fcdcc387
2022-12-26,19589622,USDC-WETH,1%,0x7bea39867e4169dbe237d55c8242a8f2fcdcc387
2022-12-27,19465108,USDC-WETH,1%,0x7bea39867e4169dbe237d55c8242a8f2fcdcc387
2022-12-28,19156452,USDC-WETH,1%,0x7bea39867e4169dbe237d55c8242a8f2fcdcc387
2022-12-29,19334806,USDC-WETH,1%,0x7bea39867e4169dbe237d55c8242a8f2fcdcc387
2022-12-30,19244540,USDC-WETH,1%,0x7bea39867e4169dbe237d55c8242a8f2fcdcc387
2022-12-31,19214491,USDC-WETH,1%,0x7bea39867e4169dbe237d55c8242a8f2fcdcc387
2023-01-01,19260005,USDC-WETH,1%,0x7bea39867e4169dbe237d55c8242a8f2fcdcc387
2023-01-02,19472311,USDC-WETH,1%,0x7bea39867e4169dbe237d55c8242a8f2fcdcc387
2023-01-03,19414576,USDC-WETH,1%,0x7bea39867e4169dbe237d55c8242a8f2fcdcc387
2023-01-04,19368482,USDC-WETH,1%,0x7bea39867e4169dbe237d55c8242a8f2fcdcc387
2023-01-05,19347474,USDC-WETH,1%,0x7bea39867e4169dbe237d55c8242a8f2fcdcc387
2023-01-06,19581512,USDC-WETH,1%,0x7bea39867e4169dbe237d55c8242a8f2fcdcc387
2023-01-07,19501900,USDC-WETH,1%,0x7bea39867e4169dbe237d55c8242a8f2fcdcc387
2023-01-08,19591854,USDC-WETH,1%,0x7bea39867e4169dbe237d55c8242a8f2fcdcc387
2023-01-09,20041308,USDC-WETH,1%,0x7bea39867e4169dbe237d55c8242a8f2fcdcc387
2023-01-10,20158449,USDC-WETH,1%,0x7bea39867e4169dbe237d55c8242a8f2fcdcc387
2023-01-11,20372091,USDC-WETH,1%,0x7bea39867e4169dbe237d55c8242a8f2fcdcc387
2023-01-12,21313663,USDC-WETH,1%,0x7bea39867e4169dbe237d55c8242a8f2fcdcc387
2023-01-13,22636539,USDC-WETH,1%,0x7bea39867e4169dbe237d55c8242a8f2fcdcc387
2023-01-14,11299280,USDC-WETH,1%,0x7bea39867e4169dbe237d55c8242a8f2fcdcc387
2023-01-15,16876830,USDC-WETH,1%,0x7bea39867e4169dbe237d55c8242a8f2fcdcc387
2023-01-16,17167491,USDC-WETH,1%,0x7bea39867e4169dbe237d55c8242a8f2fcdcc387
2023-01-17,17622653,USDC-WETH,1%,0x7bea39867e4169dbe237d55c8242a8f2fcdcc387
2023-01-18,16990708,USDC-WETH,1%,0x7bea39867e4169dbe237d55c8242a8f2fcdcc387
2023-01-19,15583379,USDC-WETH,1%,0x7bea39867e4169dbe237d55c8242a8f2fcdcc387
2023-01-20,16634346,USDC-WETH,1%,0x7bea39867e4169dbe237d55c8242a8f2fcdcc387
2023-01-21,16657180,USDC-WETH,1%,0x7bea39867e4169dbe237d55c8242a8f2fcdcc387
2023-01-22,9389402,USDC-WETH,1%,0x7bea39867e4169dbe237d55c8242a8f2fcdcc387
2023-01-23,9378890,USDC-WETH,1%,0x7bea39867e4169dbe237d55c8242a8f2fcdcc387
2023-01-24,9148675,USDC-WETH,1%,0x7bea39867e4169dbe237d55c8242a8f2fcdcc387
2023-01-25,8676969,USDC-WETH,1%,0x7bea39867e4169dbe237d55c8242a8f2fcdcc387
2023-01-26,8814495,USDC-WETH,1%,0x7bea39867e4169dbe237d55c8242a8f2fcdcc387
2023-01-27,8696036,USDC-WETH,1%,0x7bea39867e4169dbe237d55c8242a8f2fcdcc387
2023-01-28,8659232,USDC-WETH,1%,0x7bea39867e4169dbe237d55c8242a8f2fcdcc387
2023-01-29,9113618,USDC-WETH,1%,0x7bea39867e4169dbe237d55c8242a8f2fcdcc387
2023-01-30,8748690,USDC-WETH,1%,0x7bea39867e4169dbe237d55c8242a8f2fcdcc387
2023-01-31,8828860,USDC-WETH,1%,0x7bea39867e4169dbe237d55c8242a8f2fcdcc387
2023-02-01,9092170,USDC-WETH,1%,0x7bea39867e4169dbe237d55c8242a8f2fcdcc387
2023-02-02,9099920,USDC-WETH,1%,0x7bea39867e4169dbe237d55c8242a8f2fcdcc387
2023-02-03,9115654,USDC-WETH,1%,0x7bea39867e4169dbe237d55c8242a8f2fcdcc387
2023-02-04,9168862,USDC-WETH,1%,0x7bea39867e4169dbe237d55c8242a8f2fcdcc387
2023-02-05,8956766,USDC-WETH,1%,0x7bea39867e4169dbe237d55c8242a8f2fcdcc387
2023-02-06,8955552,USDC-WETH,1%,0x7bea39867e4169dbe237d55c8242a8f2fcdcc387
2023-02-07,9094491,USDC-WETH,1%,0x7bea39867e4169dbe237d55c8242a8f2fcdcc387
2023-02-08,8985265,USDC-WETH,1%,0x7bea39867e4169dbe237d55c8242a8f2fcdcc387
2023-02-09,8920132,USDC-WETH,1%,0x7bea39867e4169dbe237d55c8242a8f2fcdcc387
2023-02-10,8452440,USDC-WETH,1%,0x7bea39867e4169dbe237d55c8242a8f2fcdcc387
2023-02-12,8469836,USDC-WETH,1%,0x7bea39867e4169dbe237d55c8242a8f2fcdcc387
2023-02-13,8207719,USDC-WETH,1%,0x7bea39867e4169dbe237d55c8242a8f2fcdcc387
2023-02-14,8526887,USDC-WETH,1%,0x7bea39867e4169dbe237d55c8242a8f2fcdcc387
2023-02-15,4286252,USDC-WETH,1%,0x7bea39867e4169dbe237d55c8242a8f2fcdcc387
2023-02-16,4431729,USDC-WETH,1%,0x7bea39867e4169dbe237d55c8242a8f2fcdcc387
2023-02-17,4525282,USDC-WETH,1%,0x7bea39867e4169dbe237d55c8242a8f2fcdcc387
2023-02-18,4547685,USDC-WETH,1%,0x7bea39867e4169dbe237d55c8242a8f2fcdcc387
2023-02-19,4542502,USDC-WETH,1%,0x7bea39867e4169dbe237d55c8242a8f2fcdcc387
2023-02-20,2231221,USDC-WETH,1%,0x7bea39867e4169dbe237d55c8242a8f2fcdcc387
2023-02-21,2186284,USDC-WETH,1%,0x7bea39867e4169dbe237d55c8242a8f2fcdcc387
2023-02-22,2167629,USDC-WETH,1%,0x7bea39867e4169dbe237d55c8242a8f2fcdcc387
2023-02-23,2143234,USDC-WETH,1%,0x7bea39867e4169dbe237d55c8242a8f2fcdcc387
2023-02-24,2101522,USDC-WETH,1%,0x7bea39867e4169dbe237d55c8242a8f2fcdcc387
2023-02-25,2066977,USDC-WETH,1%,0x7bea39867e4169dbe237d55c8242a8f2fcdcc387
2023-02-26,2115769,USDC-WETH,1%,0x7bea39867e4169dbe237d55c8242a8f2fcdcc387
2023-02-27,2125085,USDC-WETH,1%,0x7bea39867e4169dbe237d55c8242a8f2fcdcc387
2023-02-28,2094745,USDC-WETH,1%,0x7bea39867e4169dbe237d55c8242a8f2fcdcc387
2023-03-01,2140067,USDC-WETH,1%,0x7bea39867e4169dbe237d55c8242a8f2fcdcc387
2023-03-02,2144299,USDC-WETH,1%,0x7bea39867e4169dbe237d55c8242a8f2fcdcc387
2023-03-03,2059935,USDC-WETH,1%,0x7bea39867e4169dbe237d55c8242a8f2fcdcc387
2023-03-04,2058471,USDC-WETH,1%,0x7bea39867e4169dbe237d55c8242a8f2fcdcc387
2023-03-05,2059279,USDC-WETH,1%,0x7bea39867e4169dbe237d55c8242a8f2fcdcc387
2023-03-06,2064621,USDC-WETH,1%,0x7bea39867e4169dbe237d55c8242a8f2fcdcc387
2023-03-07,2043946,USDC-WETH,1%,0x7bea39867e4169dbe237d55c8242a8f2fcdcc387
2023-03-08,1763220,USDC-WETH,1%,0x7bea39867e4169dbe237d55c8242a8f2fcdcc387
2023-03-09,1636217,USDC-WETH,1%,0x7bea39867e4169dbe237d55c8242a8f2fcdcc387
2023-03-10,1608986,USDC-WETH,1%,0x7bea39867e4169dbe237d55c8242a8f2fcdcc387
2023-03-11,1943170,USDC-WETH,1%,0x7bea39867e4169dbe237d55c8242a8f2fcdcc387
2023-03-12,2036428,USDC-WETH,1%,0x7bea39867e4169dbe237d55c8242a8f2fcdcc387
2023-03-13,2155055,USDC-WETH,1%,0x7bea39867e4169dbe237d55c8242a8f2fcdcc387
2023-03-14,2177179,USDC-WETH,1%,0x7bea39867e4169dbe237d55c8242a8f2fcdcc387
2023-03-15,2131852,USDC-WETH,1%,0x7bea39867e4169dbe237d55c8242a8f2fcdcc387
2023-03-16,2158305,USDC-WETH,1%,0x7bea39867e4169dbe237d55c8242a8f2fcdcc387
2023-03-17,2262873,USDC-WETH,1%,0x7bea39867e4169dbe237d55c8242a8f2fcdcc387
2023-03-18,2256626,USDC-WETH,1%,0x7bea39867e4169dbe237d55c8242a8f2fcdcc387
2023-03-19,2293425,USDC-WETH,1%,0x7bea39867e4169dbe237d55c8242a8f2fcdcc387
2023-03-20,2239975,USDC-WETH,1%,0x7bea39867e4169dbe237d55c8242a8f2fcdcc387
2023-03-21,2281314,USDC-WETH,1%,0x7bea39867e4169dbe237d55c8242a8f2fcdcc387
2023-03-22,2216452,USDC-WETH,1%,0x7bea39867e4169dbe237d55c8242a8f2fcdcc387
2023-03-23,2299856,USDC-WETH,1%,0x7bea39867e4169dbe237d55c8242a8f2fcdcc387
2023-03-24,2231546,USDC-WETH,1%,0x7bea39867e4169dbe237d55c8242a8f2fcdcc387
2023-03-25,2232710,USDC-WETH,1%,0x7bea39867e4169dbe237d55c8242a8f2fcdcc387
2023-03-26,2264126,USDC-WETH,1%,0x7bea39867e4169dbe237d55c8242a8f2fcdcc387
2023-03-27,2247053,USDC-WETH,1%,0x7bea39867e4169dbe237d55c8242a8f2fcdcc387
2023-03-28,2254026,USDC-WETH,1%,0x7bea39867e4169dbe237d55c8242a8f2fcdcc387
2023-03-29,2274664,USDC-WETH,1%,0x7bea39867e4169dbe237d55c8242a8f2fcdcc387
2023-03-30,2273875,USDC-WETH,1%,0x7bea39867e4169dbe237d55c8242a8f2fcdcc387
2023-03-31,2311810,USDC-WETH,1%,0x7bea39867e4169dbe237d55c8242a8f2fcdcc387
2023-04-01,2312224,USDC-WETH,1%,0x7bea39867e4169dbe237d55c8242a8f2fcdcc387
2023-04-02,2209371,USDC-WETH,1%,0x7bea39867e4169dbe237d55c8242a8f2fcdcc387
2023-04-03,2227975,USDC-WETH,1%,0x7bea39867e4169dbe237d55c8242a8f2fcdcc387
2023-04-04,2267354,USDC-WETH,1%,0x7bea39867e4169dbe237d55c8242a8f2fcdcc387
2023-04-05,2299464,USDC-WETH,1%,0x7bea39867e4169dbe237d55c8242a8f2fcdcc387
2023-04-06,2270599,USDC-WETH,1%,0x7bea39867e4169dbe237d55c8242a8f2fcdcc387
2023-04-07,2272904,USDC-WETH,1%,0x7bea39867e4169dbe237d55c8242a8f2fcdcc387
2023-04-08,2258958,USDC-WETH,1%,0x7bea39867e4169dbe237d55c8242a8f2fcdcc387
2023-04-09,2269309,USDC-WETH,1%,0x7bea39867e4169dbe237d55c8242a8f2fcdcc387
2023-04-10,2302147,USDC-WETH,1%,0x7bea39867e4169dbe237d55c8242a8f2fcdcc387
2023-04-11,2290806,USDC-WETH,1%,0x7bea39867e4169dbe237d55c8242a8f2fcdcc387
2023-04-12,2304811,USDC-WETH,1%,0x7bea39867e4169dbe237d55c8242a8f2fcdcc387
2023-04-13,2408967,USDC-WETH,1%,0x7bea39867e4169dbe237d55c8242a8f2fcdcc387
2023-04-14,2483109,USDC-WETH,1%,0x7bea39867e4169dbe237d55c8242a8f2fcdcc387
2023-04-15,2471879,USDC-WETH,1%,0x7bea39867e4169dbe237d55c8242a8f2fcdcc387
2023-04-16,2492072,USDC-WETH,1%,0x7bea39867e4169dbe237d55c8242a8f2fcdcc387
2023-04-17,24515631,USDC-WETH,1%,0x7bea39867e4169dbe237d55c8242a8f2fcdcc387
2023-04-18,24748490,USDC-WETH,1%,0x7bea39867e4169dbe237d55c8242a8f2fcdcc387
2023-04-19,23104350,USDC-WETH,1%,0x7bea39867e4169dbe237d55c8242a8f2fcdcc387
2023-04-20,22810172,USDC-WETH,1%,0x7bea39867e4169dbe237d55c8242a8f2fcdcc387
2023-04-21,21704792,USDC-WETH,1%,0x7bea39867e4169dbe237d55c8242a8f2fcdcc387
2023-04-22,22071686,USDC-WETH,1%,0x7bea39867e4169dbe237d55c8242a8f2fcdcc387
2023-04-23,21911089,USDC-WETH,1%,0x7bea39867e4169dbe237d55c8242a8f2fcdcc387
2023-04-24,9862930,USDC-WETH,1%,0x7bea39867e4169dbe237d55c8242a8f2fcdcc387
2023-04-25,10043843,USDC-WETH,1%,0x7bea39867e4169dbe237d55c8242a8f2fcdcc387
2023-04-26,10018663,USDC-WETH,1%,0x7bea39867e4169dbe237d55c8242a8f2fcdcc387
2023-04-27,10233261,USDC-WETH,1%,0x7bea39867e4169dbe237d55c8242a8f2fcdcc387
2023-04-28,10297511,USDC-WETH,1%,0x7bea39867e4169dbe237d55c8242a8f2fcdcc387
2023-04-29,10334199,USDC-WETH,1%,0x7bea39867e4169dbe237d55c8242a8f2fcdcc387
2023-04-30,10292242,USDC-WETH,1%,0x7bea39867e4169dbe237d55c8242a8f2fcdcc387
2023-05-01,10262005,USDC-WETH,1%,0x7bea39867e4169dbe237d55c8242a8f2fcdcc387
2023-05-02,10558300,USDC-WETH,1%,0x7bea39867e4169dbe237d55c8242a8f2fcdcc387
2023-05-03,10730205,USDC-WETH,1%,0x7bea39867e4169dbe237d55c8242a8f2fcdcc387
2023-05-04,10540781,USDC-WETH,1%,0x7bea39867e4169dbe237d55c8242a8f2fcdcc387
2023-05-05,11142279,USDC-WETH,1%,0x7bea39867e4169dbe237d55c8242a8f2fcdcc387
2023-05-06,10686226,USDC-WETH,1%,0x7bea39867e4169dbe237d55c8242a8f2fcdcc387
2023-05-07,10749517,USDC-WETH,1%,0x7bea39867e4169dbe237d55c8242a8f2fcdcc387
2023-05-08,10414967,USDC-WETH,1%,0x7bea39867e4169dbe237d55c8242a8f2fcdcc387
2023-05-09,25691054,USDC-WETH,1%,0x7bea39867e4169dbe237d55c8242a8f2fcdcc387
2023-05-10,25635498,USDC-WETH,1%,0x7bea39867e4169dbe237d55c8242a8f2fcdcc387
2023-05-11,25124910,USDC-WETH,1%,0x7bea39867e4169dbe237d55c8242a8f2fcdcc387
2023-05-12,25264370,USDC-WETH,1%,0x7bea39867e4169dbe237d55c8242a8f2fcdcc387
2023-05-13,25251764,USDC-WETH,1%,0x7bea39867e4169dbe237d55c8242a8f2fcdcc387
2023-05-14,25245627,USDC-WETH,1%,0x7bea39867e4169dbe237d55c8242a8f2fcdcc387
2023-05-15,25499286,USDC-WETH,1%,0x7bea39867e4169dbe237d55c8242a8f2fcdcc387
2023-05-16,25458687,USDC-WETH,1%,0x7bea39867e4169dbe237d55c8242a8f2fcdcc387
2023-05-17,25459528,USDC-WETH,1%,0x7bea39867e4169dbe237d55c8242a8f2fcdcc387
2023-05-18,25324214,USDC-WETH,1%,0x7bea39867e4169dbe237d55c8242a8f2fcdcc387
2023-05-19,25351403,USDC-WETH,1%,0x7bea39867e4169dbe237d55c8242a8f2fcdcc387
2023-05-20,25419597,USDC-WETH,1%,0x7bea39867e4169dbe237d55c8242a8f2fcdcc387
2023-05-21,25260587,USDC-WETH,1%,0x7bea39867e4169dbe237d55c8242a8f2fcdcc387
2023-05-22,25404224,USDC-WETH,1%,0x7bea39867e4169dbe237d55c8242a8f2fcdcc387
2023-05-23,25785571,USDC-WETH,1%,0x7bea39867e4169dbe237d55c8242a8f2fcdcc387
2023-05-24,25177598,USDC-WETH,1%,0x7bea39867e4169dbe237d55c8242a8f2fcdcc387
2023-05-25,25285118,USDC-WETH,1%,0x7bea39867e4169dbe237d55c8242a8f2fcdcc387
2023-05-26,25530091,USDC-WETH,1%,0x7bea39867e4169dbe237d55c8242a8f2fcdcc387
2023-05-27,25550845,USDC-WETH,1%,0x7bea39867e4169dbe237d55c8242a8f2fcdcc387
2023-05-28,26341919,USDC-WETH,1%,0x7bea39867e4169dbe237d55c8242a8f2fcdcc387
2023-05-29,26233923,USDC-WETH,1%,0x7bea39867e4169dbe237d55c8242a8f2fcdcc387
2023-05-30,26357677,USDC-WETH,1%,0x7bea39867e4169dbe237d55c8242a8f2fcdcc387
2023-05-31,43950638,USDC-WETH,1%,0x7bea39867e4169dbe237d55c8242a8f2fcdcc387
2023-06-01,43964653,USDC-WETH,1%,0x7bea39867e4169dbe237d55c8242a8f2fcdcc387
2023-06-02,25480209,USDC-WETH,1%,0x7bea39867e4169dbe237d55c8242a8f2fcdcc387
2023-06-03,25281450,USDC-WETH,1%,0x7bea39867e4169dbe237d55c8242a8f2fcdcc387
2023-06-04,25447280,USDC-WETH,1%,0x7bea39867e4169dbe237d55c8242a8f2fcdcc387
2023-06-05,24282685,USDC-WETH,1%,0x7bea39867e4169dbe237d55c8242a8f2fcdcc387
2023-06-06,25198459,USDC-WETH,1%,0x7bea39867e4169dbe237d55c8242a8f2fcdcc387
2023-06-07,24588196,USDC-WETH,1%,0x7bea39867e4169dbe237d55c8242a8f2fcdcc387
2023-06-08,24811695,USDC-WETH,1%,0x7bea39867e4169dbe237d55c8242a8f2fcdcc387
2023-06-09,24678121,USDC-WETH,1%,0x7bea39867e4169dbe237d55c8242a8f2fcdcc387
2023-06-10,23649866,USDC-WETH,1%,0x7bea39867e4169dbe237d55c8242a8f2fcdcc387
2023-06-11,23665771,USDC-WETH,1%,0x7bea39867e4169dbe237d55c8242a8f2fcdcc387
2023-06-12,23506537,USDC-WETH,1%,0x7bea39867e4169dbe237d55c8242a8f2fcdcc387
2023-06-13,23409995,USDC-WETH,1%,0x7bea39867e4169dbe237d55c8242a8f2fcdcc387
2023-06-14,22315854,USDC-WETH,1%,0x7bea39867e4169dbe237d55c8242a8f2fcdcc387
2023-06-15,22526761,USDC-WETH,1%,0x7bea39867e4169dbe237d55c8242a8f2fcdcc387
2023-06-16,23863126,USDC-WETH,1%,0x7bea39867e4169dbe237d55c8242a8f2fcdcc387
2023-06-17,24017355,USDC-WETH,1%,0x7bea39867e4169dbe237d55c8242a8f2fcdcc387
2023-06-18,23953008,USDC-WETH,1%,0x7bea39867e4169dbe237d55c8242a8f2fcdcc387
2023-06-19,24056432,USDC-WETH,1%,0x7bea39867e4169dbe237d55c8242a8f2fcdcc387
2023-06-20,24750078,USDC-WETH,1%,0x7bea39867e4169dbe237d55c8242a8f2fcdcc387
2023-06-21,25876728,USDC-WETH,1%,0x7bea39867e4169dbe237d55c8242a8f2fcdcc387
2023-06-22,25963016,USDC-WETH,1%,0x7bea39867e4169dbe237d55c8242a8f2fcdcc387
2023-06-23,25922166,USDC-WETH,1%,0x7bea39867e4169dbe237d55c8242a8f2fcdcc387
2023-06-24,25739491,USDC-WETH,1%,0x7bea39867e4169dbe237d55c8242a8f2fcdcc387
2023-06-25,26061798,USDC-WETH,1%,0x7bea39867e4169dbe237d55c8242a8f2fcdcc387
2023-06-26,25555500,USDC-WETH,1%,0x7bea39867e4169dbe237d55c8242a8f2fcdcc387
2023-06-27,25909021,USDC-WETH,1%,0x7bea39867e4169dbe237d55c8242a8f2fcdcc387
2023-06-28,25182127,USDC-WETH,1%,0x7bea39867e4169dbe237d55c8242a8f2fcdcc387
2023-06-29,25509277,USDC-WETH,1%,0x7bea39867e4169dbe237d55c8242a8f2fcdcc387
2023-06-30,26482255,USDC-WETH,1%,0x7bea39867e4169dbe237d55c8242a8f2fcdcc387
2023-07-01,26348585,USDC-WETH,1%,0x7bea39867e4169dbe237d55c8242a8f2fcdcc387
2023-07-02,26572209,USDC-WETH,1%,0x7bea39867e4169dbe237d55c8242a8f2fcdcc387
2023-07-03,26738259,USDC-WETH,1%,0x7bea39867e4169dbe237d55c8242a8f2fcdcc387
2023-07-04,26580478,USDC-WETH,1%,0x7bea39867e4169dbe237d55c8242a8f2fcdcc387
2023-07-05,11091718,USDC-WETH,1%,0x7bea39867e4169dbe237d55c8242a8f2fcdcc387
2023-07-06,10907139,USDC-WETH,1%,0x7bea39867e4169dbe237d55c8242a8f2fcdcc387
2023-07-07,10904067,USDC-WETH,1%,0x7bea39867e4169dbe237d55c8242a8f2fcdcc387
2023-07-08,10863492,USDC-WETH,1%,0x7bea39867e4169dbe237d55c8242a8f2fcdcc387
2023-07-09,10895971,USDC-WETH,1%,0x7bea39867e4169dbe237d55c8242a8f2fcdcc387
2023-07-10,10943921,USDC-WETH,1%,0x7bea39867e4169dbe237d55c8242a8f2fcdcc387
2023-07-11,10949758,USDC-WETH,1%,0x7bea39867e4169dbe237d55c8242a8f2fcdcc387
2023-07-12,10927077,USDC-WETH,1%,0x7bea39867e4169dbe237d55c8242a8f2fcdcc387
2023-07-13,11504820,USDC-WETH,1%,0x7bea39867e4169dbe237d55c8242a8f2fcdcc387
2023-07-14,11210829,USDC-WETH,1%,0x7bea39867e4169dbe237d55c8242a8f2fcdcc387
2023-07-15,11214520,USDC-WETH,1%,0x7bea39867e4169dbe237d55c8242a8f2fcdcc387
2023-07-16,11705920,USDC-WETH,1%,0x7bea39867e4169dbe237d55c8242a8f2fcdcc387
2023-07-17,11591225,USDC-WETH,1%,0x7bea39867e4169dbe237d55c8242a8f2fcdcc387
2023-07-18,11546643,USDC-WETH,1%,0x7bea39867e4169dbe237d55c8242a8f2fcdcc387
2023-07-19,11492733,USDC-WETH,1%,0x7bea39867e4169dbe237d55c8242a8f2fcdcc387
2023-07-20,11524247,USDC-WETH,1%,0x7bea39867e4169dbe237d55c8242a8f2fcdcc387
2023-07-21,11518833,USDC-WETH,1%,0x7bea39867e4169dbe237d55c8242a8f2fcdcc387
2023-07-22,11476380,USDC-WETH,1%,0x7bea39867e4169dbe237d55c8242a8f2fcdcc387
2023-07-23,11486201,USDC-WETH,1%,0x7bea39867e4169dbe237d55c8242a8f2fcdcc387
2023-07-24,11301296,USDC-WETH,1%,0x7bea39867e4169dbe237d55c8242a8f2fcdcc387
2023-07-25,11358347,USDC-WETH,1%,0x7bea39867e4169dbe237d55c8242a8f2fcdcc387
2023-07-26,11432187,USDC-WETH,1%,0x7bea39867e4169dbe237d55c8242a8f2fcdcc387
2023-07-27,11352560,USDC-WETH,1%,0x7bea39867e4169dbe237d55c8242a8f2fcdcc387
2023-07-28,11450293,USDC-WETH,1%,0x7bea39867e4169dbe237d55c8242a8f2fcdcc387
2023-07-29,11473453,USDC-WETH,1%,0x7bea39867e4169dbe237d55c8242a8f2fcdcc387
2023-07-30,11351973,USDC-WETH,1%,0x7bea39867e4169dbe237d55c8242a8f2fcdcc387
2023-07-31,11345303,USDC-WETH,1%,0x7bea39867e4169dbe237d55c8242a8f2fcdcc387
2023-08-01,11312657,USDC-WETH,1%,0x7bea39867e4169dbe237d55c8242a8f2fcdcc387
2023-08-02,11277161,USDC-WETH,1%,0x7bea39867e4169dbe237d55c8242a8f2fcdcc387
2023-08-03,11257327,USDC-WETH,1%,0x7bea39867e4169dbe237d55c8242a8f2fcdcc387
2023-08-04,11201545,USDC-WETH,1%,0x7bea39867e4169dbe237d55c8242a8f2fcdcc387
2023-08-05,11233955,USDC-WETH,1%,0x7bea39867e4169dbe237d55c8242a8f2fcdcc387
2023-08-06,11199728,USDC-WETH,1%,0x7bea39867e4169dbe237d55c8242a8f2fcdcc387
2023-08-07,11170746,USDC-WETH,1%,0x7bea39867e4169dbe237d55c8242a8f2fcdcc387
2023-08-08,11232811,USDC-WETH,1%,0x7bea39867e4169dbe237d55c8242a8f2fcdcc387
2023-08-29,3460787,USDC-WETH,1%,0x7bea39867e4169dbe237d55c8242a8f2fcdcc387
2023-08-30,3412903,USDC-WETH,1%,0x7bea39867e4169dbe237d55c8242a8f2fcdcc387
2023-08-31,3328556,USDC-WETH,1%,0x7bea39867e4169dbe237d55c8242a8f2fcdcc387
2023-09-01,3315643,USDC-WETH,1%,0x7bea39867e4169dbe237d55c8242a8f2fcdcc387
2023-09-04,3275582,USDC-WETH,1%,0x7bea39867e4169dbe237d55c8242a8f2fcdcc387
2023-09-05,3294480,USDC-WETH,1%,0x7bea39867e4169dbe237d55c8242a8f2fcdcc387
2023-09-06,3289140,USDC-WETH,1%,0x7bea39867e4169dbe237d55c8242a8f2fcdcc387
2023-09-07,3329210,USDC-WETH,1%,0x7bea39867e4169dbe237d55c8242a8f2fcdcc387
2023-09-08,3294957,USDC-WETH,1%,0x7bea39867e4169dbe237d55c8242a8f2fcdcc387
2023-09-09,3306603,USDC-WETH,1%,0x7bea39867e4169dbe237d55c8242a8f2fcdcc387
2023-09-10,3275719,USDC-WETH,1%,0x7bea39867e4169dbe237d55c8242a8f2fcdcc387
2023-09-11,2110223,USDC-WETH,1%,0x7bea39867e4169dbe237d55c8242a8f2fcdcc387
2023-09-12,2158708,USDC-WETH,1%,0x7bea39867e4169dbe237d55c8242a8f2fcdcc387
2023-09-13,2171974,USDC-WETH,1%,0x7bea39867e4169dbe237d55c8242a8f2fcdcc387
2023-09-14,2196165,USDC-WETH,1%,0x7bea39867e4169dbe237d55c8242a8f2fcdcc387
2023-09-15,2199956,USDC-WETH,1%,0x7bea39867e4169dbe237d55c8242a8f2fcdcc387
2023-09-16,2202936,USDC-WETH,1%,0x7bea39867e4169dbe237d55c8242a8f2fcdcc387
2023-09-17,2189279,USDC-WETH,1%,0x7bea39867e4169dbe237d55c8242a8f2fcdcc387
2023-09-18,2209838,USDC-WETH,1%,0x7bea39867e4169dbe237d55c8242a8f2fcdcc387
2023-09-19,2012671,USDC-WETH,1%,0x7bea39867e4169dbe237d55c8242a8f2fcdcc387
2023-09-20,1988352,USDC-WETH,1%,0x7bea39867e4169dbe237d55c8242a8f2fcdcc387
2023-09-21,1953037,USDC-WETH,1%,0x7bea39867e4169dbe237d55c8242a8f2fcdcc387
2023-09-22,1961534,USDC-WETH,1%,0x7bea39867e4169dbe237d55c8242a8f2fcdcc387
2023-09-23,1960590,USDC-WETH,1%,0x7bea39867e4169dbe237d55c8242a8f2fcdcc387
2023-09-24,1956963,USDC-WETH,1%,0x7bea39867e4169dbe237d55c8242a8f2fcdcc387
2023-09-25,1954349,USDC-WETH,1%,0x7bea39867e4169dbe237d55c8242a8f2fcdcc387
2023-09-26,1955283,USDC-WETH,1%,0x7bea39867e4169dbe237d55c8242a8f2fcdcc387
2023-09-27,1963655,USDC-WETH,1%,0x7bea39867e4169dbe237d55c8242a8f2fcdcc387
2023-09-28,2016097,USDC-WETH,1%,0x7bea39867e4169dbe237d55c8242a8f2fcdcc387
2023-09-29,2031970,USDC-WETH,1%,0x7bea39867e4169dbe237d55c8242a8f2fcdcc387
2023-09-30,2038578,USDC-WETH,1%,0x7bea39867e4169dbe237d55c8242a8f2fcdcc387
2023-10-01,2041159,USDC-WETH,1%,0x7bea39867e4169dbe237d55c8242a8f2fcdcc387
2023-10-02,2026147,USDC-WETH,1%,0x7bea39867e4169dbe237d55c8242a8f2fcdcc387
2023-10-03,2020339,USDC-WETH,1%,0x7bea39867e4169dbe237d55c8242a8f2fcdcc387
2023-10-04,2015814,USDC-WETH,1%,0x7bea39867e4169dbe237d55c8242a8f2fcdcc387
2023-10-05,1986812,USDC-WETH,1%,0x7bea39867e4169dbe237d55c8242a8f2fcdcc387
2023-10-06,2013800,USDC-WETH,1%,0x7bea39867e4169dbe237d55c8242a8f2fcdcc387
2023-10-07,2004097,USDC-WETH,1%,0x7bea39867e4169dbe237d55c8242a8f2fcdcc387
2023-10-08,2000417,USDC-WETH,1%,0x7bea39867e4169dbe237d55c8242a8f2fcdcc387
2023-10-09,1949993,USDC-WETH,1%,0x7bea39867e4169dbe237d55c8242a8f2fcdcc387
2023-10-10,1939507,USDC-WETH,1%,0x7bea39867e4169dbe237d55c8242a8f2fcdcc387
2023-10-11,1941437,USDC-WETH,1%,0x7bea39867e4169dbe237d55c8242a8f2fcdcc387
2023-10-12,1909793,USDC-WETH,1%,0x7bea39867e4169dbe237d55c8242a8f2fcdcc387
2023-10-13,1914030,USDC-WETH,1%,0x7bea39867e4169dbe237d55c8242a8f2fcdcc387
2023-10-14,1929358,USDC-WETH,1%,0x7bea39867e4169dbe237d55c8242a8f2fcdcc387
2023-10-15,1929234,USDC-WETH,1%,0x7bea39867e4169dbe237d55c8242a8f2fcdcc387
2023-10-16,1967439,USDC-WETH,1%,0x7bea39867e4169dbe237d55c8242a8f2fcdcc387
2023-10-17,1937289,USDC-WETH,1%,0x7bea39867e4169dbe237d55c8242a8f2fcdcc387
2023-10-18,1939118,USDC-WETH,1%,0x7bea39867e4169dbe237d55c8242a8f2fcdcc387
2023-10-19,1938630,USDC-WETH,1%,0x7bea39867e4169dbe237d55c8242a8f2fcdcc387
2023-10-20,1983869,USDC-WETH,1%,0x7bea39867e4169dbe237d55c8242a8f2fcdcc387
2023-10-21,2005562,USDC-WETH,1%,0x7bea39867e4169dbe237d55c8242a8f2fcdcc387
2023-10-22,2013383,USDC-WETH,1%,0x7bea39867e4169dbe237d55c8242a8f2fcdcc387
2023-10-23,2127645,USDC-WETH,1%,0x7bea39867e4169dbe237d55c8242a8f2fcdcc387
2023-10-24,2150957,USDC-WETH,1%,0x7bea39867e4169dbe237d55c8242a8f2fcdcc387
2023-10-25,2000494,USDC-WETH,1%,0x7bea39867e4169dbe237d55c8242a8f2fcdcc387
2023-10-26,1983088,USDC-WETH,1%,0x7bea39867e4169dbe237d55c8242a8f2fcdcc387
2023-10-27,1956880,USDC-WETH,1%,0x7bea39867e4169dbe237d55c8242a8f2fcdcc387
2023-10-28,1959041,USDC-WETH,1%,0x7bea39867e4169dbe237d55c8242a8f2fcdcc387
2023-10-29,1974425,USDC-WETH,1%,0x7bea39867e4169dbe237d55c8242a8f2fcdcc387
2023-10-30,1986511,USDC-WETH,1%,0x7bea39867e4169dbe237d55c8242a8f2fcdcc387
2023-10-31,1985091,USDC-WETH,1%,0x7bea39867e4169dbe237d55c8242a8f2fcdcc387
2023-11-01,2014539,USDC-WETH,1%,0x7bea39867e4169dbe237d55c8242a8f2fcdcc387
2023-11-02,1981859,USDC-WETH,1%,0x7bea39867e4169dbe237d55c8242a8f2fcdcc387
2023-11-03,2005838,USDC-WETH,1%,0x7bea39867e4169dbe237d55c8242a8f2fcdcc387
2023-11-04,2029896,USDC-WETH,1%,0x7bea39867e4169dbe237d55c8242a8f2fcdcc387
2023-11-05,2055310,USDC-WETH,1%,0x7bea39867e4169dbe237d55c8242a8f2fcdcc387
2023-11-06,2069403,USDC-WETH,1%,0x7bea39867e4169dbe237d55c8242a8f2fcdcc387
2023-11-07,2051419,USDC-WETH,1%,0x7bea39867e4169dbe237d55c8242a8f2fcdcc387
2023-11-08,2063203,USDC-WETH,1%,0x7bea39867e4169dbe237d55c8242a8f2fcdcc387
2023-11-09,2227760,USDC-WETH,1%,0x7bea39867e4169dbe237d55c8242a8f2fcdcc387
2023-11-10,2219164,USDC-WETH,1%,0x7bea39867e4169dbe237d55c8242a8f2fcdcc387
2023-11-11,2188033,USDC-WETH,1%,0x7bea39867e4169dbe237d55c8242a8f2fcdcc387
2023-11-12,2194095,USDC-WETH,1%,0x7bea39867e4169dbe237d55c8242a8f2fcdcc387
2023-11-13,2200341,USDC-WETH,1%,0x7bea39867e4169dbe237d55c8242a8f2fcdcc387
2023-11-14,2145668,USDC-WETH,1%,0x7bea39867e4169dbe237d55c8242a8f2fcdcc387
2023-11-15,2198237,USDC-WETH,1%,0x7bea39867e4169dbe237d55c8242a8f2fcdcc387
2023-11-16,2130059,USDC-WETH,1%,0x7bea39867e4169dbe237d55c8242a8f2fcdcc387
2023-11-17,2118932,USDC-WETH,1%,0x7bea39867e4169dbe237d55c8242a8f2fcdcc387
2023-11-18,2120444,USDC-WETH,1%,0x7bea39867e4169dbe237d55c8242a8f2fcdcc387
2023-11-19,2137144,USDC-WETH,1%,0x7bea39867e4169dbe237d55c8242a8f2fcdcc387
2023-11-20,2174192,USDC-WETH,1%,0x7bea39867e4169dbe237d55c8242a8f2fcdcc387
2023-11-21,2129325,USDC-WETH,1%,0x7bea39867e4169dbe237d55c8242a8f2fcdcc387
2023-11-22,2213287,USDC-WETH,1%,0x7bea39867e4169dbe237d55c8242a8f2fcdcc387
2023-11-23,2213915,USDC-WETH,1%,0x7bea39867e4169dbe237d55c8242a8f2fcdcc387
2023-11-24,2220340,USDC-WETH,1%,0x7bea39867e4169dbe237d55c8242a8f2fcdcc387
2023-11-25,2226919,USDC-WETH,1%,0x7bea39867e4169dbe237d55c8242a8f2fcdcc387
2023-11-26,2208837,USDC-WETH,1%,0x7bea39867e4169dbe237d55c8242a8f2fcdcc387
2023-11-27,2164396,USDC-WETH,1%,0x7bea39867e4169dbe237d55c8242a8f2fcdcc387
2023-11-28,2188125,USDC-WETH,1%,0x7bea39867e4169dbe237d55c8242a8f2fcdcc387
2023-11-29,2173469,USDC-WETH,1%,0x7bea39867e4169dbe237d55c8242a8f2fcdcc387
2023-11-30,2184133,USDC-WETH,1%,0x7bea39867e4169dbe237d55c8242a8f2fcdcc387
2023-12-01,2216948,USDC-WETH,1%,0x7bea39867e4169dbe237d55c8242a8f2fcdcc387
2023-12-02,2273825,USDC-WETH,1%,0x7bea39867e4169dbe237d55c8242a8f2fcdcc387
2023-12-03,2287489,USDC-WETH,1%,0x7bea39867e4169dbe237d55c8242a8f2fcdcc387
2023-12-04,2303160,USDC-WETH,1%,0x7bea39867e4169dbe237d55c8242a8f2fcdcc387
2023-12-05,2338694,USDC-WETH,1%,0x7bea39867e4169dbe237d55c8242a8f2fcdcc387
2023-12-06,2336648,USDC-WETH,1%,0x7bea39867e4169dbe237d55c8242a8f2fcdcc387
2023-12-07,2386735,USDC-WETH,1%,0x7bea39867e4169dbe237d55c8242a8f2fcdcc387
2023-12-08,2380533,USDC-WETH,1%,0x7bea39867e4169dbe237d55c8242a8f2fcdcc387
2023-12-09,2380344,USDC-WETH,1%,0x7bea39867e4169dbe237d55c8242a8f2fcdcc387
2023-12-10,2383252,USDC-WETH,1%,0x7bea39867e4169dbe237d55c8242a8f2fcdcc387
2023-12-11,2286578,USDC-WETH,1%,0x7bea39867e4169dbe237d55c8242a8f2fcdcc387
2023-12-12,2252256,USDC-WETH,1%,0x7bea39867e4169dbe237d55c8242a8f2fcdcc387
2023-12-13,2306283,USDC-WETH,1%,0x7bea39867e4169dbe237d55c8242a8f2fcdcc387
2023-12-14,2333292,USDC-WETH,1%,0x7bea39867e4169dbe237d55c8242a8f2fcdcc387
2023-12-15,2298437,USDC-WETH,1%,0x7bea39867e4169dbe237d55c8242a8f2fcdcc387
2023-12-16,2299112,USDC-WETH,1%,0x7bea39867e4169dbe237d55c8242a8f2fcdcc387
2023-12-17,2275164,USDC-WETH,1%,0x7bea39867e4169dbe237d55c8242a8f2fcdcc387
2023-12-18,2316819,USDC-WETH,1%,0x7bea39867e4169dbe237d55c8242a8f2fcdcc387
2023-12-19,2718729,USDC-WETH,1%,0x7bea39867e4169dbe237d55c8242a8f2fcdcc387
2023-12-20,2716420,USDC-WETH,1%,0x7bea39867e4169dbe237d55c8242a8f2fcdcc387
2023-12-21,2328365,USDC-WETH,1%,0x7bea39867e4169dbe237d55c8242a8f2fcdcc387
2023-12-22,2404436,USDC-WETH,1%,0x7bea39867e4169dbe237d55c8242a8f2fcdcc387
2023-12-23,2385394,USDC-WETH,1%,0x7bea39867e4169dbe237d55c8242a8f2fcdcc387
2023-12-24,2368020,USDC-WETH,1%,0x7bea39867e4169dbe237d55c8242a8f2fcdcc387
2023-12-25,2370483,USDC-WETH,1%,0x7bea39867e4169dbe237d55c8242a8f2fcdcc387
2023-12-26,2333861,USDC-WETH,1%,0x7bea39867e4169dbe237d55c8242a8f2fcdcc387
2023-12-27,2468371,USDC-WETH,1%,0x7bea39867e4169dbe237d55c8242a8f2fcdcc387
2023-12-28,2466856,USDC-WETH,1%,0x7bea39867e4169dbe237d55c8242a8f2fcdcc387
2023-12-29,2409910,USDC-WETH,1%,0x7bea39867e4169dbe237d55c8242a8f2fcdcc387
2023-12-30,2424660,USDC-WETH,1%,0x7bea39867e4169dbe237d55c8242a8f2fcdcc387
2023-12-31,2387422,USDC-WETH,1%,0x7bea39867e4169dbe237d55c8242a8f2fcdcc387
2024-01-01,2423466,USDC-WETH,1%,0x7bea39867e4169dbe237d55c8242a8f2fcdcc387
2024-01-02,2434183,USDC-WETH,1%,0x7bea39867e4169dbe237d55c8242a8f2fcdcc387
2024-01-03,2330950,USDC-WETH,1%,0x7bea39867e4169dbe237d55c8242a8f2fcdcc387
2024-01-04,2383474,USDC-WETH,1%,0x7bea39867e4169dbe237d55c8242a8f2fcdcc387
2024-01-05,2358941,USDC-WETH,1%,0x7bea39867e4169dbe237d55c8242a8f2fcdcc387
2024-01-06,2356882,USDC-WETH,1%,0x7bea39867e4169dbe237d55c8242a8f2fcdcc387
2024-01-07,2359019,USDC-WETH,1%,0x7bea39867e4169dbe237d55c8242a8f2fcdcc387
2024-01-08,2428135,USDC-WETH,1%,0x7bea39867e4169dbe237d55c8242a8f2fcdcc387
2024-01-09,2441786,USDC-WETH,1%,0x7bea39867e4169dbe237d55c8242a8f2fcdcc387
2024-01-10,2582843,USDC-WETH,1%,0x7bea39867e4169dbe237d55c8242a8f2fcdcc387
2024-01-11,2562834,USDC-WETH,1%,0x7bea39867e4169dbe237d55c8242a8f2fcdcc387
2024-01-12,2543984,USDC-WETH,1%,0x7bea39867e4169dbe237d55c8242a8f2fcdcc387
2024-01-13,2573670,USDC-WETH,1%,0x7bea39867e4169dbe237d55c8242a8f2fcdcc387
2024-01-14,2563806,USDC-WETH,1%,0x7bea39867e4169dbe237d55c8242a8f2fcdcc387
2024-01-15,2572574,USDC-WETH,1%,0x7bea39867e4169dbe237d55c8242a8f2fcdcc387
2024-01-16,2628594,USDC-WETH,1%,0x7bea39867e4169dbe237d55c8242a8f2fcdcc387
2024-01-17,2572729,USDC-WETH,1%,0x7bea39867e4169dbe237d55c8242a8f2fcdcc387
2024-01-18,2521402,USDC-WETH,1%,0x7bea39867e4169dbe237d55c8242a8f2fcdcc387
2024-01-19,2546510,USDC-WETH,1%,0x7bea39867e4169dbe237d55c8242a8f2fcdcc387
2024-01-20,2533508,USDC-WETH,1%,0x7bea39867e4169dbe237d55c8242a8f2fcdcc387
2024-01-21,2536895,USDC-WETH,1%,0x7bea39867e4169dbe237d55c8242a8f2fcdcc387
2024-01-22,2484532,USDC-WETH,1%,0x7bea39867e4169dbe237d55c8242a8f2fcdcc387
2024-01-23,2402940,USDC-WETH,1%,0x7bea39867e4169dbe237d55c8242a8f2fcdcc387
2024-01-24,2400472,USDC-WETH,1%,0x7bea39867e4169dbe237d55c8242a8f2fcdcc387
2024-01-25,2397568,USDC-WETH,1%,0x7bea39867e4169dbe237d55c8242a8f2fcdcc387
2024-01-26,2435180,USDC-WETH,1%,0x7bea39867e4169dbe237d55c8242a8f2fcdcc387
2024-01-27,2441388,USDC-WETH,1%,0x7bea39867e4169dbe237d55c8242a8f2fcdcc387
2024-01-28,2420267,USDC-WETH,1%,0x7bea39867e4169dbe237d55c8242a8f2fcdcc387
2024-01-29,2475717,USDC-WETH,1%,0x7bea39867e4169dbe237d55c8242a8f2fcdcc387
2024-01-30,2522196,USDC-WETH,1%,0x7bea39867e4169dbe237d55c8242a8f2fcdcc387
2024-01-31,2444883,USDC-WETH,1%,0x7bea39867e4169dbe237d55c8242a8f2fcdcc387
2024-02-01,2466795,USDC-WETH,1%,0x7bea39867e4169dbe237d55c8242a8f2fcdcc387
2024-02-02,2472416,USDC-WETH,1%,0x7bea39867e4169dbe237d55c8242a8f2fcdcc387
2024-02-03,2466062,USDC-WETH,1%,0x7bea39867e4169dbe237d55c8242a8f2fcdcc387
2024-02-04,2463017,USDC-WETH,1%,0x7bea39867e4169dbe237d55c8242a8f2fcdcc387
2024-02-05,2464123,USDC-WETH,1%,0x7bea39867e4169dbe237d55c8242a8f2fcdcc387
2024-02-06,2529450,USDC-WETH,1%,0x7bea39867e4169dbe237d55c8242a8f2fcdcc387
2024-02-07,2559801,USDC-WETH,1%,0x7bea39867e4169dbe237d55c8242a8f2fcdcc387
2024-02-08,2564978,USDC-WETH,1%,0x7bea39867e4169dbe237d55c8242a8f2fcdcc387
2024-02-09,2602746,USDC-WETH,1%,0x7bea39867e4169dbe237d55c8242a8f2fcdcc387
2024-02-10,2595603,USDC-WETH,1%,0x7bea39867e4169dbe237d55c8242a8f2fcdcc387
2024-02-11,2599520,USDC-WETH,1%,0x7bea39867e4169dbe237d55c8242a8f2fcdcc387
2024-02-12,2712927,USDC-WETH,1%,0x7bea39867e4169dbe237d55c8242a8f2fcdcc387
2024-02-13,2603142,USDC-WETH,1%,0x7bea39867e4169dbe237d55c8242a8f2fcdcc387
2024-02-14,2666478,USDC-WETH,1%,0x7bea39867e4169dbe237d55c8242a8f2fcdcc387
2024-02-15,2697908,USDC-WETH,1%,0x7bea39867e4169dbe237d55c8242a8f2fcdcc387
2024-02-16,2721137,USDC-WETH,1%,0x7bea39867e4169dbe237d55c8242a8f2fcdcc387
2024-02-17,2676254,USDC-WETH,1%,0x7bea39867e4169dbe237d55c8242a8f2fcdcc387
2024-02-18,2731609,USDC-WETH,1%,0x7bea39867e4169dbe237d55c8242a8f2fcdcc387
2024-02-19,2783462,USDC-WETH,1%,0x7bea39867e4169dbe237d55c8242a8f2fcdcc387
2024-02-20,80803849,USDC-WETH,1%,0x7bea39867e4169dbe237d55c8242a8f2fcdcc387
2024-02-21,2844820,USDC-WETH,1%,0x7bea39867e4169dbe237d55c8242a8f2fcdcc387
2024-02-22,2887637,USDC-WETH,1%,0x7bea39867e4169dbe237d55c8242a8f2fcdcc387
2024-02-23,2856222,USDC-WETH,1%,0x7bea39867e4169dbe237d55c8242a8f2fcdcc387
2024-02-24,2894208,USDC-WETH,1%,0x7bea39867e4169dbe237d55c8242a8f2fcdcc387
2024-02-25,2951359,USDC-WETH,1%,0x7bea39867e4169dbe237d55c8242a8f2fcdcc387
2024-02-26,3022365,USDC-WETH,1%,0x7bea39867e4169dbe237d55c8242a8f2fcdcc387
2024-02-27,3009071,USDC-WETH,1%,0x7bea39867e4169dbe237d55c8242a8f2fcdcc387
2024-02-28,3066545,USDC-WETH,1%,0x7bea39867e4169dbe237d55c8242a8f2fcdcc387
2024-02-29,3078987,USDC-WETH,1%,0x7bea39867e4169dbe237d55c8242a8f2fcdcc387
2024-03-01,3105207,USDC-WETH,1%,0x7bea39867e4169dbe237d55c8242a8f2fcdcc387
2024-03-02,3154866,USDC-WETH,1%,0x7bea39867e4169dbe237d55c8242a8f2fcdcc387
2024-03-03,3105954,USDC-WETH,1%,0x7bea39867e4169dbe237d55c8242a8f2fcdcc387
2024-03-04,3711384,USDC-WETH,1%,0x7bea39867e4169dbe237d55c8242a8f2fcdcc387
2024-03-05,3687829,USDC-WETH,1%,0x7bea39867e4169dbe237d55c8242a8f2fcdcc387
2024-03-06,3712466,USDC-WETH,1%,0x7bea39867e4169dbe237d55c8242a8f2fcdcc387
2024-03-07,3729183,USDC-WETH,1%,0x7bea39867e4169dbe237d55c8242a8f2fcdcc387
2024-03-08,3732852,USDC-WETH,1%,0x7bea39867e4169dbe237d55c8242a8f2fcdcc387
2024-03-09,3738031,USDC-WETH,1%,0x7bea39867e4169dbe237d55c8242a8f2fcdcc387
2024-03-10,3728481,USDC-WETH,1%,0x7bea39867e4169dbe237d55c8242a8f2fcdcc387
2024-03-11,3785207,USDC-WETH,1%,0x7bea39867e4169dbe237d55c8242a8f2fcdcc387
2024-03-12,3759032,USDC-WETH,1%,0x7bea39867e4169dbe237d55c8242a8f2fcdcc387
2024-03-13,3772906,USDC-WETH,1%,0x7bea39867e4169dbe237d55c8242a8f2fcdcc387
2024-03-14,3911554,USDC-WETH,1%,0x7bea39867e4169dbe237d55c8242a8f2fcdcc387
2024-03-15,3876977,USDC-WETH,1%,0x7bea39867e4169dbe237d55c8242a8f2fcdcc387
2024-03-16,3798153,USDC-WETH,1%,0x7bea39867e4169dbe237d55c8242a8f2fcdcc387
2024-03-17,3839602,USDC-WETH,1%,0x7bea39867e4169dbe237d55c8242a8f2fcdcc387
2024-03-18,3795835,USDC-WETH,1%,0x7bea39867e4169dbe237d55c8242a8f2fcdcc387
2024-03-19,3479246,USDC-WETH,1%,0x7bea39867e4169dbe237d55c8242a8f2fcdcc387
2024-03-20,3440929,USDC-WETH,1%,0x7bea39867e4169dbe237d55c8242a8f2fcdcc387
2024-03-22,3707131,USDC-WETH,1%,0x7bea39867e4169dbe237d55c8242a8f2fcdcc387
2024-03-23,3761947,USDC-WETH,1%,0x7bea39867e4169dbe237d55c8242a8f2fcdcc387
2024-03-24,3800562,USDC-WETH,1%,0x7bea39867e4169dbe237d55c8242a8f2fcdcc387
2024-03-25,3863392,USDC-WETH,1%,0x7bea39867e4169dbe237d55c8242a8f2fcdcc387
2024-03-26,3864078,USDC-WETH,1%,0x7bea39867e4169dbe237d55c8242a8f2fcdcc387
2024-03-27,3824938,USDC-WETH,1%,0x7bea39867e4169dbe237d55c8242a8f2fcdcc387
2024-03-28,3851012,USDC-WETH,1%,0x7bea39867e4169dbe237d55c8242a8f2fcdcc387
2024-03-29,3825220,USDC-WETH,1%,0x7bea39867e4169dbe237d55c8242a8f2fcdcc387
2024-03-30,3817489,USDC-WETH,1%,0x7bea39867e4169dbe237d55c8242a8f2fcdcc387
2024-03-31,3878182,USDC-WETH,1%,0x7bea39867e4169dbe237d55c8242a8f2fcdcc387
2024-04-01,3821377,USDC-WETH,1%,0x7bea39867e4169dbe237d55c8242a8f2fcdcc387
2024-04-02,3711000,USDC-WETH,1%,0x7bea39867e4169dbe237d55c8242a8f2fcdcc387
2024-04-03,3555118,USDC-WETH,1%,0x7bea39867e4169dbe237d55c8242a8f2fcdcc387
2024-04-04,3727971,USDC-WETH,1%,0x7bea39867e4169dbe237d55c8242a8f2fcdcc387
2024-04-05,3722586,USDC-WETH,1%,0x7bea39867e4169dbe237d55c8242a8f2fcdcc387
2024-04-06,3764054,USDC-WETH,1%,0x7bea39867e4169dbe237d55c8242a8f2fcdcc387
2024-04-07,3784242,USDC-WETH,1%,0x7bea39867e4169dbe237d55c8242a8f2fcdcc387
2024-04-08,3934595,USDC-WETH,1%,0x7bea39867e4169dbe237d55c8242a8f2fcdcc387
2024-04-09,3840685,USDC-WETH,1%,0x7bea39867e4169dbe237d55c8242a8f2fcdcc387
2024-04-10,3273919,USDC-WETH,1%,0x7bea39867e4169dbe237d55c8242a8f2fcdcc387
2024-04-11,3273849,USDC-WETH,1%,0x7bea39867e4169dbe237d55c8242a8f2fcdcc387
2024-04-12,3146218,USDC-WETH,1%,0x7bea39867e4169dbe237d55c8242a8f2fcdcc387
2024-04-13,3038909,USDC-WETH,1%,0x7bea39867e4169dbe237d55c8242a8f2fcdcc387
2024-04-14,3147604,USDC-WETH,1%,0x7bea39867e4169dbe237d55c8242a8f2fcdcc387
2024-04-15,3073234,USDC-WETH,1%,0x7bea39867e4169dbe237d55c8242a8f2fcdcc387
2024-04-16,3065567,USDC-WETH,1%,0x7bea39867e4169dbe237d55c8242a8f2fcdcc387
2024-04-17,3079677,USDC-WETH,1%,0x7bea39867e4169dbe237d55c8242a8f2fcdcc387
2024-04-18,3119654,USDC-WETH,1%,0x7bea39867e4169dbe237d55c8242a8f2fcdcc387
2024-04-19,3131574,USDC-WETH,1%,0x7bea39867e4169dbe237d55c8242a8f2fcdcc387
2024-04-20,3172016,USDC-WETH,1%,0x7bea39867e4169dbe237d55c8242a8f2fcdcc387
2024-04-21,3005400,USDC-WETH,1%,0x7bea39867e4169dbe237d55c8242a8f2fcdcc387
2024-04-22,3033646,USDC-WETH,1%,0x7bea39867e4169dbe237d55c8242a8f2fcdcc387
2024-04-23,3034805,USDC-WETH,1%,0x7bea39867e4169dbe237d55c8242a8f2fcdcc387
2024-04-24,2981560,USDC-WETH,1%,0x7bea39867e4169dbe237d55c8242a8f2fcdcc387
2024-04-25,2998339,USDC-WETH,1%,0x7bea39867e4169dbe237d55c8242a8f2fcdcc387
2024-04-26,2979974,USDC-WETH,1%,0x7bea39867e4169dbe237d55c8242a8f2fcdcc387
2024-04-29,3030334,USDC-WETH,1%,0x7bea39867e4169dbe237d55c8242a8f2fcdcc387
2024-04-30,2924296,USDC-WETH,1%,0x7bea39867e4169dbe237d55c8242a8f2fcdcc387
2024-05-01,2906368,USDC-WETH,1%,0x7bea39867e4169dbe237d55c8242a8f2fcdcc387
2024-05-02,2928636,USDC-WETH,1%,0x7bea39867e4169dbe237d55c8242a8f2fcdcc387
2024-05-03,2992277,USDC-WETH,1%,0x7bea39867e4169dbe237d55c8242a8f2fcdcc387
2024-05-04,2993909,USDC-WETH,1%,0x7bea39867e4169dbe237d55c8242a8f2fcdcc387
2024-05-05,3007137,USDC-WETH,1%,0x7bea39867e4169dbe237d55c8242a8f2fcdcc387
2024-05-06,2986731,USDC-WETH,1%,0x7bea39867e4169dbe237d55c8242a8f2fcdcc387
2024-05-07,2966528,USDC-WETH,1%,0x7bea39867e4169dbe237d55c8242a8f2fcdcc387
2024-05-08,2920604,USDC-WETH,1%,0x7bea39867e4169dbe237d55c8242a8f2fcdcc387
2024-05-09,2974367,USDC-WETH,1%,0x7bea39867e4169dbe237d55c8242a8f2fcdcc387
2024-05-10,2887896,USDC-WETH,1%,0x7bea39867e4169dbe237d55c8242a8f2fcdcc387
2024-05-11,2895593,USDC-WETH,1%,0x7bea39867e4169dbe237d55c8242a8f2fcdcc387
2024-05-12,2904841,USDC-WETH,1%,0x7bea39867e4169dbe237d55c8242a8f2fcdcc387
2024-05-13,2908213,USDC-WETH,1%,0x7bea39867e4169dbe237d55c8242a8f2fcdcc387
2024-05-14,2875906,USDC-WETH,1%,0x7bea39867e4169dbe237d55c8242a8f2fcdcc387
2024-05-15,2955453,USDC-WETH,1%,0x7bea39867e4169dbe237d55c8242a8f2fcdcc387
2024-05-16,2909017,USDC-WETH,1%,0x7bea39867e4169dbe237d55c8242a8f2fcdcc387
2024-05-17,2998926,USDC-WETH,1%,0x7bea39867e4169dbe237d55c8242a8f2fcdcc387
2024-05-18,3014698,USDC-WETH,1%,0x7bea39867e4169dbe237d55c8242a8f2fcdcc387
2024-05-19,2991917,USDC-WETH,1%,0x7bea39867e4169dbe237d55c8242a8f2fcdcc387
2024-05-20,3031599,USDC-WETH,1%,0x7bea39867e4169dbe237d55c8242a8f2fcdcc387
2024-05-21,3303257,USDC-WETH,1%,0x7bea39867e4169dbe237d55c8242a8f2fcdcc387
2024-05-22,3285713,USDC-WETH,1%,0x7bea39867e4169dbe237d55c8242a8f2fcdcc387
2024-05-23,3441382,USDC-WETH,1%,0x7bea39867e4169dbe237d55c8242a8f2fcdcc387
2024-05-24,3420523,USDC-WETH,1%,0x7bea39867e4169dbe237d55c8242a8f2fcdcc387
2024-05-25,3444841,USDC-WETH,1%,0x7bea39867e4169dbe237d55c8242a8f2fcdcc387
2024-05-26,3402733,USDC-WETH,1%,0x7bea39867e4169dbe237d55c8242a8f2fcdcc387
2024-05-27,3482225,USDC-WETH,1%,0x7bea39867e4169dbe237d55c8242a8f2fcdcc387
2024-05-28,3357283,USDC-WETH,1%,0x7bea39867e4169dbe237d55c8242a8f2fcdcc387
2024-05-29,3333774,USDC-WETH,1%,0x7bea39867e4169dbe237d55c8242a8f2fcdcc387
2024-05-30,3325529,USDC-WETH,1%,0x7bea39867e4169dbe237d55c8242a8f2fcdcc387
2024-05-31,3334364,USDC-WETH,1%,0x7bea39867e4169dbe237d55c8242a8f2fcdcc387
2024-06-01,3348183,USDC-WETH,1%,0x7bea39867e4169dbe237d55c8242a8f2fcdcc387
2024-06-02,3336684,USDC-WETH,1%,0x7bea39867e4169dbe237d55c8242a8f2fcdcc387
2024-06-03,3053672,USDC-WETH,1%,0x7bea39867e4169dbe237d55c8242a8f2fcdcc387
2024-06-04,3066258,USDC-WETH,1%,0x7bea39867e4169dbe237d55c8242a8f2fcdcc387
2024-06-05,3076084,USDC-WETH,1%,0x7bea39867e4169dbe237d55c8242a8f2fcdcc387
2024-06-06,3058860,USDC-WETH,1%,0x7bea39867e4169dbe237d55c8242a8f2fcdcc387
2024-06-07,3026111,USDC-WETH,1%,0x7bea39867e4169dbe237d55c8242a8f2fcdcc387
2024-06-08,3021738,USDC-WETH,1%,0x7bea39867e4169dbe237d55c8242a8f2fcdcc387
2024-06-09,3030307,USDC-WETH,1%,0x7bea39867e4169dbe237d55c8242a8f2fcdcc387
2024-06-10,3019881,USDC-WETH,1%,0x7bea39867e4169dbe237d55c8242a8f2fcdcc387
2024-06-11,2962319,USDC-WETH,1%,0x7bea39867e4169dbe237d55c8242a8f2fcdcc387
2024-06-12,2988617,USDC-WETH,1%,0x7bea39867e4169dbe237d55c8242a8f2fcdcc387
2024-06-13,2956348,USDC-WETH,1%,0x7bea39867e4169dbe237d55c8242a8f2fcdcc387
2024-06-14,2957159,USDC-WETH,1%,0x7bea39867e4169dbe237d55c8242a8f2fcdcc387
2024-06-15,2993370,USDC-WETH,1%,0x7bea39867e4169dbe237d55c8242a8f2fcdcc387
2024-06-16,3015270,USDC-WETH,1%,0x7bea39867e4169dbe237d55c8242a8f2fcdcc387
2024-06-17,3179689,USDC-WETH,1%,0x7bea39867e4169dbe237d55c8242a8f2fcdcc387
2024-06-18,3165322,USDC-WETH,1%,0x7bea39867e4169dbe237d55c8242a8f2fcdcc387
2024-06-19,2998159,USDC-WETH,1%,0x7bea39867e4169dbe237d55c8242a8f2fcdcc387
2024-06-20,2980990,USDC-WETH,1%,0x7bea39867e4169dbe237d55c8242a8f2fcdcc387
2024-06-21,2984255,USDC-WETH,1%,0x7bea39867e4169dbe237d55c8242a8f2fcdcc387
2024-06-22,2976933,USDC-WETH,1%,0x7bea39867e4169dbe237d55c8242a8f2fcdcc387
2024-06-23,3055763,USDC-WETH,1%,0x7bea39867e4169dbe237d55c8242a8f2fcdcc387
2024-06-24,3015784,USDC-WETH,1%,0x7bea39867e4169dbe237d55c8242a8f2fcdcc387
2024-06-25,3037568,USDC-WETH,1%,0x7bea39867e4169dbe237d55c8242a8f2fcdcc387
2024-06-26,3007269,USDC-WETH,1%,0x7bea39867e4169dbe237d55c8242a8f2fcdcc387
2024-06-27,2963494,USDC-WETH,1%,0x7bea39867e4169dbe237d55c8242a8f2fcdcc387
2024-06-28,2931971,USDC-WETH,1%,0x7bea39867e4169dbe237d55c8242a8f2fcdcc387
2024-06-29,2865058,USDC-WETH,1%,0x7bea39867e4169dbe237d55c8242a8f2fcdcc387
2024-06-30,2881929,USDC-WETH,1%,0x7bea39867e4169dbe237d55c8242a8f2fcdcc387
2024-07-01,2888264,USDC-WETH,1%,0x7bea39867e4169dbe237d55c8242a8f2fcdcc387
2024-07-02,2884312,USDC-WETH,1%,0x7bea39867e4169dbe237d55c8242a8f2fcdcc387
2024-07-03,2833913,USDC-WETH,1%,0x7bea39867e4169dbe237d55c8242a8f2fcdcc387
2024-07-04,2754537,USDC-WETH,1%,0x7bea39867e4169dbe237d55c8242a8f2fcdcc387
2024-07-05,2697291,USDC-WETH,1%,0x7bea39867e4169dbe237d55c8242a8f2fcdcc387
2024-07-06,2746622,USDC-WETH,1%,0x7bea39867e4169dbe237d55c8242a8f2fcdcc387
2024-07-07,2677244,USDC-WETH,1%,0x7bea39867e4169dbe237d55c8242a8f2fcdcc387
2024-07-08,2731094,USDC-WETH,1%,0x7bea39867e4169dbe237d55c8242a8f2fcdcc387
2024-07-09,2766628,USDC-WETH,1%,0x7bea39867e4169dbe237d55c8242a8f2fcdcc387
2024-07-10,2789780,USDC-WETH,1%,0x7bea39867e4169dbe237d55c8242a8f2fcdcc387
2024-07-11,2793049,USDC-WETH,1%,0x7bea39867e4169dbe237d55c8242a8f2fcdcc387
2024-07-12,2806910,USDC-WETH,1%,0x7bea39867e4169dbe237d55c8242a8f2fcdcc387
2024-07-13,1484350,USDC-WETH,1%,0x7bea39867e4169dbe237d55c8242a8f2fcdcc387
2024-07-14,1491937,USDC-WETH,1%,0x7bea39867e4169dbe237d55c8242a8f2fcdcc387
2024-07-15,1537133,USDC-WETH,1%,0x7bea39867e4169dbe237d55c8242a8f2fcdcc387
2024-07-16,1529482,USDC-WETH,1%,0x7bea39867e4169dbe237d55c8242a8f2fcdcc387
2024-07-17,1522707,USDC-WETH,1%,0x7bea39867e4169dbe237d55c8242a8f2fcdcc387
2024-07-18,1529847,USDC-WETH,1%,0x7bea39867e4169dbe237d55c8242a8f2fcdcc387
2024-07-19,1545569,USDC-WETH,1%,0x7bea39867e4169dbe237d55c8242a8f2fcdcc387
2024-07-20,1548133,USDC-WETH,1%,0x7bea39867e4169dbe237d55c8242a8f2fcdcc387
2024-07-21,1549431,USDC-WETH,1%,0x7bea39867e4169dbe237d55c8242a8f2fcdcc387
2024-07-22,1536259,USDC-WETH,1%,0x7bea39867e4169dbe237d55c8242a8f2fcdcc387
2024-07-23,1525559,USDC-WETH,1%,0x7bea39867e4169dbe237d55c8242a8f2fcdcc387
2024-07-24,1499236,USDC-WETH,1%,0x7bea39867e4169dbe237d55c8242a8f2fcdcc387
2024-07-25,1466501,USDC-WETH,1%,0x7bea39867e4169dbe237d55c8242a8f2fcdcc387
2024-07-26,1493771,USDC-WETH,1%,0x7bea39867e4169dbe237d55c8242a8f2fcdcc387
2024-07-27,1493928,USDC-WETH,1%,0x7bea39867e4169dbe237d55c8242a8f2fcdcc387
2024-07-28,1489399,USDC-WETH,1%,0x7bea39867e4169dbe237d55c8242a8f2fcdcc387
2024-07-29,1505411,USDC-WETH,1%,0x7bea39867e4169dbe237d55c8242a8f2fcdcc387
2024-07-30,1527984,USDC-WETH,1%,0x7bea39867e4169dbe237d55c8242a8f2fcdcc387
2024-07-31,1520741,USDC-WETH,1%,0x7bea39867e4169dbe237d55c8242a8f2fcdcc387
2024-08-01,1511988,USDC-WETH,1%,0x7bea39867e4169dbe237d55c8242a8f2fcdcc387
2024-08-02,1458846,USDC-WETH,1%,0x7bea39867e4169dbe237d55c8242a8f2fcdcc387
2024-08-03,1441560,USDC-WETH,1%,0x7bea39867e4169dbe237d55c8242a8f2fcdcc387
2024-08-04,1352367,USDC-WETH,1%,0x7bea39867e4169dbe237d55c8242a8f2fcdcc387
2024-08-05,754572,USDC-WETH,1%,0x7bea39867e4169dbe237d55c8242a8f2fcdcc387
2024-08-06,766195,USDC-WETH,1%,0x7bea39867e4169dbe237d55c8242a8f2fcdcc387
2024-08-07,744512,USDC-WETH,1%,0x7bea39867e4169dbe237d55c8242a8f2fcdcc387
2024-08-08,747304,USDC-WETH,1%,0x7bea39867e4169dbe237d55c8242a8f2fcdcc387
2024-08-09,732581,USDC-WETH,1%,0x7bea39867e4169dbe237d55c8242a8f2fcdcc387
2024-08-10,733728,USDC-WETH,1%,0x7bea39867e4169dbe237d55c8242a8f2fcdcc387
2024-08-11,726708,USDC-WETH,1%,0x7bea39867e4169dbe237d55c8242a8f2fcdcc387
2024-08-12,748761,USDC-WETH,1%,0x7bea39867e4169dbe237d55c8242a8f2fcdcc387
2024-08-13,751552,USDC-WETH,1%,0x7bea39867e4169dbe237d55c8242a8f2fcdcc387
2024-08-14,744947,USDC-WETH,1%,0x7bea39867e4169dbe237d55c8242a8f2fcdcc387
2024-08-15,731302,USDC-WETH,1%,0x7bea39867e4169dbe237d55c8242a8f2fcdcc387
2024-08-16,733689,USDC-WETH,1%,0x7bea39867e4169dbe237d55c8242a8f2fcdcc387
2024-08-17,735725,USDC-WETH,1%,0x7bea39867e4169dbe237d55c8242a8f2fcdcc387
2024-08-18,741531,USDC-WETH,1%,0x7bea39867e4169dbe237d55c8242a8f2fcdcc387
2024-08-19,738474,USDC-WETH,1%,0x7bea39867e4169dbe237d55c8242a8f2fcdcc387
2024-08-20,732522,USDC-WETH,1%,0x7bea39867e4169dbe237d55c8242a8f2fcdcc387
2024-08-21,739519,USDC-WETH,1%,0x7bea39867e4169dbe237d55c8242a8f2fcdcc387
2024-08-22,741478,USDC-WETH,1%,0x7bea39867e4169dbe237d55c8242a8f2fcdcc387
2024-08-23,762788,USDC-WETH,1%,0x7bea39867e4169dbe237d55c8242a8f2fcdcc387
2024-08-24,761490,USDC-WETH,1%,0x7bea39867e4169dbe237d55c8242a8f2fcdcc387
2024-08-25,764341,USDC-WETH,1%,0x7bea39867e4169dbe237d55c8242a8f2fcdcc387
2024-08-26,751746,USDC-WETH,1%,0x7bea39867e4169dbe237d55c8242a8f2fcdcc387
2024-08-27,717019,USDC-WETH,1%,0x7bea39867e4169dbe237d55c8242a8f2fcdcc387
2024-08-28,728847,USDC-WETH,1%,0x7bea39867e4169dbe237d55c8242a8f2fcdcc387
2024-08-29,701823,USDC-WETH,1%,0x7bea39867e4169dbe237d55c8242a8f2fcdcc387
2024-08-30,702464,USDC-WETH,1%,0x7bea39867e4169dbe237d55c8242a8f2fcdcc387
2024-08-31,716685,USDC-WETH,1%,0x7bea39867e4169dbe237d55c8242a8f2fcdcc387
2024-09-01,699737,USDC-WETH,1%,0x7bea39867e4169dbe237d55c8242a8f2fcdcc387
2024-09-02,721315,USDC-WETH,1%,0x7bea39867e4169dbe237d55c8242a8f2fcdcc387
2024-09-03,707240,USDC-WETH,1%,0x7bea39867e4169dbe237d55c8242a8f2fcdcc387
2024-09-04,696260,USDC-WETH,1%,0x7bea39867e4169dbe237d55c8242a8f2fcdcc387
2024-09-05,681655,USDC-WETH,1%,0x7bea39867e4169dbe237d55c8242a8f2fcdcc387
2024-09-06,655644,USDC-WETH,1%,0x7bea39867e4169dbe237d55c8242a8f2fcdcc387
2024-09-07,665072,USDC-WETH,1%,0x7bea39867e4169dbe237d55c8242a8f2fcdcc387
2024-09-08,669766,USDC-WETH,1%,0x7bea39867e4169dbe237d55c8242a8f2fcdcc387
2024-09-09,680370,USDC-WETH,1%,0x7bea39867e4169dbe237d55c8242a8f2fcdcc387
2024-09-10,683127,USDC-WETH,1%,0x7bea39867e4169dbe237d55c8242a8f2fcdcc387
2024-09-11,676312,USDC-WETH,1%,0x7bea39867e4169dbe237d55c8242a8f2fcdcc387
2024-09-12,680088,USDC-WETH,1%,0x7bea39867e4169dbe237d55c8242a8f2fcdcc387
2024-09-13,692575,USDC-WETH,1%,0x7bea39867e4169dbe237d55c8242a8f2fcdcc387
2024-09-14,688093,USDC-WETH,1%,0x7bea39867e4169dbe237d55c8242a8f2fcdcc387
2024-09-15,676479,USDC-WETH,1%,0x7bea39867e4169dbe237d55c8242a8f2fcdcc387
2024-09-16,666780,USDC-WETH,1%,0x7bea39867e4169dbe237d55c8242a8f2fcdcc387
2024-09-17,676807,USDC-WETH,1%,0x7bea39867e4169dbe237d55c8242a8f2fcdcc387
2024-09-18,676524,USDC-WETH,1%,0x7bea39867e4169dbe237d55c8242a8f2fcdcc387
2024-09-19,697318,USDC-WETH,1%,0x7bea39867e4169dbe237d55c8242a8f2fcdcc387
2024-09-20,709501,USDC-WETH,1%,0x7bea39867e4169dbe237d55c8242a8f2fcdcc387
2024-09-21,713374,USDC-WETH,1%,0x7bea39867e4169dbe237d55c8242a8f2fcdcc387
2024-09-22,715283,USDC-WETH,1%,0x7bea39867e4169dbe237d55c8242a8f2fcdcc387
2024-09-23,727099,USDC-WETH,1%,0x7bea39867e4169dbe237d55c8242a8f2fcdcc387
2024-09-24,730199,USDC-WETH,1%,0x7bea39867e4169dbe237d55c8242a8f2fcdcc387
2024-09-25,713094,USDC-WETH,1%,0x7bea39867e4169dbe237d55c8242a8f2fcdcc387
2024-09-26,722788,USDC-WETH,1%,0x7bea39867e4169dbe237d55c8242a8f2fcdcc387
2024-09-27,732787,USDC-WETH,1%,0x7bea39867e4169dbe237d55c8242a8f2fcdcc387
2024-09-28,728524,USDC-WETH,1%,0x7bea39867e4169dbe237d55c8242a8f2fcdcc387
2024-09-29,725950,USDC-WETH,1%,0x7bea39867e4169dbe237d55c8242a8f2fcdcc387
2024-09-30,718148,USDC-WETH,1%,0x7bea39867e4169dbe237d55c8242a8f2fcdcc387
2024-10-01,695885,USDC-WETH,1%,0x7bea39867e4169dbe237d55c8242a8f2fcdcc387
2024-10-02,684639,USDC-WETH,1%,0x7bea39867e4169dbe237d55c8242a8f2fcdcc387
2024-10-03,679977,USDC-WETH,1%,0x7bea39867e4169dbe237d55c8242a8f2fcdcc387
2024-10-04,691110,USDC-WETH,1%,0x7bea39867e4169dbe237d55c8242a8f2fcdcc387
2024-10-05,690335,USDC-WETH,1%,0x7bea39867e4169dbe237d55c8242a8f2fcdcc387
2024-10-06,693242,USDC-WETH,1%,0x7bea39867e4169dbe237d55c8242a8f2fcdcc387
2024-10-07,691198,USDC-WETH,1%,0x7bea39867e4169dbe237d55c8242a8f2fcdcc387
2024-10-08,695055,USDC-WETH,1%,0x7bea39867e4169dbe237d55c8242a8f2fcdcc387
2024-10-09,684096,USDC-WETH,1%,0x7bea39867e4169dbe237d55c8242a8f2fcdcc387
2024-10-10,684416,USDC-WETH,1%,0x7bea39867e4169dbe237d55c8242a8f2fcdcc387
2024-10-11,694938,USDC-WETH,1%,0x7bea39867e4169dbe237d55c8242a8f2fcdcc387
2024-10-12,702546,USDC-WETH,1%,0x7bea39867e4169dbe237d55c8242a8f2fcdcc387
2024-10-13,698633,USDC-WETH,1%,0x7bea39867e4169dbe237d55c8242a8f2fcdcc387
2024-10-14,727858,USDC-WETH,1%,0x7bea39867e4169dbe237d55c8242a8f2fcdcc387
2024-10-15,718684,USDC-WETH,1%,0x7bea39867e4169dbe237d55c8242a8f2fcdcc387
2024-10-16,722921,USDC-WETH,1%,0x7bea39867e4169dbe237d55c8242a8f2fcdcc387
2024-10-17,720557,USDC-WETH,1%,0x7bea39867e4169dbe237d55c8242a8f2fcdcc387
2024-10-18,726344,USDC-WETH,1%,0x7bea39867e4169dbe237d55c8242a8f2fcdcc387
2024-10-19,727133,USDC-WETH,1%,0x7bea39867e4169dbe237d55c8242a8f2fcdcc387
2024-10-20,740704,USDC-WETH,1%,0x7bea39867e4169dbe237d55c8242a8f2fcdcc387
2024-10-21,731603,USDC-WETH,1%,0x7bea39867e4169dbe237d55c8242a8f2fcdcc387
2024-10-22,726126,USDC-WETH,1%,0x7bea39867e4169dbe237d55c8242a8f2fcdcc387
2024-10-23,706808,USDC-WETH,1%,0x7bea39867e4169dbe237d55c8242a8f2fcdcc387
2024-10-24,710201,USDC-WETH,1%,0x7bea39867e4169dbe237d55c8242a8f2fcdcc387
2024-10-25,699031,USDC-WETH,1%,0x7bea39867e4169dbe237d55c8242a8f2fcdcc387
2024-10-26,703355,USDC-WETH,1%,0x7bea39867e4169dbe237d55c8242a8f2fcdcc387
2024-10-27,704325,USDC-WETH,1%,0x7bea39867e4169dbe237d55c8242a8f2fcdcc387
2024-10-28,717235,USDC-WETH,1%,0x7bea39867e4169dbe237d55c8242a8f2fcdcc387
2024-10-29,725263,USDC-WETH,1%,0x7bea39867e4169dbe237d55c8242a8f2fcdcc387
2024-10-30,730381,USDC-WETH,1%,0x7bea39867e4169dbe237d55c8242a8f2fcdcc387
2024-10-31,709587,USDC-WETH,1%,0x7bea39867e4169dbe237d55c8242a8f2fcdcc387
2024-11-01,708713,USDC-WETH,1%,0x7bea39867e4169dbe237d55c8242a8f2fcdcc387
2024-11-02,705522,USDC-WETH,1%,0x7bea39867e4169dbe237d55c8242a8f2fcdcc387
2024-11-03,701046,USDC-WETH,1%,0x7bea39867e4169dbe237d55c8242a8f2fcdcc387
2024-11-04,695114,USDC-WETH,1%,0x7bea39867e4169dbe237d55c8242a8f2fcdcc387
2024-11-05,697547,USDC-WETH,1%,0x7bea39867e4169dbe237d55c8242a8f2fcdcc387
2024-11-06,741750,USDC-WETH,1%,0x7bea39867e4169dbe237d55c8242a8f2fcdcc387
2024-11-07,763432,USDC-WETH,1%,0x7bea39867e4169dbe237d55c8242a8f2fcdcc387
2024-11-08,773397,USDC-WETH,1%,0x7bea39867e4169dbe237d55c8242a8f2fcdcc387
2024-11-09,795574,USDC-WETH,1%,0x7bea39867e4169dbe237d55c8242a8f2fcdcc387
2024-11-10,802046,USDC-WETH,1%,0x7bea39867e4169dbe237d55c8242a8f2fcdcc387
2024-11-11,825297,USDC-WETH,1%,0x7bea39867e4169dbe237d55c8242a8f2fcdcc387
2024-11-12,813383,USDC-WETH,1%,0x7bea39867e4169dbe237d55c8242a8f2fcdcc387
2024-11-13,802478,USDC-WETH,1%,0x7bea39867e4169dbe237d55c8242a8f2fcdcc387
2024-11-14,791434,USDC-WETH,1%,0x7bea39867e4169dbe237d55c8242a8f2fcdcc387
2024-11-15,792490,USDC-WETH,1%,0x7bea39867e4169dbe237d55c8242a8f2fcdcc387
2024-11-16,798245,USDC-WETH,1%,0x7bea39867e4169dbe237d55c8242a8f2fcdcc387
2024-11-17,789643,USDC-WETH,1%,0x7bea39867e4169dbe237d55c8242a8f2fcdcc387
2024-11-18,800108,USDC-WETH,1%,0x7bea39867e4169dbe237d55c8242a8f2fcdcc387
2024-11-19,793572,USDC-WETH,1%,0x7bea39867e4169dbe237d55c8242a8f2fcdcc387
2024-11-20,800398,USDC-WETH,1%,0x7bea39867e4169dbe237d55c8242a8f2fcdcc387
2024-11-21,837608,USDC-WETH,1%,0x7bea39867e4169dbe237d55c8242a8f2fcdcc387
2024-11-22,830379,USDC-WETH,1%,0x7bea39867e4169dbe237d55c8242a8f2fcdcc387
2024-11-23,842114,USDC-WETH,1%,0x7bea39867e4169dbe237d55c8242a8f2fcdcc387
2024-11-24,837353,USDC-WETH,1%,0x7bea39867e4169dbe237d55c8242a8f2fcdcc387
2024-11-25,834855,USDC-WETH,1%,0x7bea39867e4169dbe237d55c8242a8f2fcdcc387
2024-11-26,831231,USDC-WETH,1%,0x7bea39867e4169dbe237d55c8242a8f2fcdcc387
2024-11-27,871794,USDC-WETH,1%,0x7bea39867e4169dbe237d55c8242a8f2fcdcc387
2024-11-28,866051,USDC-WETH,1%,0x7bea39867e4169dbe237d55c8242a8f2fcdcc387
2024-11-29,864386,USDC-WETH,1%,0x7bea39867e4169dbe237d55c8242a8f2fcdcc387
2024-11-30,876873,USDC-WETH,1%,0x7bea39867e4169dbe237d55c8242a8f2fcdcc387
2024-12-01,868911,USDC-WETH,1%,0x7bea39867e4169dbe237d55c8242a8f2fcdcc387
2024-12-02,856789,USDC-WETH,1%,0x7bea39867e4169dbe237d55c8242a8f2fcdcc387
2024-12-03,858589,USDC-WETH,1%,0x7bea39867e4169dbe237d55c8242a8f2fcdcc387
2024-12-04,880215,USDC-WETH,1%,0x7bea39867e4169dbe237d55c8242a8f2fcdcc387
2024-12-05,879117,USDC-WETH,1%,0x7bea39867e4169dbe237d55c8242a8f2fcdcc387
2024-12-06,901398,USDC-WETH,1%,0x7bea39867e4169dbe237d55c8242a8f2fcdcc387
2024-12-07,894836,USDC-WETH,1%,0x7bea39867e4169dbe237d55c8242a8f2fcdcc387
2024-12-08,896199,USDC-WETH,1%,0x7bea39867e4169dbe237d55c8242a8f2fcdcc387
2024-12-09,888212,USDC-WETH,1%,0x7bea39867e4169dbe237d55c8242a8f2fcdcc387
2024-12-10,863480,USDC-WETH,1%,0x7bea39867e4169dbe237d55c8242a8f2fcdcc387
2024-12-11,883507,USDC-WETH,1%,0x7bea39867e4169dbe237d55c8242a8f2fcdcc387
2024-12-12,889170,USDC-WETH,1%,0x7bea39867e4169dbe237d55c8242a8f2fcdcc387
2024-12-13,888115,USDC-WETH,1%,0x7bea39867e4169dbe237d55c8242a8f2fcdcc387
2024-12-14,882334,USDC-WETH,1%,0x7bea39867e4169dbe237d55c8242a8f2fcdcc387
2024-12-15,887081,USDC-WETH,1%,0x7bea39867e4169dbe237d55c8242a8f2fcdcc387
2024-12-16,901049,USDC-WETH,1%,0x7bea39867e4169dbe237d55c8242a8f2fcdcc387
2024-12-17,884285,USDC-WETH,1%,0x7bea39867e4169dbe237d55c8242a8f2fcdcc387
2024-12-18,865144,USDC-WETH,1%,0x7bea39867e4169dbe237d55c8242a8f2fcdcc387
2024-12-19,846534,USDC-WETH,1%,0x7bea39867e4169dbe237d55c8242a8f2fcdcc387
2024-12-20,856151,USDC-WETH,1%,0x7bea39867e4169dbe237d55c8242a8f2fcdcc387
2024-12-21,838622,USDC-WETH,1%,0x7bea39867e4169dbe237d55c8242a8f2fcdcc387
2024-12-22,831231,USDC-WETH,1%,0x7bea39867e4169dbe237d55c8242a8f2fcdcc387
2024-12-23,850683,USDC-WETH,1%,0x7bea39867e4169dbe237d55c8242a8f2fcdcc387
2024-12-24,858983,USDC-WETH,1%,0x7bea39867e4169dbe237d55c8242a8f2fcdcc387
2024-12-25,856636,USDC-WETH,1%,0x7bea39867e4169dbe237d55c8242a8f2fcdcc387
2024-12-26,843798,USDC-WETH,1%,0x7bea39867e4169dbe237d55c8242a8f2fcdcc387
2024-12-27,837886,USDC-WETH,1%,0x7bea39867e4169dbe237d55c8242a8f2fcdcc387
2024-12-28,848658,USDC-WETH,1%,0x7bea39867e4169dbe237d55c8242a8f2fcdcc387
2024-12-29,839451,USDC-WETH,1%,0x7bea39867e4169dbe237d55c8242a8f2fcdcc387
2024-12-30,847650,USDC-WETH,1%,0x7bea39867e4169dbe237d55c8242a8f2fcdcc387
2024-12-31,839936,USDC-WETH,1%,0x7bea39867e4169dbe237d55c8242a8f2fcdcc387
2025-01-01,843081,USDC-WETH,1%,0x7bea39867e4169dbe237d55c8242a8f2fcdcc387
2025-01-02,853089,USDC-WETH,1%,0x7bea39867e4169dbe237d55c8242a8f2fcdcc387
2025-01-03,873598,USDC-WETH,1%,0x7bea39867e4169dbe237d55c8242a8f2fcdcc387
2025-01-04,878263,USDC-WETH,1%,0x7bea39867e4169dbe237d55c8242a8f2fcdcc387
2025-01-05,877640,USDC-WETH,1%,0x7bea39867e4169dbe237d55c8242a8f2fcdcc387
2025-01-06,881562,USDC-WETH,1%,0x7bea39867e4169dbe237d55c8242a8f2fcdcc387
2025-01-07,846925,USDC-WETH,1%,0x7bea39867e4169dbe237d55c8242a8f2fcdcc387
2025-01-08,842843,USDC-WETH,1%,0x7bea39867e4169dbe237d55c8242a8f2fcdcc387
2025-01-09,828677,USDC-WETH,1%,0x7bea39867e4169dbe237d55c8242a8f2fcdcc387
2025-01-10,834528,USDC-WETH,1%,0x7bea39867e4169dbe237d55c8242a8f2fcdcc387
2025-01-11,827642,USDC-WETH,1%,0x7bea39867e4169dbe237d55c8242a8f2fcdcc387
2025-01-12,822203,USDC-WETH,1%,0x7bea39867e4169dbe237d55c8242a8f2fcdcc387
2025-01-13,808727,USDC-WETH,1%,0x7bea39867e4169dbe237d55c8242a8f2fcdcc387
2025-01-14,821439,USDC-WETH,1%,0x7bea39867e4169dbe237d55c8242a8f2fcdcc387
2025-01-15,845297,USDC-WETH,1%,0x7bea39867e4169dbe237d55c8242a8f2fcdcc387
2025-01-16,830432,USDC-WETH,1%,0x7bea39867e4169dbe237d55c8242a8f2fcdcc387
2025-01-17,851470,USDC-WETH,1%,0x7bea39867e4169dbe237d55c8242a8f2fcdcc387
2025-01-18,828762,USDC-WETH,1%,0x7bea39867e4169dbe237d55c8242a8f2fcdcc387
2025-01-19,844749,USDC-WETH,1%,0x7bea39867e4169dbe237d55c8242a8f2fcdcc387
2025-01-20,833923,USDC-WETH,1%,0x7bea39867e4169dbe237d55c8242a8f2fcdcc387
2025-01-21,836468,USDC-WETH,1%,0x7bea39867e4169dbe237d55c8242a8f2fcdcc387
2025-01-22,825635,USDC-WETH,1%,0x7bea39867e4169dbe237d55c8242a8f2fcdcc387
2025-01-23,832070,USDC-WETH,1%,0x7bea39867e4169dbe237d55c8242a8f2fcdcc387
2025-01-24,833301,USDC-WETH,1%,0x7bea39867e4169dbe237d55c8242a8f2fcdcc387
2025-01-25,834205,USDC-WETH,1%,0x7bea39867e4169dbe237d55c8242a8f2fcdcc387
2025-01-26,829406,USDC-WETH,1%,0x7bea39867e4169dbe237d55c8242a8f2fcdcc387
2025-01-27,815019,USDC-WETH,1%,0x7bea39867e4169dbe237d55c8242a8f2fcdcc387
2025-01-28,801926,USDC-WETH,1%,0x7bea39867e4169dbe237d55c8242a8f2fcdcc387
2025-01-29,810291,USDC-WETH,1%,0x7bea39867e4169dbe237d55c8242a8f2fcdcc387
2025-01-30,824617,USDC-WETH,1%,0x7bea39867e4169dbe237d55c8242a8f2fcdcc387
2025-01-31,829290,USDC-WETH,1%,0x7bea39867e4169dbe237d55c8242a8f2fcdcc387
2025-02-01,808543,USDC-WETH,1%,0x7bea39867e4169dbe237d55c8242a8f2fcdcc387
2025-02-02,773318,USDC-WETH,1%,0x7bea39867e4169dbe237d55c8242a8f2fcdcc387
2025-02-03,780597,USDC-WETH,1%,0x7bea39867e4169dbe237d55c8242a8f2fcdcc387
2025-02-04,752955,USDC-WETH,1%,0x7bea39867e4169dbe237d55c8242a8f2fcdcc387
2025-02-05,764017,USDC-WETH,1%,0x7bea39867e4169dbe237d55c8242a8f2fcdcc387
2025-02-06,755072,USDC-WETH,1%,0x7bea39867e4169dbe237d55c8242a8f2fcdcc387
2025-02-07,740967,USDC-WETH,1%,0x7bea39867e4169dbe237d55c8242a8f2fcdcc387
2025-02-08,748969,USDC-WETH,1%,0x7bea39867e4169dbe237d55c8242a8f2fcdcc387
2025-02-09,746952,USDC-WETH,1%,0x7bea39867e4169dbe237d55c8242a8f2fcdcc387
2025-02-10,780059,USDC-WETH,1%,0x7bea39867e4169dbe237d55c8242a8f2fcdcc387
2025-02-11,741344,USDC-WETH,1%,0x7bea39867e4169dbe237d55c8242a8f2fcdcc387
2025-02-12,763832,USDC-WETH,1%,0x7bea39867e4169dbe237d55c8242a8f2fcdcc387
2025-02-13,752412,USDC-WETH,1%,0x7bea39867e4169dbe237d55c8242a8f2fcdcc387
2025-02-14,759997,USDC-WETH,1%,0x7bea39867e4169dbe237d55c8242a8f2fcdcc387
2025-02-15,755587,USDC-WETH,1%,0x7bea39867e4169dbe237d55c8242a8f2fcdcc387
2025-02-16,752569,USDC-WETH,1%,0x7bea39867e4169dbe237d55c8242a8f2fcdcc387
2025-02-17,779769,USDC-WETH,1%,0x7bea39867e4169dbe237d55c8242a8f2fcdcc387
2025-02-18,850075,USDC-WETH,1%,0x7bea39867e4169dbe237d55c8242a8f2fcdcc387
2025-02-19,860375,USDC-WETH,1%,0x7bea39867e4169dbe237d55c8242a8f2fcdcc387
2025-02-20,861207,USDC-WETH,1%,0x7bea39867e4169dbe237d55c8242a8f2fcdcc387
2025-02-21,848937,USDC-WETH,1%,0x7bea39867e4169dbe237d55c8242a8f2fcdcc387
2025-02-22,867142,USDC-WETH,1%,0x7bea39867e4169dbe237d55c8242a8f2fcdcc387
2025-02-23,873943,USDC-WETH,1%,0x7bea39867e4169dbe237d55c8242a8f2fcdcc387
2025-02-24,849737,USDC-WETH,1%,0x7bea39867e4169dbe237d55c8242a8f2fcdcc387
2025-02-25,830498,USDC-WETH,1%,0x7bea39867e4169dbe237d55c8242a8f2fcdcc387
2025-02-26,797386,USDC-WETH,1%,0x7bea39867e4169dbe237d55c8242a8f2fcdcc387
2025-02-27,786618,USDC-WETH,1%,0x7bea39867e4169dbe237d55c8242a8f2fcdcc387
2025-02-28,771471,USDC-WETH,1%,0x7bea39867e4169dbe237d55c8242a8f2fcdcc387
2025-03-01,772526,USDC-WETH,1%,0x7bea39867e4169dbe237d55c8242a8f2fcdcc387
2025-03-02,840394,USDC-WETH,1%,0x7bea39867e4169dbe237d55c8242a8f2fcdcc387
2025-03-03,763322,USDC-WETH,1%,0x7bea39867e4169dbe237d55c8242a8f2fcdcc387
2025-03-04,771739,USDC-WETH,1%,0x7bea39867e4169dbe237d55c8242a8f2fcdcc387
2025-03-05,786172,USDC-WETH,1%,0x7bea39867e4169dbe237d55c8242a8f2fcdcc387
2025-03-06,774969,USDC-WETH,1%,0x7bea39867e4169dbe237d55c8242a8f2fcdcc387
2025-03-07,761702,USDC-WETH,1%,0x7bea39867e4169dbe237d55c8242a8f2fcdcc387
2025-03-08,774996,USDC-WETH,1%,0x7bea39867e4169dbe237d55c8242a8f2fcdcc387
2025-03-09,649966,USDC-WETH,1%,0x7bea39867e4169dbe237d55c8242a8f2fcdcc387
2025-03-10,675039,USDC-WETH,1%,0x7bea39867e4169dbe237d55c8242a8f2fcdcc387
2025-03-11,690905,USDC-WETH,1%,0x7bea39867e4169dbe237d55c8242a8f2fcdcc387
2025-03-12,684529,USDC-WETH,1%,0x7bea39867e4169dbe237d55c8242a8f2fcdcc387
2025-03-13,696055,USDC-WETH,1%,0x7bea39867e4169dbe237d55c8242a8f2fcdcc387
2025-03-14,707426,USDC-WETH,1%,0x7bea39867e4169dbe237d55c8242a8f2fcdcc387
2025-03-15,711576,USDC-WETH,1%,0x7bea39867e4169dbe237d55c8242a8f2fcdcc387
2025-03-16,696226,USDC-WETH,1%,0x7bea39867e4169dbe237d55c8242a8f2fcdcc387
2025-03-17,709430,USDC-WETH,1%,0x7bea39867e4169dbe237d55c8242a8f2fcdcc387
2025-03-18,700991,USDC-WETH,1%,0x7bea39867e4169dbe237d55c8242a8f2fcdcc387
2025-03-19,730912,USDC-WETH,1%,0x7bea39867e4169dbe237d55c8242a8f2fcdcc387
2025-03-20,714648,USDC-WETH,1%,0x7bea39867e4169dbe237d55c8242a8f2fcdcc387
2025-03-21,715802,USDC-WETH,1%,0x7bea39867e4169dbe237d55c8242a8f2fcdcc387
2025-03-22,720114,USDC-WETH,1%,0x7bea39867e4169dbe237d55c8242a8f2fcdcc387
2025-03-23,722683,USDC-WETH,1%,0x7bea39867e4169dbe237d55c8242a8f2fcdcc387
2025-03-24,741472,USDC-WETH,1%,0x7bea39867e4169dbe237d55c8242a8f2fcdcc387
2025-03-25,719199,USDC-WETH,1%,0x7bea39867e4169dbe237d55c8242a8f2fcdcc387
2025-03-26,705562,USDC-WETH,1%,0x7bea39867e4169dbe237d55c8242a8f2fcdcc387
2025-03-27,707468,USDC-WETH,1%,0x7bea39867e4169dbe237d55c8242a8f2fcdcc387
2025-03-28,682237,USDC-WETH,1%,0x7bea39867e4169dbe237d55c8242a8f2fcdcc387
2025-03-29,660388,USDC-WETH,1%,0x7bea39867e4169dbe237d55c8242a8f2fcdcc387
2025-03-30,840256,USDC-WETH,1%,0x7bea39867e4169dbe237d55c8242a8f2fcdcc387
2025-03-31,847737,USDC-WETH,1%,0x7bea39867e4169dbe237d55c8242a8f2fcdcc387
2025-04-01,873381,USDC-WETH,1%,0x7bea39867e4169dbe237d55c8242a8f2fcdcc387
2025-04-02,841635,USDC-WETH,1%,0x7bea39867e4169dbe237d55c8242a8f2fcdcc387
2025-04-03,844409,USDC-WETH,1%,0x7bea39867e4169dbe237d55c8242a8f2fcdcc387
2025-04-04,847847,USDC-WETH,1%,0x7bea39867e4169dbe237d55c8242a8f2fcdcc387
2025-04-05,839604,USDC-WETH,1%,0x7bea39867e4169dbe237d55c8242a8f2fcdcc387
2025-04-06,766510,USDC-WETH,1%,0x7bea39867e4169dbe237d55c8242a8f2fcdcc387
2025-04-07,766392,USDC-WETH,1%,0x7bea39867e4169dbe237d55c8242a8f2fcdcc387
2025-04-08,714698,USDC-WETH,1%,0x7bea39867e4169dbe237d55c8242a8f2fcdcc387
2025-04-09,794741,USDC-WETH,1%,0x7bea39867e4169dbe237d55c8242a8f2fcdcc387
2025-04-10,589974,USDC-WETH,1%,0x7bea39867e4169dbe237d55c8242a8f2fcdcc387
2025-04-11,601000,USDC-WETH,1%,0x7bea39867e4169dbe237d55c8242a8f2fcdcc387
2025-04-12,622118,USDC-WETH,1%,0x7bea39867e4169dbe237d55c8242a8f2fcdcc387
2025-04-13,604629,USDC-WETH,1%,0x7bea39867e4169dbe237d55c8242a8f2fcdcc387
2025-04-14,614692,USDC-WETH,1%,0x7bea39867e4169dbe237d55c8242a8f2fcdcc387
2025-04-15,608228,USDC-WETH,1%,0x7bea39867e4169dbe237d55c8242a8f2fcdcc387
2025-04-16,568700,USDC-WETH,1%,0x7bea39867e4169dbe237d55c8242a8f2fcdcc387
2025-04-17,567952,USDC-WETH,1%,0x7bea39867e4169dbe237d55c8242a8f2fcdcc387
2025-04-18,568779,USDC-WETH,1%,0x7bea39867e4169dbe237d55c8242a8f2fcdcc387
2025-04-19,574329,USDC-WETH,1%,0x7bea39867e4169dbe237d55c8242a8f2fcdcc387
2025-04-20,575838,USDC-WETH,1%,0x7bea39867e4169dbe237d55c8242a8f2fcdcc387
2025-04-21,575091,USDC-WETH,1%,0x7bea39867e4169dbe237d55c8242a8f2fcdcc387
2025-04-22,605141,USDC-WETH,1%,0x7bea39867e4169dbe237d55c8242a8f2fcdcc387
2025-04-23,628860,USDC-WETH,1%,0x7bea39867e4169dbe237d55c8242a8f2fcdcc387
2025-04-24,619454,USDC-WETH,1%,0x7bea39867e4169dbe237d55c8242a8f2fcdcc387
2025-04-25,630608,USDC-WETH,1%,0x7bea39867e4169dbe237d55c8242a8f2fcdcc387
2025-04-26,636178,USDC-WETH,1%,0x7bea39867e4169dbe237d55c8242a8f2fcdcc387
2025-04-27,629549,USDC-WETH,1%,0x7bea39867e4169dbe237d55c8242a8f2fcdcc387
2025-04-28,628871,USDC-WETH,1%,0x7bea39867e4169dbe237d55c8242a8f2fcdcc387
2025-04-29,630601,USDC-WETH,1%,0x7bea39867e4169dbe237d55c8242a8f2fcdcc387
2025-04-30,630155,USDC-WETH,1%,0x7bea39867e4169dbe237d55c8242a8f2fcdcc387
2025-05-01,640474,USDC-WETH,1%,0x7bea39867e4169dbe237d55c8242a8f2fcdcc387
2025-05-02,644621,USDC-WETH,1%,0x7bea39867e4169dbe237d55c8242a8f2fcdcc387
2025-05-03,645994,USDC-WETH,1%,0x7bea39867e4169dbe237d55c8242a8f2fcdcc387
2025-05-04,642431,USDC-WETH,1%,0x7bea39867e4169dbe237d55c8242a8f2fcdcc387
2025-05-05,641956,USDC-WETH,1%,0x7bea39867e4169dbe237d55c8242a8f2fcdcc387
2025-05-06,638580,USDC-WETH,1%,0x7bea39867e4169dbe237d55c8242a8f2fcdcc387
2025-05-07,640569,USDC-WETH,1%,0x7bea39867e4169dbe237d55c8242a8f2fcdcc387
2025-05-08,702362,USDC-WETH,1%,0x7bea39867e4169dbe237d55c8242a8f2fcdcc387
2025-05-09,716276,USDC-WETH,1%,0x7bea39867e4169dbe237d55c8242a8f2fcdcc387
2025-05-10,755407,USDC-WETH,1%,0x7bea39867e4169dbe237d55c8242a8f2fcdcc387
2025-05-11,744404,USDC-WETH,1%,0x7bea39867e4169dbe237d55c8242a8f2fcdcc387
2025-05-12,742962,USDC-WETH,1%,0x7bea39867e4169dbe237d55c8242a8f2fcdcc387
2025-05-13,793428,USDC-WETH,1%,0x7bea39867e4169dbe237d55c8242a8f2fcdcc387
2025-05-14,778366,USDC-WETH,1%,0x7bea39867e4169dbe237d55c8242a8f2fcdcc387
2025-05-15,769481,USDC-WETH,1%,0x7bea39867e4169dbe237d55c8242a8f2fcdcc387
2025-05-16,771105,USDC-WETH,1%,0x7bea39867e4169dbe237d55c8242a8f2fcdcc387
2025-05-17,740323,USDC-WETH,1%,0x7bea39867e4169dbe237d55c8242a8f2fcdcc387
2025-05-18,736225,USDC-WETH,1%,0x7bea39867e4169dbe237d55c8242a8f2fcdcc387
2025-05-19,751583,USDC-WETH,1%,0x7bea39867e4169dbe237d55c8242a8f2fcdcc387
2025-05-20,751594,USDC-WETH,1%,0x7bea39867e4169dbe237d55c8242a8f2fcdcc387
2025-05-21,752865,USDC-WETH,1%,0x7bea39867e4169dbe237d55c8242a8f2fcdcc387
2025-05-22,772313,USDC-WETH,1%,0x7bea39867e4169dbe237d55c8242a8f2fcdcc387
2025-05-23,756630,USDC-WETH,1%,0x7bea39867e4169dbe237d55c8242a8f2fcdcc387
2025-05-24,755780,USDC-WETH,1%,0x7bea39867e4169dbe237d55c8242a8f2fcdcc387
2025-05-25,759805,USDC-WETH,1%,0x7bea39867e4169dbe237d55c8242a8f2fcdcc387
2025-05-26,760274,USDC-WETH,1%,0x7bea39867e4169dbe237d55c8242a8f2fcdcc387
2025-05-27,776324,USDC-WETH,1%,0x7bea39867e4169dbe237d55c8242a8f2fcdcc387
2025-05-28,774614,USDC-WETH,1%,0x7bea39867e4169dbe237d55c8242a8f2fcdcc387
2025-05-29,774444,USDC-WETH,1%,0x7bea39867e4169dbe237d55c8242a8f2fcdcc387
2025-05-30,757669,USDC-WETH,1%,0x7bea39867e4169dbe237d55c8242a8f2fcdcc387
2025-05-31,758578,USDC-WETH,1%,0x7bea39867e4169dbe237d55c8242a8f2fcdcc387
2025-06-01,755974,USDC-WETH,1%,0x7bea39867e4169dbe237d55c8242a8f2fcdcc387
2025-06-02,763729,USDC-WETH,1%,0x7bea39867e4169dbe237d55c8242a8f2fcdcc387
2025-06-03,787210,USDC-WETH,1%,0x7bea39867e4169dbe237d55c8242a8f2fcdcc387
2025-06-04,784044,USDC-WETH,1%,0x7bea39867e4169dbe237d55c8242a8f2fcdcc387
2025-06-05,753689,USDC-WETH,1%,0x7bea39867e4169dbe237d55c8242a8f2fcdcc387
2025-06-06,763740,USDC-WETH,1%,0x7bea39867e4169dbe237d55c8242a8f2fcdcc387
2025-06-07,772676,USDC-WETH,1%,0x7bea39867e4169dbe237d55c8242a8f2fcdcc387
2025-06-08,769437,USDC-WETH,1%,0x7bea39867e4169dbe237d55c8242a8f2fcdcc387
2025-06-09,792707,USDC-WETH,1%,0x7bea39867e4169dbe237d55c8242a8f2fcdcc387
2025-06-10,814938,USDC-WETH,1%,0x7bea39867e4169dbe237d55c8242a8f2fcdcc387
2025-06-11,808622,USDC-WETH,1%,0x7bea39867e4169dbe237d55c8242a8f2fcdcc387
2025-06-12,789858,USDC-WETH,1%,0x7bea39867e4169dbe237d55c8242a8f2fcdcc387
2025-06-13,778383,USDC-WETH,1%,0x7bea39867e4169dbe237d55c8242a8f2fcdcc387
2025-06-14,772482,USDC-WETH,1%,0x7bea39867e4169dbe237d55c8242a8f2fcdcc387
2025-06-15,775506,USDC-WETH,1%,0x7bea39867e4169dbe237d55c8242a8f2fcdcc387
2025-06-16,780217,USDC-WETH,1%,0x7bea39867e4169dbe237d55c8242a8f2fcdcc387
2025-06-17,768631,USDC-WETH,1%,0x7bea39867e4169dbe237d55c8242a8f2fcdcc387
2025-06-18,773372,USDC-WETH,1%,0x7bea39867e4169dbe237d55c8242a8f2fcdcc387
2025-06-19,773632,USDC-WETH,1%,0x7bea39867e4169dbe237d55c8242a8f2fcdcc387
2025-06-20,750330,USDC-WETH,1%,0x7bea39867e4169dbe237d55c8242a8f2fcdcc387
2025-06-21,753577,USDC-WETH,1%,0x7bea39867e4169dbe237d55c8242a8f2fcdcc387
2025-06-22,722485,USDC-WETH,1%,0x7bea39867e4169dbe237d55c8242a8f2fcdcc387
2025-06-23,756983,USDC-WETH,1%,0x7bea39867e4169dbe237d55c8242a8f2fcdcc387
2025-06-24,762207,USDC-WETH,1%,0x7bea39867e4169dbe237d55c8242a8f2fcdcc387
2025-06-25,757866,USDC-WETH,1%,0x7bea39867e4169dbe237d55c8242a8f2fcdcc387
2025-06-26,757954,USDC-WETH,1%,0x7bea39867e4169dbe237d55c8242a8f2fcdcc387
2025-06-27,759827,USDC-WETH,1%,0x7bea39867e4169dbe237d55c8242a8f2fcdcc387
2025-06-28,761569,USDC-WETH,1%,0x7bea39867e4169dbe237d55c8242a8f2fcdcc387
2025-06-29,771609,USDC-WETH,1%,0x7bea39867e4169dbe237d55c8242a8f2fcdcc387
2025-06-30,770292,USDC-WETH,1%,0x7bea39867e4169dbe237d55c8242a8f2fcdcc387
2025-07-01,753946,USDC-WETH,1%,0x7bea39867e4169dbe237d55c8242a8f2fcdcc387
2025-07-02,787843,USDC-WETH,1%,0x7bea39867e4169dbe237d55c8242a8f2fcdcc387
2025-07-03,787789,USDC-WETH,1%,0x7bea39867e4169dbe237d55c8242a8f2fcdcc387
2025-07-04,775477,USDC-WETH,1%,0x7bea39867e4169dbe237d55c8242a8f2fcdcc387
2025-07-05,775427,USDC-WETH,1%,0x7bea39867e4169dbe237d55c8242a8f2fcdcc387
2025-07-06,786039,USDC-WETH,1%,0x7bea39867e4169dbe237d55c8242a8f2fcdcc387
2025-07-07,778583,USDC-WETH,1%,0x7bea39867e4169dbe237d55c8242a8f2fcdcc387
2025-07-08,790896,USDC-WETH,1%,0x7bea39867e4169dbe237d55c8242a8f2fcdcc387
2025-07-09,815703,USDC-WETH,1%,0x7bea39867e4169dbe237d55c8242a8f2fcdcc387
2025-07-10,846549,USDC-WETH,1%,0x7bea39867e4169dbe237d55c8242a8f2fcdcc387
2025-07-11,917365,USDC-WETH,1%,0x7bea39867e4169dbe237d55c8242a8f2fcdcc387
2025-07-12,916425,USDC-WETH,1%,0x7bea39867e4169dbe237d55c8242a8f2fcdcc387
2025-07-13,925944,USDC-WETH,1%,0x7bea39867e4169dbe237d55c8242a8f2fcdcc387
2025-07-14,927494,USDC-WETH,1%,0x7bea39867e4169dbe237d55c8242a8f2fcdcc387
2025-07-15,932673,USDC-WETH,1%,0x7bea39867e4169dbe237d55c8242a8f2fcdcc387
2025-07-16,899714,USDC-WETH,1%,0x7bea39867e4169dbe237d55c8242a8f2fcdcc387
2025-07-17,913245,USDC-WETH,1%,0x7bea39867e4169dbe237d55c8242a8f2fcdcc387
2025-07-18,920922,USDC-WETH,1%,0x7bea39867e4169dbe237d55c8242a8f2fcdcc387
2025-07-19,927544,USDC-WETH,1%,0x7bea39867e4169dbe237d55c8242a8f2fcdcc387
2025-07-20,945807,USDC-WETH,1%,0x7bea39867e4169dbe237d55c8242a8f2fcdcc387
2025-07-21,947923,USDC-WETH,1%,0x7bea39867e4169dbe237d55c8242a8f2fcdcc387
2025-07-22,943122,USDC-WETH,1%,0x7bea39867e4169dbe237d55c8242a8f2fcdcc387
2025-07-23,930051,USDC-WETH,1%,0x7bea39867e4169dbe237d55c8242a8f2fcdcc387
2025-07-24,942969,USDC-WETH,1%,0x7bea39867e4169dbe237d55c8242a8f2fcdcc387
2025-07-25,943247,USDC-WETH,1%,0x7bea39867e4169dbe237d55c8242a8f2fcdcc387
2025-07-26,949770,USDC-WETH,1%,0x7bea39867e4169dbe237d55c8242a8f2fcdcc387
2025-07-27,960873,USDC-WETH,1%,0x7bea39867e4169dbe237d55c8242a8f2fcdcc387
2025-07-28,952076,USDC-WETH,1%,0x7bea39867e4169dbe237d55c8242a8f2fcdcc387
2025-07-29,953149,USDC-WETH,1%,0x7bea39867e4169dbe237d55c8242a8f2fcdcc387
2025-07-30,949903,USDC-WETH,1%,0x7bea39867e4169dbe237d55c8242a8f2fcdcc387
2025-07-31,946758,USDC-WETH,1%,0x7bea39867e4169dbe237d55c8242a8f2fcdcc387
2025-08-01,916840,USDC-WETH,1%,0x7bea39867e4169dbe237d55c8242a8f2fcdcc387
2025-08-02,920325,USDC-WETH,1%,0x7bea39867e4169dbe237d55c8242a8f2fcdcc387
2025-08-03,932189,USDC-WETH,1%,0x7bea39867e4169dbe237d55c8242a8f2fcdcc387
2025-08-04,960316,USDC-WETH,1%,0x7bea39867e4169dbe237d55c8242a8f2fcdcc387
2025-08-05,941737,USDC-WETH,1%,0x7bea39867e4169dbe237d55c8242a8f2fcdcc387
2025-08-06,952209,USDC-WETH,1%,0x7bea39867e4169dbe237d55c8242a8f2fcdcc387
2025-08-07,969442,USDC-WETH,1%,0x7bea39867e4169dbe237d55c8242a8f2fcdcc387
2025-08-08,981463,USDC-WETH,1%,0x7bea39867e4169dbe237d55c8242a8f2fcdcc387
2025-08-09,1007184,USDC-WETH,1%,0x7bea39867e4169dbe237d55c8242a8f2fcdcc387
2025-08-10,1016883,USDC-WETH,1%,0x7bea39867e4169dbe237d55c8242a8f2fcdcc387
2025-08-11,1015778,USDC-WETH,1%,0x7bea39867e4169dbe237d55c8242a8f2fcdcc387
2025-08-12,1028744,USDC-WETH,1%,0x7bea39867e4169dbe237d55c8242a8f2fcdcc387
2025-08-13,1045187,USDC-WETH,1%,0x7bea39867e4169dbe237d55c8242a8f2fcdcc387
2025-08-14,1025096,USDC-WETH,1%,0x7bea39867e4169dbe237d55c8242a8f2fcdcc387
2025-08-15,1016831,USDC-WETH,1%,0x7bea39867e4169dbe237d55c8242a8f2fcdcc387
2025-08-16,1015198,USDC-WETH,1%,0x7bea39867e4169dbe237d55c8242a8f2fcdcc387
2025-08-17,1025494,USDC-WETH,1%,0x7bea39867e4169dbe237d55c8242a8f2fcdcc387
2025-08-18,1006693,USDC-WETH,1%,0x7bea39867e4169dbe237d55c8242a8f2fcdcc387
2025-08-19,985699,USDC-WETH,1%,0x7bea39867e4169dbe237d55c8242a8f2fcdcc387
2025-08-20,1007421,USDC-WETH,1%,0x7bea39867e4169dbe237d55c8242a8f2fcdcc387
2025-08-21,998645,USDC-WETH,1%,0x7bea39867e4169dbe237d55c8242a8f2fcdcc387
2025-08-22,1055277,USDC-WETH,1%,0x7bea39867e4169dbe237d55c8242a8f2fcdcc387
2025-08-23,1050126,USDC-WETH,1%,0x7bea39867e4169dbe237d55c8242a8f2fcdcc387
2025-08-24,1053244,USDC-WETH,1%,0x7bea39867e4169dbe237d55c8242a8f2fcdcc387
2025-08-25,1015272,USDC-WETH,1%,0x7bea39867e4169dbe237d55c8242a8f2fcdcc387
2025-08-26,1035307,USDC-WETH,1%,0x7bea39867e4169dbe237d55c8242a8f2fcdcc387
2025-08-27,1028762,USDC-WETH,1%,0x7bea39867e4169dbe237d55c8242a8f2fcdcc387
2025-08-28,1027214,USDC-WETH,1%,0x7bea39867e4169dbe237d55c8242a8f2fcdcc387
2025-08-29,1012756,USDC-WETH,1%,0x7bea39867e4169dbe237d55c8242a8f2fcdcc387
2025-08-30,1012341,USDC-WETH,1%,0x7bea39867e4169dbe237d55c8242a8f2fcdcc387
2025-08-31,1020614,USDC-WETH,1%,0x7bea39867e4169dbe237d55c8242a8f2fcdcc387
2025-09-01,1011505,USDC-WETH,1%,0x7bea39867e4169dbe237d55c8242a8f2fcdcc387
2025-09-02,1010064,USDC-WETH,1%,0x7bea39867e4169dbe237d55c8242a8f2fcdcc387
2025-09-03,1025116,USDC-WETH,1%,0x7bea39867e4169dbe237d55c8242a8f2fcdcc387
2025-09-04,1012506,USDC-WETH,1%,0x7bea39867e4169dbe237d55c8242a8f2fcdcc387
2025-09-05,1009361,USDC-WETH,1%,0x7bea39867e4169dbe237d55c8242a8f2fcdcc387
2025-09-06,1005800,USDC-WETH,1%,0x7bea39867e4169dbe237d55c8242a8f2fcdcc387
2025-09-07,1009824,USDC-WETH,1%,0x7bea39867e4169dbe237d55c8242a8f2fcdcc387
2025-09-08,1009260,USDC-WETH,1%,0x7bea39867e4169dbe237d55c8242a8f2fcdcc387
2025-09-09,1009579,USDC-WETH,1%,0x7bea39867e4169dbe237d55c8242a8f2fcdcc387
2025-09-10,1013478,USDC-WETH,1%,0x7bea39867e4169dbe237d55c8242a8f2fcdcc387
2025-09-11,1024749,USDC-WETH,1%,0x7bea39867e4169dbe237d55c8242a8f2fcdcc387
2025-09-12,1048862,USDC-WETH,1%,0x7bea39867e4169dbe237d55c8242a8f2fcdcc387
2025-09-13,1045286,USDC-WETH,1%,0x7bea39867e4169dbe237d55c8242a8f2fcdcc387
2025-09-14,1042763,USDC-WETH,1%,0x7bea39867e4169dbe237d55c8242a8f2fcdcc387
2025-09-15,1031260,USDC-WETH,1%,0x7bea39867e4169dbe237d55c8242a8f2fcdcc387
2025-09-16,1031763,USDC-WETH,1%,0x7bea39867e4169dbe237d55c8242a8f2fcdcc387
2025-09-17,1038784,USDC-WETH,1%,0x7bea39867e4169dbe237d55c8242a8f2fcdcc387
2025-09-18,1038516,USDC-WETH,1%,0x7bea39867e4169dbe237d55c8242a8f2fcdcc387
2025-09-19,1026282,USDC-WETH,1%,0x7bea39867e4169dbe237d55c8242a8f2fcdcc387
2025-09-20,1028702,USDC-WETH,1%,0x7bea39867e4169dbe237d55c8242a8f2fcdcc387
2025-09-21,1026208,USDC-WETH,1%,0x7bea39867e4169dbe237d55c8242a8f2fcdcc387
2025-09-22,997544,USDC-WETH,1%,0x7bea39867e4169dbe237d55c8242a8f2fcdcc387
2025-09-23,996250,USDC-WETH,1%,0x7bea39867e4169dbe237d55c8242a8f2fcdcc387
2025-09-24,993519,USDC-WETH,1%,0x7bea39867e4169dbe237d55c8242a8f2fcdcc387
2025-09-25,965183,USDC-WETH,1%,0x7bea39867e4169dbe237d55c8242a8f2fcdcc387
2025-09-26,980542,USDC-WETH,1%,0x7bea39867e4169dbe237d55c8242a8f2fcdcc387
2025-09-27,979563,USDC-WETH,1%,0x7bea39867e4169dbe237d55c8242a8f2fcdcc387
2025-09-28,983045,USDC-WETH,1%,0x7bea39867e4169dbe237d55c8242a8f2fcdcc387
2025-09-29,1002732,USDC-WETH,1%,0x7bea39867e4169dbe237d55c8242a8f2fcdcc387
2025-09-30,992065,USDC-WETH,1%,0x7bea39867e4169dbe237d55c8242a8f2fcdcc387
2025-10-01,1011600,USDC-WETH,1%,0x7bea39867e4169dbe237d55c8242a8f2fcdcc387
2025-10-02,1026375,USDC-WETH,1%,0x7bea39867e4169dbe237d55c8242a8f2fcdcc387
2025-10-03,1033225,USDC-WETH,1%,0x7bea39867e4169dbe237d55c8242a8f2fcdcc387
2025-10-04,1029277,USDC-WETH,1%,0x7bea39867e4169dbe237d55c8242a8f2fcdcc387
2025-10-05,1031716,USDC-WETH,1%,0x7bea39867e4169dbe237d55c8242a8f2fcdcc387
2025-10-06,1050217,USDC-WETH,1%,0x7bea39867e4169dbe237d55c8242a8f2fcdcc387
2025-10-07,1030559,USDC-WETH,1%,0x7bea39867e4169dbe237d55c8242a8f2fcdcc387
2025-10-08,1033363,USDC-WETH,1%,0x7bea39867e4169dbe237d55c8242a8f2fcdcc387
2025-10-09,1018943,USDC-WETH,1%,0x7bea39867e4169dbe237d55c8242a8f2fcdcc387
2025-10-10,966269,USDC-WETH,1%,0x7bea39867e4169dbe237d55c8242a8f2fcdcc387
2025-10-11,954186,USDC-WETH,1%,0x7bea39867e4169dbe237d55c8242a8f2fcdcc387
2025-10-12,1000322,USDC-WETH,1%,0x7bea39867e4169dbe237d55c8242a8f2fcdcc387
2025-10-13,1014696,USDC-WETH,1%,0x7bea39867e4169dbe237d55c8242a8f2fcdcc387
2025-10-14,998641,USDC-WETH,1%,0x7bea39867e4169dbe237d55c8242a8f2fcdcc387
2025-10-15,981144,USDC-WETH,1%,0x7bea39867e4169dbe237d55c8242a8f2fcdcc387
2025-10-16,970214,USDC-WETH,1%,0x7bea39867e4169dbe237d55c8242a8f2fcdcc387
2025-10-17,969299,USDC-WETH,1%,0x7bea39867e4169dbe237d55c8242a8f2fcdcc387
2025-10-18,973176,USDC-WETH,1%,0x7bea39867e4169dbe237d55c8242a8f2fcdcc387
2025-10-19,988936,USDC-WETH,1%,0x7bea39867e4169dbe237d55c8242a8f2fcdcc387
2025-10-20,985215,USDC-WETH,1%,0x7bea39867e4169dbe237d55c8242a8f2fcdcc387
2025-10-21,1100473,USDC-WETH,1%,0x7bea39867e4169dbe237d55c8242a8f2fcdcc387
2025-10-22,958538,USDC-WETH,1%,0x7bea39867e4169dbe237d55c8242a8f2fcdcc387
2025-10-23,970488,USDC-WETH,1%,0x7bea39867e4169dbe237d55c8242a8f2fcdcc387
2025-10-24,980618,USDC-WETH,1%,0x7bea39867e4169dbe237d55c8242a8f2fcdcc387
2025-10-25,982782,USDC-WETH,1%,0x7bea39867e4169dbe237d55c8242a8f2fcdcc387
2025-10-26,995283,USDC-WETH,1%,0x7bea39867e4169dbe237d55c8242a8f2fcdcc387
2025-10-27,1001563,USDC-WETH,1%,0x7bea39867e4169dbe237d55c8242a8f2fcdcc387
2025-10-28,986913,USDC-WETH,1%,0x7bea39867e4169dbe237d55c8242a8f2fcdcc387
2025-10-29,976973,USDC-WETH,1%,0x7bea39867e4169dbe237d55c8242a8f2fcdcc387
2025-10-30,963405,USDC-WETH,1%,0x7bea39867e4169dbe237d55c8242a8f2fcdcc387
2025-10-31,976046,USDC-WETH,1%,0x7bea39867e4169dbe237d55c8242a8f2fcdcc387
2025-11-01,975173,USDC-WETH,1%,0x7bea39867e4169dbe237d55c8242a8f2fcdcc387
2025-11-02,972955,USDC-WETH,1%,0x7bea39867e4169dbe237d55c8242a8f2fcdcc387
2025-11-03,938498,USDC-WETH,1%,0x7bea39867e4169dbe237d55c8242a8f2fcdcc387
2025-11-04,899187,USDC-WETH,1%,0x7bea39867e4169dbe237d55c8242a8f2fcdcc387
2025-11-05,924704,USDC-WETH,1%,0x7bea39867e4169dbe237d55c8242a8f2fcdcc387
2025-11-06,907177,USDC-WETH,1%,0x7bea39867e4169dbe237d55c8242a8f2fcdcc387
2025-11-07,923429,USDC-WETH,1%,0x7bea39867e4169dbe237d55c8242a8f2fcdcc387
2025-11-08,918469,USDC-WETH,1%,0x7bea39867e4169dbe237d55c8242a8f2fcdcc387
2025-11-09,942668,USDC-WETH,1%,0x7bea39867e4169dbe237d55c8242a8f2fcdcc387
2025-11-10,935242,USDC-WETH,1%,0x7bea39867e4169dbe237d55c8242a8f2fcdcc387
2025-11-11,921161,USDC-WETH,1%,0x7bea39867e4169dbe237d55c8242a8f2fcdcc387
2025-11-12,921124,USDC-WETH,1%,0x7bea39867e4169dbe237d55c8242a8f2fcdcc387
2025-11-13,895685,USDC-WETH,1%,0x7bea39867e4169dbe237d55c8242a8f2fcdcc387
2025-11-14,886580,USDC-WETH,1%,0x7bea39867e4169dbe237d55c8242a8f2fcdcc387
2025-11-15,888486,USDC-WETH,1%,0x7bea39867e4169dbe237d55c8242a8f2fcdcc387
2025-11-16,876093,USDC-WETH,1%,0x7bea39867e4169dbe237d55c8242a8f2fcdcc387
2025-11-17,868479,USDC-WETH,1%,0x7bea39867e4169dbe237d55c8242a8f2fcdcc387
2025-11-18,883058,USDC-WETH,1%,0x7bea39867e4169dbe237d55c8242a8f2fcdcc387
2025-11-19,863350,USDC-WETH,1%,0x7bea39867e4169dbe237d55c8242a8f2fcdcc387
2025-11-20,849811,USDC-WETH,1%,0x7bea39867e4169dbe237d55c8242a8f2fcdcc387
2025-11-21,826103,USDC-WETH,1%,0x7bea39867e4169dbe237d55c8242a8f2fcdcc387
2025-11-22,837033,USDC-WETH,1%,0x7bea39867e4169dbe237d55c8242a8f2fcdcc387
2025-11-23,843780,USDC-WETH,1%,0x7bea39867e4169dbe237d55c8242a8f2fcdcc387
2025-11-24,862863,USDC-WETH,1%,0x7bea39867e4169dbe237d55c8242a8f2fcdcc387
2025-11-25,864097,USDC-WETH,1%,0x7bea39867e4169dbe237d55c8242a8f2fcdcc387
2025-11-26,873418,USDC-WETH,1%,0x7bea39867e4169dbe237d55c8242a8f2fcdcc387
2025-11-27,870723,USDC-WETH,1%,0x7bea39867e4169dbe237d55c8242a8f2fcdcc387
2025-11-28,875126,USDC-WETH,1%,0x7bea39867e4169dbe237d55c8242a8f2fcdcc387
2025-11-29,867712,USDC-WETH,1%,0x7bea39867e4169dbe237d55c8242a8f2fcdcc387
2025-11-30,873813,USDC-WETH,1%,0x7bea39867e4169dbe237d55c8242a8f2fcdcc387
2025-12-01,1062629,USDC-WETH,1%,0x7bea39867e4169dbe237d55c8242a8f2fcdcc387
2025-12-02,1098922,USDC-WETH,1%,0x7bea39867e4169dbe237d55c8242a8f2fcdcc387
2025-12-03,1124314,USDC-WETH,1%,0x7bea39867e4169dbe237d55c8242a8f2fcdcc387
2025-12-04,891335,USDC-WETH,1%,0x7bea39867e4169dbe237d55c8242a8f2fcdcc387
2025-12-05,874820,USDC-WETH,1%,0x7bea39867e4169dbe237d55c8242a8f2fcdcc387
2025-12-06,877121,USDC-WETH,1%,0x7bea39867e4169dbe237d55c8242a8f2fcdcc387
2025-12-07,877028,USDC-WETH,1%,0x7bea39867e4169dbe237d55c8242a8f2fcdcc387
2025-12-08,891367,USDC-WETH,1%,0x7bea39867e4169dbe237d55c8242a8f2fcdcc387
2025-12-09,919583,USDC-WETH,1%,0x7bea39867e4169dbe237d55c8242a8f2fcdcc387
2025-12-10,921772,USDC-WETH,1%,0x7bea39867e4169dbe237d55c8242a8f2fcdcc387
2025-12-11,907636,USDC-WETH,1%,0x7bea39867e4169dbe237d55c8242a8f2fcdcc387
2025-12-12,886678,USDC-WETH,1%,0x7bea39867e4169dbe237d55c8242a8f2fcdcc387
2025-12-13,889644,USDC-WETH,1%,0x7bea39867e4169dbe237d55c8242a8f2fcdcc387
2025-12-14,883071,USDC-WETH,1%,0x7bea39867e4169dbe237d55c8242a8f2fcdcc387
2025-12-15,866193,USDC-WETH,1%,0x7bea39867e4169dbe237d55c8242a8f2fcdcc387
2025-12-16,866983,USDC-WETH,1%,0x7bea39867e4169dbe237d55c8242a8f2fcdcc387
2025-12-17,849360,USDC-WETH,1%,0x7bea39867e4169dbe237d55c8242a8f2fcdcc387
2025-12-18,858678,USDC-WETH,1%,0x7bea39867e4169dbe237d55c8242a8f2fcdcc387
2025-12-19,886418,USDC-WETH,1%,0x7bea39867e4169dbe237d55c8242a8f2fcdcc387
2025-12-20,885176,USDC-WETH,1%,0x7bea39867e4169dbe237d55c8242a8f2fcdcc387
2025-12-21,887570,USDC-WETH,1%,0x7bea39867e4169dbe237d55c8242a8f2fcdcc387
2025-12-22,890041,USDC-WETH,1%,0x7bea39867e4169dbe237d55c8242a8f2fcdcc387
2025-12-23,882156,USDC-WETH,1%,0x7bea39867e4169dbe237d55c8242a8f2fcdcc387
2025-12-24,882444,USDC-WETH,1%,0x7bea39867e4169dbe237d55c8242a8f2fcdcc387
2025-12-25,876395,USDC-WETH,1%,0x7bea39867e4169dbe237d55c8242a8f2fcdcc387
2025-12-26,874493,USDC-WETH,1%,0x7bea39867e4169dbe237d55c8242a8f2fcdcc387
2025-12-27,875246,USDC-WETH,1%,0x7bea39867e4169dbe237d55c8242a8f2fcdcc387
2025-12-28,877961,USDC-WETH,1%,0x7bea39867e4169dbe237d55c8242a8f2fcdcc387
2025-12-29,865724,USDC-WETH,1%,0x7bea39867e4169dbe237d55c8242a8f2fcdcc387
2025-12-30,870300,USDC-WETH,1%,0x7bea39867e4169dbe237d55c8242a8f2fcdcc387
2025-12-31,871563,USDC-WETH,1%,0x7bea39867e4169dbe237d55c8242a8f2fcdcc387
2026-01-01,874738,USDC-WETH,1%,0x7bea39867e4169dbe237d55c8242a8f2fcdcc387
2026-01-02,894933,USDC-WETH,1%,0x7bea39867e4169dbe237d55c8242a8f2fcdcc387
2026-01-03,893226,USDC-WETH,1%,0x7bea39867e4169dbe237d55c8242a8f2fcdcc387
2026-01-04,895678,USDC-WETH,1%,0x7bea39867e4169dbe237d55c8242a8f2fcdcc387
2026-01-05,909821,USDC-WETH,1%,0x7bea39867e4169dbe237d55c8242a8f2fcdcc387
2026-01-06,916983,USDC-WETH,1%,0x7bea39867e4169dbe237d55c8242a8f2fcdcc387
2026-01-07,897221,USDC-WETH,1%,0x7bea39867e4169dbe237d55c8242a8f2fcdcc387
2026-01-08,892568,USDC-WETH,1%,0x7bea39867e4169dbe237d55c8242a8f2fcdcc387
2026-01-09,887699,USDC-WETH,1%,0x7bea39867e4169dbe237d55c8242a8f2fcdcc387
2026-01-10,887379,USDC-WETH,1%,0x7bea39867e4169dbe237d55c8242a8f2fcdcc387
2026-01-11,891589,USDC-WETH,1%,0x7bea39867e4169dbe237d55c8242a8f2fcdcc387
2026-01-12,889679,USDC-WETH,1%,0x7bea39867e4169dbe237d55c8242a8f2fcdcc387
2026-01-13,922517,USDC-WETH,1%,0x7bea39867e4169dbe237d55c8242a8f2fcdcc387
2026-01-14,925867,USDC-WETH,1%,0x7bea39867e4169dbe237d55c8242a8f2fcdcc387
2026-01-15,919485,USDC-WETH,1%,0x7bea39867e4169dbe237d55c8242a8f2fcdcc387
2026-01-16,918595,USDC-WETH,1%,0x7bea39867e4169dbe237d55c8242a8f2fcdcc387
2026-01-17,919275,USDC-WETH,1%,0x7bea39867e4169dbe237d55c8242a8f2fcdcc387
2026-01-18,926039,USDC-WETH,1%,0x7bea39867e4169dbe237d55c8242a8f2fcdcc387
2026-01-19,960184,USDC-WETH,1%,0x7bea39867e4169dbe237d55c8242a8f2fcdcc387
2026-01-20,868615,USDC-WETH,1%,0x7bea39867e4169dbe237d55c8242a8f2fcdcc387
2026-01-21,878834,USDC-WETH,1%,0x7bea39867e4169dbe237d55c8242a8f2fcdcc387
2026-01-22,869564,USDC-WETH,1%,0x7bea39867e4169dbe237d55c8242a8f2fcdcc387
2026-01-23,870869,USDC-WETH,1%,0x7bea39867e4169dbe237d55c8242a8f2fcdcc387
2026-01-24,870999,USDC-WETH,1%,0x7bea39867e4169dbe237d55c8242a8f2fcdcc387
2026-01-25,847313,USDC-WETH,1%,0x7bea39867e4169dbe237d55c8242a8f2fcdcc387
2026-01-26,866372,USDC-WETH,1%,0x7bea39867e4169dbe237d55c8242a8f2fcdcc387
2026-01-27,880439,USDC-WETH,1%,0x7bea39867e4169dbe237d55c8242a8f2fcdcc387
2026-01-28,877974,USDC-WETH,1%,0x7bea39867e4169dbe237d55c8242a8f2fcdcc387
2026-01-29,850266,USDC-WETH,1%,0x7bea39867e4169dbe237d55c8242a8f2fcdcc387
2026-01-30,832337,USDC-WETH,1%,0x7bea39867e4169dbe237d55c8242a8f2fcdcc387
2026-01-31,785415,USDC-WETH,1%,0x7bea39867e4169dbe237d55c8242a8f2fcdcc387
2026-02-01,767644,USDC-WETH,1%,0x7bea39867e4169dbe237d55c8242a8f2fcdcc387
2026-02-02,774211,USDC-WETH,1%,0x7bea39867e4169dbe237d55c8242a8f2fcdcc387
2026-02-03,753472,USDC-WETH,1%,0x7bea39867e4169dbe237d55c8242a8f2fcdcc387
2026-02-04,730865,USDC-WETH,1%,0x7bea39867e4169dbe237d55c8242a8f2fcdcc387
2026-02-05,680343,USDC-WETH,1%,0x7bea39867e4169dbe237d55c8242a8f2fcdcc387
2026-02-06,725076,USDC-WETH,1%,0x7bea39867e4169dbe237d55c8242a8f2fcdcc387
2026-02-07,728903,USDC-WETH,1%,0x7bea39867e4169dbe237d55c8242a8f2fcdcc387
2026-02-08,730252,USDC-WETH,1%,0x7bea39867e4169dbe237d55c8242a8f2fcdcc387
2026-02-09,733859,USDC-WETH,1%,0x7bea39867e4169dbe237d55c8242a8f2fcdcc387
2026-02-10,730465,USDC-WETH,1%,0x7bea39867e4169dbe237d55c8242a8f2fcdcc387
2026-02-11,702199,USDC-WETH,1%,0x7bea39867e4169dbe237d55c8242a8f2fcdcc387
2026-02-12,700260,USDC-WETH,1%,0x7bea39867e4169dbe237d55c8242a8f2fcdcc387
2026-02-13,723368,USDC-WETH,1%,0x7bea39867e4169dbe237d55c8242a8f2fcdcc387
2026-02-14,731667,USDC-WETH,1%,0x7bea39867e4169dbe237d55c8242a8f2fcdcc387
2026-02-15,706410,USDC-WETH,1%,0x7bea39867e4169dbe237d55c8242a8f2fcdcc387
2026-02-16,711441,USDC-WETH,1%,0x7bea39867e4169dbe237d55c8242a8f2fcdcc387
2026-02-17,711882,USDC-WETH,1%,0x7bea39867e4169dbe237d55c8242a8f2fcdcc387
2026-02-18,702189,USDC-WETH,1%,0x7bea39867e4169dbe237d55c8242a8f2fcdcc387
2026-02-19,701683,USDC-WETH,1%,0x7bea39867e4169dbe237d55c8242a8f2fcdcc387
2026-02-20,706563,USDC-WETH,1%,0x7bea39867e4169dbe237d55c8242a8f2fcdcc387
2026-02-21,707529,USDC-WETH,1%,0x7bea39867e4169dbe237d55c8242a8f2fcdcc387
2026-02-22,704272,USDC-WETH,1%,0x7bea39867e4169dbe237d55c8242a8f2fcdcc387
2026-02-23,682849,USDC-WETH,1%,0x7bea39867e4169dbe237d55c8242a8f2fcdcc387
2026-02-24,682801,USDC-WETH,1%,0x7bea39867e4169dbe237d55c8242a8f2fcdcc387
2026-02-25,730525,USDC-WETH,1%,0x7bea39867e4169dbe237d55c8242a8f2fcdcc387
2026-02-26,721006,USDC-WETH,1%,0x7bea39867e4169dbe237d55c8242a8f2fcdcc387
2026-02-27,696884,USDC-WETH,1%,0x7bea39867e4169dbe237d55c8242a8f2fcdcc387
2026-02-28,708268,USDC-WETH,1%,0x7bea39867e4169dbe237d55c8242a8f2fcdcc387
2026-03-01,699042,USDC-WETH,1%,0x7bea39867e4169dbe237d55c8242a8f2fcdcc387
2026-03-02,726287,USDC-WETH,1%,0x7bea39867e4169dbe237d55c8242a8f2fcdcc387
2026-03-03,721372,USDC-WETH,1%,0x7bea39867e4169dbe237d55c8242a8f2fcdcc387
2026-03-04,743966,USDC-WETH,1%,0x7bea39867e4169dbe237d55c8242a8f2fcdcc387
2026-03-05,734186,USDC-WETH,1%,0x7bea39867e4169dbe237d55c8242a8f2fcdcc387
2026-03-06,714611,USDC-WETH,1%,0x7bea39867e4169dbe237d55c8242a8f2fcdcc387
2026-03-07,709721,USDC-WETH,1%,0x7bea39867e4169dbe237d55c8242a8f2fcdcc387
2026-03-08,704647,USDC-WETH,1%,0x7bea39867e4169dbe237d55c8242a8f2fcdcc387
2026-03-09,721624,USDC-WETH,1%,0x7bea39867e4169dbe237d55c8242a8f2fcdcc387
2026-03-10,728761,USDC-WETH,1%,0x7bea39867e4169dbe237d55c8242a8f2fcdcc387
2026-03-11,736021,USDC-WETH,1%,0x7bea39867e4169dbe237d55c8242a8f2fcdcc387
2026-03-12,737076,USDC-WETH,1%,0x7bea39867e4169dbe237d55c8242a8f2fcdcc387
2026-03-13,1108981,USDC-WETH,1%,0x7bea39867e4169dbe237d55c8242a8f2fcdcc387
2026-03-14,1110672,USDC-WETH,1%,0x7bea39867e4169dbe237d55c8242a8f2fcdcc387
2026-03-15,1150579,USDC-WETH,1%,0x7bea39867e4169dbe237d55c8242a8f2fcdcc387
2026-03-16,815919,USDC-WETH,1%,0x7bea39867e4169dbe237d55c8242a8f2fcdcc387
2026-03-17,807265,USDC-WETH,1%,0x7bea39867e4169dbe237d55c8242a8f2fcdcc387
2026-03-18,783529,USDC-WETH,1%,0x7bea39867e4169dbe237d55c8242a8f2fcdcc387
2026-03-19,769810,USDC-WETH,1%,0x7bea39867e4169dbe237d55c8242a8f2fcdcc387
2026-03-20,773521,USDC-WETH,1%,0x7bea39867e4169dbe237d55c8242a8f2fcdcc387
2026-03-21,772138,USDC-WETH,1%,0x7bea39867e4169dbe237d55c8242a8f2fcdcc387
2026-03-22,754030,USDC-WETH,1%,0x7bea39867e4169dbe237d55c8242a8f2fcdcc387
2026-03-23,766802,USDC-WETH,1%,0x7bea39867e4169dbe237d55c8242a8f2fcdcc387
2026-03-24,765403,USDC-WETH,1%,0x7bea39867e4169dbe237d55c8242a8f2fcdcc387
2026-03-25,771074,USDC-WETH,1%,0x7bea39867e4169dbe237d55c8242a8f2fcdcc387
2026-03-26,747393,USDC-WETH,1%,0x7bea39867e4169dbe237d55c8242a8f2fcdcc387
2026-03-27,731569,USDC-WETH,1%,0x7bea39867e4169dbe237d55c8242a8f2fcdcc387
2026-03-28,737133,USDC-WETH,1%,0x7bea39867e4169dbe237d55c8242a8f2fcdcc387
2026-03-29,833292,USDC-WETH,1%,0x7bea39867e4169dbe237d55c8242a8f2fcdcc387
2026-03-30,739599,USDC-WETH,1%,0x7bea39867e4169dbe237d55c8242a8f2fcdcc387
2026-03-31,754235,USDC-WETH,1%,0x7bea39867e4169dbe237d55c8242a8f2fcdcc387
2026-04-01,762429,USDC-WETH,1%,0x7bea39867e4169dbe237d55c8242a8f2fcdcc387
2026-04-02,746383,USDC-WETH,1%,0x7bea39867e4169dbe237d55c8242a8f2fcdcc387
2026-04-03,744561,USDC-WETH,1%,0x7bea39867e4169dbe237d55c8242a8f2fcdcc387
2026-04-04,745226,USDC-WETH,1%,0x7bea39867e4169dbe237d55c8242a8f2fcdcc387
2026-04-05,751195,USDC-WETH,1%,0x7bea39867e4169dbe237d55c8242a8f2fcdcc387
2026-04-06,757291,USDC-WETH,1%,0x7bea39867e4169dbe237d55c8242a8f2fcdcc387
2026-04-07,778140,USDC-WETH,1%,0x7bea39867e4169dbe237d55c8242a8f2fcdcc387
2026-04-08,774368,USDC-WETH,1%,0x7bea39867e4169dbe237d55c8242a8f2fcdcc387
2026-04-09,776080,USDC-WETH,1%,0x7bea39867e4169dbe237d55c8242a8f2fcdcc387
2026-04-10,783595,USDC-WETH,1%,0x7bea39867e4169dbe237d55c8242a8f2fcdcc387
2026-04-11,793522,USDC-WETH,1%,0x7bea39867e4169dbe237d55c8242a8f2fcdcc387
2026-04-12,773242,USDC-WETH,1%,0x7bea39867e4169dbe237d55c8242a8f2fcdcc387
2026-04-13,804148,USDC-WETH,1%,0x7bea39867e4169dbe237d55c8242a8f2fcdcc387
2026-04-14,797230,USDC-WETH,1%,0x7bea39867e4169dbe237d55c8242a8f2fcdcc387
2026-04-15,806482,USDC-WETH,1%,0x7bea39867e4169dbe237d55c8242a8f2fcdcc387
2026-04-16,802614,USDC-WETH,1%,0x7bea39867e4169dbe237d55c8242a8f2fcdcc387
2026-04-17,819465,USDC-WETH,1%,0x7bea39867e4169dbe237d55c8242a8f2fcdcc387
2026-04-18,805609,USDC-WETH,1%,0x7bea39867e4169dbe237d55c8242a8f2fcdcc387
2026-04-19,789769,USDC-WETH,1%,0x7bea39867e4169dbe237d55c8242a8f2fcdcc387
2026-04-20,798349,USDC-WETH,1%,0x7bea39867e4169dbe237d55c8242a8f2fcdcc387
2026-04-21,797115,USDC-WETH,1%,0x7bea39867e4169dbe237d55c8242a8f2fcdcc387
2026-04-22,816367,USDC-WETH,1%,0x7bea39867e4169dbe237d55c8242a8f2fcdcc387
2026-04-23,804139,USDC-WETH,1%,0x7bea39867e4169dbe237d55c8242a8f2fcdcc387
2026-04-24,800297,USDC-WETH,1%,0x7bea39867e4169dbe237d55c8242a8f2fcdcc387
2026-04-25,800179,USDC-WETH,1%,0x7bea39867e4169dbe237d55c8242a8f2fcdcc387
2026-04-26,809766,USDC-WETH,1%,0x7bea39867e4169dbe237d55c8242a8f2fcdcc387
2026-04-27,801806,USDC-WETH,1%,0x7bea39867e4169dbe237d55c8242a8f2fcdcc387
2026-04-28,799965,USDC-WETH,1%,0x7bea39867e4169dbe237d55c8242a8f2fcdcc387
2026-04-29,794597,USDC-WETH,1%,0x7bea39867e4169dbe237d55c8242a8f2fcdcc387
2026-04-30,793646,USDC-WETH,1%,0x7bea39867e4169dbe237d55c8242a8f2fcdcc387
2026-05-01,801619,USDC-WETH,1%,0x7bea39867e4169dbe237d55c8242a8f2fcdcc387
2026-05-02,800198,USDC-WETH,1%,0x7bea39867e4169dbe237d55c8242a8f2fcdcc387
2026-05-03,802534,USDC-WETH,1%,0x7bea39867e4169dbe237d55c8242a8f2fcdcc387
2026-05-04,808731,USDC-WETH,1%,0x7bea39867e4169dbe237d55c8242a8f2fcdcc387
2026-05-05,811876,USDC-WETH,1%,0x7bea39867e4169dbe237d55c8242a8f2fcdcc387
2026-05-06,807383,USDC-WETH,1%,0x7bea39867e4169dbe237d55c8242a8f2fcdcc387
2026-05-07,795889,USDC-WETH,1%,0x7bea39867e4169dbe237d55c8242a8f2fcdcc387
2026-05-08,796833,USDC-WETH,1%,0x7bea39867e4169dbe237d55c8242a8f2fcdcc387
2026-05-09,801552,USDC-WETH,1%,0x7bea39867e4169dbe237d55c8242a8f2fcdcc387
2026-05-10,809993,USDC-WETH,1%,0x7bea39867e4169dbe237d55c8242a8f2fcdcc387
2026-05-11,803706,USDC-WETH,1%,0x7bea39867e4169dbe237d55c8242a8f2fcdcc387
2026-05-12,792604,USDC-WETH,1%,0x7bea39867e4169dbe237d55c8242a8f2fcdcc387
2026-05-13,787666,USDC-WETH,1%,0x7bea39867e4169dbe237d55c8242a8f2fcdcc387
2026-05-14,795293,USDC-WETH,1%,0x7bea39867e4169dbe237d55c8242a8f2fcdcc387
2026-05-15,780903,USDC-WETH,1%,0x7bea39867e4169dbe237d55c8242a8f2fcdcc387
2026-05-16,772332,USDC-WETH,1%,0x7bea39867e4169dbe237d55c8242a8f2fcdcc387
2026-05-17,771293,USDC-WETH,1%,0x7bea39867e4169dbe237d55c8242a8f2fcdcc387
2026-05-18,762311,USDC-WETH,1%,0x7bea39867e4169dbe237d55c8242a8f2fcdcc387
2026-05-19,756839,USDC-WETH,1%,0x7bea39867e4169dbe237d55c8242a8f2fcdcc387
2026-05-20,760463,USDC-WETH,1%,0x7bea39867e4169dbe237d55c8242a8f2fcdcc387
2026-05-21,761824,USDC-WETH,1%,0x7bea39867e4169dbe237d55c8242a8f2fcdcc387
2026-05-22,759455,USDC-WETH,1%,0x7bea39867e4169dbe237d55c8242a8f2fcdcc387
2026-05-23,758921,USDC-WETH,1%,0x7bea39867e4169dbe237d55c8242a8f2fcdcc387
2026-05-24,753773,USDC-WETH,1%,0x7bea39867e4169dbe237d55c8242a8f2fcdcc387
2026-05-25,757306,USDC-WETH,1%,0x7bea39867e4169dbe237d55c8242a8f2fcdcc387
2026-05-26,749609,USDC-WETH,1%,0x7bea39867e4169dbe237d55c8242a8f2fcdcc387
2026-05-27,740341,USDC-WETH,1%,0x7bea39867e4169dbe237d55c8242a8f2fcdcc387
2026-05-28,735847,USDC-WETH,1%,0x7bea39867e4169dbe237d55c8242a8f2fcdcc387
2026-05-29,737409,USDC-WETH,1%,0x7bea39867e4169dbe237d55c8242a8f2fcdcc387
2026-05-30,739462,USDC-WETH,1%,0x7bea39867e4169dbe237d55c8242a8f2fcdcc387
2026-05-31,735989,USDC-WETH,1%,0x7bea39867e4169dbe237d55c8242a8f2fcdcc387
2026-06-01,736992,USDC-WETH,1%,0x7bea39867e4169dbe237d55c8242a8f2fcdcc387
2026-06-02,708052,USDC-WETH,1%,0x7bea39867e4169dbe237d55c8242a8f2fcdcc387
2026-06-03,697435,USDC-WETH,1%,0x7bea39867e4169dbe237d55c8242a8f2fcdcc387
2026-06-04,683925,USDC-WETH,1%,0x7bea39867e4169dbe237d55c8242a8f2fcdcc387
2026-06-05,642991,USDC-WETH,1%,0x7bea39867e4169dbe237d55c8242a8f2fcdcc387
2026-06-06,632784,USDC-WETH,1%,0x7bea39867e4169dbe237d55c8242a8f2fcdcc387
2026-06-07,662331,USDC-WETH,1%,0x7bea39867e4169dbe237d55c8242a8f2fcdcc387
2026-06-08,669078,USDC-WETH,1%,0x7bea39867e4169dbe237d55c8242a8f2fcdcc387
2026-06-09,653639,USDC-WETH,1%,0x7bea39867e4169dbe237d55c8242a8f2fcdcc387
2026-06-10,645709,USDC-WETH,1%,0x7bea39867e4169dbe237d55c8242a8f2fcdcc387
2026-06-11,663604,USDC-WETH,1%,0x7bea39867e4169dbe237d55c8242a8f2fcdcc387
2026-06-12,659876,USDC-WETH,1%,0x7bea39867e4169dbe237d55c8242a8f2fcdcc387
2026-06-13,664939,USDC-WETH,1%,0x7bea39867e4169dbe237d55c8242a8f2fcdcc387
2026-06-14,662113,USDC-WETH,1%,0x7bea39867e4169dbe237d55c8242a8f2fcdcc387
2026-06-15,691467,USDC-WETH,1%,0x7bea39867e4169dbe237d55c8242a8f2fcdcc387
2026-06-16,692872,USDC-WETH,1%,0x7bea39867e4169dbe237d55c8242a8f2fcdcc387
2026-06-17,680117,USDC-WETH,1%,0x7bea39867e4169dbe237d55c8242a8f2fcdcc387
2026-06-18,671571,USDC-WETH,1%,0x7bea39867e4169dbe237d55c8242a8f2fcdcc387
2026-06-19,671918,USDC-WETH,1%,0x7bea39867e4169dbe237d55c8242a8f2fcdcc387
2026-06-20,680825,USDC-WETH,1%,0x7bea39867e4169dbe237d55c8242a8f2fcdcc387
2026-06-21,674724,USDC-WETH,1%,0x7bea39867e4169dbe237d55c8242a8f2fcdcc387
2026-06-22,675732,USDC-WETH,1%,0x7bea39867e4169dbe237d55c8242a8f2fcdcc387
2026-06-23,661212,USDC-WETH,1%,0x7bea39867e4169dbe237d55c8242a8f2fcdcc387
2026-06-24,648916,USDC-WETH,1%,0x7bea39867e4169dbe237d55c8242a8f2fcdcc387
2026-06-25,637294,USDC-WETH,1%,0x7bea39867e4169dbe237d55c8242a8f2fcdcc387
2026-06-26,641139,USDC-WETH,1%,0x7bea39867e4169dbe237d55c8242a8f2fcdcc387
2026-06-27,640624,USDC-WETH,1%,0x7bea39867e4169dbe237d55c8242a8f2fcdcc387
2026-06-28,636863,USDC-WETH,1%,0x7bea39867e4169dbe237d55c8242a8f2fcdcc387
2026-06-29,651134,USDC-WETH,1%,0x7bea39867e4169dbe237d55c8242a8f2fcdcc387
2026-06-30,639060,USDC-WETH,1%,0x7bea39867e4169dbe237d55c8242a8f2fcdcc387
2026-07-01,653127,USDC-WETH,1%,0x7bea39867e4169dbe237d55c8242a8f2fcdcc387
2026-07-02,672871,USDC-WETH,1%,0x7bea39867e4169dbe237d55c8242a8f2fcdcc387
2026-07-03,687170,USDC-WETH,1%,0x7bea39867e4169dbe237d55c8242a8f2fcdcc387
2026-07-04,693748,USDC-WETH,1%,0x7bea39867e4169dbe237d55c8242a8f2fcdcc387
2026-07-05,694616,USDC-WETH,1%,0x7bea39867e4169dbe237d55c8242a8f2fcdcc387
2026-07-06,698856,USDC-WETH,1%,0x7bea39867e4169dbe237d55c8242a8f2fcdcc387
2026-07-07,691733,USDC-WETH,1%,0x7bea39867e4169dbe237d55c8242a8f2fcdcc387
2026-07-08,682914,USDC-WETH,1%,0x7bea39867e4169dbe237d55c8242a8f2fcdcc387
2026-07-09,685123,USDC-WETH,1%,0x7bea39867e4169dbe237d55c8242a8f2fcdcc387
2026-07-10,682203,USDC-WETH,1%,0x7bea39867e4169dbe237d55c8242a8f2fcdcc387
2026-07-11,686532,USDC-WETH,1%,0x7bea39867e4169dbe237d55c8242a8f2fcdcc387
2026-07-12,684418,USDC-WETH,1%,0x7bea39867e4169dbe237d55c8242a8f2fcdcc387
2026-07-13,673359,USDC-WETH,1%,0x7bea39867e4169dbe237d55c8242a8f2fcdcc387
2026-07-14,702783,USDC-WETH,1%,0x7bea39867e4169dbe237d55c8242a8f2fcdcc387
2026-07-15,709856,USDC-WETH,1%,0x7bea39867e4169dbe237d55c8242a8f2fcdcc387
2026-07-16,696573,USDC-WETH,1%,0x7bea39867e4169dbe237d55c8242a8f2fcdcc387
2026-07-17,690593,USDC-WETH,1%,0x7bea39867e4169dbe237d55c8242a8f2fcdcc387
2026-07-18,695741,USDC-WETH,1%,0x7bea39867e4169dbe237d55c8242a8f2fcdcc387
2026-07-19,696923,USDC-WETH,1%,0x7bea39867e4169dbe237d55c8242a8f2fcdcc387
2026-07-20,703148,USDC-WETH,1%,0x7bea39867e4169dbe237d55c8242a8f2fcdcc387
2026-07-21,708781,USDC-WETH,1%,0x7bea39867e4169dbe237d55c8242a8f2fcdcc387
2026-07-22,712427,USDC-WETH,1%,0x7bea39867e4169dbe237d55c8242a8f2fcdcc387
2026-07-23,700371,USDC-WETH,1%,0x7bea39867e4169dbe237d55c8242a8f2fcdcc387
2026-07-24,695710,USDC-WETH,1%,0x7bea39867e4169dbe237d55c8242a8f2fcdcc387
2026-07-25,698639,USDC-WETH,1%,0x7bea39867e4169dbe237d55c8242a8f2fcdcc387
2026-07-26,709874,USDC-WETH,1%,0x7bea39867e4169dbe237d55c8242a8f2fcdcc387
2026-07-27,703543,USDC-WETH,1%,0x7bea39867e4169dbe237d55c8242a8f2fcdcc387
2026-07-28,707173,USDC-WETH,1%,0x7bea39867e4169dbe237d55c8242a8f2fcdcc387
2026-07-29,705740,USDC-WETH,1%,0x7bea39867e4169dbe237d55c8242a8f2fcdcc387
2026-07-30,709441,USDC-WETH,1%,0x7bea39867e4169dbe237d55c8242a8f2fcdcc387
2026-07-31,696377,USDC-WETH,1%,0x7bea39867e4169dbe237d55c8242a8f2fcdcc387
2026-08-01,696035,USDC-WETH,1%,0x7bea39867e4169dbe237d55c8242a8f2fcdcc387
2026-08-02,701828,USDC-WETH,1%,0x7bea39867e4169dbe237d55c8242a8f2fcdcc387
2026-08-03,695637,USDC-WETH,1%,0x7bea39867e4169dbe237d55c8242a8f2fcdcc387
2026-08-04,699156,USDC-WETH,1%,0x7bea39867e4169dbe237d55c8242a8f2fcdcc387
2026-08-05,706117,USDC-WETH,1%,0x7bea39867e4169dbe237d55c8242a8f2fcdcc387
2026-08-06,705731,USDC-WETH,1%,0x7bea39867e4169dbe237d55c8242a8f2fcdcc387
2026-08-07,707782,USDC-WETH,1%,0x7bea39867e4169dbe237d55c8242a8f2fcdcc387
2026-08-08,708893,USDC-WETH,1%,0x7bea39867e4169dbe237d55c8242a8f2fcdcc387
2026-08-09,708958,USDC-WETH,1%,0x7bea39867e4169dbe237d55c8242a8f2fcdcc387
2026-08-10,699073,USDC-WETH,1%,0x7bea39867e4169dbe237d55c8242a8f2fcdcc387
2026-08-11,700632,USDC-WETH,1%,0x7bea39867e4169dbe237d55c8242a8f2fcdcc387
2026-08-12,699580,USDC-WETH,1%,0x7bea39867e4169dbe237d55c8242a8f2fcdcc387
2026-08-13,702349,USDC-WETH,1%,0x7bea39867e4169dbe237d55c8242a8f2fcdcc387
2026-08-14,700080,USDC-WETH,1%,0x7bea39867e4169dbe237d55c8242a8f2fcdcc387
2026-08-15,701279,USDC-WETH,1%,0x7bea39867e4169dbe237d55c8242a8f2fcdcc387
2026-08-16,699473,USDC-WETH,1%,0x7bea39867e4169dbe237d55c8242a8f2fcdcc387
2026-08-17,705885,USDC-WETH,1%,0x7bea39867e4169dbe237d55c8242a8f2fcdcc387
2026-08-18,707777,USDC-WETH,1%,0x7bea39867e4169dbe237d55c8242a8f2fcdcc387
2026-08-19,777791,USDC-WETH,1%,0x7bea39867e4169dbe237d55c8242a8f2fcdcc387
2026-08-20,790849,USDC-WETH,1%,0x7bea39867e4169dbe237d55c8242a8f2fcdcc387
2026-08-21,829263,USDC-WETH,1%,0x7bea39867e4169dbe237d55c8242a8f2fcdcc387
2026-08-22,809378,USDC-WETH,1%,0x7bea39867e4169dbe237d55c8242a8f2fcdcc387
2026-08-23,817835,USDC-WETH,1%,0x7bea39867e4169dbe237d55c8242a8f2fcdcc387
2026-08-24,821702,USDC-WETH,1%,0x7bea39867e4169dbe237d55c8242a8f2fcdcc387
2026-08-25,817612,USDC-WETH,1%,0x7bea39867e4169dbe237d55c8242a8f2fcdcc387
2026-08-26,825209,USDC-WETH,1%,0x7bea39867e4169dbe237d55c8242a8f2fcdcc387
2026-08-27,828839,USDC-WETH,1%,0x7bea39867e4169dbe237d55c8242a8f2fcdcc387
2026-08-28,815969,USDC-WETH,1%,0x7bea39867e4169dbe237d55c8242a8f2fcdcc387
2026-08-29,817811,USDC-WETH,1%,0x7bea39867e4169dbe237d55c8242a8f2fcdcc387
2026-08-30,821395,USDC-WETH,1%,0x7bea39867e4169dbe237d55c8242a8f2fcdcc387
2026-08-31,821368,USDC-WETH,1%,0x7bea39867e4169dbe237d55c8242a8f2fcdcc387
2026-09-01,810776,USDC-WETH,1%,0x7bea39867e4169dbe237d55c8242a8f2fcdcc387
2026-09-02,804448,USDC-WETH,1%,0x7bea39867e4169dbe237d55c8242a8f2fcdcc387
2026-09-03,826493,USDC-WETH,1%,0x7bea39867e4169dbe237d55c8242a8f2fcdcc387
2026-09-04,818485,USDC-WETH,1%,0x7bea39867e4169dbe237d55c8242a8f2fcdcc387
2026-09-05,822955,USDC-WETH,1%,0x7bea39867e4169dbe237d55c8242a8f2fcdcc387
2026-09-06,828567,USDC-WETH,1%,0x7bea39867e4169dbe237d55c8242a8f2fcdcc387
2026-09-07,824104,USDC-WETH,1%,0x7bea39867e4169dbe237d55c8242a8f2fcdcc387
2026-09-08,825340,USDC-WETH,1%,0x7bea39867e4169dbe237d55c8242a8f2fcdcc387
2026-09-09,818668,USDC-WETH,1%,0x7bea39867e4169dbe237d55c8242a8f2fcdcc387
2026-09-10,817997,USDC-WETH,1%,0x7bea39867e4169dbe237d55c8242a8f2fcdcc387
2026-09-11,829555,USDC-WETH,1%,0x7bea39867e4169dbe237d55c8242a8f2fcdcc387
2026-09-12,831750,USDC-WETH,1%,0x7bea39867e4169dbe237d55c8242a8f2fcdcc387
2026-09-13,823222,USDC-WETH,1%,0x7bea39867e4169dbe237d55c8242a8f2fcdcc387
2026-09-14,833692,USDC-WETH,1%,0x7bea39867e4169dbe237d55c8242a8f2fcdcc387
2026-09-15,809069,USDC-WETH,1%,0x7bea39867e4169dbe237d55c8242a8f2fcdcc387
2026-09-16,809382,USDC-WETH,1%,0x7bea39867e4169dbe237d55c8242a8f2fcdcc387
2023-07-20,902452,USDC-WETH,1%,0x7bea39867e4169dbe237d55c8242a8f2fcdcc387
2023-07-21,466056,USDC-WETH,1%,0x7bea39867e4169dbe237d55c8242a8f2fcdcc387
2023-07-22,467034,USDC-WETH,1%,0x7bea39867e4169dbe237d55c8242a8f2fcdcc387
2023-07-23,592095,USDC-WETH,1%,0x7bea39867e4169dbe237d55c8242a8f2fcdcc387
2023-07-24,395356,USDC-WETH,1%,0x7bea39867e4169dbe237d55c8242a8f2fcdcc387
2023-07-25,359783,USDC-WETH,1%,0x7bea39867e4169dbe237d55c8242a8f2fcdcc387
2023-07-26,296451,USDC-WETH,1%,0x7bea39867e4169dbe237d55c8242a8f2fcdcc387
2023-07-27,232653,USDC-WETH,1%,0x7bea39867e4169dbe237d55c8242a8f2fcdcc387
2023-07-28,189337,USDC-WETH,1%,0x7bea39867e4169dbe237d55c8242a8f2fcdcc387
2023-07-29,171182,USDC-WETH,1%,0x7bea39867e4169dbe237d55c8242a8f2fcdcc387
2023-07-30,188014,USDC-WETH,1%,0x7bea39867e4169dbe237d55c8242a8f2fcdcc387
2023-07-31,173886,USDC-WETH,1%,0x7bea39867e4169dbe237d55c8242a8f2fcdcc387
2023-08-01,140386,USDC-WETH,1%,0x7bea39867e4169dbe237d55c8242a8f2fcdcc387
2023-08-02,125577,USDC-WETH,1%,0x7bea39867e4169dbe237d55c8242a8f2fcdcc387
2023-08-03,125403,USDC-WETH,1%,0x7bea39867e4169dbe237d55c8242a8f2fcdcc387
2023-08-04,124963,USDC-WETH,1%,0x7bea39867e4169dbe237d55c8242a8f2fcdcc387
2023-08-05,124736,USDC-WETH,1%,0x7bea39867e4169dbe237d55c8242a8f2fcdcc387
2023-08-06,124011,USDC-WETH,1%,0x7bea39867e4169dbe237d55c8242a8f2fcdcc387
2023-08-07,116663,USDC-WETH,1%,0x7bea39867e4169dbe237d55c8242a8f2fcdcc387
2023-08-08,116102,USDC-WETH,1%,0x7bea39867e4169dbe237d55c8242a8f2fcdcc387
2023-08-09,115317,USDC-WETH,1%,0x7bea39867e4169dbe237d55c8242a8f2fcdcc387
2023-08-10,112943,USDC-WETH,1%,0x7bea39867e4169dbe237d55c8242a8f2fcdcc387
2023-08-11,112553,USDC-WETH,1%,0x7bea39867e4169dbe237d55c8242a8f2fcdcc387
2023-08-12,110548,USDC-WETH,1%,0x7bea39867e4169dbe237d55c8242a8f2fcdcc387
2023-08-13,126342,USDC-WETH,1%,0x7bea39867e4169dbe237d55c8242a8f2fcdcc387
2023-08-14,130191,USDC-WETH,1%,0x7bea39867e4169dbe237d55c8242a8f2fcdcc387
2023-08-15,144911,USDC-WETH,1%,0x7bea39867e4169dbe237d55c8242a8f2fcdcc387
2023-08-16,130586,USDC-WETH,1%,0x7bea39867e4169dbe237d55c8242a8f2fcdcc387
2023-08-17,115313,USDC-WETH,1%,0x7bea39867e4169dbe237d55c8242a8f2fcdcc387
2023-08-18,118366,USDC-WETH,1%,0x7bea39867e4169dbe237d55c8242a8f2fcdcc387
2023-08-19,115569,USDC-WETH,1%,0x7bea39867e4169dbe237d55c8242a8f2fcdcc387
2023-08-20,107353,USDC-WETH,1%,0x7bea39867e4169dbe237d55c8242a8f2fcdcc387
2023-08-21,105865,USDC-WETH,1%,0x7bea39867e4169dbe237d55c8242a8f2fcdcc387
2023-08-22,102696,USDC-WETH,1%,0x7bea39867e4169dbe237d55c8242a8f2fcdcc387
2023-08-23,106061,USDC-WETH,1%,0x7bea39867e4169dbe237d55c8242a8f2fcdcc387
2023-08-24,98591,USDC-WETH,1%,0x7bea39867e4169dbe237d55c8242a8f2fcdcc387
2023-08-25,97860,USDC-WETH,1%,0x7bea39867e4169dbe237d55c8242a8f2fcdcc387
2023-08-26,97549,USDC-WETH,1%,0x7bea39867e4169dbe237d55c8242a8f2fcdcc387
2023-08-27,98170,USDC-WETH,1%,0x7bea39867e4169dbe237d55c8242a8f2fcdcc387
2023-08-28,97639,USDC-WETH,1%,0x7bea39867e4169dbe237d55c8242a8f2fcdcc387
2023-08-29,100654,USDC-WETH,1%,0x7bea39867e4169dbe237d55c8242a8f2fcdcc387
2023-08-30,98959,USDC-WETH,1%,0x7bea39867e4169dbe237d55c8242a8f2fcdcc387
2023-08-31,96021,USDC-WETH,1%,0x7bea39867e4169dbe237d55c8242a8f2fcdcc387
2023-09-01,95585,USDC-WETH,1%,0x7bea39867e4169dbe237d55c8242a8f2fcdcc387
2023-09-04,94014,USDC-WETH,1%,0x7bea39867e4169dbe237d55c8242a8f2fcdcc387
2023-09-05,94159,USDC-WETH,1%,0x7bea39867e4169dbe237d55c8242a8f2fcdcc387
2023-09-06,93965,USDC-WETH,1%,0x7bea39867e4169dbe237d55c8242a8f2fcdcc387
2023-09-07,88686,USDC-WETH,1%,0x7bea39867e4169dbe237d55c8242a8f2fcdcc387
2023-09-08,79892,USDC-WETH,1%,0x7bea39867e4169dbe237d55c8242a8f2fcdcc387
2023-09-09,80115,USDC-WETH,1%,0x7bea39867e4169dbe237d55c8242a8f2fcdcc387
2023-09-10,79234,USDC-WETH,1%,0x7bea39867e4169dbe237d55c8242a8f2fcdcc387
2023-09-11,75729,USDC-WETH,1%,0x7bea39867e4169dbe237d55c8242a8f2fcdcc387
2023-09-12,77961,USDC-WETH,1%,0x7bea39867e4169dbe237d55c8242a8f2fcdcc387
2023-09-13,78547,USDC-WETH,1%,0x7bea39867e4169dbe237d55c8242a8f2fcdcc387
2023-09-14,79674,USDC-WETH,1%,0x7bea39867e4169dbe237d55c8242a8f2fcdcc387
2023-09-15,76573,USDC-WETH,1%,0x7bea39867e4169dbe237d55c8242a8f2fcdcc387
2023-09-16,75607,USDC-WETH,1%,0x7bea39867e4169dbe237d55c8242a8f2fcdcc387
2023-09-17,74839,USDC-WETH,1%,0x7bea39867e4169dbe237d55c8242a8f2fcdcc387
2023-09-18,75900,USDC-WETH,1%,0x7bea39867e4169dbe237d55c8242a8f2fcdcc387
2023-09-19,75885,USDC-WETH,1%,0x7bea39867e4169dbe237d55c8242a8f2fcdcc387
2023-09-20,75006,USDC-WETH,1%,0x7bea39867e4169dbe237d55c8242a8f2fcdcc387
2023-09-21,73295,USDC-WETH,1%,0x7bea39867e4169dbe237d55c8242a8f2fcdcc387
2023-09-22,73474,USDC-WETH,1%,0x7bea39867e4169dbe237d55c8242a8f2fcdcc387
2023-09-23,73348,USDC-WETH,1%,0x7bea39867e4169dbe237d55c8242a8f2fcdcc387
2023-09-24,73174,USDC-WETH,1%,0x7bea39867e4169dbe237d55c8242a8f2fcdcc387
2023-09-25,70930,USDC-WETH,1%,0x7bea39867e4169dbe237d55c8242a8f2fcdcc387
2023-09-26,67839,USDC-WETH,1%,0x7bea39867e4169dbe237d55c8242a8f2fcdcc387
2023-09-27,68173,USDC-WETH,1%,0x7bea39867e4169dbe237d55c8242a8f2fcdcc387
2023-09-28,70138,USDC-WETH,1%,0x7bea39867e4169dbe237d55c8242a8f2fcdcc387
2023-09-29,70838,USDC-WETH,1%,0x7bea39867e4169dbe237d55c8242a8f2fcdcc387
2023-09-30,71209,USDC-WETH,1%,0x7bea39867e4169dbe237d55c8242a8f2fcdcc387
2023-10-01,73612,USDC-WETH,1%,0x7bea39867e4169dbe237d55c8242a8f2fcdcc387
2023-10-02,70912,USDC-WETH,1%,0x7bea39867e4169dbe237d55c8242a8f2fcdcc387
2023-10-03,70207,USDC-WETH,1%,0x7bea39867e4169dbe237d55c8242a8f2fcdcc387
2023-10-04,65317,USDC-WETH,1%,0x7bea39867e4169dbe237d55c8242a8f2fcdcc387
2023-10-05,64113,USDC-WETH,1%,0x7bea39867e4169dbe237d55c8242a8f2fcdcc387
2023-10-06,65230,USDC-WETH,1%,0x7bea39867e4169dbe237d55c8242a8f2fcdcc387
2023-10-07,64850,USDC-WETH,1%,0x7bea39867e4169dbe237d55c8242a8f2fcdcc387
2023-10-08,64046,USDC-WETH,1%,0x7bea39867e4169dbe237d55c8242a8f2fcdcc387
2023-10-09,61883,USDC-WETH,1%,0x7bea39867e4169dbe237d55c8242a8f2fcdcc387
2023-10-10,61466,USDC-WETH,1%,0x7bea39867e4169dbe237d55c8242a8f2fcdcc387
2023-10-11,61436,USDC-WETH,1%,0x7bea39867e4169dbe237d55c8242a8f2fcdcc387
2023-10-12,59969,USDC-WETH,1%,0x7bea39867e4169dbe237d55c8242a8f2fcdcc387
2023-10-13,60129,USDC-WETH,1%,0x7bea39867e4169dbe237d55c8242a8f2fcdcc387
2023-10-14,60643,USDC-WETH,1%,0x7bea39867e4169dbe237d55c8242a8f2fcdcc387
2023-10-15,60639,USDC-WETH,1%,0x7bea39867e4169dbe237d55c8242a8f2fcdcc387
2023-10-16,62071,USDC-WETH,1%,0x7bea39867e4169dbe237d55c8242a8f2fcdcc387
2023-10-17,60624,USDC-WETH,1%,0x7bea39867e4169dbe237d55c8242a8f2fcdcc387
2023-10-18,60660,USDC-WETH,1%,0x7bea39867e4169dbe237d55c8242a8f2fcdcc387
2023-10-19,60648,USDC-WETH,1%,0x7bea39867e4169dbe237d55c8242a8f2fcdcc387
2023-10-20,62302,USDC-WETH,1%,0x7bea39867e4169dbe237d55c8242a8f2fcdcc387
2023-10-21,63168,USDC-WETH,1%,0x7bea39867e4169dbe237d55c8242a8f2fcdcc387
2023-10-22,63687,USDC-WETH,1%,0x7bea39867e4169dbe237d55c8242a8f2fcdcc387
2023-10-23,67732,USDC-WETH,1%,0x7bea39867e4169dbe237d55c8242a8f2fcdcc387
2023-10-24,68673,USDC-WETH,1%,0x7bea39867e4169dbe237d55c8242a8f2fcdcc387
2023-10-25,68836,USDC-WETH,1%,0x7bea39867e4169dbe237d55c8242a8f2fcdcc387
2023-10-26,69044,USDC-WETH,1%,0x7bea39867e4169dbe237d55c8242a8f2fcdcc387
2023-10-27,67603,USDC-WETH,1%,0x7bea39867e4169dbe237d55c8242a8f2fcdcc387
2023-10-28,67649,USDC-WETH,1%,0x7bea39867e4169dbe237d55c8242a8f2fcdcc387
2023-10-29,68718,USDC-WETH,1%,0x7bea39867e4169dbe237d55c8242a8f2fcdcc387
2023-10-30,68835,USDC-WETH,1%,0x7bea39867e4169dbe237d55c8242a8f2fcdcc387
2023-10-31,68794,USDC-WETH,1%,0x7bea39867e4169dbe237d55c8242a8f2fcdcc387
2023-11-01,70056,USDC-WETH,1%,0x7bea39867e4169dbe237d55c8242a8f2fcdcc387
2023-11-02,68602,USDC-WETH,1%,0x7bea39867e4169dbe237d55c8242a8f2fcdcc387
2023-11-03,69577,USDC-WETH,1%,0x7bea39867e4169dbe237d55c8242a8f2fcdcc387
2023-11-04,70551,USDC-WETH,1%,0x7bea39867e4169dbe237d55c8242a8f2fcdcc387
2023-11-05,71631,USDC-WETH,1%,0x7bea39867e4169dbe237d55c8242a8f2fcdcc387
2023-11-06,72177,USDC-WETH,1%,0x7bea39867e4169dbe237d55c8242a8f2fcdcc387
2023-11-07,70700,USDC-WETH,1%,0x7bea39867e4169dbe237d55c8242a8f2fcdcc387
2023-11-08,71212,USDC-WETH,1%,0x7bea39867e4169dbe237d55c8242a8f2fcdcc387
2023-11-09,78793,USDC-WETH,1%,0x7bea39867e4169dbe237d55c8242a8f2fcdcc387
2023-11-10,78361,USDC-WETH,1%,0x7bea39867e4169dbe237d55c8242a8f2fcdcc387
2023-11-11,76874,USDC-WETH,1%,0x7bea39867e4169dbe237d55c8242a8f2fcdcc387
2023-11-12,77102,USDC-WETH,1%,0x7bea39867e4169dbe237d55c8242a8f2fcdcc387
2023-11-13,77430,USDC-WETH,1%,0x7bea39867e4169dbe237d55c8242a8f2fcdcc387
2023-11-14,74412,USDC-WETH,1%,0x7bea39867e4169dbe237d55c8242a8f2fcdcc387
2023-11-15,75563,USDC-WETH,1%,0x7bea39867e4169dbe237d55c8242a8f2fcdcc387
2023-11-16,72426,USDC-WETH,1%,0x7bea39867e4169dbe237d55c8242a8f2fcdcc387
2023-11-17,71903,USDC-WETH,1%,0x7bea39867e4169dbe237d55c8242a8f2fcdcc387
2023-11-18,71397,USDC-WETH,1%,0x7bea39867e4169dbe237d55c8242a8f2fcdcc387
2023-11-19,72335,USDC-WETH,1%,0x7bea39867e4169dbe237d55c8242a8f2fcdcc387
2023-11-20,72756,USDC-WETH,1%,0x7bea39867e4169dbe237d55c8242a8f2fcdcc387
2023-11-21,70060,USDC-WETH,1%,0x7bea39867e4169dbe237d55c8242a8f2fcdcc387
2023-11-22,74561,USDC-WETH,1%,0x7bea39867e4169dbe237d55c8242a8f2fcdcc387
2023-11-23,74467,USDC-WETH,1%,0x7bea39867e4169dbe237d55c8242a8f2fcdcc387
2023-11-24,69480,USDC-WETH,1%,0x7bea39867e4169dbe237d55c8242a8f2fcdcc387
2023-11-25,69714,USDC-WETH,1%,0x7bea39867e4169dbe237d55c8242a8f2fcdcc387
2023-11-26,69475,USDC-WETH,1%,0x7bea39867e4169dbe237d55c8242a8f2fcdcc387
2023-11-27,67550,USDC-WETH,1%,0x7bea39867e4169dbe237d55c8242a8f2fcdcc387
2023-11-28,69164,USDC-WETH,1%,0x7bea39867e4169dbe237d55c8242a8f2fcdcc387
2023-11-29,68237,USDC-WETH,1%,0x7bea39867e4169dbe237d55c8242a8f2fcdcc387
2023-11-30,68660,USDC-WETH,1%,0x7bea39867e4169dbe237d55c8242a8f2fcdcc387
2023-12-01,70575,USDC-WETH,1%,0x7bea39867e4169dbe237d55c8242a8f2fcdcc387
2023-12-02,73048,USDC-WETH,1%,0x7bea39867e4169dbe237d55c8242a8f2fcdcc387
2023-12-03,74598,USDC-WETH,1%,0x7bea39867e4169dbe237d55c8242a8f2fcdcc387
2023-12-04,75368,USDC-WETH,1%,0x7bea39867e4169dbe237d55c8242a8f2fcdcc387
2023-12-05,76535,USDC-WETH,1%,0x7bea39867e4169dbe237d55c8242a8f2fcdcc387
2023-12-06,76429,USDC-WETH,1%,0x7bea39867e4169dbe237d55c8242a8f2fcdcc387
2023-12-07,79617,USDC-WETH,1%,0x7bea39867e4169dbe237d55c8242a8f2fcdcc387
2023-12-08,77900,USDC-WETH,1%,0x7bea39867e4169dbe237d55c8242a8f2fcdcc387
2023-12-09,77861,USDC-WETH,1%,0x7bea39867e4169dbe237d55c8242a8f2fcdcc387
2023-12-10,77991,USDC-WETH,1%,0x7bea39867e4169dbe237d55c8242a8f2fcdcc387
2023-12-11,73595,USDC-WETH,1%,0x7bea39867e4169dbe237d55c8242a8f2fcdcc387
2023-12-12,72035,USDC-WETH,1%,0x7bea39867e4169dbe237d55c8242a8f2fcdcc387
2023-12-13,74425,USDC-WETH,1%,0x7bea39867e4169dbe237d55c8242a8f2fcdcc387
2023-12-14,75623,USDC-WETH,1%,0x7bea39867e4169dbe237d55c8242a8f2fcdcc387
2023-12-15,74033,USDC-WETH,1%,0x7bea39867e4169dbe237d55c8242a8f2fcdcc387
2023-12-16,74061,USDC-WETH,1%,0x7bea39867e4169dbe237d55c8242a8f2fcdcc387
2023-12-17,73000,USDC-WETH,1%,0x7bea39867e4169dbe237d55c8242a8f2fcdcc387
2023-12-18,73149,USDC-WETH,1%,0x7bea39867e4169dbe237d55c8242a8f2fcdcc387
2023-12-19,72133,USDC-WETH,1%,0x7bea39867e4169dbe237d55c8242a8f2fcdcc387
2023-12-20,71988,USDC-WETH,1%,0x7bea39867e4169dbe237d55c8242a8f2fcdcc387
2023-12-21,73541,USDC-WETH,1%,0x7bea39867e4169dbe237d55c8242a8f2fcdcc387
2023-12-22,76235,USDC-WETH,1%,0x7bea39867e4169dbe237d55c8242a8f2fcdcc387
2023-12-23,75575,USDC-WETH,1%,0x7bea39867e4169dbe237d55c8242a8f2fcdcc387
2023-12-24,74737,USDC-WETH,1%,0x7bea39867e4169dbe237d55c8242a8f2fcdcc387
2023-12-25,74871,USDC-WETH,1%,0x7bea39867e4169dbe237d55c8242a8f2fcdcc387
2023-12-26,73292,USDC-WETH,1%,0x7bea39867e4169dbe237d55c8242a8f2fcdcc387
2023-12-27,77568,USDC-WETH,1%,0x7bea39867e4169dbe237d55c8242a8f2fcdcc387
2023-12-28,77434,USDC-WETH,1%,0x7bea39867e4169dbe237d55c8242a8f2fcdcc387
2023-12-29,74837,USDC-WETH,1%,0x7bea39867e4169dbe237d55c8242a8f2fcdcc387
2023-12-30,75360,USDC-WETH,1%,0x7bea39867e4169dbe237d55c8242a8f2fcdcc387
2023-12-31,74562,USDC-WETH,1%,0x7bea39867e4169dbe237d55c8242a8f2fcdcc387
2024-01-01,76873,USDC-WETH,1%,0x7bea39867e4169dbe237d55c8242a8f2fcdcc387
2024-01-02,77314,USDC-WETH,1%,0x7bea39867e4169dbe237d55c8242a8f2fcdcc387
2024-01-03,72700,USDC-WETH,1%,0x7bea39867e4169dbe237d55c8242a8f2fcdcc387
2024-01-04,74939,USDC-WETH,1%,0x7bea39867e4169dbe237d55c8242a8f2fcdcc387
2024-01-05,73806,USDC-WETH,1%,0x7bea39867e4169dbe237d55c8242a8f2fcdcc387
2024-01-06,73629,USDC-WETH,1%,0x7bea39867e4169dbe237d55c8242a8f2fcdcc387
2024-01-07,72973,USDC-WETH,1%,0x7bea39867e4169dbe237d55c8242a8f2fcdcc387
2024-01-08,76633,USDC-WETH,1%,0x7bea39867e4169dbe237d55c8242a8f2fcdcc387
2024-01-09,77121,USDC-WETH,1%,0x7bea39867e4169dbe237d55c8242a8f2fcdcc387
2024-01-10,83691,USDC-WETH,1%,0x7bea39867e4169dbe237d55c8242a8f2fcdcc387
2024-01-11,85462,USDC-WETH,1%,0x7bea39867e4169dbe237d55c8242a8f2fcdcc387
2024-01-12,82268,USDC-WETH,1%,0x7bea39867e4169dbe237d55c8242a8f2fcdcc387
2024-01-13,84524,USDC-WETH,1%,0x7bea39867e4169dbe237d55c8242a8f2fcdcc387
2024-01-14,82755,USDC-WETH,1%,0x7bea39867e4169dbe237d55c8242a8f2fcdcc387
2024-01-15,83270,USDC-WETH,1%,0x7bea39867e4169dbe237d55c8242a8f2fcdcc387
2024-01-16,85455,USDC-WETH,1%,0x7bea39867e4169dbe237d55c8242a8f2fcdcc387
2024-01-17,82776,USDC-WETH,1%,0x7bea39867e4169dbe237d55c8242a8f2fcdcc387
2024-01-18,80577,USDC-WETH,1%,0x7bea39867e4169dbe237d55c8242a8f2fcdcc387
2024-01-19,81694,USDC-WETH,1%,0x7bea39867e4169dbe237d55c8242a8f2fcdcc387
2024-01-20,81130,USDC-WETH,1%,0x7bea39867e4169dbe237d55c8242a8f2fcdcc387
2024-01-21,81361,USDC-WETH,1%,0x7bea39867e4169dbe237d55c8242a8f2fcdcc387
2024-01-22,78028,USDC-WETH,1%,0x7bea39867e4169dbe237d55c8242a8f2fcdcc387
2024-01-23,73006,USDC-WETH,1%,0x7bea39867e4169dbe237d55c8242a8f2fcdcc387
2024-01-24,72858,USDC-WETH,1%,0x7bea39867e4169dbe237d55c8242a8f2fcdcc387
2024-01-25,71145,USDC-WETH,1%,0x7bea39867e4169dbe237d55c8242a8f2fcdcc387
2024-01-26,72708,USDC-WETH,1%,0x7bea39867e4169dbe237d55c8242a8f2fcdcc387
2024-01-27,72938,USDC-WETH,1%,0x7bea39867e4169dbe237d55c8242a8f2fcdcc387
2024-01-28,72024,USDC-WETH,1%,0x7bea39867e4169dbe237d55c8242a8f2fcdcc387
2024-01-29,73521,USDC-WETH,1%,0x7bea39867e4169dbe237d55c8242a8f2fcdcc387
2024-01-30,75514,USDC-WETH,1%,0x7bea39867e4169dbe237d55c8242a8f2fcdcc387
2024-01-31,72201,USDC-WETH,1%,0x7bea39867e4169dbe237d55c8242a8f2fcdcc387
2024-02-01,73051,USDC-WETH,1%,0x7bea39867e4169dbe237d55c8242a8f2fcdcc387
2024-02-02,73280,USDC-WETH,1%,0x7bea39867e4169dbe237d55c8242a8f2fcdcc387
2024-02-03,73044,USDC-WETH,1%,0x7bea39867e4169dbe237d55c8242a8f2fcdcc387
2024-02-04,72521,USDC-WETH,1%,0x7bea39867e4169dbe237d55c8242a8f2fcdcc387
2024-02-05,72925,USDC-WETH,1%,0x7bea39867e4169dbe237d55c8242a8f2fcdcc387
2024-02-06,75678,USDC-WETH,1%,0x7bea39867e4169dbe237d55c8242a8f2fcdcc387
2024-02-07,77008,USDC-WETH,1%,0x7bea39867e4169dbe237d55c8242a8f2fcdcc387
2024-02-08,77194,USDC-WETH,1%,0x7bea39867e4169dbe237d55c8242a8f2fcdcc387
2024-02-09,79386,USDC-WETH,1%,0x7bea39867e4169dbe237d55c8242a8f2fcdcc387
2024-02-10,79675,USDC-WETH,1%,0x7bea39867e4169dbe237d55c8242a8f2fcdcc387
2024-02-11,79274,USDC-WETH,1%,0x7bea39867e4169dbe237d55c8242a8f2fcdcc387
2024-02-12,84400,USDC-WETH,1%,0x7bea39867e4169dbe237d55c8242a8f2fcdcc387
2024-02-13,83749,USDC-WETH,1%,0x7bea39867e4169dbe237d55c8242a8f2fcdcc387
2024-02-14,87917,USDC-WETH,1%,0x7bea39867e4169dbe237d55c8242a8f2fcdcc387
2024-02-15,89429,USDC-WETH,1%,0x7bea39867e4169dbe237d55c8242a8f2fcdcc387
2024-02-16,88496,USDC-WETH,1%,0x7bea39867e4169dbe237d55c8242a8f2fcdcc387
2024-02-17,88731,USDC-WETH,1%,0x7bea39867e4169dbe237d55c8242a8f2fcdcc387
2024-02-18,91508,USDC-WETH,1%,0x7bea39867e4169dbe237d55c8242a8f2fcdcc387
2024-02-19,94445,USDC-WETH,1%,0x7bea39867e4169dbe237d55c8242a8f2fcdcc387
2024-02-20,95316,USDC-WETH,1%,0x7bea39867e4169dbe237d55c8242a8f2fcdcc387
2024-02-21,92615,USDC-WETH,1%,0x7bea39867e4169dbe237d55c8242a8f2fcdcc387
2024-02-22,94891,USDC-WETH,1%,0x7bea39867e4169dbe237d55c8242a8f2fcdcc387
2024-02-23,93584,USDC-WETH,1%,0x7bea39867e4169dbe237d55c8242a8f2fcdcc387
2024-02-24,95209,USDC-WETH,1%,0x7bea39867e4169dbe237d55c8242a8f2fcdcc387
2024-02-25,98708,USDC-WETH,1%,0x7bea39867e4169dbe237d55c8242a8f2fcdcc387
2024-02-26,101068,USDC-WETH,1%,0x7bea39867e4169dbe237d55c8242a8f2fcdcc387
2024-02-27,102613,USDC-WETH,1%,0x7bea39867e4169dbe237d55c8242a8f2fcdcc387
2024-02-28,106136,USDC-WETH,1%,0x7bea39867e4169dbe237d55c8242a8f2fcdcc387
2024-02-29,106664,USDC-WETH,1%,0x7bea39867e4169dbe237d55c8242a8f2fcdcc387
2024-03-01,108909,USDC-WETH,1%,0x7bea39867e4169dbe237d55c8242a8f2fcdcc387
2024-03-02,108205,USDC-WETH,1%,0x7bea39867e4169dbe237d55c8242a8f2fcdcc387
2024-03-03,110437,USDC-WETH,1%,0x7bea39867e4169dbe237d55c8242a8f2fcdcc387
2024-03-04,114040,USDC-WETH,1%,0x7bea39867e4169dbe237d55c8242a8f2fcdcc387
2024-03-05,110916,USDC-WETH,1%,0x7bea39867e4169dbe237d55c8242a8f2fcdcc387
2024-03-06,122460,USDC-WETH,1%,0x7bea39867e4169dbe237d55c8242a8f2fcdcc387
2024-03-07,124005,USDC-WETH,1%,0x7bea39867e4169dbe237d55c8242a8f2fcdcc387
2024-03-08,123904,USDC-WETH,1%,0x7bea39867e4169dbe237d55c8242a8f2fcdcc387
2024-03-09,124354,USDC-WETH,1%,0x7bea39867e4169dbe237d55c8242a8f2fcdcc387
2024-03-10,121395,USDC-WETH,1%,0x7bea39867e4169dbe237d55c8242a8f2fcdcc387
2024-03-11,129173,USDC-WETH,1%,0x7bea39867e4169dbe237d55c8242a8f2fcdcc387
2024-03-12,125666,USDC-WETH,1%,0x7bea39867e4169dbe237d55c8242a8f2fcdcc387
2024-03-13,126896,USDC-WETH,1%,0x7bea39867e4169dbe237d55c8242a8f2fcdcc387
2024-03-14,123197,USDC-WETH,1%,0x7bea39867e4169dbe237d55c8242a8f2fcdcc387
2024-03-15,118560,USDC-WETH,1%,0x7bea39867e4169dbe237d55c8242a8f2fcdcc387
2024-03-16,113066,USDC-WETH,1%,0x7bea39867e4169dbe237d55c8242a8f2fcdcc387
2024-03-17,115922,USDC-WETH,1%,0x7bea39867e4169dbe237d55c8242a8f2fcdcc387
2024-03-18,112045,USDC-WETH,1%,0x7bea39867e4169dbe237d55c8242a8f2fcdcc387
2024-03-19,101942,USDC-WETH,1%,0x7bea39867e4169dbe237d55c8242a8f2fcdcc387
2024-03-20,99647,USDC-WETH,1%,0x7bea39867e4169dbe237d55c8242a8f2fcdcc387
2024-03-22,102613,USDC-WETH,1%,0x7bea39867e4169dbe237d55c8242a8f2fcdcc387
2024-03-23,105635,USDC-WETH,1%,0x7bea39867e4169dbe237d55c8242a8f2fcdcc387
2024-03-24,107436,USDC-WETH,1%,0x7bea39867e4169dbe237d55c8242a8f2fcdcc387
2024-03-25,112685,USDC-WETH,1%,0x7bea39867e4169dbe237d55c8242a8f2fcdcc387
2024-03-26,112317,USDC-WETH,1%,0x7bea39867e4169dbe237d55c8242a8f2fcdcc387
2024-03-27,109692,USDC-WETH,1%,0x7bea39867e4169dbe237d55c8242a8f2fcdcc387
2024-03-28,111276,USDC-WETH,1%,0x7bea39867e4169dbe237d55c8242a8f2fcdcc387
2024-03-29,109809,USDC-WETH,1%,0x7bea39867e4169dbe237d55c8242a8f2fcdcc387
2024-03-30,109430,USDC-WETH,1%,0x7bea39867e4169dbe237d55c8242a8f2fcdcc387
2024-03-31,113354,USDC-WETH,1%,0x7bea39867e4169dbe237d55c8242a8f2fcdcc387
2024-04-01,109415,USDC-WETH,1%,0x7bea39867e4169dbe237d55c8242a8f2fcdcc387
2024-04-02,102820,USDC-WETH,1%,0x7bea39867e4169dbe237d55c8242a8f2fcdcc387
2024-04-03,103517,USDC-WETH,1%,0x7bea39867e4169dbe237d55c8242a8f2fcdcc387
2024-04-04,103720,USDC-WETH,1%,0x7bea39867e4169dbe237d55c8242a8f2fcdcc387
2024-04-05,103514,USDC-WETH,1%,0x7bea39867e4169dbe237d55c8242a8f2fcdcc387
2024-04-06,105408,USDC-WETH,1%,0x7bea39867e4169dbe237d55c8242a8f2fcdcc387
2024-04-07,105324,USDC-WETH,1%,0x7bea39867e4169dbe237d55c8242a8f2fcdcc387
2024-04-08,114292,USDC-WETH,1%,0x7bea39867e4169dbe237d55c8242a8f2fcdcc387
2024-04-09,107998,USDC-WETH,1%,0x7bea39867e4169dbe237d55c8242a8f2fcdcc387
2024-04-10,107985,USDC-WETH,1%,0x7bea39867e4169dbe237d55c8242a8f2fcdcc387
2024-04-11,107959,USDC-WETH,1%,0x7bea39867e4169dbe237d55c8242a8f2fcdcc387
2024-04-12,99156,USDC-WETH,1%,0x7bea39867e4169dbe237d55c8242a8f2fcdcc387
2024-04-13,92808,USDC-WETH,1%,0x7bea39867e4169dbe237d55c8242a8f2fcdcc387
2024-04-14,97426,USDC-WETH,1%,0x7bea39867e4169dbe237d55c8242a8f2fcdcc387
2024-04-15,95960,USDC-WETH,1%,0x7bea39867e4169dbe237d55c8242a8f2fcdcc387
2024-04-16,95222,USDC-WETH,1%,0x7bea39867e4169dbe237d55c8242a8f2fcdcc387
2024-04-17,92519,USDC-WETH,1%,0x7bea39867e4169dbe237d55c8242a8f2fcdcc387
2024-04-18,94503,USDC-WETH,1%,0x7bea39867e4169dbe237d55c8242a8f2fcdcc387
2024-04-19,94737,USDC-WETH,1%,0x7bea39867e4169dbe237d55c8242a8f2fcdcc387
2024-04-20,96920,USDC-WETH,1%,0x7bea39867e4169dbe237d55c8242a8f2fcdcc387
2024-04-21,97187,USDC-WETH,1%,0x7bea39867e4169dbe237d55c8242a8f2fcdcc387
2024-04-22,98804,USDC-WETH,1%,0x7bea39867e4169dbe237d55c8242a8f2fcdcc387
2024-04-23,98922,USDC-WETH,1%,0x7bea39867e4169dbe237d55c8242a8f2fcdcc387
2024-04-24,96355,USDC-WETH,1%,0x7bea39867e4169dbe237d55c8242a8f2fcdcc387
2024-04-25,97254,USDC-WETH,1%,0x7bea39867e4169dbe237d55c8242a8f2fcdcc387
2024-04-26,96247,USDC-WETH,1%,0x7bea39867e4169dbe237d55c8242a8f2fcdcc387
2024-04-29,98855,USDC-WETH,1%,0x7bea39867e4169dbe237d55c8242a8f2fcdcc387
2024-04-30,92458,USDC-WETH,1%,0x7bea39867e4169dbe237d55c8242a8f2fcdcc387
2024-05-01,91126,USDC-WETH,1%,0x7bea39867e4169dbe237d55c8242a8f2fcdcc387
2024-05-02,92175,USDC-WETH,1%,0x7bea39867e4169dbe237d55c8242a8f2fcdcc387
2024-05-03,95620,USDC-WETH,1%,0x7bea39867e4169dbe237d55c8242a8f2fcdcc387
2024-05-04,95681,USDC-WETH,1%,0x7bea39867e4169dbe237d55c8242a8f2fcdcc387
2024-05-05,96323,USDC-WETH,1%,0x7bea39867e4169dbe237d55c8242a8f2fcdcc387
2024-05-06,94792,USDC-WETH,1%,0x7bea39867e4169dbe237d55c8242a8f2fcdcc387
2024-05-07,93616,USDC-WETH,1%,0x7bea39867e4169dbe237d55c8242a8f2fcdcc387
2024-05-08,91103,USDC-WETH,1%,0x7bea39867e4169dbe237d55c8242a8f2fcdcc387
2024-05-09,93907,USDC-WETH,1%,0x7bea39867e4169dbe237d55c8242a8f2fcdcc387
2024-05-10,89312,USDC-WETH,1%,0x7bea39867e4169dbe237d55c8242a8f2fcdcc387
2024-05-11,89692,USDC-WETH,1%,0x7bea39867e4169dbe237d55c8242a8f2fcdcc387
2024-05-12,90156,USDC-WETH,1%,0x7bea39867e4169dbe237d55c8242a8f2fcdcc387
2024-05-13,90506,USDC-WETH,1%,0x7bea39867e4169dbe237d55c8242a8f2fcdcc387
2024-05-14,88848,USDC-WETH,1%,0x7bea39867e4169dbe237d55c8242a8f2fcdcc387
2024-05-15,92842,USDC-WETH,1%,0x7bea39867e4169dbe237d55c8242a8f2fcdcc387
2024-05-16,90368,USDC-WETH,1%,0x7bea39867e4169dbe237d55c8242a8f2fcdcc387
2024-05-17,95114,USDC-WETH,1%,0x7bea39867e4169dbe237d55c8242a8f2fcdcc387
2024-05-18,95993,USDC-WETH,1%,0x7bea39867e4169dbe237d55c8242a8f2fcdcc387
2024-05-19,94664,USDC-WETH,1%,0x7bea39867e4169dbe237d55c8242a8f2fcdcc387
2024-05-20,111822,USDC-WETH,1%,0x7bea39867e4169dbe237d55c8242a8f2fcdcc387
2024-05-21,116949,USDC-WETH,1%,0x7bea39867e4169dbe237d55c8242a8f2fcdcc387
2024-05-22,115178,USDC-WETH,1%,0x7bea39867e4169dbe237d55c8242a8f2fcdcc387
2024-05-23,117165,USDC-WETH,1%,0x7bea39867e4169dbe237d55c8242a8f2fcdcc387
2024-05-24,115105,USDC-WETH,1%,0x7bea39867e4169dbe237d55c8242a8f2fcdcc387
2024-05-25,115418,USDC-WETH,1%,0x7bea39867e4169dbe237d55c8242a8f2fcdcc387
2024-05-26,118168,USDC-WETH,1%,0x7bea39867e4169dbe237d55c8242a8f2fcdcc387
2024-05-27,119345,USDC-WETH,1%,0x7bea39867e4169dbe237d55c8242a8f2fcdcc387
2024-05-28,118617,USDC-WETH,1%,0x7bea39867e4169dbe237d55c8242a8f2fcdcc387
2024-05-29,116104,USDC-WETH,1%,0x7bea39867e4169dbe237d55c8242a8f2fcdcc387
2024-05-30,115183,USDC-WETH,1%,0x7bea39867e4169dbe237d55c8242a8f2fcdcc387
2024-05-31,115980,USDC-WETH,1%,0x7bea39867e4169dbe237d55c8242a8f2fcdcc387
2024-06-01,117419,USDC-WETH,1%,0x7bea39867e4169dbe237d55c8242a8f2fcdcc387
2024-06-02,116212,USDC-WETH,1%,0x7bea39867e4169dbe237d55c8242a8f2fcdcc387
2024-06-03,115815,USDC-WETH,1%,0x7bea39867e4169dbe237d55c8242a8f2fcdcc387
2024-06-04,117129,USDC-WETH,1%,0x7bea39867e4169dbe237d55c8242a8f2fcdcc387
2024-06-05,118085,USDC-WETH,1%,0x7bea39867e4169dbe237d55c8242a8f2fcdcc387
2024-06-06,116540,USDC-WETH,1%,0x7bea39867e4169dbe237d55c8242a8f2fcdcc387
2024-06-07,114087,USDC-WETH,1%,0x7bea39867e4169dbe237d55c8242a8f2fcdcc387
2024-06-08,113674,USDC-WETH,1%,0x7bea39867e4169dbe237d55c8242a8f2fcdcc387
2024-06-09,114512,USDC-WETH,1%,0x7bea39867e4169dbe237d55c8242a8f2fcdcc387
2024-06-10,113482,USDC-WETH,1%,0x7bea39867e4169dbe237d55c8242a8f2fcdcc387
2024-06-11,108243,USDC-WETH,1%,0x7bea39867e4169dbe237d55c8242a8f2fcdcc387
2024-06-12,110236,USDC-WETH,1%,0x7bea39867e4169dbe237d55c8242a8f2fcdcc387
2024-06-13,107348,USDC-WETH,1%,0x7bea39867e4169dbe237d55c8242a8f2fcdcc387
2024-06-14,114680,USDC-WETH,1%,0x7bea39867e4169dbe237d55c8242a8f2fcdcc387
2024-06-15,117754,USDC-WETH,1%,0x7bea39867e4169dbe237d55c8242a8f2fcdcc387
2024-06-16,119729,USDC-WETH,1%,0x7bea39867e4169dbe237d55c8242a8f2fcdcc387
2024-06-17,116310,USDC-WETH,1%,0x7bea39867e4169dbe237d55c8242a8f2fcdcc387
2024-06-18,114680,USDC-WETH,1%,0x7bea39867e4169dbe237d55c8242a8f2fcdcc387
2024-06-19,117553,USDC-WETH,1%,0x7bea39867e4169dbe237d55c8242a8f2fcdcc387
2024-06-20,115896,USDC-WETH,1%,0x7bea39867e4169dbe237d55c8242a8f2fcdcc387
2024-06-21,116093,USDC-WETH,1%,0x7bea39867e4169dbe237d55c8242a8f2fcdcc387
2024-06-22,115471,USDC-WETH,1%,0x7bea39867e4169dbe237d55c8242a8f2fcdcc387
2024-06-23,112826,USDC-WETH,1%,0x7bea39867e4169dbe237d55c8242a8f2fcdcc387
2024-06-24,110085,USDC-WETH,1%,0x7bea39867e4169dbe237d55c8242a8f2fcdcc387
2024-06-25,111324,USDC-WETH,1%,0x7bea39867e4169dbe237d55c8242a8f2fcdcc387
2024-06-26,111725,USDC-WETH,1%,0x7bea39867e4169dbe237d55c8242a8f2fcdcc387
2024-06-27,113639,USDC-WETH,1%,0x7bea39867e4169dbe237d55c8242a8f2fcdcc387
2024-06-28,111231,USDC-WETH,1%,0x7bea39867e4169dbe237d55c8242a8f2fcdcc387
2024-06-29,111302,USDC-WETH,1%,0x7bea39867e4169dbe237d55c8242a8f2fcdcc387
2024-06-30,113716,USDC-WETH,1%,0x7bea39867e4169dbe237d55c8242a8f2fcdcc387
2024-07-01,113322,USDC-WETH,1%,0x7bea39867e4169dbe237d55c8242a8f2fcdcc387
2024-07-02,112846,USDC-WETH,1%,0x7bea39867e4169dbe237d55c8242a8f2fcdcc387
2024-07-03,108824,USDC-WETH,1%,0x7bea39867e4169dbe237d55c8242a8f2fcdcc387
2024-07-04,103163,USDC-WETH,1%,0x7bea39867e4169dbe237d55c8242a8f2fcdcc387
2024-07-05,98601,USDC-WETH,1%,0x7bea39867e4169dbe237d55c8242a8f2fcdcc387
2024-07-06,101152,USDC-WETH,1%,0x7bea39867e4169dbe237d55c8242a8f2fcdcc387
2024-07-07,97031,USDC-WETH,1%,0x7bea39867e4169dbe237d55c8242a8f2fcdcc387
2024-07-08,99741,USDC-WETH,1%,0x7bea39867e4169dbe237d55c8242a8f2fcdcc387
2024-07-09,100901,USDC-WETH,1%,0x7bea39867e4169dbe237d55c8242a8f2fcdcc387
2024-07-10,102247,USDC-WETH,1%,0x7bea39867e4169dbe237d55c8242a8f2fcdcc387
2024-07-11,102329,USDC-WETH,1%,0x7bea39867e4169dbe237d55c8242a8f2fcdcc387
2024-07-12,103149,USDC-WETH,1%,0x7bea39867e4169dbe237d55c8242a8f2fcdcc387
2024-07-13,105444,USDC-WETH,1%,0x7bea39867e4169dbe237d55c8242a8f2fcdcc387
2024-07-14,107060,USDC-WETH,1%,0x7bea39867e4169dbe237d55c8242a8f2fcdcc387
2024-07-15,114578,USDC-WETH,1%,0x7bea39867e4169dbe237d55c8242a8f2fcdcc387
2024-07-16,113123,USDC-WETH,1%,0x7bea39867e4169dbe237d55c8242a8f2fcdcc387
2024-07-17,111896,USDC-WETH,1%,0x7bea39867e4169dbe237d55c8242a8f2fcdcc387
2024-07-18,113078,USDC-WETH,1%,0x7bea39867e4169dbe237d55c8242a8f2fcdcc387
2024-07-19,115640,USDC-WETH,1%,0x7bea39867e4169dbe237d55c8242a8f2fcdcc387
2024-07-20,115775,USDC-WETH,1%,0x7bea39867e4169dbe237d55c8242a8f2fcdcc387
2024-07-21,116243,USDC-WETH,1%,0x7bea39867e4169dbe237d55c8242a8f2fcdcc387
2024-07-22,113881,USDC-WETH,1%,0x7bea39867e4169dbe237d55c8242a8f2fcdcc387
2024-07-23,114327,USDC-WETH,1%,0x7bea39867e4169dbe237d55c8242a8f2fcdcc387
2024-07-24,108983,USDC-WETH,1%,0x7bea39867e4169dbe237d55c8242a8f2fcdcc387
2024-07-25,103643,USDC-WETH,1%,0x7bea39867e4169dbe237d55c8242a8f2fcdcc387
2024-07-26,107305,USDC-WETH,1%,0x7bea39867e4169dbe237d55c8242a8f2fcdcc387
2024-07-27,107245,USDC-WETH,1%,0x7bea39867e4169dbe237d55c8242a8f2fcdcc387
2024-07-28,106579,USDC-WETH,1%,0x7bea39867e4169dbe237d55c8242a8f2fcdcc387
2024-07-29,109075,USDC-WETH,1%,0x7bea39867e4169dbe237d55c8242a8f2fcdcc387
2024-07-30,107288,USDC-WETH,1%,0x7bea39867e4169dbe237d55c8242a8f2fcdcc387
2024-07-31,105937,USDC-WETH,1%,0x7bea39867e4169dbe237d55c8242a8f2fcdcc387
2024-08-01,104649,USDC-WETH,1%,0x7bea39867e4169dbe237d55c8242a8f2fcdcc387
2024-08-02,97161,USDC-WETH,1%,0x7bea39867e4169dbe237d55c8242a8f2fcdcc387
2024-08-03,95050,USDC-WETH,1%,0x7bea39867e4169dbe237d55c8242a8f2fcdcc387
2024-08-04,88958,USDC-WETH,1%,0x7bea39867e4169dbe237d55c8242a8f2fcdcc387
2024-08-05,80021,USDC-WETH,1%,0x7bea39867e4169dbe237d55c8242a8f2fcdcc387
2024-08-06,81286,USDC-WETH,1%,0x7bea39867e4169dbe237d55c8242a8f2fcdcc387
2024-08-07,76510,USDC-WETH,1%,0x7bea39867e4169dbe237d55c8242a8f2fcdcc387
2024-08-08,84125,USDC-WETH,1%,0x7bea39867e4169dbe237d55c8242a8f2fcdcc387
2024-08-09,84853,USDC-WETH,1%,0x7bea39867e4169dbe237d55c8242a8f2fcdcc387
2024-08-10,85101,USDC-WETH,1%,0x7bea39867e4169dbe237d55c8242a8f2fcdcc387
2024-08-11,83584,USDC-WETH,1%,0x7bea39867e4169dbe237d55c8242a8f2fcdcc387
2024-08-12,88081,USDC-WETH,1%,0x7bea39867e4169dbe237d55c8242a8f2fcdcc387
2024-08-13,88718,USDC-WETH,1%,0x7bea39867e4169dbe237d55c8242a8f2fcdcc387
2024-08-14,87240,USDC-WETH,1%,0x7bea39867e4169dbe237d55c8242a8f2fcdcc387
2024-08-15,84284,USDC-WETH,1%,0x7bea39867e4169dbe237d55c8242a8f2fcdcc387
2024-08-16,84797,USDC-WETH,1%,0x7bea39867e4169dbe237d55c8242a8f2fcdcc387
2024-08-17,85187,USDC-WETH,1%,0x7bea39867e4169dbe237d55c8242a8f2fcdcc387
2024-08-18,86427,USDC-WETH,1%,0x7bea39867e4169dbe237d55c8242a8f2fcdcc387
2024-08-19,85717,USDC-WETH,1%,0x7bea39867e4169dbe237d55c8242a8f2fcdcc387
2024-08-20,84435,USDC-WETH,1%,0x7bea39867e4169dbe237d55c8242a8f2fcdcc387
2024-08-21,85922,USDC-WETH,1%,0x7bea39867e4169dbe237d55c8242a8f2fcdcc387
2024-08-22,85675,USDC-WETH,1%,0x7bea39867e4169dbe237d55c8242a8f2fcdcc387
2024-08-23,90251,USDC-WETH,1%,0x7bea39867e4169dbe237d55c8242a8f2fcdcc387
2024-08-24,89931,USDC-WETH,1%,0x7bea39867e4169dbe237d55c8242a8f2fcdcc387
2024-08-25,90534,USDC-WETH,1%,0x7bea39867e4169dbe237d55c8242a8f2fcdcc387
2024-08-26,87788,USDC-WETH,1%,0x7bea39867e4169dbe237d55c8242a8f2fcdcc387
2024-08-27,80387,USDC-WETH,1%,0x7bea39867e4169dbe237d55c8242a8f2fcdcc387
2024-08-28,82680,USDC-WETH,1%,0x7bea39867e4169dbe237d55c8242a8f2fcdcc387
2024-08-29,82439,USDC-WETH,1%,0x7bea39867e4169dbe237d55c8242a8f2fcdcc387
2024-08-30,82506,USDC-WETH,1%,0x7bea39867e4169dbe237d55c8242a8f2fcdcc387
2024-08-31,82333,USDC-WETH,1%,0x7bea39867e4169dbe237d55c8242a8f2fcdcc387
2024-09-01,78923,USDC-WETH,1%,0x7bea39867e4169dbe237d55c8242a8f2fcdcc387
2024-09-02,83106,USDC-WETH,1%,0x7bea39867e4169dbe237d55c8242a8f2fcdcc387
2024-09-03,80141,USDC-WETH,1%,0x7bea39867e4169dbe237d55c8242a8f2fcdcc387
2024-09-04,80408,USDC-WETH,1%,0x7bea39867e4169dbe237d55c8242a8f2fcdcc387
2024-09-05,77366,USDC-WETH,1%,0x7bea39867e4169dbe237d55c8242a8f2fcdcc387
2024-09-06,72158,USDC-WETH,1%,0x7bea39867e4169dbe237d55c8242a8f2fcdcc387
2024-09-07,73939,USDC-WETH,1%,0x7bea39867e4169dbe237d55c8242a8f2fcdcc387
2024-09-08,74910,USDC-WETH,1%,0x7bea39867e4169dbe237d55c8242a8f2fcdcc387
2024-09-09,76935,USDC-WETH,1%,0x7bea39867e4169dbe237d55c8242a8f2fcdcc387
2024-09-10,77948,USDC-WETH,1%,0x7bea39867e4169dbe237d55c8242a8f2fcdcc387
2024-09-11,76590,USDC-WETH,1%,0x7bea39867e4169dbe237d55c8242a8f2fcdcc387
2024-09-12,77334,USDC-WETH,1%,0x7bea39867e4169dbe237d55c8242a8f2fcdcc387
2024-09-13,79934,USDC-WETH,1%,0x7bea39867e4169dbe237d55c8242a8f2fcdcc387
2024-09-14,78942,USDC-WETH,1%,0x7bea39867e4169dbe237d55c8242a8f2fcdcc387
2024-09-15,76550,USDC-WETH,1%,0x7bea39867e4169dbe237d55c8242a8f2fcdcc387
2024-09-16,74576,USDC-WETH,1%,0x7bea39867e4169dbe237d55c8242a8f2fcdcc387
2024-09-17,76571,USDC-WETH,1%,0x7bea39867e4169dbe237d55c8242a8f2fcdcc387
2024-09-18,76452,USDC-WETH,1%,0x7bea39867e4169dbe237d55c8242a8f2fcdcc387
2024-09-19,80705,USDC-WETH,1%,0x7bea39867e4169dbe237d55c8242a8f2fcdcc387
2024-09-20,83306,USDC-WETH,1%,0x7bea39867e4169dbe237d55c8242a8f2fcdcc387
2024-09-21,84131,USDC-WETH,1%,0x7bea39867e4169dbe237d55c8242a8f2fcdcc387
2024-09-22,84441,USDC-WETH,1%,0x7bea39867e4169dbe237d55c8242a8f2fcdcc387
2024-09-23,86409,USDC-WETH,1%,0x7bea39867e4169dbe237d55c8242a8f2fcdcc387
2024-09-24,86995,USDC-WETH,1%,0x7bea39867e4169dbe237d55c8242a8f2fcdcc387
2024-09-25,83953,USDC-WETH,1%,0x7bea39867e4169dbe237d55c8242a8f2fcdcc387
2024-09-26,86068,USDC-WETH,1%,0x7bea39867e4169dbe237d55c8242a8f2fcdcc387
2024-09-27,88339,USDC-WETH,1%,0x7bea39867e4169dbe237d55c8242a8f2fcdcc387
2024-09-28,87374,USDC-WETH,1%,0x7bea39867e4169dbe237d55c8242a8f2fcdcc387
2024-09-29,86771,USDC-WETH,1%,0x7bea39867e4169dbe237d55c8242a8f2fcdcc387
2024-09-30,85022,USDC-WETH,1%,0x7bea39867e4169dbe237d55c8242a8f2fcdcc387
2024-10-01,80096,USDC-WETH,1%,0x7bea39867e4169dbe237d55c8242a8f2fcdcc387
2024-10-02,77663,USDC-WETH,1%,0x7bea39867e4169dbe237d55c8242a8f2fcdcc387
2024-10-03,76766,USDC-WETH,1%,0x7bea39867e4169dbe237d55c8242a8f2fcdcc387
2024-10-04,79012,USDC-WETH,1%,0x7bea39867e4169dbe237d55c8242a8f2fcdcc387
2024-10-05,78848,USDC-WETH,1%,0x7bea39867e4169dbe237d55c8242a8f2fcdcc387
2024-10-06,79293,USDC-WETH,1%,0x7bea39867e4169dbe237d55c8242a8f2fcdcc387
2024-10-07,79008,USDC-WETH,1%,0x7bea39867e4169dbe237d55c8242a8f2fcdcc387
2024-10-08,79432,USDC-WETH,1%,0x7bea39867e4169dbe237d55c8242a8f2fcdcc387
2024-10-09,92374,USDC-WETH,1%,0x7bea39867e4169dbe237d55c8242a8f2fcdcc387
2024-10-10,92456,USDC-WETH,1%,0x7bea39867e4169dbe237d55c8242a8f2fcdcc387
2024-10-11,90626,USDC-WETH,1%,0x7bea39867e4169dbe237d55c8242a8f2fcdcc387
2024-10-12,92409,USDC-WETH,1%,0x7bea39867e4169dbe237d55c8242a8f2fcdcc387
2024-10-13,92696,USDC-WETH,1%,0x7bea39867e4169dbe237d55c8242a8f2fcdcc387
2024-10-14,99696,USDC-WETH,1%,0x7bea39867e4169dbe237d55c8242a8f2fcdcc387
2024-10-15,97555,USDC-WETH,1%,0x7bea39867e4169dbe237d55c8242a8f2fcdcc387
2024-10-16,98609,USDC-WETH,1%,0x7bea39867e4169dbe237d55c8242a8f2fcdcc387
2024-10-17,98286,USDC-WETH,1%,0x7bea39867e4169dbe237d55c8242a8f2fcdcc387
2024-10-18,98585,USDC-WETH,1%,0x7bea39867e4169dbe237d55c8242a8f2fcdcc387
2024-10-19,99021,USDC-WETH,1%,0x7bea39867e4169dbe237d55c8242a8f2fcdcc387
2024-10-20,102641,USDC-WETH,1%,0x7bea39867e4169dbe237d55c8242a8f2fcdcc387
2024-10-21,100128,USDC-WETH,1%,0x7bea39867e4169dbe237d55c8242a8f2fcdcc387
2024-10-22,98689,USDC-WETH,1%,0x7bea39867e4169dbe237d55c8242a8f2fcdcc387
2024-10-23,93803,USDC-WETH,1%,0x7bea39867e4169dbe237d55c8242a8f2fcdcc387
2024-10-24,94629,USDC-WETH,1%,0x7bea39867e4169dbe237d55c8242a8f2fcdcc387
2024-10-25,91581,USDC-WETH,1%,0x7bea39867e4169dbe237d55c8242a8f2fcdcc387
2024-10-26,92383,USDC-WETH,1%,0x7bea39867e4169dbe237d55c8242a8f2fcdcc387
2024-10-27,93511,USDC-WETH,1%,0x7bea39867e4169dbe237d55c8242a8f2fcdcc387
2024-10-28,95636,USDC-WETH,1%,0x7bea39867e4169dbe237d55c8242a8f2fcdcc387
2024-10-29,97490,USDC-WETH,1%,0x7bea39867e4169dbe237d55c8242a8f2fcdcc387
2024-10-30,98954,USDC-WETH,1%,0x7bea39867e4169dbe237d55c8242a8f2fcdcc387
2024-10-31,93686,USDC-WETH,1%,0x7bea39867e4169dbe237d55c8242a8f2fcdcc387
2024-11-01,93430,USDC-WETH,1%,0x7bea39867e4169dbe237d55c8242a8f2fcdcc387
2024-11-02,92663,USDC-WETH,1%,0x7bea39867e4169dbe237d55c8242a8f2fcdcc387
2024-11-03,91544,USDC-WETH,1%,0x7bea39867e4169dbe237d55c8242a8f2fcdcc387
2024-11-04,89498,USDC-WETH,1%,0x7bea39867e4169dbe237d55c8242a8f2fcdcc387
2024-11-05,90581,USDC-WETH,1%,0x7bea39867e4169dbe237d55c8242a8f2fcdcc387
2024-11-06,101684,USDC-WETH,1%,0x7bea39867e4169dbe237d55c8242a8f2fcdcc387
2024-11-07,107282,USDC-WETH,1%,0x7bea39867e4169dbe237d55c8242a8f2fcdcc387
2024-11-08,110148,USDC-WETH,1%,0x7bea39867e4169dbe237d55c8242a8f2fcdcc387
2024-11-09,116585,USDC-WETH,1%,0x7bea39867e4169dbe237d55c8242a8f2fcdcc387
2024-11-10,118402,USDC-WETH,1%,0x7bea39867e4169dbe237d55c8242a8f2fcdcc387
2024-11-11,124904,USDC-WETH,1%,0x7bea39867e4169dbe237d55c8242a8f2fcdcc387
2024-11-12,121854,USDC-WETH,1%,0x7bea39867e4169dbe237d55c8242a8f2fcdcc387
2024-11-13,117060,USDC-WETH,1%,0x7bea39867e4169dbe237d55c8242a8f2fcdcc387
2024-11-14,113919,USDC-WETH,1%,0x7bea39867e4169dbe237d55c8242a8f2fcdcc387
2024-11-15,113973,USDC-WETH,1%,0x7bea39867e4169dbe237d55c8242a8f2fcdcc387
2024-11-16,115784,USDC-WETH,1%,0x7bea39867e4169dbe237d55c8242a8f2fcdcc387
2024-11-17,112988,USDC-WETH,1%,0x7bea39867e4169dbe237d55c8242a8f2fcdcc387
2024-11-18,116057,USDC-WETH,1%,0x7bea39867e4169dbe237d55c8242a8f2fcdcc387
2024-11-19,113908,USDC-WETH,1%,0x7bea39867e4169dbe237d55c8242a8f2fcdcc387
2024-11-20,113155,USDC-WETH,1%,0x7bea39867e4169dbe237d55c8242a8f2fcdcc387
2024-11-21,124210,USDC-WETH,1%,0x7bea39867e4169dbe237d55c8242a8f2fcdcc387
2024-11-22,121870,USDC-WETH,1%,0x7bea39867e4169dbe237d55c8242a8f2fcdcc387
2024-11-23,125462,USDC-WETH,1%,0x7bea39867e4169dbe237d55c8242a8f2fcdcc387
2024-11-24,123623,USDC-WETH,1%,0x7bea39867e4169dbe237d55c8242a8f2fcdcc387
2024-11-25,123273,USDC-WETH,1%,0x7bea39867e4169dbe237d55c8242a8f2fcdcc387
2024-11-26,121903,USDC-WETH,1%,0x7bea39867e4169dbe237d55c8242a8f2fcdcc387
2024-11-27,134627,USDC-WETH,1%,0x7bea39867e4169dbe237d55c8242a8f2fcdcc387
2024-11-28,132448,USDC-WETH,1%,0x7bea39867e4169dbe237d55c8242a8f2fcdcc387
2024-11-29,131712,USDC-WETH,1%,0x7bea39867e4169dbe237d55c8242a8f2fcdcc387
2024-11-30,135894,USDC-WETH,1%,0x7bea39867e4169dbe237d55c8242a8f2fcdcc387
2024-12-01,136486,USDC-WETH,1%,0x7bea39867e4169dbe237d55c8242a8f2fcdcc387
2024-12-02,132624,USDC-WETH,1%,0x7bea39867e4169dbe237d55c8242a8f2fcdcc387
2024-12-03,132867,USDC-WETH,1%,0x7bea39867e4169dbe237d55c8242a8f2fcdcc387
2024-12-04,140809,USDC-WETH,1%,0x7bea39867e4169dbe237d55c8242a8f2fcdcc387
2024-12-05,139376,USDC-WETH,1%,0x7bea39867e4169dbe237d55c8242a8f2fcdcc387
2024-12-06,147558,USDC-WETH,1%,0x7bea39867e4169dbe237d55c8242a8f2fcdcc387
2024-12-07,146384,USDC-WETH,1%,0x7bea39867e4169dbe237d55c8242a8f2fcdcc387
2024-12-08,146626,USDC-WETH,1%,0x7bea39867e4169dbe237d55c8242a8f2fcdcc387
2024-12-09,141976,USDC-WETH,1%,0x7bea39867e4169dbe237d55c8242a8f2fcdcc387
2024-12-10,133297,USDC-WETH,1%,0x7bea39867e4169dbe237d55c8242a8f2fcdcc387
2024-12-11,140276,USDC-WETH,1%,0x7bea39867e4169dbe237d55c8242a8f2fcdcc387
2024-12-12,142003,USDC-WETH,1%,0x7bea39867e4169dbe237d55c8242a8f2fcdcc387
2024-12-13,142598,USDC-WETH,1%,0x7bea39867e4169dbe237d55c8242a8f2fcdcc387
2024-12-14,140504,USDC-WETH,1%,0x7bea39867e4169dbe237d55c8242a8f2fcdcc387
2024-12-15,142110,USDC-WETH,1%,0x7bea39867e4169dbe237d55c8242a8f2fcdcc387
2024-12-16,147054,USDC-WETH,1%,0x7bea39867e4169dbe237d55c8242a8f2fcdcc387
2024-12-17,141170,USDC-WETH,1%,0x7bea39867e4169dbe237d55c8242a8f2fcdcc387
2024-12-18,133873,USDC-WETH,1%,0x7bea39867e4169dbe237d55c8242a8f2fcdcc387
2024-12-19,125467,USDC-WETH,1%,0x7bea39867e4169dbe237d55c8242a8f2fcdcc387
2024-12-20,126806,USDC-WETH,1%,0x7bea39867e4169dbe237d55c8242a8f2fcdcc387
2024-12-21,121079,USDC-WETH,1%,0x7bea39867e4169dbe237d55c8242a8f2fcdcc387
2024-12-22,119947,USDC-WETH,1%,0x7bea39867e4169dbe237d55c8242a8f2fcdcc387
2024-12-23,125642,USDC-WETH,1%,0x7bea39867e4169dbe237d55c8242a8f2fcdcc387
2024-12-24,127524,USDC-WETH,1%,0x7bea39867e4169dbe237d55c8242a8f2fcdcc387
2024-12-25,126830,USDC-WETH,1%,0x7bea39867e4169dbe237d55c8242a8f2fcdcc387
2024-12-26,121985,USDC-WETH,1%,0x7bea39867e4169dbe237d55c8242a8f2fcdcc387
2024-12-27,121216,USDC-WETH,1%,0x7bea39867e4169dbe237d55c8242a8f2fcdcc387
2024-12-28,124386,USDC-WETH,1%,0x7bea39867e4169dbe237d55c8242a8f2fcdcc387
2024-12-29,121766,USDC-WETH,1%,0x7bea39867e4169dbe237d55c8242a8f2fcdcc387
2024-12-30,123884,USDC-WETH,1%,0x7bea39867e4169dbe237d55c8242a8f2fcdcc387
2024-12-31,121701,USDC-WETH,1%,0x7bea39867e4169dbe237d55c8242a8f2fcdcc387
2025-01-01,122607,USDC-WETH,1%,0x7bea39867e4169dbe237d55c8242a8f2fcdcc387
2025-01-02,125557,USDC-WETH,1%,0x7bea39867e4169dbe237d55c8242a8f2fcdcc387
2025-01-03,132059,USDC-WETH,1%,0x7bea39867e4169dbe237d55c8242a8f2fcdcc387
2025-01-04,133587,USDC-WETH,1%,0x7bea39867e4169dbe237d55c8242a8f2fcdcc387
2025-01-05,133080,USDC-WETH,1%,0x7bea39867e4169dbe237d55c8242a8f2fcdcc387
2025-01-06,134250,USDC-WETH,1%,0x7bea39867e4169dbe237d55c8242a8f2fcdcc387
2025-01-07,123036,USDC-WETH,1%,0x7bea39867e4169dbe237d55c8242a8f2fcdcc387
2025-01-08,121559,USDC-WETH,1%,0x7bea39867e4169dbe237d55c8242a8f2fcdcc387
2025-01-09,117989,USDC-WETH,1%,0x7bea39867e4169dbe237d55c8242a8f2fcdcc387
2025-01-10,119030,USDC-WETH,1%,0x7bea39867e4169dbe237d55c8242a8f2fcdcc387
2025-01-11,119483,USDC-WETH,1%,0x7bea39867e4169dbe237d55c8242a8f2fcdcc387
2025-01-12,117885,USDC-WETH,1%,0x7bea39867e4169dbe237d55c8242a8f2fcdcc387
2025-01-13,113726,USDC-WETH,1%,0x7bea39867e4169dbe237d55c8242a8f2fcdcc387
2025-01-14,117368,USDC-WETH,1%,0x7bea39867e4169dbe237d55c8242a8f2fcdcc387
2025-01-15,124498,USDC-WETH,1%,0x7bea39867e4169dbe237d55c8242a8f2fcdcc387
2025-01-16,119964,USDC-WETH,1%,0x7bea39867e4169dbe237d55c8242a8f2fcdcc387
2025-01-17,126241,USDC-WETH,1%,0x7bea39867e4169dbe237d55c8242a8f2fcdcc387
2025-01-18,119317,USDC-WETH,1%,0x7bea39867e4169dbe237d55c8242a8f2fcdcc387
2025-01-19,116656,USDC-WETH,1%,0x7bea39867e4169dbe237d55c8242a8f2fcdcc387
2025-01-20,120467,USDC-WETH,1%,0x7bea39867e4169dbe237d55c8242a8f2fcdcc387
2025-01-21,121168,USDC-WETH,1%,0x7bea39867e4169dbe237d55c8242a8f2fcdcc387
2025-01-22,117795,USDC-WETH,1%,0x7bea39867e4169dbe237d55c8242a8f2fcdcc387
2025-01-23,120479,USDC-WETH,1%,0x7bea39867e4169dbe237d55c8242a8f2fcdcc387
2025-01-24,120814,USDC-WETH,1%,0x7bea39867e4169dbe237d55c8242a8f2fcdcc387
2025-01-25,121069,USDC-WETH,1%,0x7bea39867e4169dbe237d55c8242a8f2fcdcc387
2025-01-26,119607,USDC-WETH,1%,0x7bea39867e4169dbe237d55c8242a8f2fcdcc387
2025-01-27,115203,USDC-WETH,1%,0x7bea39867e4169dbe237d55c8242a8f2fcdcc387
2025-01-28,111969,USDC-WETH,1%,0x7bea39867e4169dbe237d55c8242a8f2fcdcc387
2025-01-29,114292,USDC-WETH,1%,0x7bea39867e4169dbe237d55c8242a8f2fcdcc387
2025-01-30,118443,USDC-WETH,1%,0x7bea39867e4169dbe237d55c8242a8f2fcdcc387
2025-01-31,119766,USDC-WETH,1%,0x7bea39867e4169dbe237d55c8242a8f2fcdcc387
2025-02-01,113876,USDC-WETH,1%,0x7bea39867e4169dbe237d55c8242a8f2fcdcc387
2025-02-02,103977,USDC-WETH,1%,0x7bea39867e4169dbe237d55c8242a8f2fcdcc387
2025-02-03,104665,USDC-WETH,1%,0x7bea39867e4169dbe237d55c8242a8f2fcdcc387
2025-02-04,97419,USDC-WETH,1%,0x7bea39867e4169dbe237d55c8242a8f2fcdcc387
2025-02-05,100102,USDC-WETH,1%,0x7bea39867e4169dbe237d55c8242a8f2fcdcc387
2025-02-06,97959,USDC-WETH,1%,0x7bea39867e4169dbe237d55c8242a8f2fcdcc387
2025-02-07,93751,USDC-WETH,1%,0x7bea39867e4169dbe237d55c8242a8f2fcdcc387
2025-02-08,95636,USDC-WETH,1%,0x7bea39867e4169dbe237d55c8242a8f2fcdcc387
2025-02-09,95080,USDC-WETH,1%,0x7bea39867e4169dbe237d55c8242a8f2fcdcc387
2025-02-10,96462,USDC-WETH,1%,0x7bea39867e4169dbe237d55c8242a8f2fcdcc387
2025-02-11,94342,USDC-WETH,1%,0x7bea39867e4169dbe237d55c8242a8f2fcdcc387
2025-02-12,99756,USDC-WETH,1%,0x7bea39867e4169dbe237d55c8242a8f2fcdcc387
2025-02-13,96886,USDC-WETH,1%,0x7bea39867e4169dbe237d55c8242a8f2fcdcc387
2025-02-14,98720,USDC-WETH,1%,0x7bea39867e4169dbe237d55c8242a8f2fcdcc387
2025-02-15,97880,USDC-WETH,1%,0x7bea39867e4169dbe237d55c8242a8f2fcdcc387
2025-02-16,97244,USDC-WETH,1%,0x7bea39867e4169dbe237d55c8242a8f2fcdcc387
2025-02-17,99531,USDC-WETH,1%,0x7bea39867e4169dbe237d55c8242a8f2fcdcc387
2025-02-18,96436,USDC-WETH,1%,0x7bea39867e4169dbe237d55c8242a8f2fcdcc387
2025-02-19,98949,USDC-WETH,1%,0x7bea39867e4169dbe237d55c8242a8f2fcdcc387
2025-02-20,99226,USDC-WETH,1%,0x7bea39867e4169dbe237d55c8242a8f2fcdcc387
2025-02-21,96095,USDC-WETH,1%,0x7bea39867e4169dbe237d55c8242a8f2fcdcc387
2025-02-22,100550,USDC-WETH,1%,0x7bea39867e4169dbe237d55c8242a8f2fcdcc387
2025-02-23,101909,USDC-WETH,1%,0x7bea39867e4169dbe237d55c8242a8f2fcdcc387
2025-02-24,92437,USDC-WETH,1%,0x7bea39867e4169dbe237d55c8242a8f2fcdcc387
2025-02-25,91085,USDC-WETH,1%,0x7bea39867e4169dbe237d55c8242a8f2fcdcc387
2025-02-26,84990,USDC-WETH,1%,0x7bea39867e4169dbe237d55c8242a8f2fcdcc387
2025-02-27,83086,USDC-WETH,1%,0x7bea39867e4169dbe237d55c8242a8f2fcdcc387
2025-02-28,80342,USDC-WETH,1%,0x7bea39867e4169dbe237d55c8242a8f2fcdcc387
2025-03-01,80694,USDC-WETH,1%,0x7bea39867e4169dbe237d55c8242a8f2fcdcc387
2025-03-02,92259,USDC-WETH,1%,0x7bea39867e4169dbe237d55c8242a8f2fcdcc387
2025-03-03,78563,USDC-WETH,1%,0x7bea39867e4169dbe237d55c8242a8f2fcdcc387
2025-03-04,79016,USDC-WETH,1%,0x7bea39867e4169dbe237d55c8242a8f2fcdcc387
2025-03-05,81361,USDC-WETH,1%,0x7bea39867e4169dbe237d55c8242a8f2fcdcc387
2025-03-06,80439,USDC-WETH,1%,0x7bea39867e4169dbe237d55c8242a8f2fcdcc387
2025-03-07,77905,USDC-WETH,1%,0x7bea39867e4169dbe237d55c8242a8f2fcdcc387
2025-03-08,80054,USDC-WETH,1%,0x7bea39867e4169dbe237d55c8242a8f2fcdcc387
2025-03-09,73038,USDC-WETH,1%,0x7bea39867e4169dbe237d55c8242a8f2fcdcc387
2025-03-10,68267,USDC-WETH,1%,0x7bea39867e4169dbe237d55c8242a8f2fcdcc387
2025-03-11,70624,USDC-WETH,1%,0x7bea39867e4169dbe237d55c8242a8f2fcdcc387
2025-03-12,69394,USDC-WETH,1%,0x7bea39867e4169dbe237d55c8242a8f2fcdcc387
2025-03-13,68273,USDC-WETH,1%,0x7bea39867e4169dbe237d55c8242a8f2fcdcc387
2025-03-14,69999,USDC-WETH,1%,0x7bea39867e4169dbe237d55c8242a8f2fcdcc387
2025-03-15,70577,USDC-WETH,1%,0x7bea39867e4169dbe237d55c8242a8f2fcdcc387
2025-03-16,68180,USDC-WETH,1%,0x7bea39867e4169dbe237d55c8242a8f2fcdcc387
2025-03-17,70186,USDC-WETH,1%,0x7bea39867e4169dbe237d55c8242a8f2fcdcc387
2025-03-18,69617,USDC-WETH,1%,0x7bea39867e4169dbe237d55c8242a8f2fcdcc387
2025-03-19,74364,USDC-WETH,1%,0x7bea39867e4169dbe237d55c8242a8f2fcdcc387
2025-03-20,71685,USDC-WETH,1%,0x7bea39867e4169dbe237d55c8242a8f2fcdcc387
2025-03-21,71384,USDC-WETH,1%,0x7bea39867e4169dbe237d55c8242a8f2fcdcc387
2025-03-22,72067,USDC-WETH,1%,0x7bea39867e4169dbe237d55c8242a8f2fcdcc387
2025-03-23,72159,USDC-WETH,1%,0x7bea39867e4169dbe237d55c8242a8f2fcdcc387
2025-03-24,75368,USDC-WETH,1%,0x7bea39867e4169dbe237d55c8242a8f2fcdcc387
2025-03-25,74913,USDC-WETH,1%,0x7bea39867e4169dbe237d55c8242a8f2fcdcc387
2025-03-26,72608,USDC-WETH,1%,0x7bea39867e4169dbe237d55c8242a8f2fcdcc387
2025-03-27,72910,USDC-WETH,1%,0x7bea39867e4169dbe237d55c8242a8f2fcdcc387
2025-03-28,68957,USDC-WETH,1%,0x7bea39867e4169dbe237d55c8242a8f2fcdcc387
2025-03-29,65882,USDC-WETH,1%,0x7bea39867e4169dbe237d55c8242a8f2fcdcc387
2025-03-30,65502,USDC-WETH,1%,0x7bea39867e4169dbe237d55c8242a8f2fcdcc387
2025-03-31,66242,USDC-WETH,1%,0x7bea39867e4169dbe237d55c8242a8f2fcdcc387
2025-04-01,69361,USDC-WETH,1%,0x7bea39867e4169dbe237d55c8242a8f2fcdcc387
2025-04-02,65240,USDC-WETH,1%,0x7bea39867e4169dbe237d55c8242a8f2fcdcc387
2025-04-03,65731,USDC-WETH,1%,0x7bea39867e4169dbe237d55c8242a8f2fcdcc387
2025-04-04,66077,USDC-WETH,1%,0x7bea39867e4169dbe237d55c8242a8f2fcdcc387
2025-04-05,65201,USDC-WETH,1%,0x7bea39867e4169dbe237d55c8242a8f2fcdcc387
2025-04-06,57188,USDC-WETH,1%,0x7bea39867e4169dbe237d55c8242a8f2fcdcc387
2025-04-07,57322,USDC-WETH,1%,0x7bea39867e4169dbe237d55c8242a8f2fcdcc387
2025-04-08,52730,USDC-WETH,1%,0x7bea39867e4169dbe237d55c8242a8f2fcdcc387
2025-04-09,60648,USDC-WETH,1%,0x7bea39867e4169dbe237d55c8242a8f2fcdcc387
2025-04-10,55499,USDC-WETH,1%,0x7bea39867e4169dbe237d55c8242a8f2fcdcc387
2025-04-11,56983,USDC-WETH,1%,0x7bea39867e4169dbe237d55c8242a8f2fcdcc387
2025-04-12,59897,USDC-WETH,1%,0x7bea39867e4169dbe237d55c8242a8f2fcdcc387
2025-04-13,57695,USDC-WETH,1%,0x7bea39867e4169dbe237d55c8242a8f2fcdcc387
2025-04-14,58774,USDC-WETH,1%,0x7bea39867e4169dbe237d55c8242a8f2fcdcc387
2025-04-15,57851,USDC-WETH,1%,0x7bea39867e4169dbe237d55c8242a8f2fcdcc387
2025-04-16,57626,USDC-WETH,1%,0x7bea39867e4169dbe237d55c8242a8f2fcdcc387
2025-04-17,57506,USDC-WETH,1%,0x7bea39867e4169dbe237d55c8242a8f2fcdcc387
2025-04-18,57847,USDC-WETH,1%,0x7bea39867e4169dbe237d55c8242a8f2fcdcc387
2025-04-19,58747,USDC-WETH,1%,0x7bea39867e4169dbe237d55c8242a8f2fcdcc387
2025-04-20,57394,USDC-WETH,1%,0x7bea39867e4169dbe237d55c8242a8f2fcdcc387
2025-04-21,57225,USDC-WETH,1%,0x7bea39867e4169dbe237d55c8242a8f2fcdcc387
2025-04-22,63398,USDC-WETH,1%,0x7bea39867e4169dbe237d55c8242a8f2fcdcc387
2025-04-23,65281,USDC-WETH,1%,0x7bea39867e4169dbe237d55c8242a8f2fcdcc387
2025-04-24,63761,USDC-WETH,1%,0x7bea39867e4169dbe237d55c8242a8f2fcdcc387
2025-04-25,65254,USDC-WETH,1%,0x7bea39867e4169dbe237d55c8242a8f2fcdcc387
2025-04-26,66138,USDC-WETH,1%,0x7bea39867e4169dbe237d55c8242a8f2fcdcc387
2025-04-27,65053,USDC-WETH,1%,0x7bea39867e4169dbe237d55c8242a8f2fcdcc387
2025-04-28,65038,USDC-WETH,1%,0x7bea39867e4169dbe237d55c8242a8f2fcdcc387
2025-04-29,65165,USDC-WETH,1%,0x7bea39867e4169dbe237d55c8242a8f2fcdcc387
2025-04-30,65069,USDC-WETH,1%,0x7bea39867e4169dbe237d55c8242a8f2fcdcc387
2025-05-01,66715,USDC-WETH,1%,0x7bea39867e4169dbe237d55c8242a8f2fcdcc387
2025-05-02,66642,USDC-WETH,1%,0x7bea39867e4169dbe237d55c8242a8f2fcdcc387
2025-05-03,66858,USDC-WETH,1%,0x7bea39867e4169dbe237d55c8242a8f2fcdcc387
2025-05-04,65965,USDC-WETH,1%,0x7bea39867e4169dbe237d55c8242a8f2fcdcc387
2025-05-05,66189,USDC-WETH,1%,0x7bea39867e4169dbe237d55c8242a8f2fcdcc387
2025-05-06,65624,USDC-WETH,1%,0x7bea39867e4169dbe237d55c8242a8f2fcdcc387
2025-05-07,65929,USDC-WETH,1%,0x7bea39867e4169dbe237d55c8242a8f2fcdcc387
2025-05-08,79080,USDC-WETH,1%,0x7bea39867e4169dbe237d55c8242a8f2fcdcc387
2025-05-09,84652,USDC-WETH,1%,0x7bea39867e4169dbe237d55c8242a8f2fcdcc387
2025-05-10,93203,USDC-WETH,1%,0x7bea39867e4169dbe237d55c8242a8f2fcdcc387
2025-05-11,90638,USDC-WETH,1%,0x7bea39867e4169dbe237d55c8242a8f2fcdcc387
2025-05-12,90202,USDC-WETH,1%,0x7bea39867e4169dbe237d55c8242a8f2fcdcc387
2025-05-13,97864,USDC-WETH,1%,0x7bea39867e4169dbe237d55c8242a8f2fcdcc387
2025-05-14,94371,USDC-WETH,1%,0x7bea39867e4169dbe237d55c8242a8f2fcdcc387
2025-05-15,92294,USDC-WETH,1%,0x7bea39867e4169dbe237d55c8242a8f2fcdcc387
2025-05-16,92626,USDC-WETH,1%,0x7bea39867e4169dbe237d55c8242a8f2fcdcc387
2025-05-17,89348,USDC-WETH,1%,0x7bea39867e4169dbe237d55c8242a8f2fcdcc387
2025-05-18,88212,USDC-WETH,1%,0x7bea39867e4169dbe237d55c8242a8f2fcdcc387
2025-05-19,91486,USDC-WETH,1%,0x7bea39867e4169dbe237d55c8242a8f2fcdcc387
2025-05-20,91183,USDC-WETH,1%,0x7bea39867e4169dbe237d55c8242a8f2fcdcc387
2025-05-21,91368,USDC-WETH,1%,0x7bea39867e4169dbe237d55c8242a8f2fcdcc387
2025-05-22,95788,USDC-WETH,1%,0x7bea39867e4169dbe237d55c8242a8f2fcdcc387
2025-05-23,92093,USDC-WETH,1%,0x7bea39867e4169dbe237d55c8242a8f2fcdcc387
2025-05-24,92950,USDC-WETH,1%,0x7bea39867e4169dbe237d55c8242a8f2fcdcc387
2025-05-25,92741,USDC-WETH,1%,0x7bea39867e4169dbe237d55c8242a8f2fcdcc387
2025-05-26,92828,USDC-WETH,1%,0x7bea39867e4169dbe237d55c8242a8f2fcdcc387
2025-05-27,96490,USDC-WETH,1%,0x7bea39867e4169dbe237d55c8242a8f2fcdcc387
2025-05-28,96064,USDC-WETH,1%,0x7bea39867e4169dbe237d55c8242a8f2fcdcc387
2025-05-29,95966,USDC-WETH,1%,0x7bea39867e4169dbe237d55c8242a8f2fcdcc387
2025-05-30,92035,USDC-WETH,1%,0x7bea39867e4169dbe237d55c8242a8f2fcdcc387
2025-05-31,91976,USDC-WETH,1%,0x7bea39867e4169dbe237d55c8242a8f2fcdcc387
2025-06-01,91875,USDC-WETH,1%,0x7bea39867e4169dbe237d55c8242a8f2fcdcc387
2025-06-02,93620,USDC-WETH,1%,0x7bea39867e4169dbe237d55c8242a8f2fcdcc387
2025-06-03,94439,USDC-WETH,1%,0x7bea39867e4169dbe237d55c8242a8f2fcdcc387
2025-06-04,94661,USDC-WETH,1%,0x7bea39867e4169dbe237d55c8242a8f2fcdcc387
2025-06-05,87928,USDC-WETH,1%,0x7bea39867e4169dbe237d55c8242a8f2fcdcc387
2025-06-06,90045,USDC-WETH,1%,0x7bea39867e4169dbe237d55c8242a8f2fcdcc387
2025-06-07,91983,USDC-WETH,1%,0x7bea39867e4169dbe237d55c8242a8f2fcdcc387
2025-06-08,91274,USDC-WETH,1%,0x7bea39867e4169dbe237d55c8242a8f2fcdcc387
2025-06-09,96458,USDC-WETH,1%,0x7bea39867e4169dbe237d55c8242a8f2fcdcc387
2025-06-10,101637,USDC-WETH,1%,0x7bea39867e4169dbe237d55c8242a8f2fcdcc387
2025-06-11,100057,USDC-WETH,1%,0x7bea39867e4169dbe237d55c8242a8f2fcdcc387
2025-06-12,95622,USDC-WETH,1%,0x7bea39867e4169dbe237d55c8242a8f2fcdcc387
2025-06-13,92903,USDC-WETH,1%,0x7bea39867e4169dbe237d55c8242a8f2fcdcc387
2025-06-14,91589,USDC-WETH,1%,0x7bea39867e4169dbe237d55c8242a8f2fcdcc387
2025-06-15,92239,USDC-WETH,1%,0x7bea39867e4169dbe237d55c8242a8f2fcdcc387
2025-06-16,93212,USDC-WETH,1%,0x7bea39867e4169dbe237d55c8242a8f2fcdcc387
2025-06-17,90596,USDC-WETH,1%,0x7bea39867e4169dbe237d55c8242a8f2fcdcc387
2025-06-18,91591,USDC-WETH,1%,0x7bea39867e4169dbe237d55c8242a8f2fcdcc387
2025-06-19,91638,USDC-WETH,1%,0x7bea39867e4169dbe237d55c8242a8f2fcdcc387
2025-06-20,87751,USDC-WETH,1%,0x7bea39867e4169dbe237d55c8242a8f2fcdcc387
2025-06-21,82924,USDC-WETH,1%,0x7bea39867e4169dbe237d55c8242a8f2fcdcc387
2025-06-22,80743,USDC-WETH,1%,0x7bea39867e4169dbe237d55c8242a8f2fcdcc387
2025-06-23,87381,USDC-WETH,1%,0x7bea39867e4169dbe237d55c8242a8f2fcdcc387
2025-06-24,88450,USDC-WETH,1%,0x7bea39867e4169dbe237d55c8242a8f2fcdcc387
2025-06-25,87525,USDC-WETH,1%,0x7bea39867e4169dbe237d55c8242a8f2fcdcc387
2025-06-26,87435,USDC-WETH,1%,0x7bea39867e4169dbe237d55c8242a8f2fcdcc387
2025-06-27,87807,USDC-WETH,1%,0x7bea39867e4169dbe237d55c8242a8f2fcdcc387
2025-06-28,88448,USDC-WETH,1%,0x7bea39867e4169dbe237d55c8242a8f2fcdcc387
2025-06-29,90570,USDC-WETH,1%,0x7bea39867e4169dbe237d55c8242a8f2fcdcc387
2025-06-30,90267,USDC-WETH,1%,0x7bea39867e4169dbe237d55c8242a8f2fcdcc387
2025-07-01,86772,USDC-WETH,1%,0x7bea39867e4169dbe237d55c8242a8f2fcdcc387
2025-07-02,94017,USDC-WETH,1%,0x7bea39867e4169dbe237d55c8242a8f2fcdcc387
2025-07-03,93841,USDC-WETH,1%,0x7bea39867e4169dbe237d55c8242a8f2fcdcc387
2025-07-04,91052,USDC-WETH,1%,0x7bea39867e4169dbe237d55c8242a8f2fcdcc387
2025-07-05,91081,USDC-WETH,1%,0x7bea39867e4169dbe237d55c8242a8f2fcdcc387
2025-07-06,93390,USDC-WETH,1%,0x7bea39867e4169dbe237d55c8242a8f2fcdcc387
2025-07-07,91739,USDC-WETH,1%,0x7bea39867e4169dbe237d55c8242a8f2fcdcc387
2025-07-08,94439,USDC-WETH,1%,0x7bea39867e4169dbe237d55c8242a8f2fcdcc387
2025-07-09,100108,USDC-WETH,1%,0x7bea39867e4169dbe237d55c8242a8f2fcdcc387
2025-07-10,107614,USDC-WETH,1%,0x7bea39867e4169dbe237d55c8242a8f2fcdcc387
2025-07-11,107722,USDC-WETH,1%,0x7bea39867e4169dbe237d55c8242a8f2fcdcc387
2025-07-12,106243,USDC-WETH,1%,0x7bea39867e4169dbe237d55c8242a8f2fcdcc387
2025-07-13,106990,USDC-WETH,1%,0x7bea39867e4169dbe237d55c8242a8f2fcdcc387
2025-07-14,109047,USDC-WETH,1%,0x7bea39867e4169dbe237d55c8242a8f2fcdcc387
2025-07-15,111776,USDC-WETH,1%,0x7bea39867e4169dbe237d55c8242a8f2fcdcc387
2025-07-16,121586,USDC-WETH,1%,0x7bea39867e4169dbe237d55c8242a8f2fcdcc387
2025-07-17,125401,USDC-WETH,1%,0x7bea39867e4169dbe237d55c8242a8f2fcdcc387
2025-07-18,128137,USDC-WETH,1%,0x7bea39867e4169dbe237d55c8242a8f2fcdcc387
2025-07-19,129504,USDC-WETH,1%,0x7bea39867e4169dbe237d55c8242a8f2fcdcc387
2025-07-20,136172,USDC-WETH,1%,0x7bea39867e4169dbe237d55c8242a8f2fcdcc387
2025-07-21,135731,USDC-WETH,1%,0x7bea39867e4169dbe237d55c8242a8f2fcdcc387
2025-07-22,134159,USDC-WETH,1%,0x7bea39867e4169dbe237d55c8242a8f2fcdcc387
2025-07-23,130102,USDC-WETH,1%,0x7bea39867e4169dbe237d55c8242a8f2fcdcc387
2025-07-24,133927,USDC-WETH,1%,0x7bea39867e4169dbe237d55c8242a8f2fcdcc387
2025-07-25,134211,USDC-WETH,1%,0x7bea39867e4169dbe237d55c8242a8f2fcdcc387
2025-07-26,135775,USDC-WETH,1%,0x7bea39867e4169dbe237d55c8242a8f2fcdcc387
2025-07-27,139261,USDC-WETH,1%,0x7bea39867e4169dbe237d55c8242a8f2fcdcc387
2025-07-28,136429,USDC-WETH,1%,0x7bea39867e4169dbe237d55c8242a8f2fcdcc387
2025-07-29,136692,USDC-WETH,1%,0x7bea39867e4169dbe237d55c8242a8f2fcdcc387
2025-07-30,135624,USDC-WETH,1%,0x7bea39867e4169dbe237d55c8242a8f2fcdcc387
2025-07-31,133845,USDC-WETH,1%,0x7bea39867e4169dbe237d55c8242a8f2fcdcc387
2025-08-01,124817,USDC-WETH,1%,0x7bea39867e4169dbe237d55c8242a8f2fcdcc387
2025-08-02,122981,USDC-WETH,1%,0x7bea39867e4169dbe237d55c8242a8f2fcdcc387
2025-08-03,126269,USDC-WETH,1%,0x7bea39867e4169dbe237d55c8242a8f2fcdcc387
2025-08-04,134475,USDC-WETH,1%,0x7bea39867e4169dbe237d55c8242a8f2fcdcc387
2025-08-05,129661,USDC-WETH,1%,0x7bea39867e4169dbe237d55c8242a8f2fcdcc387
2025-08-06,132792,USDC-WETH,1%,0x7bea39867e4169dbe237d55c8242a8f2fcdcc387
2025-08-07,125999,USDC-WETH,1%,0x7bea39867e4169dbe237d55c8242a8f2fcdcc387
2025-08-08,129455,USDC-WETH,1%,0x7bea39867e4169dbe237d55c8242a8f2fcdcc387
2025-08-09,137150,USDC-WETH,1%,0x7bea39867e4169dbe237d55c8242a8f2fcdcc387
2025-08-10,136140,USDC-WETH,1%,0x7bea39867e4169dbe237d55c8242a8f2fcdcc387
2025-08-11,135676,USDC-WETH,1%,0x7bea39867e4169dbe237d55c8242a8f2fcdcc387
2025-08-12,147084,USDC-WETH,1%,0x7bea39867e4169dbe237d55c8242a8f2fcdcc387
2025-08-13,152531,USDC-WETH,1%,0x7bea39867e4169dbe237d55c8242a8f2fcdcc387
2025-08-14,145724,USDC-WETH,1%,0x7bea39867e4169dbe237d55c8242a8f2fcdcc387
2025-08-15,142946,USDC-WETH,1%,0x7bea39867e4169dbe237d55c8242a8f2fcdcc387
2025-08-16,142412,USDC-WETH,1%,0x7bea39867e4169dbe237d55c8242a8f2fcdcc387
2025-08-17,145655,USDC-WETH,1%,0x7bea39867e4169dbe237d55c8242a8f2fcdcc387
2025-08-18,139632,USDC-WETH,1%,0x7bea39867e4169dbe237d55c8242a8f2fcdcc387
2025-08-19,132953,USDC-WETH,1%,0x7bea39867e4169dbe237d55c8242a8f2fcdcc387
2025-08-20,139441,USDC-WETH,1%,0x7bea39867e4169dbe237d55c8242a8f2fcdcc387
2025-08-21,136705,USDC-WETH,1%,0x7bea39867e4169dbe237d55c8242a8f2fcdcc387
2025-08-22,154743,USDC-WETH,1%,0x7bea39867e4169dbe237d55c8242a8f2fcdcc387
2025-08-23,153319,USDC-WETH,1%,0x7bea39867e4169dbe237d55c8242a8f2fcdcc387
2025-08-24,153630,USDC-WETH,1%,0x7bea39867e4169dbe237d55c8242a8f2fcdcc387
2025-08-25,141088,USDC-WETH,1%,0x7bea39867e4169dbe237d55c8242a8f2fcdcc387
2025-08-26,147626,USDC-WETH,1%,0x7bea39867e4169dbe237d55c8242a8f2fcdcc387
2025-08-27,145444,USDC-WETH,1%,0x7bea39867e4169dbe237d55c8242a8f2fcdcc387
2025-08-28,144907,USDC-WETH,1%,0x7bea39867e4169dbe237d55c8242a8f2fcdcc387
2025-08-29,140295,USDC-WETH,1%,0x7bea39867e4169dbe237d55c8242a8f2fcdcc387
2025-08-30,140125,USDC-WETH,1%,0x7bea39867e4169dbe237d55c8242a8f2fcdcc387
2025-08-31,142675,USDC-WETH,1%,0x7bea39867e4169dbe237d55c8242a8f2fcdcc387
2025-09-01,137795,USDC-WETH,1%,0x7bea39867e4169dbe237d55c8242a8f2fcdcc387
2025-09-02,139159,USDC-WETH,1%,0x7bea39867e4169dbe237d55c8242a8f2fcdcc387
2025-09-03,143782,USDC-WETH,1%,0x7bea39867e4169dbe237d55c8242a8f2fcdcc387
2025-09-04,139755,USDC-WETH,1%,0x7bea39867e4169dbe237d55c8242a8f2fcdcc387
2025-09-05,138638,USDC-WETH,1%,0x7bea39867e4169dbe237d55c8242a8f2fcdcc387
2025-09-06,137546,USDC-WETH,1%,0x7bea39867e4169dbe237d55c8242a8f2fcdcc387
2025-09-07,138678,USDC-WETH,1%,0x7bea39867e4169dbe237d55c8242a8f2fcdcc387
2025-09-08,138518,USDC-WETH,1%,0x7bea39867e4169dbe237d55c8242a8f2fcdcc387
2025-09-09,138604,USDC-WETH,1%,0x7bea39867e4169dbe237d55c8242a8f2fcdcc387
2025-09-10,139768,USDC-WETH,1%,0x7bea39867e4169dbe237d55c8242a8f2fcdcc387
2025-09-11,143246,USDC-WETH,1%,0x7bea39867e4169dbe237d55c8242a8f2fcdcc387
2025-09-12,151008,USDC-WETH,1%,0x7bea39867e4169dbe237d55c8242a8f2fcdcc387
2025-09-13,149803,USDC-WETH,1%,0x7bea39867e4169dbe237d55c8242a8f2fcdcc387
2025-09-14,148944,USDC-WETH,1%,0x7bea39867e4169dbe237d55c8242a8f2fcdcc387
2025-09-15,145191,USDC-WETH,1%,0x7bea39867e4169dbe237d55c8242a8f2fcdcc387
2025-09-16,145336,USDC-WETH,1%,0x7bea39867e4169dbe237d55c8242a8f2fcdcc387
2025-09-17,147808,USDC-WETH,1%,0x7bea39867e4169dbe237d55c8242a8f2fcdcc387
2025-09-18,147694,USDC-WETH,1%,0x7bea39867e4169dbe237d55c8242a8f2fcdcc387
2025-09-19,143738,USDC-WETH,1%,0x7bea39867e4169dbe237d55c8242a8f2fcdcc387
2025-09-20,144509,USDC-WETH,1%,0x7bea39867e4169dbe237d55c8242a8f2fcdcc387
2025-09-21,143716,USDC-WETH,1%,0x7bea39867e4169dbe237d55c8242a8f2fcdcc387
2025-09-22,134776,USDC-WETH,1%,0x7bea39867e4169dbe237d55c8242a8f2fcdcc387
2025-09-23,134534,USDC-WETH,1%,0x7bea39867e4169dbe237d55c8242a8f2fcdcc387
2025-09-24,133537,USDC-WETH,1%,0x7bea39867e4169dbe237d55c8242a8f2fcdcc387
2025-09-25,125261,USDC-WETH,1%,0x7bea39867e4169dbe237d55c8242a8f2fcdcc387
2025-09-26,129547,USDC-WETH,1%,0x7bea39867e4169dbe237d55c8242a8f2fcdcc387
2025-09-27,129283,USDC-WETH,1%,0x7bea39867e4169dbe237d55c8242a8f2fcdcc387
2025-09-28,132781,USDC-WETH,1%,0x7bea39867e4169dbe237d55c8242a8f2fcdcc387
2025-09-29,136019,USDC-WETH,1%,0x7bea39867e4169dbe237d55c8242a8f2fcdcc387
2025-09-30,132841,USDC-WETH,1%,0x7bea39867e4169dbe237d55c8242a8f2fcdcc387
2025-10-01,138630,USDC-WETH,1%,0x7bea39867e4169dbe237d55c8242a8f2fcdcc387
2025-10-02,143494,USDC-WETH,1%,0x7bea39867e4169dbe237d55c8242a8f2fcdcc387
2025-10-03,145592,USDC-WETH,1%,0x7bea39867e4169dbe237d55c8242a8f2fcdcc387
2025-10-04,144347,USDC-WETH,1%,0x7bea39867e4169dbe237d55c8242a8f2fcdcc387
2025-10-05,145064,USDC-WETH,1%,0x7bea39867e4169dbe237d55c8242a8f2fcdcc387
2025-10-06,151055,USDC-WETH,1%,0x7bea39867e4169dbe237d55c8242a8f2fcdcc387
2025-10-07,144594,USDC-WETH,1%,0x7bea39867e4169dbe237d55c8242a8f2fcdcc387
2025-10-08,145457,USDC-WETH,1%,0x7bea39867e4169dbe237d55c8242a8f2fcdcc387
2025-10-09,140742,USDC-WETH,1%,0x7bea39867e4169dbe237d55c8242a8f2fcdcc387
2025-10-10,125147,USDC-WETH,1%,0x7bea39867e4169dbe237d55c8242a8f2fcdcc387
2025-10-11,120392,USDC-WETH,1%,0x7bea39867e4169dbe237d55c8242a8f2fcdcc387
2025-10-12,133115,USDC-WETH,1%,0x7bea39867e4169dbe237d55c8242a8f2fcdcc387
2025-10-13,137302,USDC-WETH,1%,0x7bea39867e4169dbe237d55c8242a8f2fcdcc387
2025-10-14,132401,USDC-WETH,1%,0x7bea39867e4169dbe237d55c8242a8f2fcdcc387
2025-10-15,127319,USDC-WETH,1%,0x7bea39867e4169dbe237d55c8242a8f2fcdcc387
2025-10-16,124207,USDC-WETH,1%,0x7bea39867e4169dbe237d55c8242a8f2fcdcc387
2025-10-17,123847,USDC-WETH,1%,0x7bea39867e4169dbe237d55c8242a8f2fcdcc387
2025-10-18,124894,USDC-WETH,1%,0x7bea39867e4169dbe237d55c8242a8f2fcdcc387
2025-10-19,129246,USDC-WETH,1%,0x7bea39867e4169dbe237d55c8242a8f2fcdcc387
2025-10-20,128428,USDC-WETH,1%,0x7bea39867e4169dbe237d55c8242a8f2fcdcc387
2025-10-21,125133,USDC-WETH,1%,0x7bea39867e4169dbe237d55c8242a8f2fcdcc387
2025-10-22,120352,USDC-WETH,1%,0x7bea39867e4169dbe237d55c8242a8f2fcdcc387
2025-10-23,123503,USDC-WETH,1%,0x7bea39867e4169dbe237d55c8242a8f2fcdcc387
2025-10-24,126220,USDC-WETH,1%,0x7bea39867e4169dbe237d55c8242a8f2fcdcc387
2025-10-25,126797,USDC-WETH,1%,0x7bea39867e4169dbe237d55c8242a8f2fcdcc387
2025-10-26,130291,USDC-WETH,1%,0x7bea39867e4169dbe237d55c8242a8f2fcdcc387
2025-10-27,131970,USDC-WETH,1%,0x7bea39867e4169dbe237d55c8242a8f2fcdcc387
2025-10-28,127760,USDC-WETH,1%,0x7bea39867e4169dbe237d55c8242a8f2fcdcc387
2025-10-29,124961,USDC-WETH,1%,0x7bea39867e4169dbe237d55c8242a8f2fcdcc387
2025-10-30,121289,USDC-WETH,1%,0x7bea39867e4169dbe237d55c8242a8f2fcdcc387
2025-10-31,124661,USDC-WETH,1%,0x7bea39867e4169dbe237d55c8242a8f2fcdcc387
2025-11-01,123900,USDC-WETH,1%,0x7bea39867e4169dbe237d55c8242a8f2fcdcc387
2025-11-02,123307,USDC-WETH,1%,0x7bea39867e4169dbe237d55c8242a8f2fcdcc387
2025-11-03,114540,USDC-WETH,1%,0x7bea39867e4169dbe237d55c8242a8f2fcdcc387
2025-11-04,104688,USDC-WETH,1%,0x7bea39867e4169dbe237d55c8242a8f2fcdcc387
2025-11-05,110752,USDC-WETH,1%,0x7bea39867e4169dbe237d55c8242a8f2fcdcc387
2025-11-06,106448,USDC-WETH,1%,0x7bea39867e4169dbe237d55c8242a8f2fcdcc387
2025-11-07,110264,USDC-WETH,1%,0x7bea39867e4169dbe237d55c8242a8f2fcdcc387
2025-11-08,109059,USDC-WETH,1%,0x7bea39867e4169dbe237d55c8242a8f2fcdcc387
2025-11-09,115007,USDC-WETH,1%,0x7bea39867e4169dbe237d55c8242a8f2fcdcc387
2025-11-10,113094,USDC-WETH,1%,0x7bea39867e4169dbe237d55c8242a8f2fcdcc387
2025-11-11,109559,USDC-WETH,1%,0x7bea39867e4169dbe237d55c8242a8f2fcdcc387
2025-11-12,109488,USDC-WETH,1%,0x7bea39867e4169dbe237d55c8242a8f2fcdcc387
2025-11-13,103288,USDC-WETH,1%,0x7bea39867e4169dbe237d55c8242a8f2fcdcc387
2025-11-14,98248,USDC-WETH,1%,0x7bea39867e4169dbe237d55c8242a8f2fcdcc387
2025-11-15,98649,USDC-WETH,1%,0x7bea39867e4169dbe237d55c8242a8f2fcdcc387
2025-11-16,95835,USDC-WETH,1%,0x7bea39867e4169dbe237d55c8242a8f2fcdcc387
2025-11-17,94069,USDC-WETH,1%,0x7bea39867e4169dbe237d55c8242a8f2fcdcc387
2025-11-18,97159,USDC-WETH,1%,0x7bea39867e4169dbe237d55c8242a8f2fcdcc387
2025-11-19,92801,USDC-WETH,1%,0x7bea39867e4169dbe237d55c8242a8f2fcdcc387
2025-11-20,89892,USDC-WETH,1%,0x7bea39867e4169dbe237d55c8242a8f2fcdcc387
2025-11-21,84828,USDC-WETH,1%,0x7bea39867e4169dbe237d55c8242a8f2fcdcc387
2025-11-22,86961,USDC-WETH,1%,0x7bea39867e4169dbe237d55c8242a8f2fcdcc387
2025-11-23,88290,USDC-WETH,1%,0x7bea39867e4169dbe237d55c8242a8f2fcdcc387
2025-11-24,92170,USDC-WETH,1%,0x7bea39867e4169dbe237d55c8242a8f2fcdcc387
2025-11-25,92366,USDC-WETH,1%,0x7bea39867e4169dbe237d55c8242a8f2fcdcc387
2025-11-26,94347,USDC-WETH,1%,0x7bea39867e4169dbe237d55c8242a8f2fcdcc387
2025-11-27,93746,USDC-WETH,1%,0x7bea39867e4169dbe237d55c8242a8f2fcdcc387
2025-11-28,94680,USDC-WETH,1%,0x7bea39867e4169dbe237d55c8242a8f2fcdcc387
2025-11-29,93090,USDC-WETH,1%,0x7bea39867e4169dbe237d55c8242a8f2fcdcc387
2025-11-30,94378,USDC-WETH,1%,0x7bea39867e4169dbe237d55c8242a8f2fcdcc387
2025-12-01,87183,USDC-WETH,1%,0x7bea39867e4169dbe237d55c8242a8f2fcdcc387
2025-12-02,93349,USDC-WETH,1%,0x7bea39867e4169dbe237d55c8242a8f2fcdcc387
2025-12-03,98628,USDC-WETH,1%,0x7bea39867e4169dbe237d55c8242a8f2fcdcc387
2025-12-04,97928,USDC-WETH,1%,0x7bea39867e4169dbe237d55c8242a8f2fcdcc387
2025-12-05,94303,USDC-WETH,1%,0x7bea39867e4169dbe237d55c8242a8f2fcdcc387
2025-12-06,94747,USDC-WETH,1%,0x7bea39867e4169dbe237d55c8242a8f2fcdcc387
2025-12-07,94468,USDC-WETH,1%,0x7bea39867e4169dbe237d55c8242a8f2fcdcc387
2025-12-08,97522,USDC-WETH,1%,0x7bea39867e4169dbe237d55c8242a8f2fcdcc387
2025-12-09,103784,USDC-WETH,1%,0x7bea39867e4169dbe237d55c8242a8f2fcdcc387
2025-12-10,104356,USDC-WETH,1%,0x7bea39867e4169dbe237d55c8242a8f2fcdcc387
2025-12-11,100969,USDC-WETH,1%,0x7bea39867e4169dbe237d55c8242a8f2fcdcc387
2025-12-12,96302,USDC-WETH,1%,0x7bea39867e4169dbe237d55c8242a8f2fcdcc387
2025-12-13,96938,USDC-WETH,1%,0x7bea39867e4169dbe237d55c8242a8f2fcdcc387
2025-12-14,95498,USDC-WETH,1%,0x7bea39867e4169dbe237d55c8242a8f2fcdcc387
2025-12-15,91810,USDC-WETH,1%,0x7bea39867e4169dbe237d55c8242a8f2fcdcc387
2025-12-16,91954,USDC-WETH,1%,0x7bea39867e4169dbe237d55c8242a8f2fcdcc387
2025-12-17,88278,USDC-WETH,1%,0x7bea39867e4169dbe237d55c8242a8f2fcdcc387
2025-12-18,88082,USDC-WETH,1%,0x7bea39867e4169dbe237d55c8242a8f2fcdcc387
2025-12-19,92986,USDC-WETH,1%,0x7bea39867e4169dbe237d55c8242a8f2fcdcc387
2025-12-20,92480,USDC-WETH,1%,0x7bea39867e4169dbe237d55c8242a8f2fcdcc387
2025-12-21,92946,USDC-WETH,1%,0x7bea39867e4169dbe237d55c8242a8f2fcdcc387
2025-12-22,93449,USDC-WETH,1%,0x7bea39867e4169dbe237d55c8242a8f2fcdcc387
2025-12-23,91795,USDC-WETH,1%,0x7bea39867e4169dbe237d55c8242a8f2fcdcc387
2025-12-24,91816,USDC-WETH,1%,0x7bea39867e4169dbe237d55c8242a8f2fcdcc387
2025-12-25,90595,USDC-WETH,1%,0x7bea39867e4169dbe237d55c8242a8f2fcdcc387
2025-12-26,90897,USDC-WETH,1%,0x7bea39867e4169dbe237d55c8242a8f2fcdcc387
2025-12-27,91047,USDC-WETH,1%,0x7bea39867e4169dbe237d55c8242a8f2fcdcc387
2025-12-28,91601,USDC-WETH,1%,0x7bea39867e4169dbe237d55c8242a8f2fcdcc387
2025-12-29,91130,USDC-WETH,1%,0x7bea39867e4169dbe237d55c8242a8f2fcdcc387
2025-12-30,92054,USDC-WETH,1%,0x7bea39867e4169dbe237d55c8242a8f2fcdcc387
2025-12-31,92326,USDC-WETH,1%,0x7bea39867e4169dbe237d55c8242a8f2fcdcc387
2026-01-01,92980,USDC-WETH,1%,0x7bea39867e4169dbe237d55c8242a8f2fcdcc387
2026-01-02,97258,USDC-WETH,1%,0x7bea39867e4169dbe237d55c8242a8f2fcdcc387
2026-01-03,96882,USDC-WETH,1%,0x7bea39867e4169dbe237d55c8242a8f2fcdcc387
2026-01-04,97404,USDC-WETH,1%,0x7bea39867e4169dbe237d55c8242a8f2fcdcc387
2026-01-05,100512,USDC-WETH,1%,0x7bea39867e4169dbe237d55c8242a8f2fcdcc387
2026-01-06,102077,USDC-WETH,1%,0x7bea39867e4169dbe237d55c8242a8f2fcdcc387
2026-01-07,97777,USDC-WETH,1%,0x7bea39867e4169dbe237d55c8242a8f2fcdcc387
2026-01-08,96748,USDC-WETH,1%,0x7bea39867e4169dbe237d55c8242a8f2fcdcc387
2026-01-09,95694,USDC-WETH,1%,0x7bea39867e4169dbe237d55c8242a8f2fcdcc387
2026-01-10,95583,USDC-WETH,1%,0x7bea39867e4169dbe237d55c8242a8f2fcdcc387
2026-01-11,96546,USDC-WETH,1%,0x7bea39867e4169dbe237d55c8242a8f2fcdcc387
2026-01-12,96057,USDC-WETH,1%,0x7bea39867e4169dbe237d55c8242a8f2fcdcc387
2026-01-13,103291,USDC-WETH,1%,0x7bea39867e4169dbe237d55c8242a8f2fcdcc387
2026-01-14,104027,USDC-WETH,1%,0x7bea39867e4169dbe237d55c8242a8f2fcdcc387
2026-01-15,102501,USDC-WETH,1%,0x7bea39867e4169dbe237d55c8242a8f2fcdcc387
2026-01-16,102056,USDC-WETH,1%,0x7bea39867e4169dbe237d55c8242a8f2fcdcc387
2026-01-17,95619,USDC-WETH,1%,0x7bea39867e4169dbe237d55c8242a8f2fcdcc387
2026-01-18,96879,USDC-WETH,1%,0x7bea39867e4169dbe237d55c8242a8f2fcdcc387
2026-01-19,92486,USDC-WETH,1%,0x7bea39867e4169dbe237d55c8242a8f2fcdcc387
2026-01-20,85193,USDC-WETH,1%,0x7bea39867e4169dbe237d55c8242a8f2fcdcc387
2026-01-21,87103,USDC-WETH,1%,0x7bea39867e4169dbe237d55c8242a8f2fcdcc387
2026-01-22,85295,USDC-WETH,1%,0x7bea39867e4169dbe237d55c8242a8f2fcdcc387
2026-01-23,85512,USDC-WETH,1%,0x7bea39867e4169dbe237d55c8242a8f2fcdcc387
2026-01-24,85321,USDC-WETH,1%,0x7bea39867e4169dbe237d55c8242a8f2fcdcc387
2026-01-25,80823,USDC-WETH,1%,0x7bea39867e4169dbe237d55c8242a8f2fcdcc387
2026-01-26,84364,USDC-WETH,1%,0x7bea39867e4169dbe237d55c8242a8f2fcdcc387
2026-01-27,87040,USDC-WETH,1%,0x7bea39867e4169dbe237d55c8242a8f2fcdcc387
2026-01-28,86569,USDC-WETH,1%,0x7bea39867e4169dbe237d55c8242a8f2fcdcc387
2026-01-29,81269,USDC-WETH,1%,0x7bea39867e4169dbe237d55c8242a8f2fcdcc387
2026-01-30,77958,USDC-WETH,1%,0x7bea39867e4169dbe237d55c8242a8f2fcdcc387
2026-01-31,69791,USDC-WETH,1%,0x7bea39867e4169dbe237d55c8242a8f2fcdcc387
2026-02-01,66823,USDC-WETH,1%,0x7bea39867e4169dbe237d55c8242a8f2fcdcc387
2026-02-02,67699,USDC-WETH,1%,0x7bea39867e4169dbe237d55c8242a8f2fcdcc387
2026-02-03,64383,USDC-WETH,1%,0x7bea39867e4169dbe237d55c8242a8f2fcdcc387
2026-02-04,61024,USDC-WETH,1%,0x7bea39867e4169dbe237d55c8242a8f2fcdcc387
2026-02-05,53944,USDC-WETH,1%,0x7bea39867e4169dbe237d55c8242a8f2fcdcc387
2026-02-06,59815,USDC-WETH,1%,0x7bea39867e4169dbe237d55c8242a8f2fcdcc387
2026-02-07,60288,USDC-WETH,1%,0x7bea39867e4169dbe237d55c8242a8f2fcdcc387
2026-02-08,60456,USDC-WETH,1%,0x7bea39867e4169dbe237d55c8242a8f2fcdcc387
2026-02-09,60912,USDC-WETH,1%,0x7bea39867e4169dbe237d55c8242a8f2fcdcc387
2026-02-10,58142,USDC-WETH,1%,0x7bea39867e4169dbe237d55c8242a8f2fcdcc387
2026-02-11,56324,USDC-WETH,1%,0x7bea39867e4169dbe237d55c8242a8f2fcdcc387
2026-02-12,56038,USDC-WETH,1%,0x7bea39867e4169dbe237d55c8242a8f2fcdcc387
2026-02-13,59158,USDC-WETH,1%,0x7bea39867e4169dbe237d55c8242a8f2fcdcc387
2026-02-14,60309,USDC-WETH,1%,0x7bea39867e4169dbe237d55c8242a8f2fcdcc387
2026-02-15,56783,USDC-WETH,1%,0x7bea39867e4169dbe237d55c8242a8f2fcdcc387
2026-02-16,57434,USDC-WETH,1%,0x7bea39867e4169dbe237d55c8242a8f2fcdcc387
2026-02-17,57476,USDC-WETH,1%,0x7bea39867e4169dbe237d55c8242a8f2fcdcc387
2026-02-18,56160,USDC-WETH,1%,0x7bea39867e4169dbe237d55c8242a8f2fcdcc387
2026-02-19,56073,USDC-WETH,1%,0x7bea39867e4169dbe237d55c8242a8f2fcdcc387
2026-02-20,56847,USDC-WETH,1%,0x7bea39867e4169dbe237d55c8242a8f2fcdcc387
2026-02-21,56977,USDC-WETH,1%,0x7bea39867e4169dbe237d55c8242a8f2fcdcc387
2026-02-22,56533,USDC-WETH,1%,0x7bea39867e4169dbe237d55c8242a8f2fcdcc387
2026-02-23,53691,USDC-WETH,1%,0x7bea39867e4169dbe237d55c8242a8f2fcdcc387
2026-02-24,53669,USDC-WETH,1%,0x7bea39867e4169dbe237d55c8242a8f2fcdcc387
2026-02-25,60018,USDC-WETH,1%,0x7bea39867e4169dbe237d55c8242a8f2fcdcc387
2026-02-26,58650,USDC-WETH,1%,0x7bea39867e4169dbe237d55c8242a8f2fcdcc387
2026-02-27,55366,USDC-WETH,1%,0x7bea39867e4169dbe237d55c8242a8f2fcdcc387
2026-02-28,56834,USDC-WETH,1%,0x7bea39867e4169dbe237d55c8242a8f2fcdcc387
2026-03-01,55559,USDC-WETH,1%,0x7bea39867e4169dbe237d55c8242a8f2fcdcc387
2026-03-02,59199,USDC-WETH,1%,0x7bea39867e4169dbe237d55c8242a8f2fcdcc387
2026-03-03,57196,USDC-WETH,1%,0x7bea39867e4169dbe237d55c8242a8f2fcdcc387
2026-03-04,61518,USDC-WETH,1%,0x7bea39867e4169dbe237d55c8242a8f2fcdcc387
2026-03-05,60099,USDC-WETH,1%,0x7bea39867e4169dbe237d55c8242a8f2fcdcc387
2026-03-06,57382,USDC-WETH,1%,0x7bea39867e4169dbe237d55c8242a8f2fcdcc387
2026-03-07,56719,USDC-WETH,1%,0x7bea39867e4169dbe237d55c8242a8f2fcdcc387
2026-03-08,56035,USDC-WETH,1%,0x7bea39867e4169dbe237d55c8242a8f2fcdcc387
2026-03-09,57755,USDC-WETH,1%,0x7bea39867e4169dbe237d55c8242a8f2fcdcc387
2026-03-10,58463,USDC-WETH,1%,0x7bea39867e4169dbe237d55c8242a8f2fcdcc387
2026-03-11,59440,USDC-WETH,1%,0x7bea39867e4169dbe237d55c8242a8f2fcdcc387
2026-03-12,59501,USDC-WETH,1%,0x7bea39867e4169dbe237d55c8242a8f2fcdcc387
2026-03-13,60293,USDC-WETH,1%,0x7bea39867e4169dbe237d55c8242a8f2fcdcc387
2026-03-14,60116,USDC-WETH,1%,0x7bea39867e4169dbe237d55c8242a8f2fcdcc387
2026-03-15,62923,USDC-WETH,1%,0x7bea39867e4169dbe237d55c8242a8f2fcdcc387
2026-03-16,68055,USDC-WETH,1%,0x7bea39867e4169dbe237d55c8242a8f2fcdcc387
2026-03-17,67163,USDC-WETH,1%,0x7bea39867e4169dbe237d55c8242a8f2fcdcc387
2026-03-18,63654,USDC-WETH,1%,0x7bea39867e4169dbe237d55c8242a8f2fcdcc387
2026-03-19,61701,USDC-WETH,1%,0x7bea39867e4169dbe237d55c8242a8f2fcdcc387
2026-03-20,62203,USDC-WETH,1%,0x7bea39867e4169dbe237d55c8242a8f2fcdcc387
2026-03-21,62013,USDC-WETH,1%,0x7bea39867e4169dbe237d55c8242a8f2fcdcc387
2026-03-22,59466,USDC-WETH,1%,0x7bea39867e4169dbe237d55c8242a8f2fcdcc387
2026-03-23,62095,USDC-WETH,1%,0x7bea39867e4169dbe237d55c8242a8f2fcdcc387
2026-03-24,61888,USDC-WETH,1%,0x7bea39867e4169dbe237d55c8242a8f2fcdcc387
2026-03-25,62679,USDC-WETH,1%,0x7bea39867e4169dbe237d55c8242a8f2fcdcc387
2026-03-26,59376,USDC-WETH,1%,0x7bea39867e4169dbe237d55c8242a8f2fcdcc387
2026-03-27,57256,USDC-WETH,1%,0x7bea39867e4169dbe237d55c8242a8f2fcdcc387
2026-03-28,57927,USDC-WETH,1%,0x7bea39867e4169dbe237d55c8242a8f2fcdcc387
2026-03-29,56886,USDC-WETH,1%,0x7bea39867e4169dbe237d55c8242a8f2fcdcc387
2026-03-30,58557,USDC-WETH,1%,0x7bea39867e4169dbe237d55c8242a8f2fcdcc387
2026-03-31,60536,USDC-WETH,1%,0x7bea39867e4169dbe237d55c8242a8f2fcdcc387
2026-04-01,61653,USDC-WETH,1%,0x7bea39867e4169dbe237d55c8242a8f2fcdcc387
2026-04-02,59406,USDC-WETH,1%,0x7bea39867e4169dbe237d55c8242a8f2fcdcc387
2026-04-03,59156,USDC-WETH,1%,0x7bea39867e4169dbe237d55c8242a8f2fcdcc387
2026-04-04,59634,USDC-WETH,1%,0x7bea39867e4169dbe237d55c8242a8f2fcdcc387
2026-04-05,60004,USDC-WETH,1%,0x7bea39867e4169dbe237d55c8242a8f2fcdcc387
2026-04-06,60835,USDC-WETH,1%,0x7bea39867e4169dbe237d55c8242a8f2fcdcc387
2026-04-07,63731,USDC-WETH,1%,0x7bea39867e4169dbe237d55c8242a8f2fcdcc387
2026-04-08,63180,USDC-WETH,1%,0x7bea39867e4169dbe237d55c8242a8f2fcdcc387
2026-04-09,63416,USDC-WETH,1%,0x7bea39867e4169dbe237d55c8242a8f2fcdcc387
2026-04-10,64618,USDC-WETH,1%,0x7bea39867e4169dbe237d55c8242a8f2fcdcc387
2026-04-11,66120,USDC-WETH,1%,0x7bea39867e4169dbe237d55c8242a8f2fcdcc387
2026-04-12,63267,USDC-WETH,1%,0x7bea39867e4169dbe237d55c8242a8f2fcdcc387
2026-04-13,67825,USDC-WETH,1%,0x7bea39867e4169dbe237d55c8242a8f2fcdcc387
2026-04-14,66717,USDC-WETH,1%,0x7bea39867e4169dbe237d55c8242a8f2fcdcc387
2026-04-15,68113,USDC-WETH,1%,0x7bea39867e4169dbe237d55c8242a8f2fcdcc387
2026-04-16,67501,USDC-WETH,1%,0x7bea39867e4169dbe237d55c8242a8f2fcdcc387
2026-04-17,70078,USDC-WETH,1%,0x7bea39867e4169dbe237d55c8242a8f2fcdcc387
2026-04-18,67924,USDC-WETH,1%,0x7bea39867e4169dbe237d55c8242a8f2fcdcc387
2026-04-19,65507,USDC-WETH,1%,0x7bea39867e4169dbe237d55c8242a8f2fcdcc387
2026-04-20,66784,USDC-WETH,1%,0x7bea39867e4169dbe237d55c8242a8f2fcdcc387
2026-04-21,66592,USDC-WETH,1%,0x7bea39867e4169dbe237d55c8242a8f2fcdcc387
2026-04-22,69029,USDC-WETH,1%,0x7bea39867e4169dbe237d55c8242a8f2fcdcc387
2026-04-23,67162,USDC-WETH,1%,0x7bea39867e4169dbe237d55c8242a8f2fcdcc387
2026-04-24,66590,USDC-WETH,1%,0x7bea39867e4169dbe237d55c8242a8f2fcdcc387
2026-04-25,66760,USDC-WETH,1%,0x7bea39867e4169dbe237d55c8242a8f2fcdcc387
2026-04-26,68042,USDC-WETH,1%,0x7bea39867e4169dbe237d55c8242a8f2fcdcc387
2026-04-27,66081,USDC-WETH,1%,0x7bea39867e4169dbe237d55c8242a8f2fcdcc387
2026-04-28,65808,USDC-WETH,1%,0x7bea39867e4169dbe237d55c8242a8f2fcdcc387
2026-04-29,64997,USDC-WETH,1%,0x7bea39867e4169dbe237d55c8242a8f2fcdcc387
2026-04-30,64869,USDC-WETH,1%,0x7bea39867e4169dbe237d55c8242a8f2fcdcc387
2026-05-01,65676,USDC-WETH,1%,0x7bea39867e4169dbe237d55c8242a8f2fcdcc387
2026-05-07,65855,USDC-WETH,1%,0x7bea39867e4169dbe237d55c8242a8f2fcdcc387
2026-05-08,65780,USDC-WETH,1%,0x7bea39867e4169dbe237d55c8242a8f2fcdcc387
2026-05-10,68370,USDC-WETH,1%,0x7bea39867e4169dbe237d55c8242a8f2fcdcc387
2026-05-11,67297,USDC-WETH,1%,0x7bea39867e4169dbe237d55c8242a8f2fcdcc387
2026-05-12,241344,USDC-WETH,1%,0x7bea39867e4169dbe237d55c8242a8f2fcdcc387
2026-05-13,240977,USDC-WETH,1%,0x7bea39867e4169dbe237d55c8242a8f2fcdcc387
2026-05-14,241539,USDC-WETH,1%,0x7bea39867e4169dbe237d55c8242a8f2fcdcc387
2026-05-15,240470,USDC-WETH,1%,0x7bea39867e4169dbe237d55c8242a8f2fcdcc387
2026-05-16,239851,USDC-WETH,1%,0x7bea39867e4169dbe237d55c8242a8f2fcdcc387
2026-05-17,239813,USDC-WETH,1%,0x7bea39867e4169dbe237d55c8242a8f2fcdcc387
2026-05-18,61097,USDC-WETH,1%,0x7bea39867e4169dbe237d55c8242a8f2fcdcc387
2026-05-21,61060,USDC-WETH,1%,0x7bea39867e4169dbe237d55c8242a8f2fcdcc387
2026-05-22,61106,USDC-WETH,1%,0x7bea39867e4169dbe237d55c8242a8f2fcdcc387
2026-05-23,59470,USDC-WETH,1%,0x7bea39867e4169dbe237d55c8242a8f2fcdcc387
2026-05-24,60012,USDC-WETH,1%,0x7bea39867e4169dbe237d55c8242a8f2fcdcc387
2026-05-25,60822,USDC-WETH,1%,0x7bea39867e4169dbe237d55c8242a8f2fcdcc387
2026-05-26,59409,USDC-WETH,1%,0x7bea39867e4169dbe237d55c8242a8f2fcdcc387
2026-05-27,59177,USDC-WETH,1%,0x7bea39867e4169dbe237d55c8242a8f2fcdcc387
2026-05-29,57739,USDC-WETH,1%,0x7bea39867e4169dbe237d55c8242a8f2fcdcc387
2026-06-04,50744,USDC-WETH,1%,0x7bea39867e4169dbe237d55c8242a8f2fcdcc387
2026-06-05,50774,USDC-WETH,1%,0x7bea39867e4169dbe237d55c8242a8f2fcdcc387
2026-06-23,48172,USDC-WETH,1%,0x7bea39867e4169dbe237d55c8242a8f2fcdcc387
2026-06-24,47622,USDC-WETH,1%,0x7bea39867e4169dbe237d55c8242a8f2fcdcc387
2026-07-03,50843,USDC-WETH,1%,0x7bea39867e4169dbe237d55c8242a8f2fcdcc387
2026-07-04,51230,USDC-WETH,1%,0x7bea39867e4169dbe237d55c8242a8f2fcdcc387
2026-07-06,52148,USDC-WETH,1%,0x7bea39867e4169dbe237d55c8242a8f2fcdcc387
2026-07-07,52261,USDC-WETH,1%,0x7bea39867e4169dbe237d55c8242a8f2fcdcc387
2026-07-11,52371,USDC-WETH,1%,0x7bea39867e4169dbe237d55c8242a8f2fcdcc387
2026-07-12,52541,USDC-WETH,1%,0x7bea39867e4169dbe237d55c8242a8f2fcdcc387
2026-08-10,54191,USDC-WETH,1%,0x7bea39867e4169dbe237d55c8242a8f2fcdcc387
2026-08-11,54412,USDC-WETH,1%,0x7bea39867e4169dbe237d55c8242a8f2fcdcc387
2026-09-04,70940,USDC-WETH,1%,0x7bea39867e4169dbe237d55c8242a8f2fcdcc387
2026-09-05,71711,USDC-WETH,1%,0x7bea39867e4169dbe237d55c8242a8f2fcdcc387
2026-09-09,70724,USDC-WETH,1%,0x7bea39867e4169dbe237d55c8242a8f2fcdcc387
2026-09-10,71501,USDC-WETH,1%,0x7bea39867e4169dbe237d55c8242a8f2fcdcc387
