week,project_contract_address,symbol,fee_tier,tvl_usd
2022-03-21,0x11b815efb8f581194ae79006d24e0d814b7697f6,WETH-USDT,0.05%,66987402.0
2022-03-21,0x4e68ccd3e89f51c3074ca5072bbac773960dfa36,WETH-USDT,0.3%,191143887.0
2022-03-21,0x7bea39867e4169dbe237d55c8242a8f2fcdcc387,USDC-WETH,1%,13468700.0
2022-03-21,0x88e6a0c2ddd26feeb64f039a2c41296fcb3f5640,USDC-WETH,0.05%,322105482.0
2022-03-21,0x8ad599c3a0ff1de082011efddc58f1908eb6e6d8,USDC-WETH,0.3%,420580148.0
2022-03-28,0x11b815efb8f581194ae79006d24e0d814b7697f6,WETH-USDT,0.05%,56002650.14285714
2022-03-28,0x4e68ccd3e89f51c3074ca5072bbac773960dfa36,WETH-USDT,0.3%,194453258.14285713
2022-03-28,0x7bea39867e4169dbe237d55c8242a8f2fcdcc387,USDC-WETH,1%,13559516.42857143
2022-03-28,0x88e6a0c2ddd26feeb64f039a2c41296fcb3f5640,USDC-WETH,0.05%,311583452.4285714
2022-03-28,0x8ad599c3a0ff1de082011efddc58f1908eb6e6d8,USDC-WETH,0.3%,417013875.71428573
2022-04-04,0x11b815efb8f581194ae79006d24e0d814b7697f6,WETH-USDT,0.05%,55747440.28571428
2022-04-04,0x4e68ccd3e89f51c3074ca5072bbac773960dfa36,WETH-USDT,0.3%,210891035.14285713
2022-04-04,0x7bea39867e4169dbe237d55c8242a8f2fcdcc387,USDC-WETH,1%,12451912.142857144
2022-04-04,0x88e6a0c2ddd26feeb64f039a2c41296fcb3f5640,USDC-WETH,0.05%,326666894.4285714
2022-04-04,0x8ad599c3a0ff1de082011efddc58f1908eb6e6d8,USDC-WETH,0.3%,415547952.4285714
2022-04-11,0x11b815efb8f581194ae79006d24e0d814b7697f6,WETH-USDT,0.05%,60747877.28571428
2022-04-11,0x4e68ccd3e89f51c3074ca5072bbac773960dfa36,WETH-USDT,0.3%,201482501.85714287
2022-04-11,0x7bea39867e4169dbe237d55c8242a8f2fcdcc387,USDC-WETH,1%,11811456.714285715
2022-04-11,0x88e6a0c2ddd26feeb64f039a2c41296fcb3f5640,USDC-WETH,0.05%,301972052.5714286
2022-04-11,0x8ad599c3a0ff1de082011efddc58f1908eb6e6d8,USDC-WETH,0.3%,403220849.14285713
2022-04-18,0x11b815efb8f581194ae79006d24e0d814b7697f6,WETH-USDT,0.05%,60931467.571428575
2022-04-18,0x4e68ccd3e89f51c3074ca5072bbac773960dfa36,WETH-USDT,0.3%,198905844.14285713
2022-04-18,0x7bea39867e4169dbe237d55c8242a8f2fcdcc387,USDC-WETH,1%,12040887.142857144
2022-04-18,0x88e6a0c2ddd26feeb64f039a2c41296fcb3f5640,USDC-WETH,0.05%,261767870.85714287
2022-04-18,0x8ad599c3a0ff1de082011efddc58f1908eb6e6d8,USDC-WETH,0.3%,400333247.4285714
2022-04-25,0x11b815efb8f581194ae79006d24e0d814b7697f6,WETH-USDT,0.05%,51081871.14285714
2022-04-25,0x4e68ccd3e89f51c3074ca5072bbac773960dfa36,WETH-USDT,0.3%,193128604.2857143
2022-04-25,0x7bea39867e4169dbe237d55c8242a8f2fcdcc387,USDC-WETH,1%,12050411.285714285
2022-04-25,0x88e6a0c2ddd26feeb64f039a2c41296fcb3f5640,USDC-WETH,0.05%,275882807.14285713
2022-04-25,0x8ad599c3a0ff1de082011efddc58f1908eb6e6d8,USDC-WETH,0.3%,391483577.71428573
2022-04-25,0xe0554a476a092703abdb3ef35c80e0d76d32939f,USDC-WETH,0.01%,139397.25
2022-05-02,0x11b815efb8f581194ae79006d24e0d814b7697f6,WETH-USDT,0.05%,53268797.571428575
2022-05-02,0x4e68ccd3e89f51c3074ca5072bbac773960dfa36,WETH-USDT,0.3%,196420470.57142857
2022-05-02,0x7bea39867e4169dbe237d55c8242a8f2fcdcc387,USDC-WETH,1%,11487687.857142856
2022-05-02,0x88e6a0c2ddd26feeb64f039a2c41296fcb3f5640,USDC-WETH,0.05%,302953064.0
2022-05-02,0x8ad599c3a0ff1de082011efddc58f1908eb6e6d8,USDC-WETH,0.3%,400533275.14285713
2022-05-02,0xe0554a476a092703abdb3ef35c80e0d76d32939f,USDC-WETH,0.01%,140076.0
2022-05-09,0x11b815efb8f581194ae79006d24e0d814b7697f6,WETH-USDT,0.05%,31295749.285714287
2022-05-09,0x4e68ccd3e89f51c3074ca5072bbac773960dfa36,WETH-USDT,0.3%,161623232.0
2022-05-09,0x7bea39867e4169dbe237d55c8242a8f2fcdcc387,USDC-WETH,1%,14377240.714285715
2022-05-09,0x88e6a0c2ddd26feeb64f039a2c41296fcb3f5640,USDC-WETH,0.05%,225307529.42857143
2022-05-09,0x8ad599c3a0ff1de082011efddc58f1908eb6e6d8,USDC-WETH,0.3%,335722155.14285713
2022-05-16,0x11b815efb8f581194ae79006d24e0d814b7697f6,WETH-USDT,0.05%,29211065.0
2022-05-16,0x4e68ccd3e89f51c3074ca5072bbac773960dfa36,WETH-USDT,0.3%,161603125.7142857
2022-05-16,0x7bea39867e4169dbe237d55c8242a8f2fcdcc387,USDC-WETH,1%,10732066.285714285
2022-05-16,0x88e6a0c2ddd26feeb64f039a2c41296fcb3f5640,USDC-WETH,0.05%,258861091.42857143
2022-05-16,0x8ad599c3a0ff1de082011efddc58f1908eb6e6d8,USDC-WETH,0.3%,348902156.5714286
2022-05-16,0xe0554a476a092703abdb3ef35c80e0d76d32939f,USDC-WETH,0.01%,130955.0
2022-05-23,0x11b815efb8f581194ae79006d24e0d814b7697f6,WETH-USDT,0.05%,26463446.85714286
2022-05-23,0x4e68ccd3e89f51c3074ca5072bbac773960dfa36,WETH-USDT,0.3%,148381277.7142857
2022-05-23,0x7bea39867e4169dbe237d55c8242a8f2fcdcc387,USDC-WETH,1%,10317058.285714285
2022-05-23,0x88e6a0c2ddd26feeb64f039a2c41296fcb3f5640,USDC-WETH,0.05%,278463592.0
2022-05-23,0x8ad599c3a0ff1de082011efddc58f1908eb6e6d8,USDC-WETH,0.3%,329433268.28571427
2022-05-23,0xe0554a476a092703abdb3ef35c80e0d76d32939f,USDC-WETH,0.01%,123706.42857142857
2022-05-30,0x11b815efb8f581194ae79006d24e0d814b7697f6,WETH-USDT,0.05%,28301895.5
2022-05-30,0x4e68ccd3e89f51c3074ca5072bbac773960dfa36,WETH-USDT,0.3%,125246990.0
2022-05-30,0x7bea39867e4169dbe237d55c8242a8f2fcdcc387,USDC-WETH,1%,9399340.5
2022-05-30,0x88e6a0c2ddd26feeb64f039a2c41296fcb3f5640,USDC-WETH,0.05%,285083802.1666667
2022-05-30,0x8ad599c3a0ff1de082011efddc58f1908eb6e6d8,USDC-WETH,0.3%,324347635.1666667
2022-05-30,0xe0554a476a092703abdb3ef35c80e0d76d32939f,USDC-WETH,0.01%,122054.16666666667
2022-06-06,0x11b815efb8f581194ae79006d24e0d814b7697f6,WETH-USDT,0.05%,31842524.57142857
2022-06-06,0x4e68ccd3e89f51c3074ca5072bbac773960dfa36,WETH-USDT,0.3%,146272416.2857143
2022-06-06,0x7bea39867e4169dbe237d55c8242a8f2fcdcc387,USDC-WETH,1%,10157898.714285715
2022-06-06,0x88e6a0c2ddd26feeb64f039a2c41296fcb3f5640,USDC-WETH,0.05%,294537305.14285713
2022-06-06,0x8ad599c3a0ff1de082011efddc58f1908eb6e6d8,USDC-WETH,0.3%,338675726.0
2022-06-06,0xe0554a476a092703abdb3ef35c80e0d76d32939f,USDC-WETH,0.01%,119963.0
2022-06-13,0x11b815efb8f581194ae79006d24e0d814b7697f6,WETH-USDT,0.05%,20958751.57142857
2022-06-13,0x4e68ccd3e89f51c3074ca5072bbac773960dfa36,WETH-USDT,0.3%,109206471.71428572
2022-06-13,0x7bea39867e4169dbe237d55c8242a8f2fcdcc387,USDC-WETH,1%,19117773.714285713
2022-06-13,0x88e6a0c2ddd26feeb64f039a2c41296fcb3f5640,USDC-WETH,0.05%,191200315.42857143
2022-06-13,0x8ad599c3a0ff1de082011efddc58f1908eb6e6d8,USDC-WETH,0.3%,286263097.85714287
2022-06-20,0x11b815efb8f581194ae79006d24e0d814b7697f6,WETH-USDT,0.05%,22613763.714285713
2022-06-20,0x4e68ccd3e89f51c3074ca5072bbac773960dfa36,WETH-USDT,0.3%,122518106.14285715
2022-06-20,0x7bea39867e4169dbe237d55c8242a8f2fcdcc387,USDC-WETH,1%,28067826.0
2022-06-20,0x88e6a0c2ddd26feeb64f039a2c41296fcb3f5640,USDC-WETH,0.05%,194255264.85714287
2022-06-20,0x8ad599c3a0ff1de082011efddc58f1908eb6e6d8,USDC-WETH,0.3%,329013175.14285713
2022-06-27,0x11b815efb8f581194ae79006d24e0d814b7697f6,WETH-USDT,0.05%,23329223.285714287
2022-06-27,0x4e68ccd3e89f51c3074ca5072bbac773960dfa36,WETH-USDT,0.3%,120552973.0
2022-06-27,0x7bea39867e4169dbe237d55c8242a8f2fcdcc387,USDC-WETH,1%,27601027.14285714
2022-06-27,0x88e6a0c2ddd26feeb64f039a2c41296fcb3f5640,USDC-WETH,0.05%,203535650.7142857
2022-06-27,0x8ad599c3a0ff1de082011efddc58f1908eb6e6d8,USDC-WETH,0.3%,300566890.14285713
2022-07-04,0x11b815efb8f581194ae79006d24e0d814b7697f6,WETH-USDT,0.05%,25335539.57142857
2022-07-04,0x4e68ccd3e89f51c3074ca5072bbac773960dfa36,WETH-USDT,0.3%,122214434.85714285
2022-07-04,0x7bea39867e4169dbe237d55c8242a8f2fcdcc387,USDC-WETH,1%,28291034.0
2022-07-04,0x88e6a0c2ddd26feeb64f039a2c41296fcb3f5640,USDC-WETH,0.05%,223343630.2857143
2022-07-04,0x8ad599c3a0ff1de082011efddc58f1908eb6e6d8,USDC-WETH,0.3%,308289067.0
2022-07-11,0x11b815efb8f581194ae79006d24e0d814b7697f6,WETH-USDT,0.05%,25030718.0
2022-07-11,0x4e68ccd3e89f51c3074ca5072bbac773960dfa36,WETH-USDT,0.3%,122591545.42857143
2022-07-11,0x7bea39867e4169dbe237d55c8242a8f2fcdcc387,USDC-WETH,1%,27424564.714285713
2022-07-11,0x88e6a0c2ddd26feeb64f039a2c41296fcb3f5640,USDC-WETH,0.05%,226652868.42857143
2022-07-11,0x8ad599c3a0ff1de082011efddc58f1908eb6e6d8,USDC-WETH,0.3%,314850696.71428573
2022-07-18,0x11b815efb8f581194ae79006d24e0d814b7697f6,WETH-USDT,0.05%,26844049.714285713
2022-07-18,0x4e68ccd3e89f51c3074ca5072bbac773960dfa36,WETH-USDT,0.3%,132901229.0
2022-07-18,0x7bea39867e4169dbe237d55c8242a8f2fcdcc387,USDC-WETH,1%,33543593.57142857
2022-07-18,0x88e6a0c2ddd26feeb64f039a2c41296fcb3f5640,USDC-WETH,0.05%,264979751.0
2022-07-18,0x8ad599c3a0ff1de082011efddc58f1908eb6e6d8,USDC-WETH,0.3%,322910374.0
2022-07-25,0x11b815efb8f581194ae79006d24e0d814b7697f6,WETH-USDT,0.05%,27374790.714285713
2022-07-25,0x4e68ccd3e89f51c3074ca5072bbac773960dfa36,WETH-USDT,0.3%,132403004.42857143
2022-07-25,0x7bea39867e4169dbe237d55c8242a8f2fcdcc387,USDC-WETH,1%,35731463.428571425
2022-07-25,0x88e6a0c2ddd26feeb64f039a2c41296fcb3f5640,USDC-WETH,0.05%,273262365.85714287
2022-07-25,0x8ad599c3a0ff1de082011efddc58f1908eb6e6d8,USDC-WETH,0.3%,325893832.0
2022-08-01,0x11b815efb8f581194ae79006d24e0d814b7697f6,WETH-USDT,0.05%,29217260.57142857
2022-08-01,0x4e68ccd3e89f51c3074ca5072bbac773960dfa36,WETH-USDT,0.3%,137595925.0
2022-08-01,0x7bea39867e4169dbe237d55c8242a8f2fcdcc387,USDC-WETH,1%,36471481.0
2022-08-01,0x88e6a0c2ddd26feeb64f039a2c41296fcb3f5640,USDC-WETH,0.05%,290292705.71428573
2022-08-01,0x8ad599c3a0ff1de082011efddc58f1908eb6e6d8,USDC-WETH,0.3%,342066095.14285713
2022-08-08,0x11b815efb8f581194ae79006d24e0d814b7697f6,WETH-USDT,0.05%,34883461.0
2022-08-08,0x4e68ccd3e89f51c3074ca5072bbac773960dfa36,WETH-USDT,0.3%,135894266.2857143
2022-08-08,0x7bea39867e4169dbe237d55c8242a8f2fcdcc387,USDC-WETH,1%,38738686.571428575
2022-08-08,0x88e6a0c2ddd26feeb64f039a2c41296fcb3f5640,USDC-WETH,0.05%,313061992.0
2022-08-08,0x8ad599c3a0ff1de082011efddc58f1908eb6e6d8,USDC-WETH,0.3%,338599981.71428573
2022-08-15,0x11b815efb8f581194ae79006d24e0d814b7697f6,WETH-USDT,0.05%,36058389.71428572
2022-08-15,0x4e68ccd3e89f51c3074ca5072bbac773960dfa36,WETH-USDT,0.3%,128962839.42857143
2022-08-15,0x7bea39867e4169dbe237d55c8242a8f2fcdcc387,USDC-WETH,1%,36044257.571428575
2022-08-15,0x88e6a0c2ddd26feeb64f039a2c41296fcb3f5640,USDC-WETH,0.05%,279418181.0
2022-08-15,0x8ad599c3a0ff1de082011efddc58f1908eb6e6d8,USDC-WETH,0.3%,335425782.4285714
2022-08-15,0xe0554a476a092703abdb3ef35c80e0d76d32939f,USDC-WETH,0.01%,57852.0
2022-08-22,0x11b815efb8f581194ae79006d24e0d814b7697f6,WETH-USDT,0.05%,32704161.57142857
2022-08-22,0x4e68ccd3e89f51c3074ca5072bbac773960dfa36,WETH-USDT,0.3%,125129459.0
2022-08-22,0x7bea39867e4169dbe237d55c8242a8f2fcdcc387,USDC-WETH,1%,33008575.714285713
2022-08-22,0x88e6a0c2ddd26feeb64f039a2c41296fcb3f5640,USDC-WETH,0.05%,260558832.7142857
2022-08-22,0x8ad599c3a0ff1de082011efddc58f1908eb6e6d8,USDC-WETH,0.3%,323804390.4285714
2022-08-29,0x11b815efb8f581194ae79006d24e0d814b7697f6,WETH-USDT,0.05%,35372848.571428575
2022-08-29,0x4e68ccd3e89f51c3074ca5072bbac773960dfa36,WETH-USDT,0.3%,114642143.71428572
2022-08-29,0x7bea39867e4169dbe237d55c8242a8f2fcdcc387,USDC-WETH,1%,33023700.714285713
2022-08-29,0x88e6a0c2ddd26feeb64f039a2c41296fcb3f5640,USDC-WETH,0.05%,301482519.4285714
2022-08-29,0x8ad599c3a0ff1de082011efddc58f1908eb6e6d8,USDC-WETH,0.3%,334701238.14285713
2022-09-05,0x11b815efb8f581194ae79006d24e0d814b7697f6,WETH-USDT,0.05%,36548302.666666664
2022-09-05,0x4e68ccd3e89f51c3074ca5072bbac773960dfa36,WETH-USDT,0.3%,117583573.33333333
2022-09-05,0x7bea39867e4169dbe237d55c8242a8f2fcdcc387,USDC-WETH,1%,34125717.666666664
2022-09-05,0x88e6a0c2ddd26feeb64f039a2c41296fcb3f5640,USDC-WETH,0.05%,303253517.3333333
2022-09-05,0x8ad599c3a0ff1de082011efddc58f1908eb6e6d8,USDC-WETH,0.3%,340667498.5
2022-09-12,0x11b815efb8f581194ae79006d24e0d814b7697f6,WETH-USDT,0.05%,31511508.285714287
2022-09-12,0x4e68ccd3e89f51c3074ca5072bbac773960dfa36,WETH-USDT,0.3%,114978081.28571428
2022-09-12,0x7bea39867e4169dbe237d55c8242a8f2fcdcc387,USDC-WETH,1%,32403051.714285713
2022-09-12,0x88e6a0c2ddd26feeb64f039a2c41296fcb3f5640,USDC-WETH,0.05%,265238585.85714287
2022-09-12,0x8ad599c3a0ff1de082011efddc58f1908eb6e6d8,USDC-WETH,0.3%,310586233.14285713
2022-09-19,0x11b815efb8f581194ae79006d24e0d814b7697f6,WETH-USDT,0.05%,18025560.285714287
2022-09-19,0x4e68ccd3e89f51c3074ca5072bbac773960dfa36,WETH-USDT,0.3%,65495408.428571425
2022-09-19,0x7bea39867e4169dbe237d55c8242a8f2fcdcc387,USDC-WETH,1%,25801891.285714287
2022-09-19,0x88e6a0c2ddd26feeb64f039a2c41296fcb3f5640,USDC-WETH,0.05%,146836806.7142857
2022-09-19,0x8ad599c3a0ff1de082011efddc58f1908eb6e6d8,USDC-WETH,0.3%,199596872.2857143
2022-09-26,0x11b815efb8f581194ae79006d24e0d814b7697f6,WETH-USDT,0.05%,16340406.285714285
2022-09-26,0x4e68ccd3e89f51c3074ca5072bbac773960dfa36,WETH-USDT,0.3%,59824918.28571428
2022-09-26,0x7bea39867e4169dbe237d55c8242a8f2fcdcc387,USDC-WETH,1%,25043075.14285714
2022-09-26,0x88e6a0c2ddd26feeb64f039a2c41296fcb3f5640,USDC-WETH,0.05%,144163173.85714287
2022-09-26,0x8ad599c3a0ff1de082011efddc58f1908eb6e6d8,USDC-WETH,0.3%,207917301.2857143
2022-10-03,0x11b815efb8f581194ae79006d24e0d814b7697f6,WETH-USDT,0.05%,19223738.42857143
2022-10-03,0x4e68ccd3e89f51c3074ca5072bbac773960dfa36,WETH-USDT,0.3%,65720486.0
2022-10-03,0x7bea39867e4169dbe237d55c8242a8f2fcdcc387,USDC-WETH,1%,25398215.14285714
2022-10-03,0x88e6a0c2ddd26feeb64f039a2c41296fcb3f5640,USDC-WETH,0.05%,152538489.57142857
2022-10-03,0x8ad599c3a0ff1de082011efddc58f1908eb6e6d8,USDC-WETH,0.3%,203360461.57142857
2022-10-03,0xe0554a476a092703abdb3ef35c80e0d76d32939f,USDC-WETH,0.01%,131008.0
2022-10-10,0x11b815efb8f581194ae79006d24e0d814b7697f6,WETH-USDT,0.05%,17335326.0
2022-10-10,0x4e68ccd3e89f51c3074ca5072bbac773960dfa36,WETH-USDT,0.3%,65647564.428571425
2022-10-10,0x7bea39867e4169dbe237d55c8242a8f2fcdcc387,USDC-WETH,1%,24719015.14285714
2022-10-10,0x88e6a0c2ddd26feeb64f039a2c41296fcb3f5640,USDC-WETH,0.05%,153063391.14285713
2022-10-10,0x8ad599c3a0ff1de082011efddc58f1908eb6e6d8,USDC-WETH,0.3%,190256065.2857143
2022-10-17,0x11b815efb8f581194ae79006d24e0d814b7697f6,WETH-USDT,0.05%,19536751.285714287
2022-10-17,0x4e68ccd3e89f51c3074ca5072bbac773960dfa36,WETH-USDT,0.3%,66014961.71428572
2022-10-17,0x7bea39867e4169dbe237d55c8242a8f2fcdcc387,USDC-WETH,1%,25113934.285714287
2022-10-17,0x88e6a0c2ddd26feeb64f039a2c41296fcb3f5640,USDC-WETH,0.05%,164316682.42857143
2022-10-17,0x8ad599c3a0ff1de082011efddc58f1908eb6e6d8,USDC-WETH,0.3%,187497066.42857143
2022-10-24,0x11b815efb8f581194ae79006d24e0d814b7697f6,WETH-USDT,0.05%,22619347.85714286
2022-10-24,0x4e68ccd3e89f51c3074ca5072bbac773960dfa36,WETH-USDT,0.3%,75000353.85714285
2022-10-24,0x7bea39867e4169dbe237d55c8242a8f2fcdcc387,USDC-WETH,1%,27568236.285714287
2022-10-24,0x88e6a0c2ddd26feeb64f039a2c41296fcb3f5640,USDC-WETH,0.05%,187399041.7142857
2022-10-24,0x8ad599c3a0ff1de082011efddc58f1908eb6e6d8,USDC-WETH,0.3%,196003575.2857143
2022-10-31,0x11b815efb8f581194ae79006d24e0d814b7697f6,WETH-USDT,0.05%,24558868.0
2022-10-31,0x4e68ccd3e89f51c3074ca5072bbac773960dfa36,WETH-USDT,0.3%,77991204.85714285
2022-10-31,0x7bea39867e4169dbe237d55c8242a8f2fcdcc387,USDC-WETH,1%,28124379.85714286
2022-10-31,0x88e6a0c2ddd26feeb64f039a2c41296fcb3f5640,USDC-WETH,0.05%,189900436.57142857
2022-10-31,0x8ad599c3a0ff1de082011efddc58f1908eb6e6d8,USDC-WETH,0.3%,194138346.14285713
2022-11-07,0x11b815efb8f581194ae79006d24e0d814b7697f6,WETH-USDT,0.05%,15115617.57142857
2022-11-07,0x4e68ccd3e89f51c3074ca5072bbac773960dfa36,WETH-USDT,0.3%,60529552.28571428
2022-11-07,0x7bea39867e4169dbe237d55c8242a8f2fcdcc387,USDC-WETH,1%,23346689.85714286
2022-11-07,0x88e6a0c2ddd26feeb64f039a2c41296fcb3f5640,USDC-WETH,0.05%,147044299.14285713
2022-11-07,0x8ad599c3a0ff1de082011efddc58f1908eb6e6d8,USDC-WETH,0.3%,161761013.14285713
2022-11-07,0xe0554a476a092703abdb3ef35c80e0d76d32939f,USDC-WETH,0.01%,121500.5
2022-11-14,0x11b815efb8f581194ae79006d24e0d814b7697f6,WETH-USDT,0.05%,14333752.142857144
2022-11-14,0x4e68ccd3e89f51c3074ca5072bbac773960dfa36,WETH-USDT,0.3%,51707354.28571428
2022-11-14,0x7bea39867e4169dbe237d55c8242a8f2fcdcc387,USDC-WETH,1%,19850287.14285714
2022-11-14,0x88e6a0c2ddd26feeb64f039a2c41296fcb3f5640,USDC-WETH,0.05%,140030840.7142857
2022-11-14,0x8ad599c3a0ff1de082011efddc58f1908eb6e6d8,USDC-WETH,0.3%,159192719.85714287
2022-11-14,0xe0554a476a092703abdb3ef35c80e0d76d32939f,USDC-WETH,0.01%,205690.75
2022-11-21,0x11b815efb8f581194ae79006d24e0d814b7697f6,WETH-USDT,0.05%,15145040.0
2022-11-21,0x4e68ccd3e89f51c3074ca5072bbac773960dfa36,WETH-USDT,0.3%,56682158.571428575
2022-11-21,0x7bea39867e4169dbe237d55c8242a8f2fcdcc387,USDC-WETH,1%,19402612.42857143
2022-11-21,0x88e6a0c2ddd26feeb64f039a2c41296fcb3f5640,USDC-WETH,0.05%,141924831.85714287
2022-11-21,0x8ad599c3a0ff1de082011efddc58f1908eb6e6d8,USDC-WETH,0.3%,156129623.57142857
2022-11-21,0xe0554a476a092703abdb3ef35c80e0d76d32939f,USDC-WETH,0.01%,495583.4285714286
2022-11-28,0x11b815efb8f581194ae79006d24e0d814b7697f6,WETH-USDT,0.05%,15920095.857142856
2022-11-28,0x4e68ccd3e89f51c3074ca5072bbac773960dfa36,WETH-USDT,0.3%,63510565.0
2022-11-28,0x7bea39867e4169dbe237d55c8242a8f2fcdcc387,USDC-WETH,1%,20472453.42857143
2022-11-28,0x88e6a0c2ddd26feeb64f039a2c41296fcb3f5640,USDC-WETH,0.05%,156171695.14285713
2022-11-28,0x8ad599c3a0ff1de082011efddc58f1908eb6e6d8,USDC-WETH,0.3%,169937910.7142857
2022-11-28,0xe0554a476a092703abdb3ef35c80e0d76d32939f,USDC-WETH,0.01%,718222.1428571428
2022-12-05,0x11b815efb8f581194ae79006d24e0d814b7697f6,WETH-USDT,0.05%,21768514.285714287
2022-12-05,0x4e68ccd3e89f51c3074ca5072bbac773960dfa36,WETH-USDT,0.3%,63202074.28571428
2022-12-05,0x7bea39867e4169dbe237d55c8242a8f2fcdcc387,USDC-WETH,1%,21270321.285714287
2022-12-05,0x88e6a0c2ddd26feeb64f039a2c41296fcb3f5640,USDC-WETH,0.05%,172779863.2857143
2022-12-05,0x8ad599c3a0ff1de082011efddc58f1908eb6e6d8,USDC-WETH,0.3%,180288949.2857143
2022-12-05,0xe0554a476a092703abdb3ef35c80e0d76d32939f,USDC-WETH,0.01%,1082866.2857142857
2022-12-12,0x11b815efb8f581194ae79006d24e0d814b7697f6,WETH-USDT,0.05%,29668145.285714287
2022-12-12,0x4e68ccd3e89f51c3074ca5072bbac773960dfa36,WETH-USDT,0.3%,61727154.71428572
2022-12-12,0x7bea39867e4169dbe237d55c8242a8f2fcdcc387,USDC-WETH,1%,20091103.714285713
2022-12-12,0x88e6a0c2ddd26feeb64f039a2c41296fcb3f5640,USDC-WETH,0.05%,173253597.0
2022-12-12,0x8ad599c3a0ff1de082011efddc58f1908eb6e6d8,USDC-WETH,0.3%,179821532.2857143
2022-12-12,0xe0554a476a092703abdb3ef35c80e0d76d32939f,USDC-WETH,0.01%,991016.1428571428
2022-12-19,0x11b815efb8f581194ae79006d24e0d814b7697f6,WETH-USDT,0.05%,30089409.57142857
2022-12-19,0x4e68ccd3e89f51c3074ca5072bbac773960dfa36,WETH-USDT,0.3%,55649224.571428575
2022-12-19,0x7bea39867e4169dbe237d55c8242a8f2fcdcc387,USDC-WETH,1%,17154258.14285714
2022-12-19,0x88e6a0c2ddd26feeb64f039a2c41296fcb3f5640,USDC-WETH,0.05%,156226342.14285713
2022-12-19,0x8ad599c3a0ff1de082011efddc58f1908eb6e6d8,USDC-WETH,0.3%,163232828.85714287
2022-12-19,0xe0554a476a092703abdb3ef35c80e0d76d32939f,USDC-WETH,0.01%,1054575.142857143
2022-12-26,0x11b815efb8f581194ae79006d24e0d814b7697f6,WETH-USDT,0.05%,31425643.14285714
2022-12-26,0x4e68ccd3e89f51c3074ca5072bbac773960dfa36,WETH-USDT,0.3%,56394798.571428575
2022-12-26,0x7bea39867e4169dbe237d55c8242a8f2fcdcc387,USDC-WETH,1%,19323574.85714286
2022-12-26,0x88e6a0c2ddd26feeb64f039a2c41296fcb3f5640,USDC-WETH,0.05%,184444154.2857143
2022-12-26,0x8ad599c3a0ff1de082011efddc58f1908eb6e6d8,USDC-WETH,0.3%,150037680.57142857
2022-12-26,0xe0554a476a092703abdb3ef35c80e0d76d32939f,USDC-WETH,0.01%,1814155.0
2023-01-02,0x11b815efb8f581194ae79006d24e0d814b7697f6,WETH-USDT,0.05%,29958125.714285713
2023-01-02,0x4e68ccd3e89f51c3074ca5072bbac773960dfa36,WETH-USDT,0.3%,52581133.28571428
2023-01-02,0x7bea39867e4169dbe237d55c8242a8f2fcdcc387,USDC-WETH,1%,19468301.285714287
2023-01-02,0x88e6a0c2ddd26feeb64f039a2c41296fcb3f5640,USDC-WETH,0.05%,197928068.85714287
2023-01-02,0x8ad599c3a0ff1de082011efddc58f1908eb6e6d8,USDC-WETH,0.3%,134596511.42857143
2023-01-02,0xe0554a476a092703abdb3ef35c80e0d76d32939f,USDC-WETH,0.01%,3840345.285714286
2023-01-09,0x11b815efb8f581194ae79006d24e0d814b7697f6,WETH-USDT,0.05%,23464462.14285714
2023-01-09,0x4e68ccd3e89f51c3074ca5072bbac773960dfa36,WETH-USDT,0.3%,54580086.71428572
2023-01-09,0x7bea39867e4169dbe237d55c8242a8f2fcdcc387,USDC-WETH,1%,18956880.0
2023-01-09,0x88e6a0c2ddd26feeb64f039a2c41296fcb3f5640,USDC-WETH,0.05%,178686960.2857143
2023-01-09,0x8ad599c3a0ff1de082011efddc58f1908eb6e6d8,USDC-WETH,0.3%,138673850.85714287
2023-01-09,0xe0554a476a092703abdb3ef35c80e0d76d32939f,USDC-WETH,0.01%,9060395.0
2023-01-16,0x11b815efb8f581194ae79006d24e0d814b7697f6,WETH-USDT,0.05%,23007874.0
2023-01-16,0x4e68ccd3e89f51c3074ca5072bbac773960dfa36,WETH-USDT,0.3%,69552914.42857143
2023-01-16,0x7bea39867e4169dbe237d55c8242a8f2fcdcc387,USDC-WETH,1%,15720737.0
2023-01-16,0x88e6a0c2ddd26feeb64f039a2c41296fcb3f5640,USDC-WETH,0.05%,173096011.2857143
2023-01-16,0x8ad599c3a0ff1de082011efddc58f1908eb6e6d8,USDC-WETH,0.3%,168165583.0
2023-01-16,0xe0554a476a092703abdb3ef35c80e0d76d32939f,USDC-WETH,0.01%,18697737.42857143
2023-01-23,0x11b815efb8f581194ae79006d24e0d814b7697f6,WETH-USDT,0.05%,24851770.42857143
2023-01-23,0x4e68ccd3e89f51c3074ca5072bbac773960dfa36,WETH-USDT,0.3%,70506484.42857143
2023-01-23,0x7bea39867e4169dbe237d55c8242a8f2fcdcc387,USDC-WETH,1%,8926845.0
2023-01-23,0x88e6a0c2ddd26feeb64f039a2c41296fcb3f5640,USDC-WETH,0.05%,164791261.42857143
2023-01-23,0x8ad599c3a0ff1de082011efddc58f1908eb6e6d8,USDC-WETH,0.3%,166623923.14285713
2023-01-23,0xe0554a476a092703abdb3ef35c80e0d76d32939f,USDC-WETH,0.01%,24210753.85714286
2023-01-30,0x11b815efb8f581194ae79006d24e0d814b7697f6,WETH-USDT,0.05%,25162186.0
2023-01-30,0x4e68ccd3e89f51c3074ca5072bbac773960dfa36,WETH-USDT,0.3%,72297515.14285715
2023-01-30,0x7bea39867e4169dbe237d55c8242a8f2fcdcc387,USDC-WETH,1%,9001560.285714285
2023-01-30,0x88e6a0c2ddd26feeb64f039a2c41296fcb3f5640,USDC-WETH,0.05%,177984082.14285713
2023-01-30,0x8ad599c3a0ff1de082011efddc58f1908eb6e6d8,USDC-WETH,0.3%,171430580.57142857
2023-01-30,0xe0554a476a092703abdb3ef35c80e0d76d32939f,USDC-WETH,0.01%,24359792.0
2023-02-06,0x11b815efb8f581194ae79006d24e0d814b7697f6,WETH-USDT,0.05%,26455517.5
2023-02-06,0x4e68ccd3e89f51c3074ca5072bbac773960dfa36,WETH-USDT,0.3%,73487484.16666667
2023-02-06,0x7bea39867e4169dbe237d55c8242a8f2fcdcc387,USDC-WETH,1%,8812952.666666666
2023-02-06,0x88e6a0c2ddd26feeb64f039a2c41296fcb3f5640,USDC-WETH,0.05%,189873323.0
2023-02-06,0x8ad599c3a0ff1de082011efddc58f1908eb6e6d8,USDC-WETH,0.3%,175310424.66666666
2023-02-06,0xe0554a476a092703abdb3ef35c80e0d76d32939f,USDC-WETH,0.01%,25039842.166666668
2023-02-13,0x11b815efb8f581194ae79006d24e0d814b7697f6,WETH-USDT,0.05%,26844561.85714286
2023-02-13,0x4e68ccd3e89f51c3074ca5072bbac773960dfa36,WETH-USDT,0.3%,73406417.71428572
2023-02-13,0x7bea39867e4169dbe237d55c8242a8f2fcdcc387,USDC-WETH,1%,5581150.857142857
2023-02-13,0x88e6a0c2ddd26feeb64f039a2c41296fcb3f5640,USDC-WETH,0.05%,194982307.85714287
2023-02-13,0x8ad599c3a0ff1de082011efddc58f1908eb6e6d8,USDC-WETH,0.3%,173243468.42857143
2023-02-13,0xe0554a476a092703abdb3ef35c80e0d76d32939f,USDC-WETH,0.01%,29059322.285714287
2023-02-20,0x11b815efb8f581194ae79006d24e0d814b7697f6,WETH-USDT,0.05%,32064308.714285713
2023-02-20,0x4e68ccd3e89f51c3074ca5072bbac773960dfa36,WETH-USDT,0.3%,71929287.28571428
2023-02-20,0x7bea39867e4169dbe237d55c8242a8f2fcdcc387,USDC-WETH,1%,2144662.285714286
2023-02-20,0x88e6a0c2ddd26feeb64f039a2c41296fcb3f5640,USDC-WETH,0.05%,192205926.0
2023-02-20,0x8ad599c3a0ff1de082011efddc58f1908eb6e6d8,USDC-WETH,0.3%,170553058.42857143
2023-02-20,0xe0554a476a092703abdb3ef35c80e0d76d32939f,USDC-WETH,0.01%,34568695.28571428
2023-02-27,0x11b815efb8f581194ae79006d24e0d814b7697f6,WETH-USDT,0.05%,42856986.571428575
2023-02-27,0x4e68ccd3e89f51c3074ca5072bbac773960dfa36,WETH-USDT,0.3%,71307254.42857143
2023-02-27,0x7bea39867e4169dbe237d55c8242a8f2fcdcc387,USDC-WETH,1%,2097411.5714285714
2023-02-27,0x88e6a0c2ddd26feeb64f039a2c41296fcb3f5640,USDC-WETH,0.05%,192534923.2857143
2023-02-27,0x8ad599c3a0ff1de082011efddc58f1908eb6e6d8,USDC-WETH,0.3%,158523342.2857143
2023-02-27,0xe0554a476a092703abdb3ef35c80e0d76d32939f,USDC-WETH,0.01%,35264059.85714286
2023-03-06,0x11b815efb8f581194ae79006d24e0d814b7697f6,WETH-USDT,0.05%,44360109.0
2023-03-06,0x4e68ccd3e89f51c3074ca5072bbac773960dfa36,WETH-USDT,0.3%,63439277.571428575
2023-03-06,0x7bea39867e4169dbe237d55c8242a8f2fcdcc387,USDC-WETH,1%,1870941.142857143
2023-03-06,0x88e6a0c2ddd26feeb64f039a2c41296fcb3f5640,USDC-WETH,0.05%,167426129.14285713
2023-03-06,0x8ad599c3a0ff1de082011efddc58f1908eb6e6d8,USDC-WETH,0.3%,140283773.2857143
2023-03-06,0xe0554a476a092703abdb3ef35c80e0d76d32939f,USDC-WETH,0.01%,24486831.285714287
2023-03-13,0x11b815efb8f581194ae79006d24e0d814b7697f6,WETH-USDT,0.05%,48202482.28571428
2023-03-13,0x4e68ccd3e89f51c3074ca5072bbac773960dfa36,WETH-USDT,0.3%,61927000.14285714
2023-03-13,0x7bea39867e4169dbe237d55c8242a8f2fcdcc387,USDC-WETH,1%,2205045.0
2023-03-13,0x88e6a0c2ddd26feeb64f039a2c41296fcb3f5640,USDC-WETH,0.05%,178354000.57142857
2023-03-13,0x8ad599c3a0ff1de082011efddc58f1908eb6e6d8,USDC-WETH,0.3%,122582553.0
2023-03-13,0xe0554a476a092703abdb3ef35c80e0d76d32939f,USDC-WETH,0.01%,640386.7142857143
2023-03-20,0x11b815efb8f581194ae79006d24e0d814b7697f6,WETH-USDT,0.05%,49452885.85714286
2023-03-20,0x4e68ccd3e89f51c3074ca5072bbac773960dfa36,WETH-USDT,0.3%,68164546.14285715
2023-03-20,0x7bea39867e4169dbe237d55c8242a8f2fcdcc387,USDC-WETH,1%,2252282.714285714
2023-03-20,0x88e6a0c2ddd26feeb64f039a2c41296fcb3f5640,USDC-WETH,0.05%,185001817.0
2023-03-20,0x8ad599c3a0ff1de082011efddc58f1908eb6e6d8,USDC-WETH,0.3%,118822622.42857143
2023-03-20,0xe0554a476a092703abdb3ef35c80e0d76d32939f,USDC-WETH,0.01%,380072.71428571426
2023-03-27,0x11b815efb8f581194ae79006d24e0d814b7697f6,WETH-USDT,0.05%,48006937.428571425
2023-03-27,0x4e68ccd3e89f51c3074ca5072bbac773960dfa36,WETH-USDT,0.3%,65280838.85714286
2023-03-27,0x7bea39867e4169dbe237d55c8242a8f2fcdcc387,USDC-WETH,1%,2269003.285714286
2023-03-27,0x88e6a0c2ddd26feeb64f039a2c41296fcb3f5640,USDC-WETH,0.05%,234992411.7142857
2023-03-27,0x8ad599c3a0ff1de082011efddc58f1908eb6e6d8,USDC-WETH,0.3%,129287203.42857143
2023-03-27,0xe0554a476a092703abdb3ef35c80e0d76d32939f,USDC-WETH,0.01%,877729.8571428572
2023-04-03,0x11b815efb8f581194ae79006d24e0d814b7697f6,WETH-USDT,0.05%,48006892.14285714
2023-04-03,0x4e68ccd3e89f51c3074ca5072bbac773960dfa36,WETH-USDT,0.3%,67030064.28571428
2023-04-03,0x7bea39867e4169dbe237d55c8242a8f2fcdcc387,USDC-WETH,1%,2266651.8571428573
2023-04-03,0x88e6a0c2ddd26feeb64f039a2c41296fcb3f5640,USDC-WETH,0.05%,250356329.85714287
2023-04-03,0x8ad599c3a0ff1de082011efddc58f1908eb6e6d8,USDC-WETH,0.3%,120617671.71428572
2023-04-03,0xe0554a476a092703abdb3ef35c80e0d76d32939f,USDC-WETH,0.01%,530201.1428571428
2023-04-10,0x11b815efb8f581194ae79006d24e0d814b7697f6,WETH-USDT,0.05%,49778875.14285714
2023-04-10,0x4e68ccd3e89f51c3074ca5072bbac773960dfa36,WETH-USDT,0.3%,68651023.57142857
2023-04-10,0x7bea39867e4169dbe237d55c8242a8f2fcdcc387,USDC-WETH,1%,2393398.714285714
2023-04-10,0x88e6a0c2ddd26feeb64f039a2c41296fcb3f5640,USDC-WETH,0.05%,254581741.7142857
2023-04-10,0x8ad599c3a0ff1de082011efddc58f1908eb6e6d8,USDC-WETH,0.3%,116577115.28571428
2023-04-10,0xe0554a476a092703abdb3ef35c80e0d76d32939f,USDC-WETH,0.01%,328570.4285714286
2023-04-17,0x11b815efb8f581194ae79006d24e0d814b7697f6,WETH-USDT,0.05%,35338353.14285714
2023-04-17,0x4e68ccd3e89f51c3074ca5072bbac773960dfa36,WETH-USDT,0.3%,57520116.428571425
2023-04-17,0x7bea39867e4169dbe237d55c8242a8f2fcdcc387,USDC-WETH,1%,22980887.14285714
2023-04-17,0x88e6a0c2ddd26feeb64f039a2c41296fcb3f5640,USDC-WETH,0.05%,266227781.85714287
2023-04-17,0x8ad599c3a0ff1de082011efddc58f1908eb6e6d8,USDC-WETH,0.3%,121123206.42857143
2023-04-17,0xe0554a476a092703abdb3ef35c80e0d76d32939f,USDC-WETH,0.01%,411064.14285714284
2023-04-24,0x11b815efb8f581194ae79006d24e0d814b7697f6,WETH-USDT,0.05%,36202442.428571425
2023-04-24,0x4e68ccd3e89f51c3074ca5072bbac773960dfa36,WETH-USDT,0.3%,56724584.14285714
2023-04-24,0x7bea39867e4169dbe237d55c8242a8f2fcdcc387,USDC-WETH,1%,10154664.142857144
2023-04-24,0x88e6a0c2ddd26feeb64f039a2c41296fcb3f5640,USDC-WETH,0.05%,257340162.14285713
2023-04-24,0x8ad599c3a0ff1de082011efddc58f1908eb6e6d8,USDC-WETH,0.3%,114176874.14285715
2023-04-24,0xe0554a476a092703abdb3ef35c80e0d76d32939f,USDC-WETH,0.01%,388867.71428571426
2023-05-01,0x11b815efb8f581194ae79006d24e0d814b7697f6,WETH-USDT,0.05%,37983195.14285714
2023-05-01,0x4e68ccd3e89f51c3074ca5072bbac773960dfa36,WETH-USDT,0.3%,55329605.0
2023-05-01,0x7bea39867e4169dbe237d55c8242a8f2fcdcc387,USDC-WETH,1%,10667044.714285715
2023-05-01,0x88e6a0c2ddd26feeb64f039a2c41296fcb3f5640,USDC-WETH,0.05%,255904869.42857143
2023-05-01,0x8ad599c3a0ff1de082011efddc58f1908eb6e6d8,USDC-WETH,0.3%,97496317.0
2023-05-01,0xe0554a476a092703abdb3ef35c80e0d76d32939f,USDC-WETH,0.01%,390656.14285714284
2023-05-08,0x11b815efb8f581194ae79006d24e0d814b7697f6,WETH-USDT,0.05%,39810893.85714286
2023-05-08,0x4e68ccd3e89f51c3074ca5072bbac773960dfa36,WETH-USDT,0.3%,52007063.571428575
2023-05-08,0x7bea39867e4169dbe237d55c8242a8f2fcdcc387,USDC-WETH,1%,23232598.57142857
2023-05-08,0x88e6a0c2ddd26feeb64f039a2c41296fcb3f5640,USDC-WETH,0.05%,236136521.2857143
2023-05-08,0x8ad599c3a0ff1de082011efddc58f1908eb6e6d8,USDC-WETH,0.3%,97174292.28571428
2023-05-08,0xe0554a476a092703abdb3ef35c80e0d76d32939f,USDC-WETH,0.01%,371463.5714285714
2023-05-15,0x11b815efb8f581194ae79006d24e0d814b7697f6,WETH-USDT,0.05%,43081818.571428575
2023-05-15,0x4e68ccd3e89f51c3074ca5072bbac773960dfa36,WETH-USDT,0.3%,52599317.85714286
2023-05-15,0x7bea39867e4169dbe237d55c8242a8f2fcdcc387,USDC-WETH,1%,25396186.0
2023-05-15,0x88e6a0c2ddd26feeb64f039a2c41296fcb3f5640,USDC-WETH,0.05%,231002758.2857143
2023-05-15,0x8ad599c3a0ff1de082011efddc58f1908eb6e6d8,USDC-WETH,0.3%,102509826.71428572
2023-05-15,0xe0554a476a092703abdb3ef35c80e0d76d32939f,USDC-WETH,0.01%,362927.0
2023-05-22,0x11b815efb8f581194ae79006d24e0d814b7697f6,WETH-USDT,0.05%,48083309.14285714
2023-05-22,0x4e68ccd3e89f51c3074ca5072bbac773960dfa36,WETH-USDT,0.3%,51999943.71428572
2023-05-22,0x7bea39867e4169dbe237d55c8242a8f2fcdcc387,USDC-WETH,1%,25582195.14285714
2023-05-22,0x88e6a0c2ddd26feeb64f039a2c41296fcb3f5640,USDC-WETH,0.05%,232897548.85714287
2023-05-22,0x8ad599c3a0ff1de082011efddc58f1908eb6e6d8,USDC-WETH,0.3%,104392971.85714285
2023-05-22,0xe0554a476a092703abdb3ef35c80e0d76d32939f,USDC-WETH,0.01%,372606.4285714286
2023-05-29,0x11b815efb8f581194ae79006d24e0d814b7697f6,WETH-USDT,0.05%,50241706.0
2023-05-29,0x4e68ccd3e89f51c3074ca5072bbac773960dfa36,WETH-USDT,0.3%,52874382.571428575
2023-05-29,0x7bea39867e4169dbe237d55c8242a8f2fcdcc387,USDC-WETH,1%,30959404.285714287
2023-05-29,0x88e6a0c2ddd26feeb64f039a2c41296fcb3f5640,USDC-WETH,0.05%,244101374.42857143
2023-05-29,0x8ad599c3a0ff1de082011efddc58f1908eb6e6d8,USDC-WETH,0.3%,92738078.42857143
2023-05-29,0xe0554a476a092703abdb3ef35c80e0d76d32939f,USDC-WETH,0.01%,383720.71428571426
2023-06-05,0x11b815efb8f581194ae79006d24e0d814b7697f6,WETH-USDT,0.05%,58930189.14285714
2023-06-05,0x4e68ccd3e89f51c3074ca5072bbac773960dfa36,WETH-USDT,0.3%,53227998.428571425
2023-06-05,0x7bea39867e4169dbe237d55c8242a8f2fcdcc387,USDC-WETH,1%,24410684.714285713
2023-06-05,0x88e6a0c2ddd26feeb64f039a2c41296fcb3f5640,USDC-WETH,0.05%,251158526.14285713
2023-06-05,0x8ad599c3a0ff1de082011efddc58f1908eb6e6d8,USDC-WETH,0.3%,85247070.85714285
2023-06-05,0xe0554a476a092703abdb3ef35c80e0d76d32939f,USDC-WETH,0.01%,234488.85714285713
2023-06-12,0x11b815efb8f581194ae79006d24e0d814b7697f6,WETH-USDT,0.05%,61720123.71428572
2023-06-12,0x4e68ccd3e89f51c3074ca5072bbac773960dfa36,WETH-USDT,0.3%,50659552.428571425
2023-06-12,0x7bea39867e4169dbe237d55c8242a8f2fcdcc387,USDC-WETH,1%,23370376.57142857
2023-06-12,0x88e6a0c2ddd26feeb64f039a2c41296fcb3f5640,USDC-WETH,0.05%,228555217.85714287
2023-06-12,0x8ad599c3a0ff1de082011efddc58f1908eb6e6d8,USDC-WETH,0.3%,84829155.28571428
2023-06-12,0xe0554a476a092703abdb3ef35c80e0d76d32939f,USDC-WETH,0.01%,202387.2857142857
2023-06-19,0x11b815efb8f581194ae79006d24e0d814b7697f6,WETH-USDT,0.05%,83544010.71428572
2023-06-19,0x4e68ccd3e89f51c3074ca5072bbac773960dfa36,WETH-USDT,0.3%,52520650.28571428
2023-06-19,0x7bea39867e4169dbe237d55c8242a8f2fcdcc387,USDC-WETH,1%,25481387.0
2023-06-19,0x88e6a0c2ddd26feeb64f039a2c41296fcb3f5640,USDC-WETH,0.05%,224558363.0
2023-06-19,0x8ad599c3a0ff1de082011efddc58f1908eb6e6d8,USDC-WETH,0.3%,87244577.71428572
2023-06-19,0xe0554a476a092703abdb3ef35c80e0d76d32939f,USDC-WETH,0.01%,214080.14285714287
2023-06-26,0x11b815efb8f581194ae79006d24e0d814b7697f6,WETH-USDT,0.05%,86354908.14285715
2023-06-26,0x4e68ccd3e89f51c3074ca5072bbac773960dfa36,WETH-USDT,0.3%,52324251.28571428
2023-06-26,0x7bea39867e4169dbe237d55c8242a8f2fcdcc387,USDC-WETH,1%,25936996.285714287
2023-06-26,0x88e6a0c2ddd26feeb64f039a2c41296fcb3f5640,USDC-WETH,0.05%,232887777.0
2023-06-26,0x8ad599c3a0ff1de082011efddc58f1908eb6e6d8,USDC-WETH,0.3%,88175646.14285715
2023-06-26,0xe0554a476a092703abdb3ef35c80e0d76d32939f,USDC-WETH,0.01%,103469.0
2023-07-03,0x11b815efb8f581194ae79006d24e0d814b7697f6,WETH-USDT,0.05%,72185437.57142857
2023-07-03,0x4e68ccd3e89f51c3074ca5072bbac773960dfa36,WETH-USDT,0.3%,52493571.14285714
2023-07-03,0x7bea39867e4169dbe237d55c8242a8f2fcdcc387,USDC-WETH,1%,15425874.857142856
2023-07-03,0x88e6a0c2ddd26feeb64f039a2c41296fcb3f5640,USDC-WETH,0.05%,254276723.2857143
2023-07-03,0x8ad599c3a0ff1de082011efddc58f1908eb6e6d8,USDC-WETH,0.3%,88997633.0
2023-07-03,0xe0554a476a092703abdb3ef35c80e0d76d32939f,USDC-WETH,0.01%,28619.285714285714
2023-07-10,0x11b815efb8f581194ae79006d24e0d814b7697f6,WETH-USDT,0.05%,79013088.28571428
2023-07-10,0x4e68ccd3e89f51c3074ca5072bbac773960dfa36,WETH-USDT,0.3%,54475631.571428575
2023-07-10,0x7bea39867e4169dbe237d55c8242a8f2fcdcc387,USDC-WETH,1%,11208120.714285715
2023-07-10,0x88e6a0c2ddd26feeb64f039a2c41296fcb3f5640,USDC-WETH,0.05%,247523564.57142857
2023-07-10,0x8ad599c3a0ff1de082011efddc58f1908eb6e6d8,USDC-WETH,0.3%,90041028.28571428
2023-07-10,0xe0554a476a092703abdb3ef35c80e0d76d32939f,USDC-WETH,0.01%,28164.85714285714
2023-07-17,0x11b815efb8f581194ae79006d24e0d814b7697f6,WETH-USDT,0.05%,76294673.0
2023-07-17,0x4e68ccd3e89f51c3074ca5072bbac773960dfa36,WETH-USDT,0.3%,53972640.85714286
2023-07-17,0x7bea39867e4169dbe237d55c8242a8f2fcdcc387,USDC-WETH,1%,7551263.545454546
2023-07-17,0x88e6a0c2ddd26feeb64f039a2c41296fcb3f5640,USDC-WETH,0.05%,243543219.42857143
2023-07-17,0x8ad599c3a0ff1de082011efddc58f1908eb6e6d8,USDC-WETH,0.3%,94658120.85714285
2023-07-17,0xe0554a476a092703abdb3ef35c80e0d76d32939f,USDC-WETH,0.01%,28060.571428571428
2023-07-24,0x11b815efb8f581194ae79006d24e0d814b7697f6,WETH-USDT,0.05%,74920903.42857143
2023-07-24,0x4e68ccd3e89f51c3074ca5072bbac773960dfa36,WETH-USDT,0.3%,51850748.571428575
2023-07-24,0x7bea39867e4169dbe237d55c8242a8f2fcdcc387,USDC-WETH,1%,5825206.071428572
2023-07-24,0x88e6a0c2ddd26feeb64f039a2c41296fcb3f5640,USDC-WETH,0.05%,240852498.0
2023-07-24,0x8ad599c3a0ff1de082011efddc58f1908eb6e6d8,USDC-WETH,0.3%,95477124.57142857
2023-07-24,0xe0554a476a092703abdb3ef35c80e0d76d32939f,USDC-WETH,0.01%,27841.285714285714
2023-07-31,0x11b815efb8f581194ae79006d24e0d814b7697f6,WETH-USDT,0.05%,73603704.0
2023-07-31,0x4e68ccd3e89f51c3074ca5072bbac773960dfa36,WETH-USDT,0.3%,51263120.71428572
2023-07-31,0x7bea39867e4169dbe237d55c8242a8f2fcdcc387,USDC-WETH,1%,5697617.0
2023-07-31,0x88e6a0c2ddd26feeb64f039a2c41296fcb3f5640,USDC-WETH,0.05%,240372336.85714287
2023-07-31,0x8ad599c3a0ff1de082011efddc58f1908eb6e6d8,USDC-WETH,0.3%,94198358.14285715
2023-07-31,0xe0554a476a092703abdb3ef35c80e0d76d32939f,USDC-WETH,0.01%,27984.714285714286
2023-08-07,0x11b815efb8f581194ae79006d24e0d814b7697f6,WETH-USDT,0.05%,74671048.57142857
2023-08-07,0x4e68ccd3e89f51c3074ca5072bbac773960dfa36,WETH-USDT,0.3%,52999406.571428575
2023-08-07,0x7bea39867e4169dbe237d55c8242a8f2fcdcc387,USDC-WETH,1%,2579336.111111111
2023-08-07,0x88e6a0c2ddd26feeb64f039a2c41296fcb3f5640,USDC-WETH,0.05%,243164594.5
2023-08-07,0x8ad599c3a0ff1de082011efddc58f1908eb6e6d8,USDC-WETH,0.3%,94711654.0
2023-08-07,0xe0554a476a092703abdb3ef35c80e0d76d32939f,USDC-WETH,0.01%,28184.5
2023-08-14,0x11b815efb8f581194ae79006d24e0d814b7697f6,WETH-USDT,0.05%,65779330.0
2023-08-14,0x4e68ccd3e89f51c3074ca5072bbac773960dfa36,WETH-USDT,0.3%,49362877.0
2023-08-14,0x7bea39867e4169dbe237d55c8242a8f2fcdcc387,USDC-WETH,1%,123184.14285714286
2023-08-21,0x11b815efb8f581194ae79006d24e0d814b7697f6,WETH-USDT,0.05%,60183894.0
2023-08-21,0x4e68ccd3e89f51c3074ca5072bbac773960dfa36,WETH-USDT,0.3%,45051483.428571425
2023-08-21,0x7bea39867e4169dbe237d55c8242a8f2fcdcc387,USDC-WETH,1%,100970.28571428571
2023-08-28,0x11b815efb8f581194ae79006d24e0d814b7697f6,WETH-USDT,0.05%,56363748.0
2023-08-28,0x4e68ccd3e89f51c3074ca5072bbac773960dfa36,WETH-USDT,0.3%,47268013.8
2023-08-28,0x7bea39867e4169dbe237d55c8242a8f2fcdcc387,USDC-WETH,1%,1556305.2222222222
2023-08-28,0x88e6a0c2ddd26feeb64f039a2c41296fcb3f5640,USDC-WETH,0.05%,220039734.5
2023-08-28,0x8ad599c3a0ff1de082011efddc58f1908eb6e6d8,USDC-WETH,0.3%,61260795.0
2023-08-28,0xe0554a476a092703abdb3ef35c80e0d76d32939f,USDC-WETH,0.01%,26720.5
2023-09-04,0x11b815efb8f581194ae79006d24e0d814b7697f6,WETH-USDT,0.05%,35769098.14285714
2023-09-04,0x4e68ccd3e89f51c3074ca5072bbac773960dfa36,WETH-USDT,0.3%,44686832.85714286
2023-09-04,0x7bea39867e4169dbe237d55c8242a8f2fcdcc387,USDC-WETH,1%,1691125.4285714286
2023-09-04,0x88e6a0c2ddd26feeb64f039a2c41296fcb3f5640,USDC-WETH,0.05%,221378791.42857143
2023-09-04,0x8ad599c3a0ff1de082011efddc58f1908eb6e6d8,USDC-WETH,0.3%,59921452.85714286
2023-09-04,0xe0554a476a092703abdb3ef35c80e0d76d32939f,USDC-WETH,0.01%,26165.285714285714
2023-09-11,0x11b815efb8f581194ae79006d24e0d814b7697f6,WETH-USDT,0.05%,34750487.14285714
2023-09-11,0x4e68ccd3e89f51c3074ca5072bbac773960dfa36,WETH-USDT,0.3%,45069585.14285714
2023-09-11,0x7bea39867e4169dbe237d55c8242a8f2fcdcc387,USDC-WETH,1%,1126297.9285714286
2023-09-11,0x88e6a0c2ddd26feeb64f039a2c41296fcb3f5640,USDC-WETH,0.05%,200495021.0
2023-09-11,0x8ad599c3a0ff1de082011efddc58f1908eb6e6d8,USDC-WETH,0.3%,59432525.14285714
2023-09-11,0xe0554a476a092703abdb3ef35c80e0d76d32939f,USDC-WETH,0.01%,25963.714285714286
2023-09-18,0x11b815efb8f581194ae79006d24e0d814b7697f6,WETH-USDT,0.05%,34780361.14285714
2023-09-18,0x4e68ccd3e89f51c3074ca5072bbac773960dfa36,WETH-USDT,0.3%,45546032.28571428
2023-09-18,0x7bea39867e4169dbe237d55c8242a8f2fcdcc387,USDC-WETH,1%,1040219.0714285715
2023-09-18,0x88e6a0c2ddd26feeb64f039a2c41296fcb3f5640,USDC-WETH,0.05%,200876615.57142857
2023-09-18,0x8ad599c3a0ff1de082011efddc58f1908eb6e6d8,USDC-WETH,0.3%,59285894.428571425
2023-09-18,0xe0554a476a092703abdb3ef35c80e0d76d32939f,USDC-WETH,0.01%,25945.428571428572
2023-09-25,0x11b815efb8f581194ae79006d24e0d814b7697f6,WETH-USDT,0.05%,35205249.71428572
2023-09-25,0x4e68ccd3e89f51c3074ca5072bbac773960dfa36,WETH-USDT,0.3%,47036671.28571428
2023-09-25,0x7bea39867e4169dbe237d55c8242a8f2fcdcc387,USDC-WETH,1%,1035273.5714285715
2023-09-25,0x88e6a0c2ddd26feeb64f039a2c41296fcb3f5640,USDC-WETH,0.05%,196317025.7142857
2023-09-25,0x8ad599c3a0ff1de082011efddc58f1908eb6e6d8,USDC-WETH,0.3%,59122641.428571425
2023-09-25,0xe0554a476a092703abdb3ef35c80e0d76d32939f,USDC-WETH,0.01%,26240.0
2023-10-02,0x11b815efb8f581194ae79006d24e0d814b7697f6,WETH-USDT,0.05%,35405254.71428572
2023-10-02,0x4e68ccd3e89f51c3074ca5072bbac773960dfa36,WETH-USDT,0.3%,58351561.85714286
2023-10-02,0x7bea39867e4169dbe237d55c8242a8f2fcdcc387,USDC-WETH,1%,1038007.2142857143
2023-10-02,0x88e6a0c2ddd26feeb64f039a2c41296fcb3f5640,USDC-WETH,0.05%,184863241.85714287
2023-10-02,0x8ad599c3a0ff1de082011efddc58f1908eb6e6d8,USDC-WETH,0.3%,65759903.71428572
2023-10-02,0xe0554a476a092703abdb3ef35c80e0d76d32939f,USDC-WETH,0.01%,27120.714285714286
2023-10-09,0x11b815efb8f581194ae79006d24e0d814b7697f6,WETH-USDT,0.05%,34088741.14285714
2023-10-09,0x4e68ccd3e89f51c3074ca5072bbac773960dfa36,WETH-USDT,0.3%,57003469.428571425
2023-10-09,0x7bea39867e4169dbe237d55c8242a8f2fcdcc387,USDC-WETH,1%,995679.7857142857
2023-10-09,0x88e6a0c2ddd26feeb64f039a2c41296fcb3f5640,USDC-WETH,0.05%,178308100.42857143
2023-10-09,0x8ad599c3a0ff1de082011efddc58f1908eb6e6d8,USDC-WETH,0.3%,65563891.71428572
2023-10-09,0xe0554a476a092703abdb3ef35c80e0d76d32939f,USDC-WETH,0.01%,28406.0
2023-10-16,0x11b815efb8f581194ae79006d24e0d814b7697f6,WETH-USDT,0.05%,34228558.428571425
2023-10-16,0x4e68ccd3e89f51c3074ca5072bbac773960dfa36,WETH-USDT,0.3%,57949730.28571428
2023-10-16,0x7bea39867e4169dbe237d55c8242a8f2fcdcc387,USDC-WETH,1%,1015603.5714285715
2023-10-16,0x88e6a0c2ddd26feeb64f039a2c41296fcb3f5640,USDC-WETH,0.05%,182567812.57142857
2023-10-16,0x8ad599c3a0ff1de082011efddc58f1908eb6e6d8,USDC-WETH,0.3%,67123511.57142857
2023-10-16,0xe0554a476a092703abdb3ef35c80e0d76d32939f,USDC-WETH,0.01%,29296.285714285714
2023-10-23,0x11b815efb8f581194ae79006d24e0d814b7697f6,WETH-USDT,0.05%,36437892.14285714
2023-10-23,0x4e68ccd3e89f51c3074ca5072bbac773960dfa36,WETH-USDT,0.3%,60623222.14285714
2023-10-23,0x7bea39867e4169dbe237d55c8242a8f2fcdcc387,USDC-WETH,1%,1045056.0714285715
2023-10-23,0x88e6a0c2ddd26feeb64f039a2c41296fcb3f5640,USDC-WETH,0.05%,201296364.2857143
2023-10-23,0x8ad599c3a0ff1de082011efddc58f1908eb6e6d8,USDC-WETH,0.3%,70789405.71428572
2023-10-23,0xe0554a476a092703abdb3ef35c80e0d76d32939f,USDC-WETH,0.01%,29409.714285714286
2023-10-30,0x11b815efb8f581194ae79006d24e0d814b7697f6,WETH-USDT,0.05%,39209776.85714286
2023-10-30,0x4e68ccd3e89f51c3074ca5072bbac773960dfa36,WETH-USDT,0.3%,58919523.14285714
2023-10-30,0x7bea39867e4169dbe237d55c8242a8f2fcdcc387,USDC-WETH,1%,1039077.8571428572
2023-10-30,0x88e6a0c2ddd26feeb64f039a2c41296fcb3f5640,USDC-WETH,0.05%,206410999.0
2023-10-30,0x8ad599c3a0ff1de082011efddc58f1908eb6e6d8,USDC-WETH,0.3%,71675650.42857143
2023-10-30,0xe0554a476a092703abdb3ef35c80e0d76d32939f,USDC-WETH,0.01%,80450.57142857143
2023-11-06,0x11b815efb8f581194ae79006d24e0d814b7697f6,WETH-USDT,0.05%,39112399.428571425
2023-11-06,0x4e68ccd3e89f51c3074ca5072bbac773960dfa36,WETH-USDT,0.3%,58672939.0
2023-11-06,0x7bea39867e4169dbe237d55c8242a8f2fcdcc387,USDC-WETH,1%,1109878.2857142857
2023-11-06,0x88e6a0c2ddd26feeb64f039a2c41296fcb3f5640,USDC-WETH,0.05%,180850027.42857143
2023-11-06,0x8ad599c3a0ff1de082011efddc58f1908eb6e6d8,USDC-WETH,0.3%,79062334.0
2023-11-06,0xc7bbec68d12a0d1830360f8ec58fa599ba1b0e9b,WETH-USDT,0.01%,873126.5
2023-11-06,0xe0554a476a092703abdb3ef35c80e0d76d32939f,USDC-WETH,0.01%,103245.28571428571
2023-11-13,0x11b815efb8f581194ae79006d24e0d814b7697f6,WETH-USDT,0.05%,40358207.428571425
2023-11-13,0x4e68ccd3e89f51c3074ca5072bbac773960dfa36,WETH-USDT,0.3%,62110112.28571428
2023-11-13,0x7bea39867e4169dbe237d55c8242a8f2fcdcc387,USDC-WETH,1%,1111877.9285714286
2023-11-13,0x88e6a0c2ddd26feeb64f039a2c41296fcb3f5640,USDC-WETH,0.05%,154069527.42857143
2023-11-13,0x8ad599c3a0ff1de082011efddc58f1908eb6e6d8,USDC-WETH,0.3%,84825292.57142857
2023-11-13,0xc7bbec68d12a0d1830360f8ec58fa599ba1b0e9b,WETH-USDT,0.01%,1953073.857142857
2023-11-13,0xe0554a476a092703abdb3ef35c80e0d76d32939f,USDC-WETH,0.01%,650175.7142857143
2023-11-20,0x11b815efb8f581194ae79006d24e0d814b7697f6,WETH-USDT,0.05%,42347975.428571425
2023-11-20,0x4e68ccd3e89f51c3074ca5072bbac773960dfa36,WETH-USDT,0.3%,65348376.85714286
2023-11-20,0x7bea39867e4169dbe237d55c8242a8f2fcdcc387,USDC-WETH,1%,1134809.142857143
2023-11-20,0x88e6a0c2ddd26feeb64f039a2c41296fcb3f5640,USDC-WETH,0.05%,168114148.7142857
2023-11-20,0x8ad599c3a0ff1de082011efddc58f1908eb6e6d8,USDC-WETH,0.3%,80815498.0
2023-11-20,0xc7bbec68d12a0d1830360f8ec58fa599ba1b0e9b,WETH-USDT,0.01%,4149009.1428571427
2023-11-20,0xe0554a476a092703abdb3ef35c80e0d76d32939f,USDC-WETH,0.01%,29687.14285714286
2023-11-27,0x11b815efb8f581194ae79006d24e0d814b7697f6,WETH-USDT,0.05%,41818958.428571425
2023-11-27,0x4e68ccd3e89f51c3074ca5072bbac773960dfa36,WETH-USDT,0.3%,69279329.0
2023-11-27,0x7bea39867e4169dbe237d55c8242a8f2fcdcc387,USDC-WETH,1%,1141444.0714285714
2023-11-27,0x88e6a0c2ddd26feeb64f039a2c41296fcb3f5640,USDC-WETH,0.05%,156296970.85714287
2023-11-27,0x8ad599c3a0ff1de082011efddc58f1908eb6e6d8,USDC-WETH,0.3%,82346139.0
2023-11-27,0xc7bbec68d12a0d1830360f8ec58fa599ba1b0e9b,WETH-USDT,0.01%,4566401.0
2023-11-27,0xe0554a476a092703abdb3ef35c80e0d76d32939f,USDC-WETH,0.01%,29706.14285714286
2023-12-04,0x11b815efb8f581194ae79006d24e0d814b7697f6,WETH-USDT,0.05%,34837086.571428575
2023-12-04,0x4e68ccd3e89f51c3074ca5072bbac773960dfa36,WETH-USDT,0.3%,68093998.57142857
2023-12-04,0x7bea39867e4169dbe237d55c8242a8f2fcdcc387,USDC-WETH,1%,1217933.357142857
2023-12-04,0x88e6a0c2ddd26feeb64f039a2c41296fcb3f5640,USDC-WETH,0.05%,145852176.85714287
2023-12-04,0x8ad599c3a0ff1de082011efddc58f1908eb6e6d8,USDC-WETH,0.3%,73789042.28571428
2023-12-04,0xc7bbec68d12a0d1830360f8ec58fa599ba1b0e9b,WETH-USDT,0.01%,4490002.142857143
2023-12-04,0xe0554a476a092703abdb3ef35c80e0d76d32939f,USDC-WETH,0.01%,28701.571428571428
2023-12-11,0x11b815efb8f581194ae79006d24e0d814b7697f6,WETH-USDT,0.05%,32785590.85714286
2023-12-11,0x4e68ccd3e89f51c3074ca5072bbac773960dfa36,WETH-USDT,0.3%,68118160.57142857
2023-12-11,0x7bea39867e4169dbe237d55c8242a8f2fcdcc387,USDC-WETH,1%,1183421.0
2023-12-11,0x88e6a0c2ddd26feeb64f039a2c41296fcb3f5640,USDC-WETH,0.05%,143473464.57142857
2023-12-11,0x8ad599c3a0ff1de082011efddc58f1908eb6e6d8,USDC-WETH,0.3%,69109810.14285715
2023-12-11,0xc7bbec68d12a0d1830360f8ec58fa599ba1b0e9b,WETH-USDT,0.01%,3859839.1428571427
2023-12-11,0xe0554a476a092703abdb3ef35c80e0d76d32939f,USDC-WETH,0.01%,28548.0
2023-12-18,0x11b815efb8f581194ae79006d24e0d814b7697f6,WETH-USDT,0.05%,31855567.0
2023-12-18,0x4e68ccd3e89f51c3074ca5072bbac773960dfa36,WETH-USDT,0.3%,70885513.14285715
2023-12-18,0x7bea39867e4169dbe237d55c8242a8f2fcdcc387,USDC-WETH,1%,1268252.9285714286
2023-12-18,0x88e6a0c2ddd26feeb64f039a2c41296fcb3f5640,USDC-WETH,0.05%,143440208.42857143
2023-12-18,0x8ad599c3a0ff1de082011efddc58f1908eb6e6d8,USDC-WETH,0.3%,69038547.14285715
2023-12-18,0xc7bbec68d12a0d1830360f8ec58fa599ba1b0e9b,WETH-USDT,0.01%,5723140.142857143
2023-12-18,0xe0554a476a092703abdb3ef35c80e0d76d32939f,USDC-WETH,0.01%,28614.285714285714
2023-12-25,0x11b815efb8f581194ae79006d24e0d814b7697f6,WETH-USDT,0.05%,35793330.571428575
2023-12-25,0x4e68ccd3e89f51c3074ca5072bbac773960dfa36,WETH-USDT,0.3%,66502418.85714286
2023-12-25,0x7bea39867e4169dbe237d55c8242a8f2fcdcc387,USDC-WETH,1%,1242106.2142857143
2023-12-25,0x88e6a0c2ddd26feeb64f039a2c41296fcb3f5640,USDC-WETH,0.05%,139364725.0
2023-12-25,0x8ad599c3a0ff1de082011efddc58f1908eb6e6d8,USDC-WETH,0.3%,68490220.57142857
2023-12-25,0xc7bbec68d12a0d1830360f8ec58fa599ba1b0e9b,WETH-USDT,0.01%,6052128.428571428
2023-12-25,0xe0554a476a092703abdb3ef35c80e0d76d32939f,USDC-WETH,0.01%,28765.714285714286
2024-01-01,0x11b815efb8f581194ae79006d24e0d814b7697f6,WETH-USDT,0.05%,38005989.71428572
2024-01-01,0x4e68ccd3e89f51c3074ca5072bbac773960dfa36,WETH-USDT,0.3%,69168608.85714285
2024-01-01,0x7bea39867e4169dbe237d55c8242a8f2fcdcc387,USDC-WETH,1%,1226367.7857142857
2024-01-01,0x88e6a0c2ddd26feeb64f039a2c41296fcb3f5640,USDC-WETH,0.05%,134559376.2857143
2024-01-01,0x8ad599c3a0ff1de082011efddc58f1908eb6e6d8,USDC-WETH,0.3%,70935879.71428572
2024-01-01,0xc7bbec68d12a0d1830360f8ec58fa599ba1b0e9b,WETH-USDT,0.01%,6806181.285714285
2024-01-01,0xe0554a476a092703abdb3ef35c80e0d76d32939f,USDC-WETH,0.01%,28011.0
2024-01-08,0x11b815efb8f581194ae79006d24e0d814b7697f6,WETH-USDT,0.05%,34320428.14285714
2024-01-08,0x4e68ccd3e89f51c3074ca5072bbac773960dfa36,WETH-USDT,0.3%,66434911.428571425
2024-01-08,0x7bea39867e4169dbe237d55c8242a8f2fcdcc387,USDC-WETH,1%,1304965.142857143
2024-01-08,0x88e6a0c2ddd26feeb64f039a2c41296fcb3f5640,USDC-WETH,0.05%,133747742.42857143
2024-01-08,0x8ad599c3a0ff1de082011efddc58f1908eb6e6d8,USDC-WETH,0.3%,75287136.14285715
2024-01-08,0xc7bbec68d12a0d1830360f8ec58fa599ba1b0e9b,WETH-USDT,0.01%,4504636.571428572
2024-01-08,0xe0554a476a092703abdb3ef35c80e0d76d32939f,USDC-WETH,0.01%,99447.28571428571
2024-01-15,0x11b815efb8f581194ae79006d24e0d814b7697f6,WETH-USDT,0.05%,30342298.0
2024-01-15,0x4e68ccd3e89f51c3074ca5072bbac773960dfa36,WETH-USDT,0.3%,55241266.85714286
2024-01-15,0x7bea39867e4169dbe237d55c8242a8f2fcdcc387,USDC-WETH,1%,1320605.357142857
2024-01-15,0x88e6a0c2ddd26feeb64f039a2c41296fcb3f5640,USDC-WETH,0.05%,140533866.0
2024-01-15,0x8ad599c3a0ff1de082011efddc58f1908eb6e6d8,USDC-WETH,0.3%,77912293.71428572
2024-01-15,0xc7bbec68d12a0d1830360f8ec58fa599ba1b0e9b,WETH-USDT,0.01%,3149411.714285714
2024-01-15,0xe0554a476a092703abdb3ef35c80e0d76d32939f,USDC-WETH,0.01%,27686.428571428572
2024-01-22,0x11b815efb8f581194ae79006d24e0d814b7697f6,WETH-USDT,0.05%,28197085.14285714
2024-01-22,0x4e68ccd3e89f51c3074ca5072bbac773960dfa36,WETH-USDT,0.3%,58697018.571428575
2024-01-22,0x7bea39867e4169dbe237d55c8242a8f2fcdcc387,USDC-WETH,1%,1249646.7142857143
2024-01-22,0x88e6a0c2ddd26feeb64f039a2c41296fcb3f5640,USDC-WETH,0.05%,137206599.85714287
2024-01-22,0x8ad599c3a0ff1de082011efddc58f1908eb6e6d8,USDC-WETH,0.3%,70090156.42857143
2024-01-22,0xc7bbec68d12a0d1830360f8ec58fa599ba1b0e9b,WETH-USDT,0.01%,5538539.428571428
2024-01-22,0xe0554a476a092703abdb3ef35c80e0d76d32939f,USDC-WETH,0.01%,27503.85714285714
2024-01-29,0x11b815efb8f581194ae79006d24e0d814b7697f6,WETH-USDT,0.05%,30561481.42857143
2024-01-29,0x4e68ccd3e89f51c3074ca5072bbac773960dfa36,WETH-USDT,0.3%,54218843.0
2024-01-29,0x7bea39867e4169dbe237d55c8242a8f2fcdcc387,USDC-WETH,1%,1273158.4285714286
2024-01-29,0x88e6a0c2ddd26feeb64f039a2c41296fcb3f5640,USDC-WETH,0.05%,145191353.2857143
2024-01-29,0x8ad599c3a0ff1de082011efddc58f1908eb6e6d8,USDC-WETH,0.3%,64598771.28571428
2024-01-29,0xc7bbec68d12a0d1830360f8ec58fa599ba1b0e9b,WETH-USDT,0.01%,6455069.285714285
2024-01-29,0xe0554a476a092703abdb3ef35c80e0d76d32939f,USDC-WETH,0.01%,27664.571428571428
2024-02-05,0x11b815efb8f581194ae79006d24e0d814b7697f6,WETH-USDT,0.05%,32766694.42857143
2024-02-05,0x4e68ccd3e89f51c3074ca5072bbac773960dfa36,WETH-USDT,0.3%,56466231.571428575
2024-02-05,0x7bea39867e4169dbe237d55c8242a8f2fcdcc387,USDC-WETH,1%,1318382.9285714286
2024-02-05,0x88e6a0c2ddd26feeb64f039a2c41296fcb3f5640,USDC-WETH,0.05%,143830350.14285713
2024-02-05,0x8ad599c3a0ff1de082011efddc58f1908eb6e6d8,USDC-WETH,0.3%,67693906.0
2024-02-05,0xc7bbec68d12a0d1830360f8ec58fa599ba1b0e9b,WETH-USDT,0.01%,6223090.857142857
2024-02-05,0xe0554a476a092703abdb3ef35c80e0d76d32939f,USDC-WETH,0.01%,69771.28571428571
2024-02-12,0x11b815efb8f581194ae79006d24e0d814b7697f6,WETH-USDT,0.05%,32180123.714285713
2024-02-12,0x4e68ccd3e89f51c3074ca5072bbac773960dfa36,WETH-USDT,0.3%,43638809.428571425
2024-02-12,0x7bea39867e4169dbe237d55c8242a8f2fcdcc387,USDC-WETH,1%,1387406.0714285714
2024-02-12,0x88e6a0c2ddd26feeb64f039a2c41296fcb3f5640,USDC-WETH,0.05%,131430754.28571428
2024-02-12,0x8ad599c3a0ff1de082011efddc58f1908eb6e6d8,USDC-WETH,0.3%,57742212.0
2024-02-12,0xc7bbec68d12a0d1830360f8ec58fa599ba1b0e9b,WETH-USDT,0.01%,3615529.285714286
2024-02-12,0xe0554a476a092703abdb3ef35c80e0d76d32939f,USDC-WETH,0.01%,72081.28571428571
2024-02-19,0x11b815efb8f581194ae79006d24e0d814b7697f6,WETH-USDT,0.05%,29474610.85714286
2024-02-19,0x4e68ccd3e89f51c3074ca5072bbac773960dfa36,WETH-USDT,0.3%,42532832.0
2024-02-19,0x7bea39867e4169dbe237d55c8242a8f2fcdcc387,USDC-WETH,1%,7049023.214285715
2024-02-19,0x88e6a0c2ddd26feeb64f039a2c41296fcb3f5640,USDC-WETH,0.05%,132871105.85714285
2024-02-19,0x8ad599c3a0ff1de082011efddc58f1908eb6e6d8,USDC-WETH,0.3%,105680166.71428572
2024-02-19,0xc7bbec68d12a0d1830360f8ec58fa599ba1b0e9b,WETH-USDT,0.01%,4989790.857142857
2024-02-19,0xe0554a476a092703abdb3ef35c80e0d76d32939f,USDC-WETH,0.01%,29057.85714285714
2024-02-26,0x11b815efb8f581194ae79006d24e0d814b7697f6,WETH-USDT,0.05%,26693788.85714286
2024-02-26,0x4e68ccd3e89f51c3074ca5072bbac773960dfa36,WETH-USDT,0.3%,44473407.14285714
2024-02-26,0x7bea39867e4169dbe237d55c8242a8f2fcdcc387,USDC-WETH,1%,1591930.5
2024-02-26,0x88e6a0c2ddd26feeb64f039a2c41296fcb3f5640,USDC-WETH,0.05%,129023709.57142857
2024-02-26,0x8ad599c3a0ff1de082011efddc58f1908eb6e6d8,USDC-WETH,0.3%,90577359.28571428
2024-02-26,0xc7bbec68d12a0d1830360f8ec58fa599ba1b0e9b,WETH-USDT,0.01%,2812156.4285714286
2024-02-26,0xe0554a476a092703abdb3ef35c80e0d76d32939f,USDC-WETH,0.01%,30094.571428571428
2024-03-04,0x11b815efb8f581194ae79006d24e0d814b7697f6,WETH-USDT,0.05%,27549486.57142857
2024-03-04,0x4e68ccd3e89f51c3074ca5072bbac773960dfa36,WETH-USDT,0.3%,44135558.428571425
2024-03-04,0x7bea39867e4169dbe237d55c8242a8f2fcdcc387,USDC-WETH,1%,1920092.857142857
2024-03-04,0x88e6a0c2ddd26feeb64f039a2c41296fcb3f5640,USDC-WETH,0.05%,109960328.85714285
2024-03-04,0x8ad599c3a0ff1de082011efddc58f1908eb6e6d8,USDC-WETH,0.3%,69859302.57142857
2024-03-04,0xc7bbec68d12a0d1830360f8ec58fa599ba1b0e9b,WETH-USDT,0.01%,993465.8571428572
2024-03-04,0xe0554a476a092703abdb3ef35c80e0d76d32939f,USDC-WETH,0.01%,32178.714285714286
2024-03-11,0x11b815efb8f581194ae79006d24e0d814b7697f6,WETH-USDT,0.05%,31776263.285714287
2024-03-11,0x4e68ccd3e89f51c3074ca5072bbac773960dfa36,WETH-USDT,0.3%,44638444.85714286
2024-03-11,0x7bea39867e4169dbe237d55c8242a8f2fcdcc387,USDC-WETH,1%,1971136.5
2024-03-11,0x88e6a0c2ddd26feeb64f039a2c41296fcb3f5640,USDC-WETH,0.05%,110003777.57142857
2024-03-11,0x8ad599c3a0ff1de082011efddc58f1908eb6e6d8,USDC-WETH,0.3%,48935592.0
2024-03-11,0xc7bbec68d12a0d1830360f8ec58fa599ba1b0e9b,WETH-USDT,0.01%,728242.8571428572
2024-03-11,0xe0554a476a092703abdb3ef35c80e0d76d32939f,USDC-WETH,0.01%,36920.0
2024-03-18,0x11b815efb8f581194ae79006d24e0d814b7697f6,WETH-USDT,0.05%,38019749.333333336
2024-03-18,0x4e68ccd3e89f51c3074ca5072bbac773960dfa36,WETH-USDT,0.3%,57484438.333333336
2024-03-18,0x7bea39867e4169dbe237d55c8242a8f2fcdcc387,USDC-WETH,1%,1884580.6666666667
2024-03-18,0x88e6a0c2ddd26feeb64f039a2c41296fcb3f5640,USDC-WETH,0.05%,122988014.83333333
2024-03-18,0x8ad599c3a0ff1de082011efddc58f1908eb6e6d8,USDC-WETH,0.3%,71550557.66666667
2024-03-18,0xc7bbec68d12a0d1830360f8ec58fa599ba1b0e9b,WETH-USDT,0.01%,183676.5
2024-03-18,0xe0554a476a092703abdb3ef35c80e0d76d32939f,USDC-WETH,0.01%,61893.666666666664
2024-03-25,0x11b815efb8f581194ae79006d24e0d814b7697f6,WETH-USDT,0.05%,37627739.428571425
2024-03-25,0x4e68ccd3e89f51c3074ca5072bbac773960dfa36,WETH-USDT,0.3%,74450614.85714285
2024-03-25,0x7bea39867e4169dbe237d55c8242a8f2fcdcc387,USDC-WETH,1%,1978776.7142857143
2024-03-25,0x88e6a0c2ddd26feeb64f039a2c41296fcb3f5640,USDC-WETH,0.05%,141432593.14285713
2024-03-25,0x8ad599c3a0ff1de082011efddc58f1908eb6e6d8,USDC-WETH,0.3%,88005462.71428572
2024-03-25,0xc7bbec68d12a0d1830360f8ec58fa599ba1b0e9b,WETH-USDT,0.01%,3090670.8571428573
2024-03-25,0xe0554a476a092703abdb3ef35c80e0d76d32939f,USDC-WETH,0.01%,35913.57142857143
2024-04-01,0x11b815efb8f581194ae79006d24e0d814b7697f6,WETH-USDT,0.05%,36868765.85714286
2024-04-01,0x4e68ccd3e89f51c3074ca5072bbac773960dfa36,WETH-USDT,0.3%,72804734.85714285
2024-04-01,0x7bea39867e4169dbe237d55c8242a8f2fcdcc387,USDC-WETH,1%,1915719.0
2024-04-01,0x88e6a0c2ddd26feeb64f039a2c41296fcb3f5640,USDC-WETH,0.05%,151716695.42857143
2024-04-01,0x8ad599c3a0ff1de082011efddc58f1908eb6e6d8,USDC-WETH,0.3%,85380779.57142857
2024-04-01,0xc7bbec68d12a0d1830360f8ec58fa599ba1b0e9b,WETH-USDT,0.01%,4200934.285714285
2024-04-01,0xe0554a476a092703abdb3ef35c80e0d76d32939f,USDC-WETH,0.01%,34361.42857142857
2024-04-08,0x11b815efb8f581194ae79006d24e0d814b7697f6,WETH-USDT,0.05%,46938390.571428575
2024-04-08,0x4e68ccd3e89f51c3074ca5072bbac773960dfa36,WETH-USDT,0.3%,76392733.42857143
2024-04-08,0x7bea39867e4169dbe237d55c8242a8f2fcdcc387,USDC-WETH,1%,1741671.642857143
2024-04-08,0x88e6a0c2ddd26feeb64f039a2c41296fcb3f5640,USDC-WETH,0.05%,167177272.57142857
2024-04-08,0x8ad599c3a0ff1de082011efddc58f1908eb6e6d8,USDC-WETH,0.3%,83321538.42857143
2024-04-08,0xc7bbec68d12a0d1830360f8ec58fa599ba1b0e9b,WETH-USDT,0.01%,4201597.142857143
2024-04-08,0xe0554a476a092703abdb3ef35c80e0d76d32939f,USDC-WETH,0.01%,30229.14285714286
2024-04-15,0x11b815efb8f581194ae79006d24e0d814b7697f6,WETH-USDT,0.05%,50063040.85714286
2024-04-15,0x4e68ccd3e89f51c3074ca5072bbac773960dfa36,WETH-USDT,0.3%,83520837.85714285
2024-04-15,0x7bea39867e4169dbe237d55c8242a8f2fcdcc387,USDC-WETH,1%,1593869.2857142857
2024-04-15,0x88e6a0c2ddd26feeb64f039a2c41296fcb3f5640,USDC-WETH,0.05%,160948057.42857143
2024-04-15,0x8ad599c3a0ff1de082011efddc58f1908eb6e6d8,USDC-WETH,0.3%,82002394.28571428
2024-04-15,0xc7bbec68d12a0d1830360f8ec58fa599ba1b0e9b,WETH-USDT,0.01%,3863531.1428571427
2024-04-15,0xe0554a476a092703abdb3ef35c80e0d76d32939f,USDC-WETH,0.01%,28395.85714285714
2024-04-22,0x11b815efb8f581194ae79006d24e0d814b7697f6,WETH-USDT,0.05%,52752485.6
2024-04-22,0x4e68ccd3e89f51c3074ca5072bbac773960dfa36,WETH-USDT,0.3%,85563248.6
2024-04-22,0x7bea39867e4169dbe237d55c8242a8f2fcdcc387,USDC-WETH,1%,1551590.6
2024-04-22,0x88e6a0c2ddd26feeb64f039a2c41296fcb3f5640,USDC-WETH,0.05%,162847426.4
2024-04-22,0x8ad599c3a0ff1de082011efddc58f1908eb6e6d8,USDC-WETH,0.3%,79501006.0
2024-04-22,0xc7bbec68d12a0d1830360f8ec58fa599ba1b0e9b,WETH-USDT,0.01%,4037036.4
2024-04-22,0xe0554a476a092703abdb3ef35c80e0d76d32939f,USDC-WETH,0.01%,28113.6
2024-04-29,0x11b815efb8f581194ae79006d24e0d814b7697f6,WETH-USDT,0.05%,44213565.85714286
2024-04-29,0x4e68ccd3e89f51c3074ca5072bbac773960dfa36,WETH-USDT,0.3%,86270247.85714285
2024-04-29,0x7bea39867e4169dbe237d55c8242a8f2fcdcc387,USDC-WETH,1%,1531799.642857143
2024-04-29,0x88e6a0c2ddd26feeb64f039a2c41296fcb3f5640,USDC-WETH,0.05%,153095787.57142857
2024-04-29,0x8ad599c3a0ff1de082011efddc58f1908eb6e6d8,USDC-WETH,0.3%,80475461.71428572
2024-04-29,0xc7bbec68d12a0d1830360f8ec58fa599ba1b0e9b,WETH-USDT,0.01%,2648073.8571428573
2024-04-29,0xe0554a476a092703abdb3ef35c80e0d76d32939f,USDC-WETH,0.01%,27962.428571428572
2024-05-06,0x11b815efb8f581194ae79006d24e0d814b7697f6,WETH-USDT,0.05%,46990037.571428575
2024-05-06,0x4e68ccd3e89f51c3074ca5072bbac773960dfa36,WETH-USDT,0.3%,85155633.14285715
2024-05-06,0x7bea39867e4169dbe237d55c8242a8f2fcdcc387,USDC-WETH,1%,1512795.5714285714
2024-05-06,0x88e6a0c2ddd26feeb64f039a2c41296fcb3f5640,USDC-WETH,0.05%,155849522.7142857
2024-05-06,0x8ad599c3a0ff1de082011efddc58f1908eb6e6d8,USDC-WETH,0.3%,77199638.85714285
2024-05-06,0xc7bbec68d12a0d1830360f8ec58fa599ba1b0e9b,WETH-USDT,0.01%,2479168.714285714
2024-05-06,0xe0554a476a092703abdb3ef35c80e0d76d32939f,USDC-WETH,0.01%,27626.571428571428
2024-05-13,0x11b815efb8f581194ae79006d24e0d814b7697f6,WETH-USDT,0.05%,45554911.28571428
2024-05-13,0x4e68ccd3e89f51c3074ca5072bbac773960dfa36,WETH-USDT,0.3%,92258094.14285715
2024-05-13,0x7bea39867e4169dbe237d55c8242a8f2fcdcc387,USDC-WETH,1%,1521604.642857143
2024-05-13,0x88e6a0c2ddd26feeb64f039a2c41296fcb3f5640,USDC-WETH,0.05%,157676212.42857143
2024-05-13,0x8ad599c3a0ff1de082011efddc58f1908eb6e6d8,USDC-WETH,0.3%,78992190.14285715
2024-05-13,0xc7bbec68d12a0d1830360f8ec58fa599ba1b0e9b,WETH-USDT,0.01%,1595527.0
2024-05-13,0xe0554a476a092703abdb3ef35c80e0d76d32939f,USDC-WETH,0.01%,27703.0
2024-05-20,0x11b815efb8f581194ae79006d24e0d814b7697f6,WETH-USDT,0.05%,45108779.71428572
2024-05-20,0x4e68ccd3e89f51c3074ca5072bbac773960dfa36,WETH-USDT,0.3%,87547521.14285715
2024-05-20,0x7bea39867e4169dbe237d55c8242a8f2fcdcc387,USDC-WETH,1%,1724275.2142857143
2024-05-20,0x88e6a0c2ddd26feeb64f039a2c41296fcb3f5640,USDC-WETH,0.05%,180329488.14285713
2024-05-20,0x8ad599c3a0ff1de082011efddc58f1908eb6e6d8,USDC-WETH,0.3%,87886297.57142857
2024-05-20,0xc7bbec68d12a0d1830360f8ec58fa599ba1b0e9b,WETH-USDT,0.01%,1239758.0
2024-05-20,0xe0554a476a092703abdb3ef35c80e0d76d32939f,USDC-WETH,0.01%,33952.28571428572
2024-05-27,0x11b815efb8f581194ae79006d24e0d814b7697f6,WETH-USDT,0.05%,44824372.28571428
2024-05-27,0x4e68ccd3e89f51c3074ca5072bbac773960dfa36,WETH-USDT,0.3%,87379440.14285715
2024-05-27,0x7bea39867e4169dbe237d55c8242a8f2fcdcc387,USDC-WETH,1%,1738350.142857143
2024-05-27,0x88e6a0c2ddd26feeb64f039a2c41296fcb3f5640,USDC-WETH,0.05%,166027572.57142857
2024-05-27,0x8ad599c3a0ff1de082011efddc58f1908eb6e6d8,USDC-WETH,0.3%,89395680.14285715
2024-05-27,0xc7bbec68d12a0d1830360f8ec58fa599ba1b0e9b,WETH-USDT,0.01%,1003033.0
2024-05-27,0xe0554a476a092703abdb3ef35c80e0d76d32939f,USDC-WETH,0.01%,64271.857142857145
2024-06-03,0x11b815efb8f581194ae79006d24e0d814b7697f6,WETH-USDT,0.05%,44377225.85714286
2024-06-03,0x4e68ccd3e89f51c3074ca5072bbac773960dfa36,WETH-USDT,0.3%,88420962.28571428
2024-06-03,0x7bea39867e4169dbe237d55c8242a8f2fcdcc387,USDC-WETH,1%,1581633.7142857143
2024-06-03,0x88e6a0c2ddd26feeb64f039a2c41296fcb3f5640,USDC-WETH,0.05%,147963642.0
2024-06-03,0x8ad599c3a0ff1de082011efddc58f1908eb6e6d8,USDC-WETH,0.3%,95422159.71428572
2024-06-03,0xc7bbec68d12a0d1830360f8ec58fa599ba1b0e9b,WETH-USDT,0.01%,1567006.5714285714
2024-06-03,0xe0554a476a092703abdb3ef35c80e0d76d32939f,USDC-WETH,0.01%,29834.428571428572
2024-06-10,0x11b815efb8f581194ae79006d24e0d814b7697f6,WETH-USDT,0.05%,35422902.71428572
2024-06-10,0x4e68ccd3e89f51c3074ca5072bbac773960dfa36,WETH-USDT,0.3%,88887074.85714285
2024-06-10,0x7bea39867e4169dbe237d55c8242a8f2fcdcc387,USDC-WETH,1%,1548888.2857142857
2024-06-10,0x88e6a0c2ddd26feeb64f039a2c41296fcb3f5640,USDC-WETH,0.05%,167633928.14285713
2024-06-10,0x8ad599c3a0ff1de082011efddc58f1908eb6e6d8,USDC-WETH,0.3%,94694482.71428572
2024-06-10,0xc7bbec68d12a0d1830360f8ec58fa599ba1b0e9b,WETH-USDT,0.01%,1565614.142857143
2024-06-10,0xe0554a476a092703abdb3ef35c80e0d76d32939f,USDC-WETH,0.01%,29368.428571428572
2024-06-17,0x11b815efb8f581194ae79006d24e0d814b7697f6,WETH-USDT,0.05%,46618868.0
2024-06-17,0x4e68ccd3e89f51c3074ca5072bbac773960dfa36,WETH-USDT,0.3%,91650422.42857143
2024-06-17,0x7bea39867e4169dbe237d55c8242a8f2fcdcc387,USDC-WETH,1%,1582138.5714285714
2024-06-17,0x88e6a0c2ddd26feeb64f039a2c41296fcb3f5640,USDC-WETH,0.05%,178347967.14285713
2024-06-17,0x8ad599c3a0ff1de082011efddc58f1908eb6e6d8,USDC-WETH,0.3%,92904912.85714285
2024-06-17,0xc7bbec68d12a0d1830360f8ec58fa599ba1b0e9b,WETH-USDT,0.01%,1838489.0
2024-06-17,0xe0554a476a092703abdb3ef35c80e0d76d32939f,USDC-WETH,0.01%,29218.428571428572
2024-06-24,0x11b815efb8f581194ae79006d24e0d814b7697f6,WETH-USDT,0.05%,46088048.14285714
2024-06-24,0x4e68ccd3e89f51c3074ca5072bbac773960dfa36,WETH-USDT,0.3%,93265965.85714285
2024-06-24,0x7bea39867e4169dbe237d55c8242a8f2fcdcc387,USDC-WETH,1%,1534721.0714285714
2024-06-24,0x88e6a0c2ddd26feeb64f039a2c41296fcb3f5640,USDC-WETH,0.05%,174872036.42857143
2024-06-24,0x8ad599c3a0ff1de082011efddc58f1908eb6e6d8,USDC-WETH,0.3%,91534498.57142857
2024-06-24,0xc7bbec68d12a0d1830360f8ec58fa599ba1b0e9b,WETH-USDT,0.01%,1583607.2857142857
2024-06-24,0xe0554a476a092703abdb3ef35c80e0d76d32939f,USDC-WETH,0.01%,30955.14285714286
2024-07-01,0x11b815efb8f581194ae79006d24e0d814b7697f6,WETH-USDT,0.05%,47381019.14285714
2024-07-01,0x4e68ccd3e89f51c3074ca5072bbac773960dfa36,WETH-USDT,0.3%,86949305.57142857
2024-07-01,0x7bea39867e4169dbe237d55c8242a8f2fcdcc387,USDC-WETH,1%,1444080.142857143
2024-07-01,0x88e6a0c2ddd26feeb64f039a2c41296fcb3f5640,USDC-WETH,0.05%,158021759.14285713
2024-07-01,0x8ad599c3a0ff1de082011efddc58f1908eb6e6d8,USDC-WETH,0.3%,82059235.71428572
2024-07-01,0xc7bbec68d12a0d1830360f8ec58fa599ba1b0e9b,WETH-USDT,0.01%,3760810.285714286
2024-07-01,0xe0554a476a092703abdb3ef35c80e0d76d32939f,USDC-WETH,0.01%,112234.14285714286
2024-07-08,0x11b815efb8f581194ae79006d24e0d814b7697f6,WETH-USDT,0.05%,48168545.71428572
2024-07-08,0x4e68ccd3e89f51c3074ca5072bbac773960dfa36,WETH-USDT,0.3%,84908442.0
2024-07-08,0x7bea39867e4169dbe237d55c8242a8f2fcdcc387,USDC-WETH,1%,1256044.2142857143
2024-07-08,0x88e6a0c2ddd26feeb64f039a2c41296fcb3f5640,USDC-WETH,0.05%,146589245.57142857
2024-07-08,0x8ad599c3a0ff1de082011efddc58f1908eb6e6d8,USDC-WETH,0.3%,74783330.14285715
2024-07-08,0xc7bbec68d12a0d1830360f8ec58fa599ba1b0e9b,WETH-USDT,0.01%,4551446.857142857
2024-07-08,0xe0554a476a092703abdb3ef35c80e0d76d32939f,USDC-WETH,0.01%,204079.0
2024-07-15,0x11b815efb8f581194ae79006d24e0d814b7697f6,WETH-USDT,0.05%,43575301.14285714
2024-07-15,0x4e68ccd3e89f51c3074ca5072bbac773960dfa36,WETH-USDT,0.3%,92294591.85714285
2024-07-15,0x7bea39867e4169dbe237d55c8242a8f2fcdcc387,USDC-WETH,1%,825902.5
2024-07-15,0x88e6a0c2ddd26feeb64f039a2c41296fcb3f5640,USDC-WETH,0.05%,162225891.14285713
2024-07-15,0x8ad599c3a0ff1de082011efddc58f1908eb6e6d8,USDC-WETH,0.3%,78778027.71428572
2024-07-15,0xc7bbec68d12a0d1830360f8ec58fa599ba1b0e9b,WETH-USDT,0.01%,5988698.571428572
2024-07-15,0xe0554a476a092703abdb3ef35c80e0d76d32939f,USDC-WETH,0.01%,356694.4285714286
2024-07-22,0x11b815efb8f581194ae79006d24e0d814b7697f6,WETH-USDT,0.05%,41709639.28571428
2024-07-22,0x4e68ccd3e89f51c3074ca5072bbac773960dfa36,WETH-USDT,0.3%,97729227.71428572
2024-07-22,0x7bea39867e4169dbe237d55c8242a8f2fcdcc387,USDC-WETH,1%,804758.2857142857
2024-07-22,0x88e6a0c2ddd26feeb64f039a2c41296fcb3f5640,USDC-WETH,0.05%,156999744.7142857
2024-07-22,0x8ad599c3a0ff1de082011efddc58f1908eb6e6d8,USDC-WETH,0.3%,78051310.42857143
2024-07-22,0xc7bbec68d12a0d1830360f8ec58fa599ba1b0e9b,WETH-USDT,0.01%,6719887.0
2024-07-22,0xe0554a476a092703abdb3ef35c80e0d76d32939f,USDC-WETH,0.01%,473644.85714285716
2024-07-29,0x11b815efb8f581194ae79006d24e0d814b7697f6,WETH-USDT,0.05%,41676923.85714286
2024-07-29,0x4e68ccd3e89f51c3074ca5072bbac773960dfa36,WETH-USDT,0.3%,93279550.85714285
2024-07-29,0x7bea39867e4169dbe237d55c8242a8f2fcdcc387,USDC-WETH,1%,787643.9285714285
2024-07-29,0x88e6a0c2ddd26feeb64f039a2c41296fcb3f5640,USDC-WETH,0.05%,153327842.42857143
2024-07-29,0x8ad599c3a0ff1de082011efddc58f1908eb6e6d8,USDC-WETH,0.3%,76271621.0
2024-07-29,0xc7bbec68d12a0d1830360f8ec58fa599ba1b0e9b,WETH-USDT,0.01%,7055342.0
2024-07-29,0xe0554a476a092703abdb3ef35c80e0d76d32939f,USDC-WETH,0.01%,369345.71428571426
2024-08-05,0x11b815efb8f581194ae79006d24e0d814b7697f6,WETH-USDT,0.05%,25247851.85714286
2024-08-05,0x4e68ccd3e89f51c3074ca5072bbac773960dfa36,WETH-USDT,0.3%,76952928.42857143
2024-08-05,0x7bea39867e4169dbe237d55c8242a8f2fcdcc387,USDC-WETH,1%,412934.28571428574
2024-08-05,0x88e6a0c2ddd26feeb64f039a2c41296fcb3f5640,USDC-WETH,0.05%,127797510.57142857
2024-08-05,0x8ad599c3a0ff1de082011efddc58f1908eb6e6d8,USDC-WETH,0.3%,65485337.571428575
2024-08-05,0xc7bbec68d12a0d1830360f8ec58fa599ba1b0e9b,WETH-USDT,0.01%,4996228.571428572
2024-08-05,0xe0554a476a092703abdb3ef35c80e0d76d32939f,USDC-WETH,0.01%,492805.5714285714
2024-08-12,0x11b815efb8f581194ae79006d24e0d814b7697f6,WETH-USDT,0.05%,25585595.85714286
2024-08-12,0x4e68ccd3e89f51c3074ca5072bbac773960dfa36,WETH-USDT,0.3%,84707180.42857143
2024-08-12,0x7bea39867e4169dbe237d55c8242a8f2fcdcc387,USDC-WETH,1%,413731.5
2024-08-12,0x88e6a0c2ddd26feeb64f039a2c41296fcb3f5640,USDC-WETH,0.05%,160959759.85714287
2024-08-12,0x8ad599c3a0ff1de082011efddc58f1908eb6e6d8,USDC-WETH,0.3%,71635560.14285715
2024-08-12,0xc7bbec68d12a0d1830360f8ec58fa599ba1b0e9b,WETH-USDT,0.01%,7095606.142857143
2024-08-12,0xe0554a476a092703abdb3ef35c80e0d76d32939f,USDC-WETH,0.01%,1068467.5714285714
2024-08-19,0x11b815efb8f581194ae79006d24e0d814b7697f6,WETH-USDT,0.05%,26688915.714285713
2024-08-19,0x4e68ccd3e89f51c3074ca5072bbac773960dfa36,WETH-USDT,0.3%,83653692.28571428
2024-08-19,0x7bea39867e4169dbe237d55c8242a8f2fcdcc387,USDC-WETH,1%,418076.9285714286
2024-08-19,0x88e6a0c2ddd26feeb64f039a2c41296fcb3f5640,USDC-WETH,0.05%,165073816.2857143
2024-08-19,0x8ad599c3a0ff1de082011efddc58f1908eb6e6d8,USDC-WETH,0.3%,72739950.28571428
2024-08-19,0xc7bbec68d12a0d1830360f8ec58fa599ba1b0e9b,WETH-USDT,0.01%,8044500.571428572
2024-08-19,0xe0554a476a092703abdb3ef35c80e0d76d32939f,USDC-WETH,0.01%,1313087.4285714286
2024-08-26,0x11b815efb8f581194ae79006d24e0d814b7697f6,WETH-USDT,0.05%,24356257.14285714
2024-08-26,0x4e68ccd3e89f51c3074ca5072bbac773960dfa36,WETH-USDT,0.3%,76071176.71428572
2024-08-26,0x7bea39867e4169dbe237d55c8242a8f2fcdcc387,USDC-WETH,1%,399669.78571428574
2024-08-26,0x88e6a0c2ddd26feeb64f039a2c41296fcb3f5640,USDC-WETH,0.05%,159651425.7142857
2024-08-26,0x8ad599c3a0ff1de082011efddc58f1908eb6e6d8,USDC-WETH,0.3%,67194056.85714285
2024-08-26,0xc7bbec68d12a0d1830360f8ec58fa599ba1b0e9b,WETH-USDT,0.01%,8690381.57142857
2024-08-26,0xe0554a476a092703abdb3ef35c80e0d76d32939f,USDC-WETH,0.01%,1643656.4285714286
2024-09-02,0x11b815efb8f581194ae79006d24e0d814b7697f6,WETH-USDT,0.05%,21725979.85714286
2024-09-02,0x4e68ccd3e89f51c3074ca5072bbac773960dfa36,WETH-USDT,0.3%,73087659.85714285
2024-09-02,0x7bea39867e4169dbe237d55c8242a8f2fcdcc387,USDC-WETH,1%,381355.71428571426
2024-09-02,0x88e6a0c2ddd26feeb64f039a2c41296fcb3f5640,USDC-WETH,0.05%,146406995.0
2024-09-02,0x8ad599c3a0ff1de082011efddc58f1908eb6e6d8,USDC-WETH,0.3%,63246993.428571425
2024-09-02,0xc7bbec68d12a0d1830360f8ec58fa599ba1b0e9b,WETH-USDT,0.01%,8400727.57142857
2024-09-02,0xe0554a476a092703abdb3ef35c80e0d76d32939f,USDC-WETH,0.01%,1666222.4285714286
2024-09-09,0x11b815efb8f581194ae79006d24e0d814b7697f6,WETH-USDT,0.05%,16222404.42857143
2024-09-09,0x4e68ccd3e89f51c3074ca5072bbac773960dfa36,WETH-USDT,0.3%,75252500.0
2024-09-09,0x7bea39867e4169dbe237d55c8242a8f2fcdcc387,USDC-WETH,1%,380091.21428571426
2024-09-09,0x88e6a0c2ddd26feeb64f039a2c41296fcb3f5640,USDC-WETH,0.05%,149160350.2857143
2024-09-09,0x8ad599c3a0ff1de082011efddc58f1908eb6e6d8,USDC-WETH,0.3%,62307107.428571425
2024-09-09,0xc7bbec68d12a0d1830360f8ec58fa599ba1b0e9b,WETH-USDT,0.01%,10851672.42857143
2024-09-09,0xe0554a476a092703abdb3ef35c80e0d76d32939f,USDC-WETH,0.01%,4406943.857142857
2024-09-16,0x11b815efb8f581194ae79006d24e0d814b7697f6,WETH-USDT,0.05%,16404269.57142857
2024-09-16,0x4e68ccd3e89f51c3074ca5072bbac773960dfa36,WETH-USDT,0.3%,76698576.71428572
2024-09-16,0x7bea39867e4169dbe237d55c8242a8f2fcdcc387,USDC-WETH,1%,386840.64285714284
2024-09-16,0x88e6a0c2ddd26feeb64f039a2c41296fcb3f5640,USDC-WETH,0.05%,145543422.57142857
2024-09-16,0x8ad599c3a0ff1de082011efddc58f1908eb6e6d8,USDC-WETH,0.3%,61670244.71428572
2024-09-16,0xc7bbec68d12a0d1830360f8ec58fa599ba1b0e9b,WETH-USDT,0.01%,11271672.57142857
2024-09-16,0xe0554a476a092703abdb3ef35c80e0d76d32939f,USDC-WETH,0.01%,9932981.0
2024-09-23,0x11b815efb8f581194ae79006d24e0d814b7697f6,WETH-USDT,0.05%,18181688.285714287
2024-09-23,0x4e68ccd3e89f51c3074ca5072bbac773960dfa36,WETH-USDT,0.3%,80995292.57142857
2024-09-23,0x7bea39867e4169dbe237d55c8242a8f2fcdcc387,USDC-WETH,1%,406167.85714285716
2024-09-23,0x88e6a0c2ddd26feeb64f039a2c41296fcb3f5640,USDC-WETH,0.05%,154795644.57142857
2024-09-23,0x8ad599c3a0ff1de082011efddc58f1908eb6e6d8,USDC-WETH,0.3%,65258721.571428575
2024-09-23,0xc7bbec68d12a0d1830360f8ec58fa599ba1b0e9b,WETH-USDT,0.01%,11601335.0
2024-09-23,0xe0554a476a092703abdb3ef35c80e0d76d32939f,USDC-WETH,0.01%,10259659.285714285
2024-09-30,0x11b815efb8f581194ae79006d24e0d814b7697f6,WETH-USDT,0.05%,18023267.714285713
2024-09-30,0x4e68ccd3e89f51c3074ca5072bbac773960dfa36,WETH-USDT,0.3%,78428342.57142857
2024-09-30,0x7bea39867e4169dbe237d55c8242a8f2fcdcc387,USDC-WETH,1%,386431.14285714284
2024-09-30,0x88e6a0c2ddd26feeb64f039a2c41296fcb3f5640,USDC-WETH,0.05%,148074423.0
2024-09-30,0x8ad599c3a0ff1de082011efddc58f1908eb6e6d8,USDC-WETH,0.3%,64748057.0
2024-09-30,0xc7bbec68d12a0d1830360f8ec58fa599ba1b0e9b,WETH-USDT,0.01%,10465239.142857144
2024-09-30,0xe0554a476a092703abdb3ef35c80e0d76d32939f,USDC-WETH,0.01%,8490854.285714285
2024-10-07,0x11b815efb8f581194ae79006d24e0d814b7697f6,WETH-USDT,0.05%,17977054.42857143
2024-10-07,0x4e68ccd3e89f51c3074ca5072bbac773960dfa36,WETH-USDT,0.3%,73233412.57142857
2024-10-07,0x7bea39867e4169dbe237d55c8242a8f2fcdcc387,USDC-WETH,1%,390705.9285714286
2024-10-07,0x88e6a0c2ddd26feeb64f039a2c41296fcb3f5640,USDC-WETH,0.05%,146596698.85714287
2024-10-07,0x8ad599c3a0ff1de082011efddc58f1908eb6e6d8,USDC-WETH,0.3%,60483794.0
2024-10-07,0xc7bbec68d12a0d1830360f8ec58fa599ba1b0e9b,WETH-USDT,0.01%,10283624.142857144
2024-10-07,0xe0554a476a092703abdb3ef35c80e0d76d32939f,USDC-WETH,0.01%,5449434.142857143
2024-10-14,0x11b815efb8f581194ae79006d24e0d814b7697f6,WETH-USDT,0.05%,19172894.0
2024-10-14,0x4e68ccd3e89f51c3074ca5072bbac773960dfa36,WETH-USDT,0.3%,81230732.28571428
2024-10-14,0x7bea39867e4169dbe237d55c8242a8f2fcdcc387,USDC-WETH,1%,412756.71428571426
2024-10-14,0x88e6a0c2ddd26feeb64f039a2c41296fcb3f5640,USDC-WETH,0.05%,152787698.0
2024-10-14,0x8ad599c3a0ff1de082011efddc58f1908eb6e6d8,USDC-WETH,0.3%,64993770.85714286
2024-10-14,0xc7bbec68d12a0d1830360f8ec58fa599ba1b0e9b,WETH-USDT,0.01%,9749908.142857144
2024-10-14,0xe0554a476a092703abdb3ef35c80e0d76d32939f,USDC-WETH,0.01%,5205540.285714285
2024-10-21,0x11b815efb8f581194ae79006d24e0d814b7697f6,WETH-USDT,0.05%,20842844.0
2024-10-21,0x4e68ccd3e89f51c3074ca5072bbac773960dfa36,WETH-USDT,0.3%,74912926.71428572
2024-10-21,0x7bea39867e4169dbe237d55c8242a8f2fcdcc387,USDC-WETH,1%,403298.0714285714
2024-10-21,0x88e6a0c2ddd26feeb64f039a2c41296fcb3f5640,USDC-WETH,0.05%,150605996.85714287
2024-10-21,0x8ad599c3a0ff1de082011efddc58f1908eb6e6d8,USDC-WETH,0.3%,66111396.28571428
2024-10-21,0xc7bbec68d12a0d1830360f8ec58fa599ba1b0e9b,WETH-USDT,0.01%,12548317.0
2024-10-21,0xe0554a476a092703abdb3ef35c80e0d76d32939f,USDC-WETH,0.01%,6302380.0
2024-10-28,0x11b815efb8f581194ae79006d24e0d814b7697f6,WETH-USDT,0.05%,23202386.57142857
2024-10-28,0x4e68ccd3e89f51c3074ca5072bbac773960dfa36,WETH-USDT,0.3%,76993047.14285715
2024-10-28,0x7bea39867e4169dbe237d55c8242a8f2fcdcc387,USDC-WETH,1%,404367.85714285716
2024-10-28,0x88e6a0c2ddd26feeb64f039a2c41296fcb3f5640,USDC-WETH,0.05%,153220854.0
2024-10-28,0x8ad599c3a0ff1de082011efddc58f1908eb6e6d8,USDC-WETH,0.3%,66763730.571428575
2024-10-28,0xc7bbec68d12a0d1830360f8ec58fa599ba1b0e9b,WETH-USDT,0.01%,12311704.0
2024-10-28,0xe0554a476a092703abdb3ef35c80e0d76d32939f,USDC-WETH,0.01%,4978776.857142857
2024-11-04,0x11b815efb8f581194ae79006d24e0d814b7697f6,WETH-USDT,0.05%,29738666.714285713
2024-11-04,0x4e68ccd3e89f51c3074ca5072bbac773960dfa36,WETH-USDT,0.3%,109125291.57142857
2024-11-04,0x7bea39867e4169dbe237d55c8242a8f2fcdcc387,USDC-WETH,1%,428788.5714285714
2024-11-04,0x88e6a0c2ddd26feeb64f039a2c41296fcb3f5640,USDC-WETH,0.05%,156278046.42857143
2024-11-04,0x8ad599c3a0ff1de082011efddc58f1908eb6e6d8,USDC-WETH,0.3%,80141519.0
2024-11-04,0xc7bbec68d12a0d1830360f8ec58fa599ba1b0e9b,WETH-USDT,0.01%,10041889.857142856
2024-11-04,0xe0554a476a092703abdb3ef35c80e0d76d32939f,USDC-WETH,0.01%,5249824.142857143
2024-11-11,0x11b815efb8f581194ae79006d24e0d814b7697f6,WETH-USDT,0.05%,39823596.571428575
2024-11-11,0x4e68ccd3e89f51c3074ca5072bbac773960dfa36,WETH-USDT,0.3%,123244230.57142857
2024-11-11,0x7bea39867e4169dbe237d55c8242a8f2fcdcc387,USDC-WETH,1%,459532.28571428574
2024-11-11,0x88e6a0c2ddd26feeb64f039a2c41296fcb3f5640,USDC-WETH,0.05%,164902823.57142857
2024-11-11,0x8ad599c3a0ff1de082011efddc58f1908eb6e6d8,USDC-WETH,0.3%,78645802.85714285
2024-11-11,0xc7bbec68d12a0d1830360f8ec58fa599ba1b0e9b,WETH-USDT,0.01%,4701216.0
2024-11-11,0xe0554a476a092703abdb3ef35c80e0d76d32939f,USDC-WETH,0.01%,3334384.5714285714
2024-11-18,0x11b815efb8f581194ae79006d24e0d814b7697f6,WETH-USDT,0.05%,38267293.428571425
2024-11-18,0x4e68ccd3e89f51c3074ca5072bbac773960dfa36,WETH-USDT,0.3%,122728937.71428572
2024-11-18,0x7bea39867e4169dbe237d55c8242a8f2fcdcc387,USDC-WETH,1%,469986.9285714286
2024-11-18,0x88e6a0c2ddd26feeb64f039a2c41296fcb3f5640,USDC-WETH,0.05%,140309483.14285713
2024-11-18,0x8ad599c3a0ff1de082011efddc58f1908eb6e6d8,USDC-WETH,0.3%,81631267.71428572
2024-11-18,0xc7bbec68d12a0d1830360f8ec58fa599ba1b0e9b,WETH-USDT,0.01%,4718177.428571428
2024-11-18,0xe0554a476a092703abdb3ef35c80e0d76d32939f,USDC-WETH,0.01%,3147421.714285714
2024-11-25,0x11b815efb8f581194ae79006d24e0d814b7697f6,WETH-USDT,0.05%,39729210.71428572
2024-11-25,0x4e68ccd3e89f51c3074ca5072bbac773960dfa36,WETH-USDT,0.3%,145988511.2857143
2024-11-25,0x7bea39867e4169dbe237d55c8242a8f2fcdcc387,USDC-WETH,1%,495031.71428571426
2024-11-25,0x88e6a0c2ddd26feeb64f039a2c41296fcb3f5640,USDC-WETH,0.05%,127828573.71428572
2024-11-25,0x8ad599c3a0ff1de082011efddc58f1908eb6e6d8,USDC-WETH,0.3%,77933767.0
2024-11-25,0xc7bbec68d12a0d1830360f8ec58fa599ba1b0e9b,WETH-USDT,0.01%,6256040.142857143
2024-11-25,0xe0554a476a092703abdb3ef35c80e0d76d32939f,USDC-WETH,0.01%,4243450.0
2024-12-02,0x11b815efb8f581194ae79006d24e0d814b7697f6,WETH-USDT,0.05%,43088035.85714286
2024-12-02,0x4e68ccd3e89f51c3074ca5072bbac773960dfa36,WETH-USDT,0.3%,105018094.57142857
2024-12-02,0x7bea39867e4169dbe237d55c8242a8f2fcdcc387,USDC-WETH,1%,510956.21428571426
2024-12-02,0x88e6a0c2ddd26feeb64f039a2c41296fcb3f5640,USDC-WETH,0.05%,138227344.14285713
2024-12-02,0x8ad599c3a0ff1de082011efddc58f1908eb6e6d8,USDC-WETH,0.3%,53778554.85714286
2024-12-02,0xc7bbec68d12a0d1830360f8ec58fa599ba1b0e9b,WETH-USDT,0.01%,9018028.285714285
2024-12-02,0xe0554a476a092703abdb3ef35c80e0d76d32939f,USDC-WETH,0.01%,4603326.142857143
2024-12-09,0x11b815efb8f581194ae79006d24e0d814b7697f6,WETH-USDT,0.05%,34100873.0
2024-12-09,0x4e68ccd3e89f51c3074ca5072bbac773960dfa36,WETH-USDT,0.3%,69593114.14285715
2024-12-09,0x7bea39867e4169dbe237d55c8242a8f2fcdcc387,USDC-WETH,1%,511761.64285714284
2024-12-09,0x88e6a0c2ddd26feeb64f039a2c41296fcb3f5640,USDC-WETH,0.05%,131732535.85714285
2024-12-09,0x8ad599c3a0ff1de082011efddc58f1908eb6e6d8,USDC-WETH,0.3%,33772268.428571425
2024-12-09,0xc7bbec68d12a0d1830360f8ec58fa599ba1b0e9b,WETH-USDT,0.01%,7950160.571428572
2024-12-09,0xe0554a476a092703abdb3ef35c80e0d76d32939f,USDC-WETH,0.01%,2834964.5714285714
2024-12-16,0x11b815efb8f581194ae79006d24e0d814b7697f6,WETH-USDT,0.05%,30702274.714285713
2024-12-16,0x4e68ccd3e89f51c3074ca5072bbac773960dfa36,WETH-USDT,0.3%,72919571.71428572
2024-12-16,0x7bea39867e4169dbe237d55c8242a8f2fcdcc387,USDC-WETH,1%,495600.85714285716
2024-12-16,0x88e6a0c2ddd26feeb64f039a2c41296fcb3f5640,USDC-WETH,0.05%,133942243.57142857
2024-12-16,0x8ad599c3a0ff1de082011efddc58f1908eb6e6d8,USDC-WETH,0.3%,32213392.57142857
2024-12-16,0xc7bbec68d12a0d1830360f8ec58fa599ba1b0e9b,WETH-USDT,0.01%,6694449.714285715
2024-12-16,0xe0554a476a092703abdb3ef35c80e0d76d32939f,USDC-WETH,0.01%,2575642.285714286
2024-12-23,0x11b815efb8f581194ae79006d24e0d814b7697f6,WETH-USDT,0.05%,33000217.57142857
2024-12-23,0x4e68ccd3e89f51c3074ca5072bbac773960dfa36,WETH-USDT,0.3%,73241371.71428572
2024-12-23,0x7bea39867e4169dbe237d55c8242a8f2fcdcc387,USDC-WETH,1%,486103.14285714284
2024-12-23,0x88e6a0c2ddd26feeb64f039a2c41296fcb3f5640,USDC-WETH,0.05%,159161399.0
2024-12-23,0x8ad599c3a0ff1de082011efddc58f1908eb6e6d8,USDC-WETH,0.3%,41569236.0
2024-12-23,0xc7bbec68d12a0d1830360f8ec58fa599ba1b0e9b,WETH-USDT,0.01%,5101368.857142857
2024-12-23,0xe0554a476a092703abdb3ef35c80e0d76d32939f,USDC-WETH,0.01%,2604836.1428571427
2024-12-30,0x11b815efb8f581194ae79006d24e0d814b7697f6,WETH-USDT,0.05%,57968197.0
2024-12-30,0x4e68ccd3e89f51c3074ca5072bbac773960dfa36,WETH-USDT,0.3%,81120018.0
2024-12-30,0x7bea39867e4169dbe237d55c8242a8f2fcdcc387,USDC-WETH,1%,493266.5714285714
2024-12-30,0x88e6a0c2ddd26feeb64f039a2c41296fcb3f5640,USDC-WETH,0.05%,137552789.85714287
2024-12-30,0x8ad599c3a0ff1de082011efddc58f1908eb6e6d8,USDC-WETH,0.3%,45065663.571428575
2024-12-30,0xc7bbec68d12a0d1830360f8ec58fa599ba1b0e9b,WETH-USDT,0.01%,7025867.0
2024-12-30,0xe0554a476a092703abdb3ef35c80e0d76d32939f,USDC-WETH,0.01%,3202539.1428571427
2025-01-06,0x11b815efb8f581194ae79006d24e0d814b7697f6,WETH-USDT,0.05%,58417235.14285714
2025-01-06,0x4e68ccd3e89f51c3074ca5072bbac773960dfa36,WETH-USDT,0.3%,79713947.28571428
2025-01-06,0x7bea39867e4169dbe237d55c8242a8f2fcdcc387,USDC-WETH,1%,481258.0
2025-01-06,0x88e6a0c2ddd26feeb64f039a2c41296fcb3f5640,USDC-WETH,0.05%,136720116.0
2025-01-06,0x8ad599c3a0ff1de082011efddc58f1908eb6e6d8,USDC-WETH,0.3%,32196587.285714287
2025-01-06,0xc7bbec68d12a0d1830360f8ec58fa599ba1b0e9b,WETH-USDT,0.01%,6958899.142857143
2025-01-06,0xe0554a476a092703abdb3ef35c80e0d76d32939f,USDC-WETH,0.01%,3658803.8571428573
2025-01-13,0x11b815efb8f581194ae79006d24e0d814b7697f6,WETH-USDT,0.05%,81260526.85714285
2025-01-13,0x4e68ccd3e89f51c3074ca5072bbac773960dfa36,WETH-USDT,0.3%,78264640.14285715
2025-01-13,0x7bea39867e4169dbe237d55c8242a8f2fcdcc387,USDC-WETH,1%,476331.85714285716
2025-01-13,0x88e6a0c2ddd26feeb64f039a2c41296fcb3f5640,USDC-WETH,0.05%,136904192.2857143
2025-01-13,0x8ad599c3a0ff1de082011efddc58f1908eb6e6d8,USDC-WETH,0.3%,31795833.285714287
2025-01-13,0xc7bbec68d12a0d1830360f8ec58fa599ba1b0e9b,WETH-USDT,0.01%,6246574.142857143
2025-01-13,0xe0554a476a092703abdb3ef35c80e0d76d32939f,USDC-WETH,0.01%,3650699.0
2025-01-20,0x11b815efb8f581194ae79006d24e0d814b7697f6,WETH-USDT,0.05%,65870891.71428572
2025-01-20,0x4e68ccd3e89f51c3074ca5072bbac773960dfa36,WETH-USDT,0.3%,87488986.42857143
2025-01-20,0x7bea39867e4169dbe237d55c8242a8f2fcdcc387,USDC-WETH,1%,476171.9285714286
2025-01-20,0x88e6a0c2ddd26feeb64f039a2c41296fcb3f5640,USDC-WETH,0.05%,181408387.42857143
2025-01-20,0x8ad599c3a0ff1de082011efddc58f1908eb6e6d8,USDC-WETH,0.3%,32775804.0
2025-01-20,0xc7bbec68d12a0d1830360f8ec58fa599ba1b0e9b,WETH-USDT,0.01%,7613280.857142857
2025-01-20,0xe0554a476a092703abdb3ef35c80e0d76d32939f,USDC-WETH,0.01%,3746702.8571428573
2025-01-27,0x11b815efb8f581194ae79006d24e0d814b7697f6,WETH-USDT,0.05%,55724957.71428572
2025-01-27,0x4e68ccd3e89f51c3074ca5072bbac773960dfa36,WETH-USDT,0.3%,102353642.14285715
2025-01-27,0x7bea39867e4169dbe237d55c8242a8f2fcdcc387,USDC-WETH,1%,461466.4285714286
2025-01-27,0x88e6a0c2ddd26feeb64f039a2c41296fcb3f5640,USDC-WETH,0.05%,177420074.7142857
2025-01-27,0x8ad599c3a0ff1de082011efddc58f1908eb6e6d8,USDC-WETH,0.3%,32875161.714285713
2025-01-27,0xc7bbec68d12a0d1830360f8ec58fa599ba1b0e9b,WETH-USDT,0.01%,6928170.428571428
2025-01-27,0xe0554a476a092703abdb3ef35c80e0d76d32939f,USDC-WETH,0.01%,4301048.285714285
2025-02-03,0x11b815efb8f581194ae79006d24e0d814b7697f6,WETH-USDT,0.05%,27854577.0
2025-02-03,0x4e68ccd3e89f51c3074ca5072bbac773960dfa36,WETH-USDT,0.3%,93859963.14285715
2025-02-03,0x7bea39867e4169dbe237d55c8242a8f2fcdcc387,USDC-WETH,1%,426724.35714285716
2025-02-03,0x88e6a0c2ddd26feeb64f039a2c41296fcb3f5640,USDC-WETH,0.05%,197043647.2857143
2025-02-03,0x8ad599c3a0ff1de082011efddc58f1908eb6e6d8,USDC-WETH,0.3%,50319345.28571428
2025-02-03,0xc7bbec68d12a0d1830360f8ec58fa599ba1b0e9b,WETH-USDT,0.01%,5507386.142857143
2025-02-03,0xe0554a476a092703abdb3ef35c80e0d76d32939f,USDC-WETH,0.01%,3396004.0
2025-02-10,0x11b815efb8f581194ae79006d24e0d814b7697f6,WETH-USDT,0.05%,30026002.714285713
2025-02-10,0x4e68ccd3e89f51c3074ca5072bbac773960dfa36,WETH-USDT,0.3%,95196123.0
2025-02-10,0x7bea39867e4169dbe237d55c8242a8f2fcdcc387,USDC-WETH,1%,427649.28571428574
2025-02-10,0x88e6a0c2ddd26feeb64f039a2c41296fcb3f5640,USDC-WETH,0.05%,183816158.0
2025-02-10,0x8ad599c3a0ff1de082011efddc58f1908eb6e6d8,USDC-WETH,0.3%,51016721.14285714
2025-02-10,0xc7bbec68d12a0d1830360f8ec58fa599ba1b0e9b,WETH-USDT,0.01%,6553317.714285715
2025-02-10,0xe0554a476a092703abdb3ef35c80e0d76d32939f,USDC-WETH,0.01%,4341296.428571428
2025-02-17,0x11b815efb8f581194ae79006d24e0d814b7697f6,WETH-USDT,0.05%,33786727.85714286
2025-02-17,0x4e68ccd3e89f51c3074ca5072bbac773960dfa36,WETH-USDT,0.3%,97552409.85714285
2025-02-17,0x7bea39867e4169dbe237d55c8242a8f2fcdcc387,USDC-WETH,1%,473867.4285714286
2025-02-17,0x88e6a0c2ddd26feeb64f039a2c41296fcb3f5640,USDC-WETH,0.05%,204066394.0
2025-02-17,0x8ad599c3a0ff1de082011efddc58f1908eb6e6d8,USDC-WETH,0.3%,48813087.85714286
2025-02-17,0xc7bbec68d12a0d1830360f8ec58fa599ba1b0e9b,WETH-USDT,0.01%,7669342.142857143
2025-02-17,0xe0554a476a092703abdb3ef35c80e0d76d32939f,USDC-WETH,0.01%,5402512.285714285
2025-02-24,0x11b815efb8f581194ae79006d24e0d814b7697f6,WETH-USDT,0.05%,40081606.571428575
2025-02-24,0x4e68ccd3e89f51c3074ca5072bbac773960dfa36,WETH-USDT,0.3%,93793419.28571428
2025-02-24,0x7bea39867e4169dbe237d55c8242a8f2fcdcc387,USDC-WETH,1%,446680.21428571426
2025-02-24,0x88e6a0c2ddd26feeb64f039a2c41296fcb3f5640,USDC-WETH,0.05%,170858716.42857143
2025-02-24,0x8ad599c3a0ff1de082011efddc58f1908eb6e6d8,USDC-WETH,0.3%,47893843.14285714
2025-02-24,0xc7bbec68d12a0d1830360f8ec58fa599ba1b0e9b,WETH-USDT,0.01%,7606539.428571428
2025-02-24,0xe0554a476a092703abdb3ef35c80e0d76d32939f,USDC-WETH,0.01%,4909522.714285715
2025-03-03,0x11b815efb8f581194ae79006d24e0d814b7697f6,WETH-USDT,0.05%,63269222.571428575
2025-03-03,0x4e68ccd3e89f51c3074ca5072bbac773960dfa36,WETH-USDT,0.3%,107903990.57142857
2025-03-03,0x7bea39867e4169dbe237d55c8242a8f2fcdcc387,USDC-WETH,1%,416660.14285714284
2025-03-03,0x88e6a0c2ddd26feeb64f039a2c41296fcb3f5640,USDC-WETH,0.05%,148472726.2857143
2025-03-03,0x8ad599c3a0ff1de082011efddc58f1908eb6e6d8,USDC-WETH,0.3%,69505100.28571428
2025-03-03,0xc7bbec68d12a0d1830360f8ec58fa599ba1b0e9b,WETH-USDT,0.01%,5716560.857142857
2025-03-03,0xe0554a476a092703abdb3ef35c80e0d76d32939f,USDC-WETH,0.01%,4498785.571428572
2025-03-10,0x11b815efb8f581194ae79006d24e0d814b7697f6,WETH-USDT,0.05%,46068714.0
2025-03-10,0x4e68ccd3e89f51c3074ca5072bbac773960dfa36,WETH-USDT,0.3%,87075890.85714285
2025-03-10,0x7bea39867e4169dbe237d55c8242a8f2fcdcc387,USDC-WETH,1%,381933.5714285714
2025-03-10,0x88e6a0c2ddd26feeb64f039a2c41296fcb3f5640,USDC-WETH,0.05%,149458053.7142857
2025-03-10,0x8ad599c3a0ff1de082011efddc58f1908eb6e6d8,USDC-WETH,0.3%,50352458.85714286
2025-03-10,0xc7bbec68d12a0d1830360f8ec58fa599ba1b0e9b,WETH-USDT,0.01%,5037069.0
2025-03-10,0xe0554a476a092703abdb3ef35c80e0d76d32939f,USDC-WETH,0.01%,4219978.0
2025-03-17,0x11b815efb8f581194ae79006d24e0d814b7697f6,WETH-USDT,0.05%,44790665.28571428
2025-03-17,0x4e68ccd3e89f51c3074ca5072bbac773960dfa36,WETH-USDT,0.3%,80191191.57142857
2025-03-17,0x7bea39867e4169dbe237d55c8242a8f2fcdcc387,USDC-WETH,1%,394003.0
2025-03-17,0x88e6a0c2ddd26feeb64f039a2c41296fcb3f5640,USDC-WETH,0.05%,156151260.14285713
2025-03-17,0x8ad599c3a0ff1de082011efddc58f1908eb6e6d8,USDC-WETH,0.3%,45168511.14285714
2025-03-17,0xc7bbec68d12a0d1830360f8ec58fa599ba1b0e9b,WETH-USDT,0.01%,4809815.285714285
2025-03-17,0xe0554a476a092703abdb3ef35c80e0d76d32939f,USDC-WETH,0.01%,4642652.714285715
2025-03-24,0x11b815efb8f581194ae79006d24e0d814b7697f6,WETH-USDT,0.05%,45073198.0
2025-03-24,0x4e68ccd3e89f51c3074ca5072bbac773960dfa36,WETH-USDT,0.3%,75349786.71428572
2025-03-24,0x7bea39867e4169dbe237d55c8242a8f2fcdcc387,USDC-WETH,1%,396623.0
2025-03-24,0x88e6a0c2ddd26feeb64f039a2c41296fcb3f5640,USDC-WETH,0.05%,148766264.2857143
2025-03-24,0x8ad599c3a0ff1de082011efddc58f1908eb6e6d8,USDC-WETH,0.3%,44134092.14285714
2025-03-24,0xc7bbec68d12a0d1830360f8ec58fa599ba1b0e9b,WETH-USDT,0.01%,5251216.0
2025-03-24,0xe0554a476a092703abdb3ef35c80e0d76d32939f,USDC-WETH,0.01%,5634924.714285715
2025-03-31,0x11b815efb8f581194ae79006d24e0d814b7697f6,WETH-USDT,0.05%,39358197.85714286
2025-03-31,0x4e68ccd3e89f51c3074ca5072bbac773960dfa36,WETH-USDT,0.3%,67612963.28571428
2025-03-31,0x7bea39867e4169dbe237d55c8242a8f2fcdcc387,USDC-WETH,1%,451154.5
2025-03-31,0x88e6a0c2ddd26feeb64f039a2c41296fcb3f5640,USDC-WETH,0.05%,144457888.42857143
2025-03-31,0x8ad599c3a0ff1de082011efddc58f1908eb6e6d8,USDC-WETH,0.3%,39663240.428571425
2025-03-31,0xc7bbec68d12a0d1830360f8ec58fa599ba1b0e9b,WETH-USDT,0.01%,5374765.285714285
2025-03-31,0xe0554a476a092703abdb3ef35c80e0d76d32939f,USDC-WETH,0.01%,5199714.142857143
2025-04-07,0x11b815efb8f581194ae79006d24e0d814b7697f6,WETH-USDT,0.05%,14481488.0
2025-04-07,0x4e68ccd3e89f51c3074ca5072bbac773960dfa36,WETH-USDT,0.3%,60240567.14285714
2025-04-07,0x7bea39867e4169dbe237d55c8242a8f2fcdcc387,USDC-WETH,1%,363880.4285714286
2025-04-07,0x88e6a0c2ddd26feeb64f039a2c41296fcb3f5640,USDC-WETH,0.05%,102446404.71428572
2025-04-07,0x8ad599c3a0ff1de082011efddc58f1908eb6e6d8,USDC-WETH,0.3%,34166894.71428572
2025-04-07,0xc7bbec68d12a0d1830360f8ec58fa599ba1b0e9b,WETH-USDT,0.01%,2953699.4285714286
2025-04-07,0xe0554a476a092703abdb3ef35c80e0d76d32939f,USDC-WETH,0.01%,4454710.142857143
2025-04-14,0x11b815efb8f581194ae79006d24e0d814b7697f6,WETH-USDT,0.05%,14903389.0
2025-04-14,0x4e68ccd3e89f51c3074ca5072bbac773960dfa36,WETH-USDT,0.3%,51562791.28571428
2025-04-14,0x7bea39867e4169dbe237d55c8242a8f2fcdcc387,USDC-WETH,1%,320304.5
2025-04-14,0x88e6a0c2ddd26feeb64f039a2c41296fcb3f5640,USDC-WETH,0.05%,106568096.0
2025-04-14,0x8ad599c3a0ff1de082011efddc58f1908eb6e6d8,USDC-WETH,0.3%,34109858.14285714
2025-04-14,0xc7bbec68d12a0d1830360f8ec58fa599ba1b0e9b,WETH-USDT,0.01%,3031454.8571428573
2025-04-14,0xe0554a476a092703abdb3ef35c80e0d76d32939f,USDC-WETH,0.01%,4592953.0
2025-04-21,0x11b815efb8f581194ae79006d24e0d814b7697f6,WETH-USDT,0.05%,14836849.285714285
2025-04-21,0x4e68ccd3e89f51c3074ca5072bbac773960dfa36,WETH-USDT,0.3%,54141169.0
2025-04-21,0x7bea39867e4169dbe237d55c8242a8f2fcdcc387,USDC-WETH,1%,340785.0714285714
2025-04-21,0x88e6a0c2ddd26feeb64f039a2c41296fcb3f5640,USDC-WETH,0.05%,110422038.14285715
2025-04-21,0x8ad599c3a0ff1de082011efddc58f1908eb6e6d8,USDC-WETH,0.3%,43442305.85714286
2025-04-21,0xc7bbec68d12a0d1830360f8ec58fa599ba1b0e9b,WETH-USDT,0.01%,3689131.8571428573
2025-04-21,0xe0554a476a092703abdb3ef35c80e0d76d32939f,USDC-WETH,0.01%,5211764.285714285
2025-04-28,0x11b815efb8f581194ae79006d24e0d814b7697f6,WETH-USDT,0.05%,14404887.0
2025-04-28,0x4e68ccd3e89f51c3074ca5072bbac773960dfa36,WETH-USDT,0.3%,56327373.28571428
2025-04-28,0x7bea39867e4169dbe237d55c8242a8f2fcdcc387,USDC-WETH,1%,351757.0714285714
2025-04-28,0x88e6a0c2ddd26feeb64f039a2c41296fcb3f5640,USDC-WETH,0.05%,110203730.0
2025-04-28,0x8ad599c3a0ff1de082011efddc58f1908eb6e6d8,USDC-WETH,0.3%,46672115.28571428
2025-04-28,0xc7bbec68d12a0d1830360f8ec58fa599ba1b0e9b,WETH-USDT,0.01%,4557923.857142857
2025-04-28,0xe0554a476a092703abdb3ef35c80e0d76d32939f,USDC-WETH,0.01%,4852488.0
2025-05-05,0x11b815efb8f581194ae79006d24e0d814b7697f6,WETH-USDT,0.05%,14680110.857142856
2025-05-05,0x4e68ccd3e89f51c3074ca5072bbac773960dfa36,WETH-USDT,0.3%,55583807.28571428
2025-05-05,0x7bea39867e4169dbe237d55c8242a8f2fcdcc387,USDC-WETH,1%,384633.5
2025-05-05,0x88e6a0c2ddd26feeb64f039a2c41296fcb3f5640,USDC-WETH,0.05%,112100794.28571428
2025-05-05,0x8ad599c3a0ff1de082011efddc58f1908eb6e6d8,USDC-WETH,0.3%,40297886.0
2025-05-05,0xc7bbec68d12a0d1830360f8ec58fa599ba1b0e9b,WETH-USDT,0.01%,4377240.428571428
2025-05-05,0xe0554a476a092703abdb3ef35c80e0d76d32939f,USDC-WETH,0.01%,4737251.285714285
2025-05-12,0x11b815efb8f581194ae79006d24e0d814b7697f6,WETH-USDT,0.05%,13017031.0
2025-05-12,0x4e68ccd3e89f51c3074ca5072bbac773960dfa36,WETH-USDT,0.3%,71406868.85714285
2025-05-12,0x7bea39867e4169dbe237d55c8242a8f2fcdcc387,USDC-WETH,1%,426914.78571428574
2025-05-12,0x88e6a0c2ddd26feeb64f039a2c41296fcb3f5640,USDC-WETH,0.05%,120897166.85714285
2025-05-12,0x8ad599c3a0ff1de082011efddc58f1908eb6e6d8,USDC-WETH,0.3%,59852917.71428572
2025-05-12,0xc7bbec68d12a0d1830360f8ec58fa599ba1b0e9b,WETH-USDT,0.01%,3853519.1428571427
2025-05-12,0xe0554a476a092703abdb3ef35c80e0d76d32939f,USDC-WETH,0.01%,4709325.285714285
2025-05-19,0x11b815efb8f581194ae79006d24e0d814b7697f6,WETH-USDT,0.05%,9702298.142857144
2025-05-19,0x4e68ccd3e89f51c3074ca5072bbac773960dfa36,WETH-USDT,0.3%,65487928.85714286
2025-05-19,0x7bea39867e4169dbe237d55c8242a8f2fcdcc387,USDC-WETH,1%,424869.9285714286
2025-05-19,0x88e6a0c2ddd26feeb64f039a2c41296fcb3f5640,USDC-WETH,0.05%,116349292.85714285
2025-05-19,0x8ad599c3a0ff1de082011efddc58f1908eb6e6d8,USDC-WETH,0.3%,63653231.428571425
2025-05-19,0xc7bbec68d12a0d1830360f8ec58fa599ba1b0e9b,WETH-USDT,0.01%,4035038.285714286
2025-05-19,0xe0554a476a092703abdb3ef35c80e0d76d32939f,USDC-WETH,0.01%,4707531.285714285
2025-05-26,0x11b815efb8f581194ae79006d24e0d814b7697f6,WETH-USDT,0.05%,13785263.0
2025-05-26,0x4e68ccd3e89f51c3074ca5072bbac773960dfa36,WETH-USDT,0.3%,60719201.571428575
2025-05-26,0x7bea39867e4169dbe237d55c8242a8f2fcdcc387,USDC-WETH,1%,429650.78571428574
2025-05-26,0x88e6a0c2ddd26feeb64f039a2c41296fcb3f5640,USDC-WETH,0.05%,112315437.0
2025-05-26,0x8ad599c3a0ff1de082011efddc58f1908eb6e6d8,USDC-WETH,0.3%,55665951.571428575
2025-05-26,0xc7bbec68d12a0d1830360f8ec58fa599ba1b0e9b,WETH-USDT,0.01%,4267435.857142857
2025-05-26,0xe0554a476a092703abdb3ef35c80e0d76d32939f,USDC-WETH,0.01%,5333230.142857143
2025-06-02,0x11b815efb8f581194ae79006d24e0d814b7697f6,WETH-USDT,0.05%,12552155.142857144
2025-06-02,0x4e68ccd3e89f51c3074ca5072bbac773960dfa36,WETH-USDT,0.3%,61224538.0
2025-06-02,0x7bea39867e4169dbe237d55c8242a8f2fcdcc387,USDC-WETH,1%,431319.64285714284
2025-06-02,0x88e6a0c2ddd26feeb64f039a2c41296fcb3f5640,USDC-WETH,0.05%,110924692.42857143
2025-06-02,0x8ad599c3a0ff1de082011efddc58f1908eb6e6d8,USDC-WETH,0.3%,55850506.571428575
2025-06-02,0xc7bbec68d12a0d1830360f8ec58fa599ba1b0e9b,WETH-USDT,0.01%,4748075.714285715
2025-06-02,0xe0554a476a092703abdb3ef35c80e0d76d32939f,USDC-WETH,0.01%,5942159.571428572
2025-06-09,0x11b815efb8f581194ae79006d24e0d814b7697f6,WETH-USDT,0.05%,16347231.714285715
2025-06-09,0x4e68ccd3e89f51c3074ca5072bbac773960dfa36,WETH-USDT,0.3%,56519825.571428575
2025-06-09,0x7bea39867e4169dbe237d55c8242a8f2fcdcc387,USDC-WETH,1%,443071.5
2025-06-09,0x88e6a0c2ddd26feeb64f039a2c41296fcb3f5640,USDC-WETH,0.05%,117415827.42857143
2025-06-09,0x8ad599c3a0ff1de082011efddc58f1908eb6e6d8,USDC-WETH,0.3%,54196198.28571428
2025-06-09,0xc7bbec68d12a0d1830360f8ec58fa599ba1b0e9b,WETH-USDT,0.01%,5044365.428571428
2025-06-09,0xe0554a476a092703abdb3ef35c80e0d76d32939f,USDC-WETH,0.01%,5972053.714285715
2025-06-16,0x11b815efb8f581194ae79006d24e0d814b7697f6,WETH-USDT,0.05%,16894385.14285714
2025-06-16,0x4e68ccd3e89f51c3074ca5072bbac773960dfa36,WETH-USDT,0.3%,53358102.71428572
2025-06-16,0x7bea39867e4169dbe237d55c8242a8f2fcdcc387,USDC-WETH,1%,424335.64285714284
2025-06-16,0x88e6a0c2ddd26feeb64f039a2c41296fcb3f5640,USDC-WETH,0.05%,110934008.85714285
2025-06-16,0x8ad599c3a0ff1de082011efddc58f1908eb6e6d8,USDC-WETH,0.3%,49505371.28571428
2025-06-16,0xc7bbec68d12a0d1830360f8ec58fa599ba1b0e9b,WETH-USDT,0.01%,4972028.0
2025-06-16,0xe0554a476a092703abdb3ef35c80e0d76d32939f,USDC-WETH,0.01%,5552427.571428572
2025-06-23,0x11b815efb8f581194ae79006d24e0d814b7697f6,WETH-USDT,0.05%,15706301.42857143
2025-06-23,0x4e68ccd3e89f51c3074ca5072bbac773960dfa36,WETH-USDT,0.3%,54314999.14285714
2025-06-23,0x7bea39867e4169dbe237d55c8242a8f2fcdcc387,USDC-WETH,1%,424687.9285714286
2025-06-23,0x88e6a0c2ddd26feeb64f039a2c41296fcb3f5640,USDC-WETH,0.05%,97169717.57142857
2025-06-23,0x8ad599c3a0ff1de082011efddc58f1908eb6e6d8,USDC-WETH,0.3%,33480158.42857143
2025-06-23,0xc7bbec68d12a0d1830360f8ec58fa599ba1b0e9b,WETH-USDT,0.01%,5376141.285714285
2025-06-23,0xe0554a476a092703abdb3ef35c80e0d76d32939f,USDC-WETH,0.01%,5049490.142857143
2025-06-30,0x11b815efb8f581194ae79006d24e0d814b7697f6,WETH-USDT,0.05%,16097282.42857143
2025-06-30,0x4e68ccd3e89f51c3074ca5072bbac773960dfa36,WETH-USDT,0.3%,52349065.428571425
2025-06-30,0x7bea39867e4169dbe237d55c8242a8f2fcdcc387,USDC-WETH,1%,434088.0714285714
2025-06-30,0x88e6a0c2ddd26feeb64f039a2c41296fcb3f5640,USDC-WETH,0.05%,95800324.14285715
2025-06-30,0x8ad599c3a0ff1de082011efddc58f1908eb6e6d8,USDC-WETH,0.3%,41763849.71428572
2025-06-30,0xc7bbec68d12a0d1830360f8ec58fa599ba1b0e9b,WETH-USDT,0.01%,6390031.857142857
2025-06-30,0xe0554a476a092703abdb3ef35c80e0d76d32939f,USDC-WETH,0.01%,5523927.285714285
2025-07-07,0x11b815efb8f581194ae79006d24e0d814b7697f6,WETH-USDT,0.05%,17594515.85714286
2025-07-07,0x4e68ccd3e89f51c3074ca5072bbac773960dfa36,WETH-USDT,0.3%,49197852.428571425
2025-07-07,0x7bea39867e4169dbe237d55c8242a8f2fcdcc387,USDC-WETH,1%,479022.85714285716
2025-07-07,0x88e6a0c2ddd26feeb64f039a2c41296fcb3f5640,USDC-WETH,0.05%,96186237.14285715
2025-07-07,0x8ad599c3a0ff1de082011efddc58f1908eb6e6d8,USDC-WETH,0.3%,41918011.14285714
2025-07-07,0xc7bbec68d12a0d1830360f8ec58fa599ba1b0e9b,WETH-USDT,0.01%,8148256.142857143
2025-07-07,0xe0554a476a092703abdb3ef35c80e0d76d32939f,USDC-WETH,0.01%,5842912.285714285
2025-07-14,0x11b815efb8f581194ae79006d24e0d814b7697f6,WETH-USDT,0.05%,20581401.14285714
2025-07-14,0x4e68ccd3e89f51c3074ca5072bbac773960dfa36,WETH-USDT,0.3%,51388297.428571425
2025-07-14,0x7bea39867e4169dbe237d55c8242a8f2fcdcc387,USDC-WETH,1%,523501.5714285714
2025-07-14,0x88e6a0c2ddd26feeb64f039a2c41296fcb3f5640,USDC-WETH,0.05%,94153494.71428572
2025-07-14,0x8ad599c3a0ff1de082011efddc58f1908eb6e6d8,USDC-WETH,0.3%,29615447.42857143
2025-07-14,0xc7bbec68d12a0d1830360f8ec58fa599ba1b0e9b,WETH-USDT,0.01%,8354067.142857143
2025-07-14,0xe0554a476a092703abdb3ef35c80e0d76d32939f,USDC-WETH,0.01%,6658764.285714285
2025-07-21,0x11b815efb8f581194ae79006d24e0d814b7697f6,WETH-USDT,0.05%,21374113.714285713
2025-07-21,0x4e68ccd3e89f51c3074ca5072bbac773960dfa36,WETH-USDT,0.3%,70476588.0
2025-07-21,0x7bea39867e4169dbe237d55c8242a8f2fcdcc387,USDC-WETH,1%,540080.0714285715
2025-07-21,0x88e6a0c2ddd26feeb64f039a2c41296fcb3f5640,USDC-WETH,0.05%,94393070.0
2025-07-21,0x8ad599c3a0ff1de082011efddc58f1908eb6e6d8,USDC-WETH,0.3%,27584341.285714287
2025-07-21,0xc7bbec68d12a0d1830360f8ec58fa599ba1b0e9b,WETH-USDT,0.01%,8202775.142857143
2025-07-21,0xe0554a476a092703abdb3ef35c80e0d76d32939f,USDC-WETH,0.01%,6710432.428571428
2025-07-28,0x11b815efb8f581194ae79006d24e0d814b7697f6,WETH-USDT,0.05%,27525431.285714287
2025-07-28,0x4e68ccd3e89f51c3074ca5072bbac773960dfa36,WETH-USDT,0.3%,69017314.14285715
2025-07-28,0x7bea39867e4169dbe237d55c8242a8f2fcdcc387,USDC-WETH,1%,534849.7857142857
2025-07-28,0x88e6a0c2ddd26feeb64f039a2c41296fcb3f5640,USDC-WETH,0.05%,86809557.28571428
2025-07-28,0x8ad599c3a0ff1de082011efddc58f1908eb6e6d8,USDC-WETH,0.3%,26157905.285714287
2025-07-28,0xc7bbec68d12a0d1830360f8ec58fa599ba1b0e9b,WETH-USDT,0.01%,8180354.571428572
2025-07-28,0xe0554a476a092703abdb3ef35c80e0d76d32939f,USDC-WETH,0.01%,7821396.428571428
2025-08-04,0x11b815efb8f581194ae79006d24e0d814b7697f6,WETH-USDT,0.05%,29401336.42857143
2025-08-04,0x4e68ccd3e89f51c3074ca5072bbac773960dfa36,WETH-USDT,0.3%,73590695.14285715
2025-08-04,0x7bea39867e4169dbe237d55c8242a8f2fcdcc387,USDC-WETH,1%,553921.8571428572
2025-08-04,0x88e6a0c2ddd26feeb64f039a2c41296fcb3f5640,USDC-WETH,0.05%,85080716.85714285
2025-08-04,0x8ad599c3a0ff1de082011efddc58f1908eb6e6d8,USDC-WETH,0.3%,26989476.714285713
2025-08-04,0xc7bbec68d12a0d1830360f8ec58fa599ba1b0e9b,WETH-USDT,0.01%,7941732.0
2025-08-04,0xe0554a476a092703abdb3ef35c80e0d76d32939f,USDC-WETH,0.01%,12458157.42857143
2025-08-11,0x11b815efb8f581194ae79006d24e0d814b7697f6,WETH-USDT,0.05%,14626369.0
2025-08-11,0x4e68ccd3e89f51c3074ca5072bbac773960dfa36,WETH-USDT,0.3%,71555414.0
2025-08-11,0x7bea39867e4169dbe237d55c8242a8f2fcdcc387,USDC-WETH,1%,584596.8571428572
2025-08-11,0x88e6a0c2ddd26feeb64f039a2c41296fcb3f5640,USDC-WETH,0.05%,95120300.0
2025-08-11,0x8ad599c3a0ff1de082011efddc58f1908eb6e6d8,USDC-WETH,0.3%,36711991.428571425
2025-08-11,0xc7bbec68d12a0d1830360f8ec58fa599ba1b0e9b,WETH-USDT,0.01%,7649779.857142857
2025-08-11,0xe0554a476a092703abdb3ef35c80e0d76d32939f,USDC-WETH,0.01%,9866067.285714285
2025-08-18,0x11b815efb8f581194ae79006d24e0d814b7697f6,WETH-USDT,0.05%,19761621.85714286
2025-08-18,0x4e68ccd3e89f51c3074ca5072bbac773960dfa36,WETH-USDT,0.3%,91912944.28571428
2025-08-18,0x7bea39867e4169dbe237d55c8242a8f2fcdcc387,USDC-WETH,1%,583394.8571428572
2025-08-18,0x88e6a0c2ddd26feeb64f039a2c41296fcb3f5640,USDC-WETH,0.05%,89232811.28571428
2025-08-18,0x8ad599c3a0ff1de082011efddc58f1908eb6e6d8,USDC-WETH,0.3%,35030478.85714286
2025-08-18,0xc7bbec68d12a0d1830360f8ec58fa599ba1b0e9b,WETH-USDT,0.01%,7398531.428571428
2025-08-18,0xe0554a476a092703abdb3ef35c80e0d76d32939f,USDC-WETH,0.01%,7195993.142857143
2025-08-25,0x11b815efb8f581194ae79006d24e0d814b7697f6,WETH-USDT,0.05%,23174122.285714287
2025-08-25,0x4e68ccd3e89f51c3074ca5072bbac773960dfa36,WETH-USDT,0.3%,96695513.42857143
2025-08-25,0x7bea39867e4169dbe237d55c8242a8f2fcdcc387,USDC-WETH,1%,582459.0
2025-08-25,0x88e6a0c2ddd26feeb64f039a2c41296fcb3f5640,USDC-WETH,0.05%,91589604.42857143
2025-08-25,0x8ad599c3a0ff1de082011efddc58f1908eb6e6d8,USDC-WETH,0.3%,47018222.71428572
2025-08-25,0xc7bbec68d12a0d1830360f8ec58fa599ba1b0e9b,WETH-USDT,0.01%,7594730.428571428
2025-08-25,0xe0554a476a092703abdb3ef35c80e0d76d32939f,USDC-WETH,0.01%,6144037.285714285
2025-09-01,0x11b815efb8f581194ae79006d24e0d814b7697f6,WETH-USDT,0.05%,31889201.42857143
2025-09-01,0x4e68ccd3e89f51c3074ca5072bbac773960dfa36,WETH-USDT,0.3%,123785264.14285715
2025-09-01,0x7bea39867e4169dbe237d55c8242a8f2fcdcc387,USDC-WETH,1%,575680.6428571428
2025-09-01,0x88e6a0c2ddd26feeb64f039a2c41296fcb3f5640,USDC-WETH,0.05%,92825888.28571428
2025-09-01,0x8ad599c3a0ff1de082011efddc58f1908eb6e6d8,USDC-WETH,0.3%,50927820.71428572
2025-09-01,0xc7bbec68d12a0d1830360f8ec58fa599ba1b0e9b,WETH-USDT,0.01%,9236092.57142857
2025-09-01,0xe0554a476a092703abdb3ef35c80e0d76d32939f,USDC-WETH,0.01%,6724994.142857143
2025-09-08,0x11b815efb8f581194ae79006d24e0d814b7697f6,WETH-USDT,0.05%,21798821.85714286
2025-09-08,0x4e68ccd3e89f51c3074ca5072bbac773960dfa36,WETH-USDT,0.3%,121908635.0
2025-09-08,0x7bea39867e4169dbe237d55c8242a8f2fcdcc387,USDC-WETH,1%,585990.5714285715
2025-09-08,0x88e6a0c2ddd26feeb64f039a2c41296fcb3f5640,USDC-WETH,0.05%,93954295.85714285
2025-09-08,0x8ad599c3a0ff1de082011efddc58f1908eb6e6d8,USDC-WETH,0.3%,66759123.0
2025-09-08,0xc7bbec68d12a0d1830360f8ec58fa599ba1b0e9b,WETH-USDT,0.01%,8763933.857142856
2025-09-08,0xe0554a476a092703abdb3ef35c80e0d76d32939f,USDC-WETH,0.01%,7384721.428571428
2025-09-15,0x11b815efb8f581194ae79006d24e0d814b7697f6,WETH-USDT,0.05%,21204999.0
2025-09-15,0x4e68ccd3e89f51c3074ca5072bbac773960dfa36,WETH-USDT,0.3%,129409311.71428572
2025-09-15,0x7bea39867e4169dbe237d55c8242a8f2fcdcc387,USDC-WETH,1%,588536.2142857143
2025-09-15,0x88e6a0c2ddd26feeb64f039a2c41296fcb3f5640,USDC-WETH,0.05%,90466741.28571428
2025-09-15,0x8ad599c3a0ff1de082011efddc58f1908eb6e6d8,USDC-WETH,0.3%,70007072.0
2025-09-15,0xc7bbec68d12a0d1830360f8ec58fa599ba1b0e9b,WETH-USDT,0.01%,10403022.0
2025-09-15,0xe0554a476a092703abdb3ef35c80e0d76d32939f,USDC-WETH,0.01%,7929596.0
2025-09-22,0x11b815efb8f581194ae79006d24e0d814b7697f6,WETH-USDT,0.05%,12340318.42857143
2025-09-22,0x4e68ccd3e89f51c3074ca5072bbac773960dfa36,WETH-USDT,0.3%,140248049.57142857
2025-09-22,0x7bea39867e4169dbe237d55c8242a8f2fcdcc387,USDC-WETH,1%,558240.3571428572
2025-09-22,0x88e6a0c2ddd26feeb64f039a2c41296fcb3f5640,USDC-WETH,0.05%,77556914.14285715
2025-09-22,0x8ad599c3a0ff1de082011efddc58f1908eb6e6d8,USDC-WETH,0.3%,68772775.85714285
2025-09-22,0xc7bbec68d12a0d1830360f8ec58fa599ba1b0e9b,WETH-USDT,0.01%,8966438.42857143
2025-09-22,0xe0554a476a092703abdb3ef35c80e0d76d32939f,USDC-WETH,0.01%,6348218.857142857
2025-09-29,0x11b815efb8f581194ae79006d24e0d814b7697f6,WETH-USDT,0.05%,11908009.42857143
2025-09-29,0x4e68ccd3e89f51c3074ca5072bbac773960dfa36,WETH-USDT,0.3%,157163787.14285713
2025-09-29,0x7bea39867e4169dbe237d55c8242a8f2fcdcc387,USDC-WETH,1%,579498.3571428572
2025-09-29,0x88e6a0c2ddd26feeb64f039a2c41296fcb3f5640,USDC-WETH,0.05%,73936977.28571428
2025-09-29,0x8ad599c3a0ff1de082011efddc58f1908eb6e6d8,USDC-WETH,0.3%,62804803.71428572
2025-09-29,0xc7bbec68d12a0d1830360f8ec58fa599ba1b0e9b,WETH-USDT,0.01%,10716796.142857144
2025-09-29,0xe0554a476a092703abdb3ef35c80e0d76d32939f,USDC-WETH,0.01%,6546623.857142857
2025-10-06,0x11b815efb8f581194ae79006d24e0d814b7697f6,WETH-USDT,0.05%,12303688.714285715
2025-10-06,0x4e68ccd3e89f51c3074ca5072bbac773960dfa36,WETH-USDT,0.3%,156494133.57142857
2025-10-06,0x7bea39867e4169dbe237d55c8242a8f2fcdcc387,USDC-WETH,1%,572454.3571428572
2025-10-06,0x88e6a0c2ddd26feeb64f039a2c41296fcb3f5640,USDC-WETH,0.05%,73688973.28571428
2025-10-06,0x8ad599c3a0ff1de082011efddc58f1908eb6e6d8,USDC-WETH,0.3%,62952571.85714286
2025-10-06,0xc7bbec68d12a0d1830360f8ec58fa599ba1b0e9b,WETH-USDT,0.01%,12820070.285714285
2025-10-06,0xe0554a476a092703abdb3ef35c80e0d76d32939f,USDC-WETH,0.01%,6174754.571428572
2025-10-13,0x11b815efb8f581194ae79006d24e0d814b7697f6,WETH-USDT,0.05%,10773090.714285715
2025-10-13,0x4e68ccd3e89f51c3074ca5072bbac773960dfa36,WETH-USDT,0.3%,158455891.85714287
2025-10-13,0x7bea39867e4169dbe237d55c8242a8f2fcdcc387,USDC-WETH,1%,556808.7142857143
2025-10-13,0x88e6a0c2ddd26feeb64f039a2c41296fcb3f5640,USDC-WETH,0.05%,75646104.42857143
2025-10-13,0x8ad599c3a0ff1de082011efddc58f1908eb6e6d8,USDC-WETH,0.3%,69520269.14285715
2025-10-13,0xc7bbec68d12a0d1830360f8ec58fa599ba1b0e9b,WETH-USDT,0.01%,12313485.57142857
2025-10-13,0xe0554a476a092703abdb3ef35c80e0d76d32939f,USDC-WETH,0.01%,5723390.0
2025-10-20,0x11b815efb8f581194ae79006d24e0d814b7697f6,WETH-USDT,0.05%,10032469.285714285
2025-10-20,0x4e68ccd3e89f51c3074ca5072bbac773960dfa36,WETH-USDT,0.3%,159734102.42857143
2025-10-20,0x7bea39867e4169dbe237d55c8242a8f2fcdcc387,USDC-WETH,1%,561008.6428571428
2025-10-20,0x88e6a0c2ddd26feeb64f039a2c41296fcb3f5640,USDC-WETH,0.05%,74221805.28571428
2025-10-20,0x8ad599c3a0ff1de082011efddc58f1908eb6e6d8,USDC-WETH,0.3%,72988343.14285715
2025-10-20,0xc7bbec68d12a0d1830360f8ec58fa599ba1b0e9b,WETH-USDT,0.01%,12218414.285714285
2025-10-20,0xe0554a476a092703abdb3ef35c80e0d76d32939f,USDC-WETH,0.01%,6226247.428571428
2025-10-27,0x11b815efb8f581194ae79006d24e0d814b7697f6,WETH-USDT,0.05%,10058241.857142856
2025-10-27,0x4e68ccd3e89f51c3074ca5072bbac773960dfa36,WETH-USDT,0.3%,162496495.57142857
2025-10-27,0x7bea39867e4169dbe237d55c8242a8f2fcdcc387,USDC-WETH,1%,552205.4285714285
2025-10-27,0x88e6a0c2ddd26feeb64f039a2c41296fcb3f5640,USDC-WETH,0.05%,74587224.28571428
2025-10-27,0x8ad599c3a0ff1de082011efddc58f1908eb6e6d8,USDC-WETH,0.3%,86015295.28571428
2025-10-27,0xc7bbec68d12a0d1830360f8ec58fa599ba1b0e9b,WETH-USDT,0.01%,12807995.714285715
2025-10-27,0xe0554a476a092703abdb3ef35c80e0d76d32939f,USDC-WETH,0.01%,6620109.857142857
2025-11-03,0x11b815efb8f581194ae79006d24e0d814b7697f6,WETH-USDT,0.05%,18497558.42857143
2025-11-03,0x4e68ccd3e89f51c3074ca5072bbac773960dfa36,WETH-USDT,0.3%,180247160.42857143
2025-11-03,0x7bea39867e4169dbe237d55c8242a8f2fcdcc387,USDC-WETH,1%,516063.5714285714
2025-11-03,0x88e6a0c2ddd26feeb64f039a2c41296fcb3f5640,USDC-WETH,0.05%,73646959.42857143
2025-11-03,0x8ad599c3a0ff1de082011efddc58f1908eb6e6d8,USDC-WETH,0.3%,74507659.28571428
2025-11-03,0xc7bbec68d12a0d1830360f8ec58fa599ba1b0e9b,WETH-USDT,0.01%,10433183.857142856
2025-11-03,0xe0554a476a092703abdb3ef35c80e0d76d32939f,USDC-WETH,0.01%,4979813.285714285
2025-11-10,0x11b815efb8f581194ae79006d24e0d814b7697f6,WETH-USDT,0.05%,21159702.57142857
2025-11-10,0x4e68ccd3e89f51c3074ca5072bbac773960dfa36,WETH-USDT,0.3%,162386038.2857143
2025-11-10,0x7bea39867e4169dbe237d55c8242a8f2fcdcc387,USDC-WETH,1%,503752.28571428574
2025-11-10,0x88e6a0c2ddd26feeb64f039a2c41296fcb3f5640,USDC-WETH,0.05%,73023480.71428572
2025-11-10,0x8ad599c3a0ff1de082011efddc58f1908eb6e6d8,USDC-WETH,0.3%,67942608.28571428
2025-11-10,0xc7bbec68d12a0d1830360f8ec58fa599ba1b0e9b,WETH-USDT,0.01%,9097752.0
2025-11-10,0xe0554a476a092703abdb3ef35c80e0d76d32939f,USDC-WETH,0.01%,4385071.714285715
2025-11-17,0x11b815efb8f581194ae79006d24e0d814b7697f6,WETH-USDT,0.05%,17192932.14285714
2025-11-17,0x4e68ccd3e89f51c3074ca5072bbac773960dfa36,WETH-USDT,0.3%,95954592.0
2025-11-17,0x7bea39867e4169dbe237d55c8242a8f2fcdcc387,USDC-WETH,1%,471829.5714285714
2025-11-17,0x88e6a0c2ddd26feeb64f039a2c41296fcb3f5640,USDC-WETH,0.05%,69149240.71428572
2025-11-17,0x8ad599c3a0ff1de082011efddc58f1908eb6e6d8,USDC-WETH,0.3%,45494194.28571428
2025-11-17,0xc7bbec68d12a0d1830360f8ec58fa599ba1b0e9b,WETH-USDT,0.01%,6709065.857142857
2025-11-17,0xe0554a476a092703abdb3ef35c80e0d76d32939f,USDC-WETH,0.01%,3719003.714285714
2025-11-24,0x11b815efb8f581194ae79006d24e0d814b7697f6,WETH-USDT,0.05%,11984386.42857143
2025-11-24,0x4e68ccd3e89f51c3074ca5072bbac773960dfa36,WETH-USDT,0.3%,72164550.85714285
2025-11-24,0x7bea39867e4169dbe237d55c8242a8f2fcdcc387,USDC-WETH,1%,481609.21428571426
2025-11-24,0x88e6a0c2ddd26feeb64f039a2c41296fcb3f5640,USDC-WETH,0.05%,68653396.85714285
2025-11-24,0x8ad599c3a0ff1de082011efddc58f1908eb6e6d8,USDC-WETH,0.3%,35329903.571428575
2025-11-24,0xc7bbec68d12a0d1830360f8ec58fa599ba1b0e9b,WETH-USDT,0.01%,6273968.571428572
2025-11-24,0xe0554a476a092703abdb3ef35c80e0d76d32939f,USDC-WETH,0.01%,3746410.285714286
2025-12-01,0x11b815efb8f581194ae79006d24e0d814b7697f6,WETH-USDT,0.05%,11400951.42857143
2025-12-01,0x4e68ccd3e89f51c3074ca5072bbac773960dfa36,WETH-USDT,0.3%,72312375.28571428
2025-12-01,0x7bea39867e4169dbe237d55c8242a8f2fcdcc387,USDC-WETH,1%,533341.0714285715
2025-12-01,0x88e6a0c2ddd26feeb64f039a2c41296fcb3f5640,USDC-WETH,0.05%,69458231.0
2025-12-01,0x8ad599c3a0ff1de082011efddc58f1908eb6e6d8,USDC-WETH,0.3%,36488355.71428572
2025-12-01,0xc7bbec68d12a0d1830360f8ec58fa599ba1b0e9b,WETH-USDT,0.01%,7041457.571428572
2025-12-01,0xe0554a476a092703abdb3ef35c80e0d76d32939f,USDC-WETH,0.01%,3811328.714285714
2025-12-08,0x11b815efb8f581194ae79006d24e0d814b7697f6,WETH-USDT,0.05%,11420045.142857144
2025-12-08,0x4e68ccd3e89f51c3074ca5072bbac773960dfa36,WETH-USDT,0.3%,82200959.28571428
2025-12-08,0x7bea39867e4169dbe237d55c8242a8f2fcdcc387,USDC-WETH,1%,499651.4285714286
2025-12-08,0x88e6a0c2ddd26feeb64f039a2c41296fcb3f5640,USDC-WETH,0.05%,71024311.0
2025-12-08,0x8ad599c3a0ff1de082011efddc58f1908eb6e6d8,USDC-WETH,0.3%,36949193.85714286
2025-12-08,0xc7bbec68d12a0d1830360f8ec58fa599ba1b0e9b,WETH-USDT,0.01%,7099155.714285715
2025-12-08,0xe0554a476a092703abdb3ef35c80e0d76d32939f,USDC-WETH,0.01%,4127960.285714286
2025-12-15,0x11b815efb8f581194ae79006d24e0d814b7697f6,WETH-USDT,0.05%,11221876.57142857
2025-12-15,0x4e68ccd3e89f51c3074ca5072bbac773960dfa36,WETH-USDT,0.3%,92817200.14285715
2025-12-15,0x7bea39867e4169dbe237d55c8242a8f2fcdcc387,USDC-WETH,1%,481351.0
2025-12-15,0x88e6a0c2ddd26feeb64f039a2c41296fcb3f5640,USDC-WETH,0.05%,68457009.57142857
2025-12-15,0x8ad599c3a0ff1de082011efddc58f1908eb6e6d8,USDC-WETH,0.3%,35485699.428571425
2025-12-15,0xc7bbec68d12a0d1830360f8ec58fa599ba1b0e9b,WETH-USDT,0.01%,7338965.714285715
2025-12-15,0xe0554a476a092703abdb3ef35c80e0d76d32939f,USDC-WETH,0.01%,3821105.714285714
2025-12-22,0x11b815efb8f581194ae79006d24e0d814b7697f6,WETH-USDT,0.05%,11780729.42857143
2025-12-22,0x4e68ccd3e89f51c3074ca5072bbac773960dfa36,WETH-USDT,0.3%,103285819.42857143
2025-12-22,0x7bea39867e4169dbe237d55c8242a8f2fcdcc387,USDC-WETH,1%,485709.71428571426
2025-12-22,0x88e6a0c2ddd26feeb64f039a2c41296fcb3f5640,USDC-WETH,0.05%,69278134.85714285
2025-12-22,0x8ad599c3a0ff1de082011efddc58f1908eb6e6d8,USDC-WETH,0.3%,37388717.71428572
2025-12-22,0xc7bbec68d12a0d1830360f8ec58fa599ba1b0e9b,WETH-USDT,0.01%,7600745.857142857
2025-12-22,0xe0554a476a092703abdb3ef35c80e0d76d32939f,USDC-WETH,0.01%,3722953.1428571427
2025-12-29,0x11b815efb8f581194ae79006d24e0d814b7697f6,WETH-USDT,0.05%,13195300.42857143
2025-12-29,0x4e68ccd3e89f51c3074ca5072bbac773960dfa36,WETH-USDT,0.3%,107247702.0
2025-12-29,0x7bea39867e4169dbe237d55c8242a8f2fcdcc387,USDC-WETH,1%,487585.4285714286
2025-12-29,0x88e6a0c2ddd26feeb64f039a2c41296fcb3f5640,USDC-WETH,0.05%,71115342.0
2025-12-29,0x8ad599c3a0ff1de082011efddc58f1908eb6e6d8,USDC-WETH,0.3%,37850128.28571428
2025-12-29,0xc7bbec68d12a0d1830360f8ec58fa599ba1b0e9b,WETH-USDT,0.01%,8138549.571428572
2025-12-29,0xe0554a476a092703abdb3ef35c80e0d76d32939f,USDC-WETH,0.01%,3810086.0
2026-01-05,0x11b815efb8f581194ae79006d24e0d814b7697f6,WETH-USDT,0.05%,19743924.714285713
2026-01-05,0x4e68ccd3e89f51c3074ca5072bbac773960dfa36,WETH-USDT,0.3%,113539138.42857143
2026-01-05,0x7bea39867e4169dbe237d55c8242a8f2fcdcc387,USDC-WETH,1%,497728.35714285716
2026-01-05,0x88e6a0c2ddd26feeb64f039a2c41296fcb3f5640,USDC-WETH,0.05%,74118260.71428572
2026-01-05,0x8ad599c3a0ff1de082011efddc58f1908eb6e6d8,USDC-WETH,0.3%,41904914.14285714
2026-01-05,0xc7bbec68d12a0d1830360f8ec58fa599ba1b0e9b,WETH-USDT,0.01%,8345323.0
2026-01-05,0xe0554a476a092703abdb3ef35c80e0d76d32939f,USDC-WETH,0.01%,3813738.285714286
2026-01-12,0x11b815efb8f581194ae79006d24e0d814b7697f6,WETH-USDT,0.05%,20118703.14285714
2026-01-12,0x4e68ccd3e89f51c3074ca5072bbac773960dfa36,WETH-USDT,0.3%,119296379.57142857
2026-01-12,0x7bea39867e4169dbe237d55c8242a8f2fcdcc387,USDC-WETH,1%,508706.21428571426
2026-01-12,0x88e6a0c2ddd26feeb64f039a2c41296fcb3f5640,USDC-WETH,0.05%,76720813.28571428
2026-01-12,0x8ad599c3a0ff1de082011efddc58f1908eb6e6d8,USDC-WETH,0.3%,43020606.0
2026-01-12,0xc7bbec68d12a0d1830360f8ec58fa599ba1b0e9b,WETH-USDT,0.01%,10531673.0
2026-01-12,0xe0554a476a092703abdb3ef35c80e0d76d32939f,USDC-WETH,0.01%,4304754.714285715
2026-01-19,0x11b815efb8f581194ae79006d24e0d814b7697f6,WETH-USDT,0.05%,18545238.14285714
2026-01-19,0x4e68ccd3e89f51c3074ca5072bbac773960dfa36,WETH-USDT,0.3%,111768266.42857143
2026-01-19,0x7bea39867e4169dbe237d55c8242a8f2fcdcc387,USDC-WETH,1%,483436.5
2026-01-19,0x88e6a0c2ddd26feeb64f039a2c41296fcb3f5640,USDC-WETH,0.05%,75169000.85714285
2026-01-19,0x8ad599c3a0ff1de082011efddc58f1908eb6e6d8,USDC-WETH,0.3%,40545767.71428572
2026-01-19,0xc7bbec68d12a0d1830360f8ec58fa599ba1b0e9b,WETH-USDT,0.01%,11457675.857142856
2026-01-19,0xe0554a476a092703abdb3ef35c80e0d76d32939f,USDC-WETH,0.01%,3388739.1428571427
2026-01-26,0x11b815efb8f581194ae79006d24e0d814b7697f6,WETH-USDT,0.05%,15416566.714285715
2026-01-26,0x4e68ccd3e89f51c3074ca5072bbac773960dfa36,WETH-USDT,0.3%,107883818.42857143
2026-01-26,0x7bea39867e4169dbe237d55c8242a8f2fcdcc387,USDC-WETH,1%,458161.5
2026-01-26,0x88e6a0c2ddd26feeb64f039a2c41296fcb3f5640,USDC-WETH,0.05%,72081418.0
2026-01-26,0x8ad599c3a0ff1de082011efddc58f1908eb6e6d8,USDC-WETH,0.3%,37328528.571428575
2026-01-26,0xc7bbec68d12a0d1830360f8ec58fa599ba1b0e9b,WETH-USDT,0.01%,11870972.57142857
2026-01-26,0xe0554a476a092703abdb3ef35c80e0d76d32939f,USDC-WETH,0.01%,3460436.0
2026-02-02,0x11b815efb8f581194ae79006d24e0d814b7697f6,WETH-USDT,0.05%,7221651.571428572
2026-02-02,0x4e68ccd3e89f51c3074ca5072bbac773960dfa36,WETH-USDT,0.3%,73640280.71428572
2026-02-02,0x7bea39867e4169dbe237d55c8242a8f2fcdcc387,USDC-WETH,1%,396480.78571428574
2026-02-02,0x88e6a0c2ddd26feeb64f039a2c41296fcb3f5640,USDC-WETH,0.05%,67066319.85714286
2026-02-02,0x8ad599c3a0ff1de082011efddc58f1908eb6e6d8,USDC-WETH,0.3%,28826637.85714286
2026-02-02,0xc7bbec68d12a0d1830360f8ec58fa599ba1b0e9b,WETH-USDT,0.01%,7046687.857142857
2026-02-02,0xe0554a476a092703abdb3ef35c80e0d76d32939f,USDC-WETH,0.01%,2891741.714285714
2026-02-09,0x11b815efb8f581194ae79006d24e0d814b7697f6,WETH-USDT,0.05%,6540127.571428572
2026-02-09,0x4e68ccd3e89f51c3074ca5072bbac773960dfa36,WETH-USDT,0.3%,63234972.85714286
2026-02-09,0x7bea39867e4169dbe237d55c8242a8f2fcdcc387,USDC-WETH,1%,388278.14285714284
2026-02-09,0x88e6a0c2ddd26feeb64f039a2c41296fcb3f5640,USDC-WETH,0.05%,78193109.71428572
2026-02-09,0x8ad599c3a0ff1de082011efddc58f1908eb6e6d8,USDC-WETH,0.3%,19840033.42857143
2026-02-09,0xc7bbec68d12a0d1830360f8ec58fa599ba1b0e9b,WETH-USDT,0.01%,4970340.714285715
2026-02-09,0xe0554a476a092703abdb3ef35c80e0d76d32939f,USDC-WETH,0.01%,2710284.714285714
2026-02-16,0x11b815efb8f581194ae79006d24e0d814b7697f6,WETH-USDT,0.05%,6294028.428571428
2026-02-16,0x4e68ccd3e89f51c3074ca5072bbac773960dfa36,WETH-USDT,0.3%,60060167.14285714
2026-02-16,0x7bea39867e4169dbe237d55c8242a8f2fcdcc387,USDC-WETH,1%,381647.0714285714
2026-02-16,0x88e6a0c2ddd26feeb64f039a2c41296fcb3f5640,USDC-WETH,0.05%,85387261.85714285
2026-02-16,0x8ad599c3a0ff1de082011efddc58f1908eb6e6d8,USDC-WETH,0.3%,20216928.14285714
2026-02-16,0xc7bbec68d12a0d1830360f8ec58fa599ba1b0e9b,WETH-USDT,0.01%,5858770.857142857
2026-02-16,0xe0554a476a092703abdb3ef35c80e0d76d32939f,USDC-WETH,0.01%,2639849.0
2026-02-23,0x11b815efb8f581194ae79006d24e0d814b7697f6,WETH-USDT,0.05%,6228712.857142857
2026-02-23,0x4e68ccd3e89f51c3074ca5072bbac773960dfa36,WETH-USDT,0.3%,54138092.85714286
2026-02-23,0x7bea39867e4169dbe237d55c8242a8f2fcdcc387,USDC-WETH,1%,379654.4285714286
2026-02-23,0x88e6a0c2ddd26feeb64f039a2c41296fcb3f5640,USDC-WETH,0.05%,88138498.0
2026-02-23,0x8ad599c3a0ff1de082011efddc58f1908eb6e6d8,USDC-WETH,0.3%,19751550.0
2026-02-23,0xc7bbec68d12a0d1830360f8ec58fa599ba1b0e9b,WETH-USDT,0.01%,7012192.285714285
2026-02-23,0xe0554a476a092703abdb3ef35c80e0d76d32939f,USDC-WETH,0.01%,2548866.0
2026-03-02,0x11b815efb8f581194ae79006d24e0d814b7697f6,WETH-USDT,0.05%,6450720.571428572
2026-03-02,0x4e68ccd3e89f51c3074ca5072bbac773960dfa36,WETH-USDT,0.3%,56211688.14285714
2026-03-02,0x7bea39867e4169dbe237d55c8242a8f2fcdcc387,USDC-WETH,1%,390209.85714285716
2026-03-02,0x88e6a0c2ddd26feeb64f039a2c41296fcb3f5640,USDC-WETH,0.05%,93250948.71428572
2026-03-02,0x8ad599c3a0ff1de082011efddc58f1908eb6e6d8,USDC-WETH,0.3%,20487046.285714287
2026-03-02,0xc7bbec68d12a0d1830360f8ec58fa599ba1b0e9b,WETH-USDT,0.01%,6116863.0
2026-03-02,0xe0554a476a092703abdb3ef35c80e0d76d32939f,USDC-WETH,0.01%,2764094.714285714
2026-03-09,0x11b815efb8f581194ae79006d24e0d814b7697f6,WETH-USDT,0.05%,6751195.285714285
2026-03-09,0x4e68ccd3e89f51c3074ca5072bbac773960dfa36,WETH-USDT,0.3%,61080183.28571428
2026-03-09,0x7bea39867e4169dbe237d55c8242a8f2fcdcc387,USDC-WETH,1%,479443.21428571426
2026-03-09,0x88e6a0c2ddd26feeb64f039a2c41296fcb3f5640,USDC-WETH,0.05%,95298318.28571428
2026-03-09,0x8ad599c3a0ff1de082011efddc58f1908eb6e6d8,USDC-WETH,0.3%,21352795.285714287
2026-03-09,0xc7bbec68d12a0d1830360f8ec58fa599ba1b0e9b,WETH-USDT,0.01%,5990351.428571428
2026-03-09,0xe0554a476a092703abdb3ef35c80e0d76d32939f,USDC-WETH,0.01%,2828760.0
2026-03-16,0x11b815efb8f581194ae79006d24e0d814b7697f6,WETH-USDT,0.05%,7984314.428571428
2026-03-16,0x4e68ccd3e89f51c3074ca5072bbac773960dfa36,WETH-USDT,0.3%,66129412.28571428
2026-03-16,0x7bea39867e4169dbe237d55c8242a8f2fcdcc387,USDC-WETH,1%,422890.5
2026-03-16,0x88e6a0c2ddd26feeb64f039a2c41296fcb3f5640,USDC-WETH,0.05%,94430526.71428572
2026-03-16,0x8ad599c3a0ff1de082011efddc58f1908eb6e6d8,USDC-WETH,0.3%,23308139.85714286
2026-03-16,0xc7bbec68d12a0d1830360f8ec58fa599ba1b0e9b,WETH-USDT,0.01%,5781192.0
2026-03-16,0xe0554a476a092703abdb3ef35c80e0d76d32939f,USDC-WETH,0.01%,2957780.5714285714
2026-03-23,0x11b815efb8f581194ae79006d24e0d814b7697f6,WETH-USDT,0.05%,8145932.285714285
2026-03-23,0x4e68ccd3e89f51c3074ca5072bbac773960dfa36,WETH-USDT,0.3%,65375807.71428572
2026-03-23,0x7bea39867e4169dbe237d55c8242a8f2fcdcc387,USDC-WETH,1%,412198.0714285714
2026-03-23,0x88e6a0c2ddd26feeb64f039a2c41296fcb3f5640,USDC-WETH,0.05%,95232060.85714285
2026-03-23,0x8ad599c3a0ff1de082011efddc58f1908eb6e6d8,USDC-WETH,0.3%,22972201.14285714
2026-03-23,0xc7bbec68d12a0d1830360f8ec58fa599ba1b0e9b,WETH-USDT,0.01%,5452882.857142857
2026-03-23,0xe0554a476a092703abdb3ef35c80e0d76d32939f,USDC-WETH,0.01%,3117830.8571428573
2026-03-30,0x11b815efb8f581194ae79006d24e0d814b7697f6,WETH-USDT,0.05%,9419566.714285715
2026-03-30,0x4e68ccd3e89f51c3074ca5072bbac773960dfa36,WETH-USDT,0.3%,68595641.42857143
2026-03-30,0x7bea39867e4169dbe237d55c8242a8f2fcdcc387,USDC-WETH,1%,404469.5714285714
2026-03-30,0x88e6a0c2ddd26feeb64f039a2c41296fcb3f5640,USDC-WETH,0.05%,99656834.14285715
2026-03-30,0x8ad599c3a0ff1de082011efddc58f1908eb6e6d8,USDC-WETH,0.3%,22849337.57142857
2026-03-30,0xc7bbec68d12a0d1830360f8ec58fa599ba1b0e9b,WETH-USDT,0.01%,5745256.714285715
2026-03-30,0xe0554a476a092703abdb3ef35c80e0d76d32939f,USDC-WETH,0.01%,3175696.8571428573
2026-04-06,0x11b815efb8f581194ae79006d24e0d814b7697f6,WETH-USDT,0.05%,9229913.42857143
2026-04-06,0x4e68ccd3e89f51c3074ca5072bbac773960dfa36,WETH-USDT,0.3%,72129911.71428572
2026-04-06,0x7bea39867e4169dbe237d55c8242a8f2fcdcc387,USDC-WETH,1%,420100.35714285716
2026-04-06,0x88e6a0c2ddd26feeb64f039a2c41296fcb3f5640,USDC-WETH,0.05%,100393276.42857143
2026-04-06,0x8ad599c3a0ff1de082011efddc58f1908eb6e6d8,USDC-WETH,0.3%,23599873.714285713
2026-04-06,0xc7bbec68d12a0d1830360f8ec58fa599ba1b0e9b,WETH-USDT,0.01%,6039787.571428572
2026-04-06,0xe0554a476a092703abdb3ef35c80e0d76d32939f,USDC-WETH,0.01%,3387343.0
2026-04-13,0x11b815efb8f581194ae79006d24e0d814b7697f6,WETH-USDT,0.05%,7462064.571428572
2026-04-13,0x4e68ccd3e89f51c3074ca5072bbac773960dfa36,WETH-USDT,0.3%,76588091.14285715
2026-04-13,0x7bea39867e4169dbe237d55c8242a8f2fcdcc387,USDC-WETH,1%,435641.5714285714
2026-04-13,0x88e6a0c2ddd26feeb64f039a2c41296fcb3f5640,USDC-WETH,0.05%,100540677.42857143
2026-04-13,0x8ad599c3a0ff1de082011efddc58f1908eb6e6d8,USDC-WETH,0.3%,24078005.85714286
2026-04-13,0xc7bbec68d12a0d1830360f8ec58fa599ba1b0e9b,WETH-USDT,0.01%,6241341.285714285
2026-04-13,0xe0554a476a092703abdb3ef35c80e0d76d32939f,USDC-WETH,0.01%,3790987.8571428573
2026-04-20,0x11b815efb8f581194ae79006d24e0d814b7697f6,WETH-USDT,0.05%,10533062.0
2026-04-20,0x4e68ccd3e89f51c3074ca5072bbac773960dfa36,WETH-USDT,0.3%,69881530.0
2026-04-20,0x7bea39867e4169dbe237d55c8242a8f2fcdcc387,USDC-WETH,1%,435512.21428571426
2026-04-20,0x88e6a0c2ddd26feeb64f039a2c41296fcb3f5640,USDC-WETH,0.05%,101795353.57142857
2026-04-20,0x8ad599c3a0ff1de082011efddc58f1908eb6e6d8,USDC-WETH,0.3%,24315454.42857143
2026-04-20,0xc7bbec68d12a0d1830360f8ec58fa599ba1b0e9b,WETH-USDT,0.01%,5863056.571428572
2026-04-20,0xe0554a476a092703abdb3ef35c80e0d76d32939f,USDC-WETH,0.01%,4900270.571428572
2026-04-27,0x11b815efb8f581194ae79006d24e0d814b7697f6,WETH-USDT,0.05%,11315058.0
2026-04-27,0x4e68ccd3e89f51c3074ca5072bbac773960dfa36,WETH-USDT,0.3%,78508530.85714285
2026-04-27,0x7bea39867e4169dbe237d55c8242a8f2fcdcc387,USDC-WETH,1%,493483.0
2026-04-27,0x88e6a0c2ddd26feeb64f039a2c41296fcb3f5640,USDC-WETH,0.05%,101857431.71428572
2026-04-27,0x8ad599c3a0ff1de082011efddc58f1908eb6e6d8,USDC-WETH,0.3%,25332028.14285714
2026-04-27,0xc7bbec68d12a0d1830360f8ec58fa599ba1b0e9b,WETH-USDT,0.01%,5447455.285714285
2026-04-27,0xe0554a476a092703abdb3ef35c80e0d76d32939f,USDC-WETH,0.01%,7004266.571428572
2026-05-04,0x11b815efb8f581194ae79006d24e0d814b7697f6,WETH-USDT,0.05%,11156069.42857143
2026-05-04,0x4e68ccd3e89f51c3074ca5072bbac773960dfa36,WETH-USDT,0.3%,84988547.71428572
2026-05-04,0x7bea39867e4169dbe237d55c8242a8f2fcdcc387,USDC-WETH,1%,583226.2
2026-05-04,0x88e6a0c2ddd26feeb64f039a2c41296fcb3f5640,USDC-WETH,0.05%,102658043.71428572
2026-05-04,0x8ad599c3a0ff1de082011efddc58f1908eb6e6d8,USDC-WETH,0.3%,25925323.85714286
2026-05-04,0xc7bbec68d12a0d1830360f8ec58fa599ba1b0e9b,WETH-USDT,0.01%,6692476.142857143
2026-05-04,0xe0554a476a092703abdb3ef35c80e0d76d32939f,USDC-WETH,0.01%,7271399.571428572
2026-05-11,0x11b815efb8f581194ae79006d24e0d814b7697f6,WETH-USDT,0.05%,11223984.857142856
2026-05-11,0x4e68ccd3e89f51c3074ca5072bbac773960dfa36,WETH-USDT,0.3%,87941259.71428572
2026-05-11,0x7bea39867e4169dbe237d55c8242a8f2fcdcc387,USDC-WETH,1%,501077.71428571426
2026-05-11,0x88e6a0c2ddd26feeb64f039a2c41296fcb3f5640,USDC-WETH,0.05%,102122841.28571428
2026-05-11,0x8ad599c3a0ff1de082011efddc58f1908eb6e6d8,USDC-WETH,0.3%,25018468.714285713
2026-05-11,0xc7bbec68d12a0d1830360f8ec58fa599ba1b0e9b,WETH-USDT,0.01%,6389803.714285715
2026-05-11,0xe0554a476a092703abdb3ef35c80e0d76d32939f,USDC-WETH,0.01%,6067386.571428572
2026-05-18,0x11b815efb8f581194ae79006d24e0d814b7697f6,WETH-USDT,0.05%,11964076.714285715
2026-05-18,0x4e68ccd3e89f51c3074ca5072bbac773960dfa36,WETH-USDT,0.3%,89118661.42857143
2026-05-18,0x7bea39867e4169dbe237d55c8242a8f2fcdcc387,USDC-WETH,1%,468027.5833333333
2026-05-18,0x88e6a0c2ddd26feeb64f039a2c41296fcb3f5640,USDC-WETH,0.05%,100109927.14285715
2026-05-18,0x8ad599c3a0ff1de082011efddc58f1908eb6e6d8,USDC-WETH,0.3%,23929738.714285713
2026-05-18,0xc7bbec68d12a0d1830360f8ec58fa599ba1b0e9b,WETH-USDT,0.01%,5876358.285714285
2026-05-18,0xe0554a476a092703abdb3ef35c80e0d76d32939f,USDC-WETH,0.01%,5133411.0
2026-05-25,0x11b815efb8f581194ae79006d24e0d814b7697f6,WETH-USDT,0.05%,11528910.0
2026-05-25,0x4e68ccd3e89f51c3074ca5072bbac773960dfa36,WETH-USDT,0.3%,87630910.42857143
2026-05-25,0x7bea39867e4169dbe237d55c8242a8f2fcdcc387,USDC-WETH,1%,493919.0909090909
2026-05-25,0x88e6a0c2ddd26feeb64f039a2c41296fcb3f5640,USDC-WETH,0.05%,98506091.28571428
2026-05-25,0x8ad599c3a0ff1de082011efddc58f1908eb6e6d8,USDC-WETH,0.3%,23372331.714285713
2026-05-25,0xc7bbec68d12a0d1830360f8ec58fa599ba1b0e9b,WETH-USDT,0.01%,5196579.714285715
2026-05-25,0xe0554a476a092703abdb3ef35c80e0d76d32939f,USDC-WETH,0.01%,4837124.0
2026-06-01,0x11b815efb8f581194ae79006d24e0d814b7697f6,WETH-USDT,0.05%,9413404.857142856
2026-06-01,0x4e68ccd3e89f51c3074ca5072bbac773960dfa36,WETH-USDT,0.3%,73723555.57142857
2026-06-01,0x7bea39867e4169dbe237d55c8242a8f2fcdcc387,USDC-WETH,1%,540669.7777777778
2026-06-01,0x88e6a0c2ddd26feeb64f039a2c41296fcb3f5640,USDC-WETH,0.05%,87917883.85714285
2026-06-01,0x8ad599c3a0ff1de082011efddc58f1908eb6e6d8,USDC-WETH,0.3%,19144369.285714287
2026-06-01,0xc7bbec68d12a0d1830360f8ec58fa599ba1b0e9b,WETH-USDT,0.01%,3998434.0
2026-06-01,0xe0554a476a092703abdb3ef35c80e0d76d32939f,USDC-WETH,0.01%,4088441.4285714286
2026-06-08,0x11b815efb8f581194ae79006d24e0d814b7697f6,WETH-USDT,0.05%,10199012.285714285
2026-06-08,0x4e68ccd3e89f51c3074ca5072bbac773960dfa36,WETH-USDT,0.3%,73755557.28571428
2026-06-08,0x7bea39867e4169dbe237d55c8242a8f2fcdcc387,USDC-WETH,1%,659851.1428571428
2026-06-08,0x88e6a0c2ddd26feeb64f039a2c41296fcb3f5640,USDC-WETH,0.05%,85498371.42857143
2026-06-08,0x8ad599c3a0ff1de082011efddc58f1908eb6e6d8,USDC-WETH,0.3%,20366362.285714287
2026-06-08,0xc7bbec68d12a0d1830360f8ec58fa599ba1b0e9b,WETH-USDT,0.01%,3424888.8571428573
2026-06-08,0xe0554a476a092703abdb3ef35c80e0d76d32939f,USDC-WETH,0.01%,3482346.1428571427
2026-06-15,0x11b815efb8f581194ae79006d24e0d814b7697f6,WETH-USDT,0.05%,12633644.714285715
2026-06-15,0x4e68ccd3e89f51c3074ca5072bbac773960dfa36,WETH-USDT,0.3%,76078923.42857143
2026-06-15,0x7bea39867e4169dbe237d55c8242a8f2fcdcc387,USDC-WETH,1%,680499.1428571428
2026-06-15,0x88e6a0c2ddd26feeb64f039a2c41296fcb3f5640,USDC-WETH,0.05%,88039638.28571428
2026-06-15,0x8ad599c3a0ff1de082011efddc58f1908eb6e6d8,USDC-WETH,0.3%,19991786.14285714
2026-06-15,0xc7bbec68d12a0d1830360f8ec58fa599ba1b0e9b,WETH-USDT,0.01%,3489952.1428571427
2026-06-15,0xe0554a476a092703abdb3ef35c80e0d76d32939f,USDC-WETH,0.01%,3594562.1428571427
2026-06-22,0x11b815efb8f581194ae79006d24e0d814b7697f6,WETH-USDT,0.05%,12233435.714285715
2026-06-22,0x4e68ccd3e89f51c3074ca5072bbac773960dfa36,WETH-USDT,0.3%,74985503.42857143
2026-06-22,0x7bea39867e4169dbe237d55c8242a8f2fcdcc387,USDC-WETH,1%,515286.0
2026-06-22,0x88e6a0c2ddd26feeb64f039a2c41296fcb3f5640,USDC-WETH,0.05%,82233701.28571428
2026-06-22,0x8ad599c3a0ff1de082011efddc58f1908eb6e6d8,USDC-WETH,0.3%,18531452.14285714
2026-06-22,0xc7bbec68d12a0d1830360f8ec58fa599ba1b0e9b,WETH-USDT,0.01%,2868373.0
2026-06-22,0xe0554a476a092703abdb3ef35c80e0d76d32939f,USDC-WETH,0.01%,3527621.8571428573
2026-06-29,0x11b815efb8f581194ae79006d24e0d814b7697f6,WETH-USDT,0.05%,12594870.42857143
2026-06-29,0x4e68ccd3e89f51c3074ca5072bbac773960dfa36,WETH-USDT,0.3%,79887617.14285715
2026-06-29,0x7bea39867e4169dbe237d55c8242a8f2fcdcc387,USDC-WETH,1%,532644.3333333334
2026-06-29,0x88e6a0c2ddd26feeb64f039a2c41296fcb3f5640,USDC-WETH,0.05%,84635031.28571428
2026-06-29,0x8ad599c3a0ff1de082011efddc58f1908eb6e6d8,USDC-WETH,0.3%,19394822.14285714
2026-06-29,0xc7bbec68d12a0d1830360f8ec58fa599ba1b0e9b,WETH-USDT,0.01%,2867090.8571428573
2026-06-29,0xe0554a476a092703abdb3ef35c80e0d76d32939f,USDC-WETH,0.01%,3716231.285714286
2026-07-06,0x11b815efb8f581194ae79006d24e0d814b7697f6,WETH-USDT,0.05%,12763451.57142857
2026-07-06,0x4e68ccd3e89f51c3074ca5072bbac773960dfa36,WETH-USDT,0.3%,84041485.42857143
2026-07-06,0x7bea39867e4169dbe237d55c8242a8f2fcdcc387,USDC-WETH,1%,456463.63636363635
2026-07-06,0x88e6a0c2ddd26feeb64f039a2c41296fcb3f5640,USDC-WETH,0.05%,87112801.28571428
2026-07-06,0x8ad599c3a0ff1de082011efddc58f1908eb6e6d8,USDC-WETH,0.3%,20020511.714285713
2026-07-06,0xc7bbec68d12a0d1830360f8ec58fa599ba1b0e9b,WETH-USDT,0.01%,2922534.1428571427
2026-07-06,0xe0554a476a092703abdb3ef35c80e0d76d32939f,USDC-WETH,0.01%,3765778.714285714
2026-07-13,0x11b815efb8f581194ae79006d24e0d814b7697f6,WETH-USDT,0.05%,13263517.714285715
2026-07-13,0x4e68ccd3e89f51c3074ca5072bbac773960dfa36,WETH-USDT,0.3%,84849362.85714285
2026-07-13,0x7bea39867e4169dbe237d55c8242a8f2fcdcc387,USDC-WETH,1%,695118.2857142857
2026-07-13,0x88e6a0c2ddd26feeb64f039a2c41296fcb3f5640,USDC-WETH,0.05%,92242126.57142857
2026-07-13,0x8ad599c3a0ff1de082011efddc58f1908eb6e6d8,USDC-WETH,0.3%,20429774.285714287
2026-07-13,0xc7bbec68d12a0d1830360f8ec58fa599ba1b0e9b,WETH-USDT,0.01%,2930992.8571428573
2026-07-13,0xe0554a476a092703abdb3ef35c80e0d76d32939f,USDC-WETH,0.01%,4346323.714285715
2026-07-20,0x11b815efb8f581194ae79006d24e0d814b7697f6,WETH-USDT,0.05%,13529852.714285715
2026-07-20,0x4e68ccd3e89f51c3074ca5072bbac773960dfa36,WETH-USDT,0.3%,85689352.42857143
2026-07-20,0x7bea39867e4169dbe237d55c8242a8f2fcdcc387,USDC-WETH,1%,704135.7142857143
2026-07-20,0x88e6a0c2ddd26feeb64f039a2c41296fcb3f5640,USDC-WETH,0.05%,95496142.0
2026-07-20,0x8ad599c3a0ff1de082011efddc58f1908eb6e6d8,USDC-WETH,0.3%,20787187.57142857
2026-07-20,0xc7bbec68d12a0d1830360f8ec58fa599ba1b0e9b,WETH-USDT,0.01%,3116383.4285714286
2026-07-20,0xe0554a476a092703abdb3ef35c80e0d76d32939f,USDC-WETH,0.01%,4101062.5714285714
2026-07-27,0x11b815efb8f581194ae79006d24e0d814b7697f6,WETH-USDT,0.05%,13670658.714285715
2026-07-27,0x4e68ccd3e89f51c3074ca5072bbac773960dfa36,WETH-USDT,0.3%,83868934.85714285
2026-07-27,0x7bea39867e4169dbe237d55c8242a8f2fcdcc387,USDC-WETH,1%,702876.7142857143
2026-07-27,0x88e6a0c2ddd26feeb64f039a2c41296fcb3f5640,USDC-WETH,0.05%,98772697.0
2026-07-27,0x8ad599c3a0ff1de082011efddc58f1908eb6e6d8,USDC-WETH,0.3%,20700655.285714287
2026-07-27,0xc7bbec68d12a0d1830360f8ec58fa599ba1b0e9b,WETH-USDT,0.01%,3454975.4285714286
2026-07-27,0xe0554a476a092703abdb3ef35c80e0d76d32939f,USDC-WETH,0.01%,3907721.8571428573
2026-08-03,0x11b815efb8f581194ae79006d24e0d814b7697f6,WETH-USDT,0.05%,12533217.285714285
2026-08-03,0x4e68ccd3e89f51c3074ca5072bbac773960dfa36,WETH-USDT,0.3%,78866695.71428572
2026-08-03,0x7bea39867e4169dbe237d55c8242a8f2fcdcc387,USDC-WETH,1%,704610.5714285715
2026-08-03,0x88e6a0c2ddd26feeb64f039a2c41296fcb3f5640,USDC-WETH,0.05%,96417157.57142857
2026-08-03,0x8ad599c3a0ff1de082011efddc58f1908eb6e6d8,USDC-WETH,0.3%,17442856.42857143
2026-08-03,0xc7bbec68d12a0d1830360f8ec58fa599ba1b0e9b,WETH-USDT,0.01%,3486307.714285714
2026-08-03,0xe0554a476a092703abdb3ef35c80e0d76d32939f,USDC-WETH,0.01%,4345439.857142857
2026-08-10,0x11b815efb8f581194ae79006d24e0d814b7697f6,WETH-USDT,0.05%,10881311.857142856
2026-08-10,0x4e68ccd3e89f51c3074ca5072bbac773960dfa36,WETH-USDT,0.3%,79332966.57142857
2026-08-10,0x7bea39867e4169dbe237d55c8242a8f2fcdcc387,USDC-WETH,1%,556785.4444444445
2026-08-10,0x88e6a0c2ddd26feeb64f039a2c41296fcb3f5640,USDC-WETH,0.05%,97098856.0
2026-08-10,0x8ad599c3a0ff1de082011efddc58f1908eb6e6d8,USDC-WETH,0.3%,16261030.57142857
2026-08-10,0xc7bbec68d12a0d1830360f8ec58fa599ba1b0e9b,WETH-USDT,0.01%,3495771.1428571427
2026-08-10,0xe0554a476a092703abdb3ef35c80e0d76d32939f,USDC-WETH,0.01%,4931503.428571428
2026-08-17,0x11b815efb8f581194ae79006d24e0d814b7697f6,WETH-USDT,0.05%,8949635.714285715
2026-08-17,0x4e68ccd3e89f51c3074ca5072bbac773960dfa36,WETH-USDT,0.3%,96772071.28571428
2026-08-17,0x7bea39867e4169dbe237d55c8242a8f2fcdcc387,USDC-WETH,1%,776968.2857142857
2026-08-17,0x88e6a0c2ddd26feeb64f039a2c41296fcb3f5640,USDC-WETH,0.05%,102487003.28571428
2026-08-17,0x8ad599c3a0ff1de082011efddc58f1908eb6e6d8,USDC-WETH,0.3%,29087383.57142857
2026-08-17,0xc7bbec68d12a0d1830360f8ec58fa599ba1b0e9b,WETH-USDT,0.01%,3915288.1428571427
2026-08-17,0xe0554a476a092703abdb3ef35c80e0d76d32939f,USDC-WETH,0.01%,4949914.0
2026-08-24,0x11b815efb8f581194ae79006d24e0d814b7697f6,WETH-USDT,0.05%,9027323.285714285
2026-08-24,0x4e68ccd3e89f51c3074ca5072bbac773960dfa36,WETH-USDT,0.3%,117137285.42857143
2026-08-24,0x7bea39867e4169dbe237d55c8242a8f2fcdcc387,USDC-WETH,1%,821219.5714285715
2026-08-24,0x88e6a0c2ddd26feeb64f039a2c41296fcb3f5640,USDC-WETH,0.05%,106256325.42857143
2026-08-24,0x8ad599c3a0ff1de082011efddc58f1908eb6e6d8,USDC-WETH,0.3%,35138150.14285714
2026-08-24,0xc7bbec68d12a0d1830360f8ec58fa599ba1b0e9b,WETH-USDT,0.01%,4018080.4285714286
2026-08-24,0xe0554a476a092703abdb3ef35c80e0d76d32939f,USDC-WETH,0.01%,3748265.5714285714
2026-08-31,0x11b815efb8f581194ae79006d24e0d814b7697f6,WETH-USDT,0.05%,8402715.42857143
2026-08-31,0x4e68ccd3e89f51c3074ca5072bbac773960dfa36,WETH-USDT,0.3%,109644766.42857143
2026-08-31,0x7bea39867e4169dbe237d55c8242a8f2fcdcc387,USDC-WETH,1%,652860.3333333334
2026-08-31,0x88e6a0c2ddd26feeb64f039a2c41296fcb3f5640,USDC-WETH,0.05%,105059050.14285715
2026-08-31,0x8ad599c3a0ff1de082011efddc58f1908eb6e6d8,USDC-WETH,0.3%,30283485.285714287
2026-08-31,0xc7bbec68d12a0d1830360f8ec58fa599ba1b0e9b,WETH-USDT,0.01%,3663831.0
2026-08-31,0xe0554a476a092703abdb3ef35c80e0d76d32939f,USDC-WETH,0.01%,3590774.1428571427
2026-09-07,0x11b815efb8f581194ae79006d24e0d814b7697f6,WETH-USDT,0.05%,8329397.285714285
2026-09-07,0x4e68ccd3e89f51c3074ca5072bbac773960dfa36,WETH-USDT,0.3%,110416582.0
2026-09-07,0x7bea39867e4169dbe237d55c8242a8f2fcdcc387,USDC-WETH,1%,656984.5555555555
2026-09-07,0x88e6a0c2ddd26feeb64f039a2c41296fcb3f5640,USDC-WETH,0.05%,105791456.57142857
2026-09-07,0x8ad599c3a0ff1de082011efddc58f1908eb6e6d8,USDC-WETH,0.3%,31603005.57142857
2026-09-07,0xc7bbec68d12a0d1830360f8ec58fa599ba1b0e9b,WETH-USDT,0.01%,3622222.0
2026-09-07,0xe0554a476a092703abdb3ef35c80e0d76d32939f,USDC-WETH,0.01%,3515752.714285714
2026-09-14,0x11b815efb8f581194ae79006d24e0d814b7697f6,WETH-USDT,0.05%,8120640.0
2026-09-14,0x4e68ccd3e89f51c3074ca5072bbac773960dfa36,WETH-USDT,0.3%,110933731.33333333
2026-09-14,0x7bea39867e4169dbe237d55c8242a8f2fcdcc387,USDC-WETH,1%,817658.3333333334
2026-09-14,0x88e6a0c2ddd26feeb64f039a2c41296fcb3f5640,USDC-WETH,0.05%,104945444.66666667
2026-09-14,0x8ad599c3a0ff1de082011efddc58f1908eb6e6d8,USDC-WETH,0.3%,31806134.333333332
2026-09-14,0xc7bbec68d12a0d1830360f8ec58fa599ba1b0e9b,WETH-USDT,0.01%,3643789.0
2026-09-14,0xe0554a476a092703abdb3ef35c80e0d76d32939f,USDC-WETH,0.01%,3355668.0
