week,venue,size_bucket,project_contract_address,swap_count,total_volume_usd,total_token_bought,total_token_sold
2025-07-14 00:00:00.000 UTC,curve_usdcwbtcweth,0.5k-1k,0x7f86bf177dd4f3494b841a37e810a34dd56c829b,104,77741.36188788745,25122.381816677807,37657.10685730536
2025-07-14 00:00:00.000 UTC,curve_usdcwbtcweth,100k+,0x7f86bf177dd4f3494b841a37e810a34dd56c829b,4,727262.4685390661,377183.0721779862,342584.58201248327
2025-07-14 00:00:00.000 UTC,curve_usdcwbtcweth,10k-100k,0x7f86bf177dd4f3494b841a37e810a34dd56c829b,471,8054658.118910768,2918252.9489797074,3060816.6481656237
2025-07-14 00:00:00.000 UTC,curve_usdcwbtcweth,1k-10k,0x7f86bf177dd4f3494b841a37e810a34dd56c829b,2026,10121506.590298047,3702566.925025323,4032281.0331936064
2025-07-14 00:00:00.000 UTC,curve_usdt,0.5k-1k,0xf5f5b97624542d72a9e06f04804bf81baa15e2b4,4,3155.8251288510683,0.9311117331336893,3162.146169
2025-07-14 00:00:00.000 UTC,curve_usdt,10k-100k,0xf5f5b97624542d72a9e06f04804bf81baa15e2b4,64,836419.3470371357,310236.65994899056,293642.3503303231
2025-07-14 00:00:00.000 UTC,curve_usdt,1k-10k,0xf5f5b97624542d72a9e06f04804bf81baa15e2b4,269,1515845.3948172901,285425.9208458562,819969.7537984602
2025-07-14 00:00:00.000 UTC,curve_usdtwbtcweth,0.5k-1k,0xd51a44d3fae010294c616388b506acda1bfaae46,81,58426.20895443611,19392.7658640539,31058.827463877442
2025-07-14 00:00:00.000 UTC,curve_usdtwbtcweth,100k+,0xd51a44d3fae010294c616388b506acda1bfaae46,3,805528.7017546487,505186.65775748325,319948.7072915058
2025-07-14 00:00:00.000 UTC,curve_usdtwbtcweth,10k-100k,0xd51a44d3fae010294c616388b506acda1bfaae46,607,10834531.762719119,4018960.0944028916,3880625.5238436856
2025-07-14 00:00:00.000 UTC,curve_usdtwbtcweth,1k-10k,0xd51a44d3fae010294c616388b506acda1bfaae46,1709,8938597.262252793,2966653.8618081464,3620511.2925374936
2025-07-14 00:00:00.000 UTC,sushiv2_ethusdt,0.5k-1k,0x06da0fd433c1a5d7a4faa01111c044910a184553,237,175557.10101171065,82515.28563054494,93418.25968437642
2025-07-14 00:00:00.000 UTC,sushiv2_ethusdt,1k-10k,0x06da0fd433c1a5d7a4faa01111c044910a184553,197,356271.6401684872,174512.2844146822,182444.30474989035
2025-07-14 00:00:00.000 UTC,sushiv2_usdceth,0.5k-1k,0x397ff1542f962076d0bfe58ea045ffa2d347aca0,259,192054.97172172237,75672.95678417933,116932.86153267515
2025-07-14 00:00:00.000 UTC,sushiv2_usdceth,1k-10k,0x397ff1542f962076d0bfe58ea045ffa2d347aca0,289,526227.1691663247,251417.96489105516,276488.6928793189
2025-07-14 00:00:00.000 UTC,uniswap_v3_0.01_ethusdc,0.5k-1k,0xe0554a476a092703abdb3ef35c80e0d76d32939f,5405,4003883.559372846,2311403.8184231007,1696218.378203589
2025-07-14 00:00:00.000 UTC,uniswap_v3_0.01_ethusdc,100k+,0xe0554a476a092703abdb3ef35c80e0d76d32939f,1039,321912213.2356747,161298618.69476014,160541258.18028682
2025-07-14 00:00:00.000 UTC,uniswap_v3_0.01_ethusdc,10k-100k,0xe0554a476a092703abdb3ef35c80e0d76d32939f,9309,183811558.54918736,86761356.80699712,97315508.46092598
2025-07-14 00:00:00.000 UTC,uniswap_v3_0.01_ethusdc,1k-10k,0xe0554a476a092703abdb3ef35c80e0d76d32939f,19863,87082734.60827036,46567823.28853236,40630645.0564163
2025-07-14 00:00:00.000 UTC,uniswap_v3_0.01_ethusdt,0.5k-1k,0xc7bbec68d12a0d1830360f8ec58fa599ba1b0e9b,5110,3777847.0472024973,2084989.4138240702,1694526.965843364
2025-07-14 00:00:00.000 UTC,uniswap_v3_0.01_ethusdt,100k+,0xc7bbec68d12a0d1830360f8ec58fa599ba1b0e9b,1401,471792288.5098355,236027954.02860972,235059444.06630215
2025-07-14 00:00:00.000 UTC,uniswap_v3_0.01_ethusdt,10k-100k,0xc7bbec68d12a0d1830360f8ec58fa599ba1b0e9b,11382,240918690.61733642,115207870.69532043,125921685.43987168
2025-07-14 00:00:00.000 UTC,uniswap_v3_0.01_ethusdt,1k-10k,0xc7bbec68d12a0d1830360f8ec58fa599ba1b0e9b,19570,85719535.81582978,46350886.766882434,39440023.84485168
2025-07-14 00:00:00.000 UTC,uniswap_v3_0.05_ethusdc,0.5k-1k,0x88e6a0c2ddd26feeb64f039a2c41296fcb3f5640,2254,1631774.900692279,918155.9108990481,715389.8659343002
2025-07-14 00:00:00.000 UTC,uniswap_v3_0.05_ethusdc,100k+,0x88e6a0c2ddd26feeb64f039a2c41296fcb3f5640,1080,216367140.50678265,112109315.31413603,104628101.53492142
2025-07-14 00:00:00.000 UTC,uniswap_v3_0.05_ethusdc,10k-100k,0x88e6a0c2ddd26feeb64f039a2c41296fcb3f5640,10390,369532331.1475209,176895932.27965522,193219215.55112356
2025-07-14 00:00:00.000 UTC,uniswap_v3_0.05_ethusdc,1k-10k,0x88e6a0c2ddd26feeb64f039a2c41296fcb3f5640,6025,24097684.010187503,13574354.546522249,10551681.396887751
2025-07-14 00:00:00.000 UTC,uniswap_v3_0.05_ethusdt,0.5k-1k,0x11b815efb8f581194ae79006d24e0d814b7697f6,1034,780350.667851876,366604.25960559,414169.5813266535
2025-07-14 00:00:00.000 UTC,uniswap_v3_0.05_ethusdt,100k+,0x11b815efb8f581194ae79006d24e0d814b7697f6,945,176176898.1543483,87077342.67717367,89301931.4306244
2025-07-14 00:00:00.000 UTC,uniswap_v3_0.05_ethusdt,10k-100k,0x11b815efb8f581194ae79006d24e0d814b7697f6,9525,344712404.527876,166523042.75562808,178546858.32481447
2025-07-14 00:00:00.000 UTC,uniswap_v3_0.05_ethusdt,1k-10k,0x11b815efb8f581194ae79006d24e0d814b7697f6,3430,14624239.267635947,8488233.10345688,6145572.956382227
2025-07-14 00:00:00.000 UTC,uniswap_v3_0.3_ethusdc,0.5k-1k,0x8ad599c3a0ff1de082011efddc58f1908eb6e6d8,86,64016.46857198067,27773.712403387457,36405.45250431489
2025-07-14 00:00:00.000 UTC,uniswap_v3_0.3_ethusdc,100k+,0x8ad599c3a0ff1de082011efddc58f1908eb6e6d8,51,8352137.139094714,3905711.912934975,4472813.4339344865
2025-07-14 00:00:00.000 UTC,uniswap_v3_0.3_ethusdc,10k-100k,0x8ad599c3a0ff1de082011efddc58f1908eb6e6d8,1310,38142902.25500736,15794608.387828197,22467702.270239774
2025-07-14 00:00:00.000 UTC,uniswap_v3_0.3_ethusdc,1k-10k,0x8ad599c3a0ff1de082011efddc58f1908eb6e6d8,439,2413345.042814476,969509.4210499629,1449107.9846229728
2025-07-14 00:00:00.000 UTC,uniswap_v3_0.3_ethusdt,0.5k-1k,0x4e68ccd3e89f51c3074ca5072bbac773960dfa36,285,194833.01709768813,38223.74184322833,157117.82702868228
2025-07-14 00:00:00.000 UTC,uniswap_v3_0.3_ethusdt,100k+,0x4e68ccd3e89f51c3074ca5072bbac773960dfa36,474,105745736.04681064,50519749.05515519,55470491.00168264
2025-07-14 00:00:00.000 UTC,uniswap_v3_0.3_ethusdt,10k-100k,0x4e68ccd3e89f51c3074ca5072bbac773960dfa36,1615,70651560.87800884,29319868.99832015,41484619.44250558
2025-07-14 00:00:00.000 UTC,uniswap_v3_0.3_ethusdt,1k-10k,0x4e68ccd3e89f51c3074ca5072bbac773960dfa36,359,1354898.5519909516,694455.1691258327,662516.9383513958
2025-07-14 00:00:00.000 UTC,uniswap_v3_1.0_ethusdc,0.5k-1k,0x7bea39867e4169dbe237d55c8242a8f2fcdcc387,44,34329.76247296146,6450.830605137595,28021.23678929317
2025-07-14 00:00:00.000 UTC,uniswap_v3_1.0_ethusdc,1k-10k,0x7bea39867e4169dbe237d55c8242a8f2fcdcc387,69,128638.40145397653,30703.473605398955,98513.4758664187
2025-07-21 00:00:00.000 UTC,curve_usdcwbtcweth,0.5k-1k,0x7f86bf177dd4f3494b841a37e810a34dd56c829b,363,278397.81846511015,106580.3867826836,124758.2168867577
2025-07-21 00:00:00.000 UTC,curve_usdcwbtcweth,100k+,0x7f86bf177dd4f3494b841a37e810a34dd56c829b,4,480656.8093623492,66.91125094282417,66.66797630313498
2025-07-21 00:00:00.000 UTC,curve_usdcwbtcweth,10k-100k,0x7f86bf177dd4f3494b841a37e810a34dd56c829b,575,10292939.982336298,3870191.5204050816,3909009.8560376065
2025-07-21 00:00:00.000 UTC,curve_usdcwbtcweth,1k-10k,0x7f86bf177dd4f3494b841a37e810a34dd56c829b,5610,22118338.14749153,8359712.2313920725,8467716.724988783
2025-07-21 00:00:00.000 UTC,curve_usdt,0.5k-1k,0xf5f5b97624542d72a9e06f04804bf81baa15e2b4,44,36356.767172924425,13916.571781292456,21353.37882833255
2025-07-21 00:00:00.000 UTC,curve_usdt,10k-100k,0xf5f5b97624542d72a9e06f04804bf81baa15e2b4,290,5813774.30138358,2390395.7904852824,2591744.378344889
2025-07-21 00:00:00.000 UTC,curve_usdt,1k-10k,0xf5f5b97624542d72a9e06f04804bf81baa15e2b4,1113,5552799.332299722,2177225.257430688,2237516.9764957307
2025-07-21 00:00:00.000 UTC,curve_usdtwbtcweth,0.5k-1k,0xd51a44d3fae010294c616388b506acda1bfaae46,151,115688.42801362573,55351.457175281714,44285.638924082676
2025-07-21 00:00:00.000 UTC,curve_usdtwbtcweth,10k-100k,0xd51a44d3fae010294c616388b506acda1bfaae46,269,4407957.038697619,1782688.4048919987,1821886.3537012702
2025-07-21 00:00:00.000 UTC,curve_usdtwbtcweth,1k-10k,0xd51a44d3fae010294c616388b506acda1bfaae46,4261,15753469.51403511,6055741.687162555,6126164.616893314
2025-07-21 00:00:00.000 UTC,sushiv2_ethusdt,0.5k-1k,0x06da0fd433c1a5d7a4faa01111c044910a184553,388,272693.66904138203,145905.51729510783,127281.16046534653
2025-07-21 00:00:00.000 UTC,sushiv2_ethusdt,1k-10k,0x06da0fd433c1a5d7a4faa01111c044910a184553,136,181775.97229134373,93045.8156543427,89117.14681102862
2025-07-21 00:00:00.000 UTC,sushiv2_usdceth,0.5k-1k,0x397ff1542f962076d0bfe58ea045ffa2d347aca0,441,325763.12459790905,174879.53526573986,151527.46111050042
2025-07-21 00:00:00.000 UTC,sushiv2_usdceth,1k-10k,0x397ff1542f962076d0bfe58ea045ffa2d347aca0,304,459644.819672666,236124.548416974,224673.79157775856
2025-07-21 00:00:00.000 UTC,uniswap_v3_0.01_ethusdc,0.5k-1k,0xe0554a476a092703abdb3ef35c80e0d76d32939f,11392,8374028.121882071,4503796.971966666,3874950.244835039
2025-07-21 00:00:00.000 UTC,uniswap_v3_0.01_ethusdc,100k+,0xe0554a476a092703abdb3ef35c80e0d76d32939f,1185,407794421.3274565,204262530.81266716,203886220.95016456
2025-07-21 00:00:00.000 UTC,uniswap_v3_0.01_ethusdc,10k-100k,0xe0554a476a092703abdb3ef35c80e0d76d32939f,12205,229739027.0023377,110529384.9928227,119475649.5999372
2025-07-21 00:00:00.000 UTC,uniswap_v3_0.01_ethusdc,1k-10k,0xe0554a476a092703abdb3ef35c80e0d76d32939f,38535,162892987.06794167,84758854.16077146,78303307.63931799
2025-07-21 00:00:00.000 UTC,uniswap_v3_0.01_ethusdt,0.5k-1k,0xc7bbec68d12a0d1830360f8ec58fa599ba1b0e9b,10287,7592667.979698577,4016501.725294359,3577847.302285079
2025-07-21 00:00:00.000 UTC,uniswap_v3_0.01_ethusdt,100k+,0xc7bbec68d12a0d1830360f8ec58fa599ba1b0e9b,1559,532573934.17514503,266251961.1282086,263720224.70724282
2025-07-21 00:00:00.000 UTC,uniswap_v3_0.01_ethusdt,10k-100k,0xc7bbec68d12a0d1830360f8ec58fa599ba1b0e9b,13188,260014778.42007786,126007791.38374922,134166691.0847126
2025-07-21 00:00:00.000 UTC,uniswap_v3_0.01_ethusdt,1k-10k,0xc7bbec68d12a0d1830360f8ec58fa599ba1b0e9b,40892,175600724.1529482,90914262.30253033,84785188.69065075
2025-07-21 00:00:00.000 UTC,uniswap_v3_0.05_ethusdc,0.5k-1k,0x88e6a0c2ddd26feeb64f039a2c41296fcb3f5640,3395,2452118.668684151,1344041.721127433,1110073.8257771973
2025-07-21 00:00:00.000 UTC,uniswap_v3_0.05_ethusdc,100k+,0x88e6a0c2ddd26feeb64f039a2c41296fcb3f5640,1637,323012847.8107573,164012736.1582712,159466568.84036374
2025-07-21 00:00:00.000 UTC,uniswap_v3_0.05_ethusdc,10k-100k,0x88e6a0c2ddd26feeb64f039a2c41296fcb3f5640,13876,500387632.8517579,243873277.93584538,257185155.21717352
2025-07-21 00:00:00.000 UTC,uniswap_v3_0.05_ethusdc,1k-10k,0x88e6a0c2ddd26feeb64f039a2c41296fcb3f5640,8380,34171483.27830623,18966684.851366226,15240272.834892923
2025-07-21 00:00:00.000 UTC,uniswap_v3_0.05_ethusdt,0.5k-1k,0x11b815efb8f581194ae79006d24e0d814b7697f6,1208,880566.1010526693,395829.0666828355,485103.40788672614
2025-07-21 00:00:00.000 UTC,uniswap_v3_0.05_ethusdt,100k+,0x11b815efb8f581194ae79006d24e0d814b7697f6,654,115073698.23447601,60357813.079443775,54797971.17489319
2025-07-21 00:00:00.000 UTC,uniswap_v3_0.05_ethusdt,10k-100k,0x11b815efb8f581194ae79006d24e0d814b7697f6,12492,396565937.3068043,195592737.76239118,201344582.8605942
2025-07-21 00:00:00.000 UTC,uniswap_v3_0.05_ethusdt,1k-10k,0x11b815efb8f581194ae79006d24e0d814b7697f6,4937,24814845.377452906,13384663.44352123,11447895.958662141
2025-07-21 00:00:00.000 UTC,uniswap_v3_0.3_ethusdc,0.5k-1k,0x8ad599c3a0ff1de082011efddc58f1908eb6e6d8,97,73413.94193388331,36198.52709670513,37361.27820472178
2025-07-21 00:00:00.000 UTC,uniswap_v3_0.3_ethusdc,100k+,0x8ad599c3a0ff1de082011efddc58f1908eb6e6d8,29,6461180.881556237,1050255.91234835,5431577.113751447
2025-07-21 00:00:00.000 UTC,uniswap_v3_0.3_ethusdc,10k-100k,0x8ad599c3a0ff1de082011efddc58f1908eb6e6d8,1655,42573402.19882606,20928878.839372866,21747968.008137852
2025-07-21 00:00:00.000 UTC,uniswap_v3_0.3_ethusdc,1k-10k,0x8ad599c3a0ff1de082011efddc58f1908eb6e6d8,1091,6441056.256802793,3061336.350814835,3393002.0479728454
2025-07-21 00:00:00.000 UTC,uniswap_v3_0.3_ethusdt,0.5k-1k,0x4e68ccd3e89f51c3074ca5072bbac773960dfa36,310,221391.46535865642,99317.80650195564,122461.23492322455
2025-07-21 00:00:00.000 UTC,uniswap_v3_0.3_ethusdt,100k+,0x4e68ccd3e89f51c3074ca5072bbac773960dfa36,889,190992159.16592765,98095001.56596936,93251513.33047126
2025-07-21 00:00:00.000 UTC,uniswap_v3_0.3_ethusdt,10k-100k,0x4e68ccd3e89f51c3074ca5072bbac773960dfa36,2450,108774049.14535105,47842158.382312976,61130441.55084715
2025-07-21 00:00:00.000 UTC,uniswap_v3_0.3_ethusdt,1k-10k,0x4e68ccd3e89f51c3074ca5072bbac773960dfa36,712,2776547.8362284214,1390128.1865088898,1390704.5903138244
2025-07-21 00:00:00.000 UTC,uniswap_v3_1.0_ethusdc,0.5k-1k,0x7bea39867e4169dbe237d55c8242a8f2fcdcc387,89,62136.00439731165,31201.13399252932,31107.896154819864
2025-07-21 00:00:00.000 UTC,uniswap_v3_1.0_ethusdc,1k-10k,0x7bea39867e4169dbe237d55c8242a8f2fcdcc387,31,39955.87422510431,18768.28005007178,21317.02604560368
2025-07-28 00:00:00.000 UTC,curve_usdcwbtcweth,0.5k-1k,0x7f86bf177dd4f3494b841a37e810a34dd56c829b,366,280705.8502684974,90484.1562444238,142458.99072451633
2025-07-28 00:00:00.000 UTC,curve_usdcwbtcweth,100k+,0x7f86bf177dd4f3494b841a37e810a34dd56c829b,5,701600.0473813532,420821.4265155355,278863.6309862711
2025-07-28 00:00:00.000 UTC,curve_usdcwbtcweth,10k-100k,0x7f86bf177dd4f3494b841a37e810a34dd56c829b,776,14648918.305366125,6388088.587504456,6319528.426660651
2025-07-28 00:00:00.000 UTC,curve_usdcwbtcweth,1k-10k,0x7f86bf177dd4f3494b841a37e810a34dd56c829b,5472,22552813.8400675,9499091.625525014,9317346.953696495
2025-07-28 00:00:00.000 UTC,curve_usdt,0.5k-1k,0xf5f5b97624542d72a9e06f04804bf81baa15e2b4,39,30808.576490492815,20071.786556680665,10093.670678035302
2025-07-28 00:00:00.000 UTC,curve_usdt,10k-100k,0xf5f5b97624542d72a9e06f04804bf81baa15e2b4,730,15699536.097597934,6967357.388733594,6712824.916852538
2025-07-28 00:00:00.000 UTC,curve_usdt,1k-10k,0xf5f5b97624542d72a9e06f04804bf81baa15e2b4,1312,6747429.664728309,3136932.388859382,2928593.146900511
2025-07-28 00:00:00.000 UTC,curve_usdtwbtcweth,0.5k-1k,0xd51a44d3fae010294c616388b506acda1bfaae46,143,111504.58795628474,53557.10129386259,45384.41960250915
2025-07-28 00:00:00.000 UTC,curve_usdtwbtcweth,10k-100k,0xd51a44d3fae010294c616388b506acda1bfaae46,382,6476323.333211235,2793835.6136196777,2759590.418674045
2025-07-28 00:00:00.000 UTC,curve_usdtwbtcweth,1k-10k,0xd51a44d3fae010294c616388b506acda1bfaae46,4490,16570861.58654693,6863326.438506335,6604860.382015951
2025-07-28 00:00:00.000 UTC,sushiv2_ethusdt,0.5k-1k,0x06da0fd433c1a5d7a4faa01111c044910a184553,353,247428.33543888637,143711.73302750426,104085.91688019736
2025-07-28 00:00:00.000 UTC,sushiv2_ethusdt,10k-100k,0x06da0fd433c1a5d7a4faa01111c044910a184553,3,35849.05156763054,22048.300076878124,14005.776816116406
2025-07-28 00:00:00.000 UTC,sushiv2_ethusdt,1k-10k,0x06da0fd433c1a5d7a4faa01111c044910a184553,139,214202.056609743,121830.5155075657,92676.42849165114
2025-07-28 00:00:00.000 UTC,sushiv2_usdceth,0.5k-1k,0x397ff1542f962076d0bfe58ea045ffa2d347aca0,439,310526.8663513084,154714.21451684777,156226.63722295914
2025-07-28 00:00:00.000 UTC,sushiv2_usdceth,1k-10k,0x397ff1542f962076d0bfe58ea045ffa2d347aca0,316,485185.2623702005,302059.3881549682,183784.78791687085
2025-07-28 00:00:00.000 UTC,uniswap_v3_0.01_ethusdc,0.5k-1k,0xe0554a476a092703abdb3ef35c80e0d76d32939f,9762,7126127.0457291445,3693811.2174011148,3430884.190785906
2025-07-28 00:00:00.000 UTC,uniswap_v3_0.01_ethusdc,100k+,0xe0554a476a092703abdb3ef35c80e0d76d32939f,987,383444518.49825925,191316190.918369,191164644.74608967
2025-07-28 00:00:00.000 UTC,uniswap_v3_0.01_ethusdc,10k-100k,0xe0554a476a092703abdb3ef35c80e0d76d32939f,13851,269489949.90642595,134968157.13334894,134635002.60884586
2025-07-28 00:00:00.000 UTC,uniswap_v3_0.01_ethusdc,1k-10k,0xe0554a476a092703abdb3ef35c80e0d76d32939f,34505,145108427.0886733,73619202.19822124,71530896.65104643
2025-07-28 00:00:00.000 UTC,uniswap_v3_0.01_ethusdt,0.5k-1k,0xc7bbec68d12a0d1830360f8ec58fa599ba1b0e9b,8624,6311707.30384735,3411287.7486076113,2900305.5234659943
2025-07-28 00:00:00.000 UTC,uniswap_v3_0.01_ethusdt,100k+,0xc7bbec68d12a0d1830360f8ec58fa599ba1b0e9b,1090,375936673.0807843,189289932.61439988,187779731.0519395
2025-07-28 00:00:00.000 UTC,uniswap_v3_0.01_ethusdt,10k-100k,0xc7bbec68d12a0d1830360f8ec58fa599ba1b0e9b,13455,271130784.96425986,134527200.48689377,136733127.2138254
2025-07-28 00:00:00.000 UTC,uniswap_v3_0.01_ethusdt,1k-10k,0xc7bbec68d12a0d1830360f8ec58fa599ba1b0e9b,35177,147431288.88084757,75713204.16162449,71770132.40480699
2025-07-28 00:00:00.000 UTC,uniswap_v3_0.05_ethusdc,0.5k-1k,0x88e6a0c2ddd26feeb64f039a2c41296fcb3f5640,2699,1945655.873660169,974888.8342830117,971015.0016840356
2025-07-28 00:00:00.000 UTC,uniswap_v3_0.05_ethusdc,100k+,0x88e6a0c2ddd26feeb64f039a2c41296fcb3f5640,917,167162347.17472693,90617686.9532756,76543240.02697928
2025-07-28 00:00:00.000 UTC,uniswap_v3_0.05_ethusdc,10k-100k,0x88e6a0c2ddd26feeb64f039a2c41296fcb3f5640,12562,421311935.33015954,208526783.4084869,213068846.0899502
2025-07-28 00:00:00.000 UTC,uniswap_v3_0.05_ethusdc,1k-10k,0x88e6a0c2ddd26feeb64f039a2c41296fcb3f5640,8248,35561383.045253344,18466102.883989733,17105448.089860637
2025-07-28 00:00:00.000 UTC,uniswap_v3_0.05_ethusdt,0.5k-1k,0x11b815efb8f581194ae79006d24e0d814b7697f6,1353,990744.9278508001,418686.21923729446,572104.5770428687
2025-07-28 00:00:00.000 UTC,uniswap_v3_0.05_ethusdt,100k+,0x11b815efb8f581194ae79006d24e0d814b7697f6,1462,266779070.59762943,142830170.85493976,124066104.93200819
2025-07-28 00:00:00.000 UTC,uniswap_v3_0.05_ethusdt,10k-100k,0x11b815efb8f581194ae79006d24e0d814b7697f6,12959,476418851.24254584,236729201.5826067,240037729.89242166
2025-07-28 00:00:00.000 UTC,uniswap_v3_0.05_ethusdt,1k-10k,0x11b815efb8f581194ae79006d24e0d814b7697f6,5308,25453635.217906404,13182618.850807507,12278785.901929306
2025-07-28 00:00:00.000 UTC,uniswap_v3_0.3_ethusdc,0.5k-1k,0x8ad599c3a0ff1de082011efddc58f1908eb6e6d8,92,66780.6029766916,27236.504803516287,39647.28273904606
2025-07-28 00:00:00.000 UTC,uniswap_v3_0.3_ethusdc,100k+,0x8ad599c3a0ff1de082011efddc58f1908eb6e6d8,27,5389412.718145307,3679464.8135970067,1703659.3904855219
2025-07-28 00:00:00.000 UTC,uniswap_v3_0.3_ethusdc,10k-100k,0x8ad599c3a0ff1de082011efddc58f1908eb6e6d8,1493,37843576.20787576,20614356.091347907,17282376.17147313
2025-07-28 00:00:00.000 UTC,uniswap_v3_0.3_ethusdc,1k-10k,0x8ad599c3a0ff1de082011efddc58f1908eb6e6d8,1112,6331030.007867621,2470436.8071899153,3869691.6169277527
2025-07-28 00:00:00.000 UTC,uniswap_v3_0.3_ethusdt,0.5k-1k,0x4e68ccd3e89f51c3074ca5072bbac773960dfa36,221,154428.56230918283,73048.3111546105,81617.57551564353
2025-07-28 00:00:00.000 UTC,uniswap_v3_0.3_ethusdt,100k+,0x4e68ccd3e89f51c3074ca5072bbac773960dfa36,904,205149367.36254618,119296997.5251673,86143818.81280768
2025-07-28 00:00:00.000 UTC,uniswap_v3_0.3_ethusdt,10k-100k,0x4e68ccd3e89f51c3074ca5072bbac773960dfa36,2216,99404342.34835659,44574957.75678889,54984631.028585196
2025-07-28 00:00:00.000 UTC,uniswap_v3_0.3_ethusdt,1k-10k,0x4e68ccd3e89f51c3074ca5072bbac773960dfa36,561,2429566.8677526596,1112613.9097962808,1320043.550736747
2025-07-28 00:00:00.000 UTC,uniswap_v3_1.0_ethusdc,0.5k-1k,0x7bea39867e4169dbe237d55c8242a8f2fcdcc387,79,56589.40628107759,41703.7092778181,14947.401584526197
2025-07-28 00:00:00.000 UTC,uniswap_v3_1.0_ethusdc,1k-10k,0x7bea39867e4169dbe237d55c8242a8f2fcdcc387,26,33761.012031222854,30447.083814068275,3331.140669564379
2025-08-04 00:00:00.000 UTC,curve_usdcwbtcweth,0.5k-1k,0x7f86bf177dd4f3494b841a37e810a34dd56c829b,236,188852.4447119822,69076.87425111514,95684.31643774243
2025-08-04 00:00:00.000 UTC,curve_usdcwbtcweth,100k+,0x7f86bf177dd4f3494b841a37e810a34dd56c829b,2,231297.67471637152,119271.84831657047,111054.521182
2025-08-04 00:00:00.000 UTC,curve_usdcwbtcweth,10k-100k,0x7f86bf177dd4f3494b841a37e810a34dd56c829b,300,5960110.427235648,2486744.5315701733,2468960.584861768
2025-08-04 00:00:00.000 UTC,curve_usdcwbtcweth,1k-10k,0x7f86bf177dd4f3494b841a37e810a34dd56c829b,3422,12587621.615137307,4785584.122188608,5366761.5179631105
2025-08-04 00:00:00.000 UTC,curve_usdt,0.5k-1k,0xf5f5b97624542d72a9e06f04804bf81baa15e2b4,26,19024.504582460686,7125.317306249886,9740.000465790672
2025-08-04 00:00:00.000 UTC,curve_usdt,10k-100k,0xf5f5b97624542d72a9e06f04804bf81baa15e2b4,215,4475264.859885797,1718947.7110405334,2089763.0843181973
2025-08-04 00:00:00.000 UTC,curve_usdt,1k-10k,0xf5f5b97624542d72a9e06f04804bf81baa15e2b4,720,3494776.347428129,1117030.3007711743,1594928.1002746588
2025-08-04 00:00:00.000 UTC,curve_usdtwbtcweth,0.5k-1k,0xd51a44d3fae010294c616388b506acda1bfaae46,80,60171.17717642041,28758.897454098915,21201.54726839015
2025-08-04 00:00:00.000 UTC,curve_usdtwbtcweth,10k-100k,0xd51a44d3fae010294c616388b506acda1bfaae46,163,2670556.1761017437,1153378.9870874756,1204303.3398663255
2025-08-04 00:00:00.000 UTC,curve_usdtwbtcweth,1k-10k,0xd51a44d3fae010294c616388b506acda1bfaae46,3014,10353596.169854071,3727171.177191561,4199949.655630214
2025-08-04 00:00:00.000 UTC,sushiv2_ethusdt,0.5k-1k,0x06da0fd433c1a5d7a4faa01111c044910a184553,265,182873.06760349713,75101.56999033973,108152.92916548553
2025-08-04 00:00:00.000 UTC,sushiv2_ethusdt,10k-100k,0x06da0fd433c1a5d7a4faa01111c044910a184553,4,101972.45185828485,49470.900930474614,50078.26125145174
2025-08-04 00:00:00.000 UTC,sushiv2_ethusdt,1k-10k,0x06da0fd433c1a5d7a4faa01111c044910a184553,105,167017.10966558394,63779.08969575153,103819.30965639085
2025-08-04 00:00:00.000 UTC,sushiv2_usdceth,0.5k-1k,0x397ff1542f962076d0bfe58ea045ffa2d347aca0,349,253484.05511872814,113984.51203089948,139992.30137800117
2025-08-04 00:00:00.000 UTC,sushiv2_usdceth,10k-100k,0x397ff1542f962076d0bfe58ea045ffa2d347aca0,1,11710.014954207545,3.155598270542365,11845.782557
2025-08-04 00:00:00.000 UTC,sushiv2_usdceth,1k-10k,0x397ff1542f962076d0bfe58ea045ffa2d347aca0,219,365478.709316545,145220.19829997228,221496.493095293
2025-08-04 00:00:00.000 UTC,uniswap_v3_0.01_ethusdc,0.5k-1k,0xe0554a476a092703abdb3ef35c80e0d76d32939f,9841,7145004.042100976,4184338.3710196167,2962419.9215783393
2025-08-04 00:00:00.000 UTC,uniswap_v3_0.01_ethusdc,100k+,0xe0554a476a092703abdb3ef35c80e0d76d32939f,1125,454469888.8973003,227498475.04899713,228162328.6413327
2025-08-04 00:00:00.000 UTC,uniswap_v3_0.01_ethusdc,10k-100k,0xe0554a476a092703abdb3ef35c80e0d76d32939f,13570,269309241.05478793,127477757.99747826,142080496.68689805
2025-08-04 00:00:00.000 UTC,uniswap_v3_0.01_ethusdc,1k-10k,0xe0554a476a092703abdb3ef35c80e0d76d32939f,38056,162292476.61526987,85850775.40101251,76548500.03382953
2025-08-04 00:00:00.000 UTC,uniswap_v3_0.01_ethusdt,0.5k-1k,0xc7bbec68d12a0d1830360f8ec58fa599ba1b0e9b,8726,6426976.747671403,3883376.846100843,2544555.0321400757
2025-08-04 00:00:00.000 UTC,uniswap_v3_0.01_ethusdt,100k+,0xc7bbec68d12a0d1830360f8ec58fa599ba1b0e9b,1302,478716212.7489492,239528098.35049602,237657294.03810835
2025-08-04 00:00:00.000 UTC,uniswap_v3_0.01_ethusdt,10k-100k,0xc7bbec68d12a0d1830360f8ec58fa599ba1b0e9b,11749,227562430.3059711,107984074.85845718,119760334.87960838
2025-08-04 00:00:00.000 UTC,uniswap_v3_0.01_ethusdt,1k-10k,0xc7bbec68d12a0d1830360f8ec58fa599ba1b0e9b,37991,164294190.65060997,84981876.32955936,79396329.62663487
2025-08-04 00:00:00.000 UTC,uniswap_v3_0.05_ethusdc,0.5k-1k,0x88e6a0c2ddd26feeb64f039a2c41296fcb3f5640,2765,1972846.1915228528,1147054.417023633,826959.6082457649
2025-08-04 00:00:00.000 UTC,uniswap_v3_0.05_ethusdc,100k+,0x88e6a0c2ddd26feeb64f039a2c41296fcb3f5640,532,103403557.42786825,51575046.78694614,51991617.329770334
2025-08-04 00:00:00.000 UTC,uniswap_v3_0.05_ethusdc,10k-100k,0x88e6a0c2ddd26feeb64f039a2c41296fcb3f5640,11126,302434839.04840916,144661157.42679513,158089206.57145196
2025-08-04 00:00:00.000 UTC,uniswap_v3_0.05_ethusdc,1k-10k,0x88e6a0c2ddd26feeb64f039a2c41296fcb3f5640,9751,43993770.30450508,24062196.654557806,19967501.892199785
2025-08-04 00:00:00.000 UTC,uniswap_v3_0.05_ethusdt,0.5k-1k,0x11b815efb8f581194ae79006d24e0d814b7697f6,1738,1257136.4466963522,650500.076087748,607202.5135208595
2025-08-04 00:00:00.000 UTC,uniswap_v3_0.05_ethusdt,100k+,0x11b815efb8f581194ae79006d24e0d814b7697f6,1620,348241213.03598905,175932788.86254704,172452932.17252657
2025-08-04 00:00:00.000 UTC,uniswap_v3_0.05_ethusdt,10k-100k,0x11b815efb8f581194ae79006d24e0d814b7697f6,13529,477726778.18829024,229321924.31443122,248766846.8865072
2025-08-04 00:00:00.000 UTC,uniswap_v3_0.05_ethusdt,1k-10k,0x11b815efb8f581194ae79006d24e0d814b7697f6,6685,31655726.619654156,17364089.44157574,14311216.974208644
2025-08-04 00:00:00.000 UTC,uniswap_v3_0.3_ethusdc,0.5k-1k,0x8ad599c3a0ff1de082011efddc58f1908eb6e6d8,72,53197.884377017625,29664.990635736474,23618.35150990737
2025-08-04 00:00:00.000 UTC,uniswap_v3_0.3_ethusdc,100k+,0x8ad599c3a0ff1de082011efddc58f1908eb6e6d8,32,6445774.173538518,2771881.8985879296,3701514.8361000367
2025-08-04 00:00:00.000 UTC,uniswap_v3_0.3_ethusdc,10k-100k,0x8ad599c3a0ff1de082011efddc58f1908eb6e6d8,998,25437529.9088807,10597957.43467638,14902258.217831945
2025-08-04 00:00:00.000 UTC,uniswap_v3_0.3_ethusdc,1k-10k,0x8ad599c3a0ff1de082011efddc58f1908eb6e6d8,1039,5842762.666836693,2425559.2418255867,3427694.041771694
2025-08-04 00:00:00.000 UTC,uniswap_v3_0.3_ethusdt,0.5k-1k,0x4e68ccd3e89f51c3074ca5072bbac773960dfa36,167,115696.92105653297,51968.18744612743,63957.43600394309
2025-08-04 00:00:00.000 UTC,uniswap_v3_0.3_ethusdt,100k+,0x4e68ccd3e89f51c3074ca5072bbac773960dfa36,706,189624021.9469993,86613089.08791001,103477775.82450855
2025-08-04 00:00:00.000 UTC,uniswap_v3_0.3_ethusdt,10k-100k,0x4e68ccd3e89f51c3074ca5072bbac773960dfa36,2032,90059472.84668197,35392627.41859917,54833894.752642274
2025-08-04 00:00:00.000 UTC,uniswap_v3_0.3_ethusdt,1k-10k,0x4e68ccd3e89f51c3074ca5072bbac773960dfa36,468,2235642.1954072397,1064675.351386689,1174018.5889365047
2025-08-04 00:00:00.000 UTC,uniswap_v3_1.0_ethusdc,0.5k-1k,0x7bea39867e4169dbe237d55c8242a8f2fcdcc387,67,47877.996239384694,10556.564105830406,37508.61410415749
2025-08-04 00:00:00.000 UTC,uniswap_v3_1.0_ethusdc,1k-10k,0x7bea39867e4169dbe237d55c8242a8f2fcdcc387,34,50452.482245375126,7417.128540208799,43317.47198633406
2025-08-11 00:00:00.000 UTC,curve_usdcwbtcweth,0.5k-1k,0x7f86bf177dd4f3494b841a37e810a34dd56c829b,284,219254.11703722266,80741.95186931257,109901.31400565125
2025-08-11 00:00:00.000 UTC,curve_usdcwbtcweth,100k+,0x7f86bf177dd4f3494b841a37e810a34dd56c829b,3,563144.3391430115,100181.13918485919,78.31223738057585
2025-08-11 00:00:00.000 UTC,curve_usdcwbtcweth,10k-100k,0x7f86bf177dd4f3494b841a37e810a34dd56c829b,902,16886368.075136714,7099804.976648065,6567380.560066249
2025-08-11 00:00:00.000 UTC,curve_usdcwbtcweth,1k-10k,0x7f86bf177dd4f3494b841a37e810a34dd56c829b,5225,22768610.45600241,8735199.88054944,9370154.830227474
2025-08-11 00:00:00.000 UTC,curve_usdt,0.5k-1k,0xf5f5b97624542d72a9e06f04804bf81baa15e2b4,21,15721.441200098468,6923.595725047522,7917.866288603139
2025-08-11 00:00:00.000 UTC,curve_usdt,100k+,0xf5f5b97624542d72a9e06f04804bf81baa15e2b4,1,109131.55813830112,25.54284694365607,111171.060312
2025-08-11 00:00:00.000 UTC,curve_usdt,10k-100k,0xf5f5b97624542d72a9e06f04804bf81baa15e2b4,338,7049235.405175511,3048017.335742995,2845419.4541353234
2025-08-11 00:00:00.000 UTC,curve_usdt,1k-10k,0xf5f5b97624542d72a9e06f04804bf81baa15e2b4,827,4295200.758375249,1626943.9175807755,1842891.7022504662
2025-08-11 00:00:00.000 UTC,curve_usdtwbtcweth,0.5k-1k,0xd51a44d3fae010294c616388b506acda1bfaae46,71,53663.96858771926,21755.68727248431,22452.016008979812
2025-08-11 00:00:00.000 UTC,curve_usdtwbtcweth,100k+,0xd51a44d3fae010294c616388b506acda1bfaae46,1,129667.73424259071,129743.37463,1.08849223
2025-08-11 00:00:00.000 UTC,curve_usdtwbtcweth,10k-100k,0xd51a44d3fae010294c616388b506acda1bfaae46,305,4994333.615314908,2030207.0252789685,2054968.5772903997
2025-08-11 00:00:00.000 UTC,curve_usdtwbtcweth,1k-10k,0xd51a44d3fae010294c616388b506acda1bfaae46,3519,13765958.564509388,5320395.354714452,5432308.416889783
2025-08-11 00:00:00.000 UTC,sushiv2_ethusdt,0.5k-1k,0x06da0fd433c1a5d7a4faa01111c044910a184553,329,233806.57258562619,118875.45065411364,115252.35693262929
2025-08-11 00:00:00.000 UTC,sushiv2_ethusdt,10k-100k,0x06da0fd433c1a5d7a4faa01111c044910a184553,2,31751.46876636945,16746.201675773435,15024.90853792642
2025-08-11 00:00:00.000 UTC,sushiv2_ethusdt,1k-10k,0x06da0fd433c1a5d7a4faa01111c044910a184553,247,418478.9549354096,195825.881961702,223674.64523062474
2025-08-11 00:00:00.000 UTC,sushiv2_usdceth,0.5k-1k,0x397ff1542f962076d0bfe58ea045ffa2d347aca0,389,284649.8901946448,127900.40265885848,157293.085511183
2025-08-11 00:00:00.000 UTC,sushiv2_usdceth,1k-10k,0x397ff1542f962076d0bfe58ea045ffa2d347aca0,416,803276.9646119565,415551.4453989018,389661.0994198246
2025-08-11 00:00:00.000 UTC,uniswap_v3_0.01_ethusdc,0.5k-1k,0xe0554a476a092703abdb3ef35c80e0d76d32939f,8374,6140126.690860286,3569398.2109041642,2572951.5846168995
2025-08-11 00:00:00.000 UTC,uniswap_v3_0.01_ethusdc,100k+,0xe0554a476a092703abdb3ef35c80e0d76d32939f,1288,469275914.4228319,234118242.77277762,233897672.5447182
2025-08-11 00:00:00.000 UTC,uniswap_v3_0.01_ethusdc,10k-100k,0xe0554a476a092703abdb3ef35c80e0d76d32939f,17780,387529170.2636211,186767901.0220628,201140954.95992154
2025-08-11 00:00:00.000 UTC,uniswap_v3_0.01_ethusdc,1k-10k,0xe0554a476a092703abdb3ef35c80e0d76d32939f,36660,163334752.52643907,87330572.65617417,76105307.99362732
2025-08-11 00:00:00.000 UTC,uniswap_v3_0.01_ethusdt,0.5k-1k,0xc7bbec68d12a0d1830360f8ec58fa599ba1b0e9b,7868,5806803.518138456,3555062.932218312,2251842.302190046
2025-08-11 00:00:00.000 UTC,uniswap_v3_0.01_ethusdt,100k+,0xc7bbec68d12a0d1830360f8ec58fa599ba1b0e9b,1608,629977390.1854441,313457025.65865797,312027720.60822433
2025-08-11 00:00:00.000 UTC,uniswap_v3_0.01_ethusdt,10k-100k,0xc7bbec68d12a0d1830360f8ec58fa599ba1b0e9b,18506,396166488.66291773,190331636.83497894,206063067.508765
2025-08-11 00:00:00.000 UTC,uniswap_v3_0.01_ethusdt,1k-10k,0xc7bbec68d12a0d1830360f8ec58fa599ba1b0e9b,37623,167313417.72849107,90138865.169048,77210591.30722815
2025-08-11 00:00:00.000 UTC,uniswap_v3_0.05_ethusdc,0.5k-1k,0x88e6a0c2ddd26feeb64f039a2c41296fcb3f5640,2877,2056363.4452335269,1179930.4342312028,877633.7998218843
2025-08-11 00:00:00.000 UTC,uniswap_v3_0.05_ethusdc,100k+,0x88e6a0c2ddd26feeb64f039a2c41296fcb3f5640,2021,578712683.6368527,296799469.3651654,282077541.2274681
2025-08-11 00:00:00.000 UTC,uniswap_v3_0.05_ethusdc,10k-100k,0x88e6a0c2ddd26feeb64f039a2c41296fcb3f5640,15952,518227606.3562873,250735614.74285358,267957332.84021258
2025-08-11 00:00:00.000 UTC,uniswap_v3_0.05_ethusdc,1k-10k,0x88e6a0c2ddd26feeb64f039a2c41296fcb3f5640,9273,41864881.70264813,22488492.886877835,19405769.015487317
2025-08-11 00:00:00.000 UTC,uniswap_v3_0.05_ethusdt,0.5k-1k,0x11b815efb8f581194ae79006d24e0d814b7697f6,1419,1048747.8833563249,548815.88319006,500086.68486459175
2025-08-11 00:00:00.000 UTC,uniswap_v3_0.05_ethusdt,100k+,0x11b815efb8f581194ae79006d24e0d814b7697f6,705,149719497.7873426,77995076.28707473,71733948.7801498
2025-08-11 00:00:00.000 UTC,uniswap_v3_0.05_ethusdt,10k-100k,0x11b815efb8f581194ae79006d24e0d814b7697f6,10890,319859911.7727464,157234563.75108594,162871565.4541186
2025-08-11 00:00:00.000 UTC,uniswap_v3_0.05_ethusdt,1k-10k,0x11b815efb8f581194ae79006d24e0d814b7697f6,8426,41477873.28057824,21593177.15701182,19897322.665160898
2025-08-11 00:00:00.000 UTC,uniswap_v3_0.3_ethusdc,0.5k-1k,0x8ad599c3a0ff1de082011efddc58f1908eb6e6d8,85,67016.80184885401,32180.152503801724,34965.89708163508
2025-08-11 00:00:00.000 UTC,uniswap_v3_0.3_ethusdc,100k+,0x8ad599c3a0ff1de082011efddc58f1908eb6e6d8,593,162319820.41275293,90064436.81240703,72549807.68996131
2025-08-11 00:00:00.000 UTC,uniswap_v3_0.3_ethusdc,10k-100k,0x8ad599c3a0ff1de082011efddc58f1908eb6e6d8,1797,64107472.867652,25442012.999973517,38790588.89694836
2025-08-11 00:00:00.000 UTC,uniswap_v3_0.3_ethusdc,1k-10k,0x8ad599c3a0ff1de082011efddc58f1908eb6e6d8,827,4708003.505899122,2324555.2004659064,2392173.539507058
2025-08-11 00:00:00.000 UTC,uniswap_v3_0.3_ethusdt,0.5k-1k,0x4e68ccd3e89f51c3074ca5072bbac773960dfa36,213,154358.63929779077,70664.76119923277,83964.64243933928
2025-08-11 00:00:00.000 UTC,uniswap_v3_0.3_ethusdt,100k+,0x4e68ccd3e89f51c3074ca5072bbac773960dfa36,998,276871711.8051578,141845576.17319947,135277155.98402053
2025-08-11 00:00:00.000 UTC,uniswap_v3_0.3_ethusdt,10k-100k,0x4e68ccd3e89f51c3074ca5072bbac773960dfa36,2600,112150410.56294875,48441098.71998698,63891595.18801698
2025-08-11 00:00:00.000 UTC,uniswap_v3_0.3_ethusdt,1k-10k,0x4e68ccd3e89f51c3074ca5072bbac773960dfa36,511,2309170.5014504087,1187381.2048376796,1124379.2026715784
2025-08-11 00:00:00.000 UTC,uniswap_v3_1.0_ethusdc,0.5k-1k,0x7bea39867e4169dbe237d55c8242a8f2fcdcc387,74,53407.07624750884,24664.75842913462,28884.421503246864
2025-08-11 00:00:00.000 UTC,uniswap_v3_1.0_ethusdc,1k-10k,0x7bea39867e4169dbe237d55c8242a8f2fcdcc387,65,104156.46713330885,46693.652145537344,57885.04440068525
2025-08-18 00:00:00.000 UTC,curve_usdcwbtcweth,0.5k-1k,0x7f86bf177dd4f3494b841a37e810a34dd56c829b,464,357013.0706286067,166870.98133164516,145688.64993194473
2025-08-18 00:00:00.000 UTC,curve_usdcwbtcweth,100k+,0x7f86bf177dd4f3494b841a37e810a34dd56c829b,4,438127.9887385741,216071.4414544883,115478.38989603816
2025-08-18 00:00:00.000 UTC,curve_usdcwbtcweth,10k-100k,0x7f86bf177dd4f3494b841a37e810a34dd56c829b,1169,21436339.52107002,8036137.04909163,7878458.842501261
2025-08-18 00:00:00.000 UTC,curve_usdcwbtcweth,1k-10k,0x7f86bf177dd4f3494b841a37e810a34dd56c829b,7205,29242005.458434444,11243751.510529066,11647402.619659137
2025-08-18 00:00:00.000 UTC,curve_usdt,0.5k-1k,0xf5f5b97624542d72a9e06f04804bf81baa15e2b4,26,20333.52431405181,15301.674156638242,4498.614826236824
2025-08-18 00:00:00.000 UTC,curve_usdt,10k-100k,0xf5f5b97624542d72a9e06f04804bf81baa15e2b4,362,7419252.86537242,2935226.765431327,3335768.8357016062
2025-08-18 00:00:00.000 UTC,curve_usdt,1k-10k,0xf5f5b97624542d72a9e06f04804bf81baa15e2b4,1081,5100012.758730694,2213024.9852833287,2016804.1632794966
2025-08-18 00:00:00.000 UTC,curve_usdtwbtcweth,0.5k-1k,0xd51a44d3fae010294c616388b506acda1bfaae46,93,70165.4582599204,30481.042189511263,26462.96227142721
2025-08-18 00:00:00.000 UTC,curve_usdtwbtcweth,100k+,0xd51a44d3fae010294c616388b506acda1bfaae46,2,217634.42612214247,108155.71077856999,107929.39544655
2025-08-18 00:00:00.000 UTC,curve_usdtwbtcweth,10k-100k,0xd51a44d3fae010294c616388b506acda1bfaae46,383,6474543.938308586,2667772.2862996454,2823291.8131908835
2025-08-18 00:00:00.000 UTC,curve_usdtwbtcweth,1k-10k,0xd51a44d3fae010294c616388b506acda1bfaae46,4838,16755816.445067499,6555476.152465974,6491702.440241416
2025-08-18 00:00:00.000 UTC,sushiv2_ethusdt,0.5k-1k,0x06da0fd433c1a5d7a4faa01111c044910a184553,414,288751.6307898526,153793.19346616633,135415.2906958232
2025-08-18 00:00:00.000 UTC,sushiv2_ethusdt,1k-10k,0x06da0fd433c1a5d7a4faa01111c044910a184553,228,397662.8005144153,181584.1748373668,217447.4527634672
2025-08-18 00:00:00.000 UTC,sushiv2_usdceth,0.5k-1k,0x397ff1542f962076d0bfe58ea045ffa2d347aca0,585,408117.0602277949,192908.25092955856,215840.24756825704
2025-08-18 00:00:00.000 UTC,sushiv2_usdceth,1k-10k,0x397ff1542f962076d0bfe58ea045ffa2d347aca0,394,729829.760295525,366207.52269108,365784.24647384183
2025-08-18 00:00:00.000 UTC,uniswap_v3_0.01_ethusdc,0.5k-1k,0xe0554a476a092703abdb3ef35c80e0d76d32939f,8163,5919531.073338264,3253303.7613055115,2664918.9997852403
2025-08-18 00:00:00.000 UTC,uniswap_v3_0.01_ethusdc,100k+,0xe0554a476a092703abdb3ef35c80e0d76d32939f,960,281819692.786623,139327192.6965298,140669238.50302625
2025-08-18 00:00:00.000 UTC,uniswap_v3_0.01_ethusdc,10k-100k,0xe0554a476a092703abdb3ef35c80e0d76d32939f,11842,248462958.45649076,123249106.27869327,125294097.88483642
2025-08-18 00:00:00.000 UTC,uniswap_v3_0.01_ethusdc,1k-10k,0xe0554a476a092703abdb3ef35c80e0d76d32939f,40644,171685402.30664137,86677467.31519869,85029552.01496851
2025-08-18 00:00:00.000 UTC,uniswap_v3_0.01_ethusdt,0.5k-1k,0xc7bbec68d12a0d1830360f8ec58fa599ba1b0e9b,8323,6066953.997506652,3538935.21775149,2526272.144419308
2025-08-18 00:00:00.000 UTC,uniswap_v3_0.01_ethusdt,100k+,0xc7bbec68d12a0d1830360f8ec58fa599ba1b0e9b,1577,542155368.8158386,269894038.9403765,268562013.59478563
2025-08-18 00:00:00.000 UTC,uniswap_v3_0.01_ethusdt,10k-100k,0xc7bbec68d12a0d1830360f8ec58fa599ba1b0e9b,15776,326378639.5811412,155151293.57892987,171362042.12753335
2025-08-18 00:00:00.000 UTC,uniswap_v3_0.01_ethusdt,1k-10k,0xc7bbec68d12a0d1830360f8ec58fa599ba1b0e9b,43314,192012806.8703705,102460613.89520591,89574154.54871236
2025-08-18 00:00:00.000 UTC,uniswap_v3_0.05_ethusdc,0.5k-1k,0x88e6a0c2ddd26feeb64f039a2c41296fcb3f5640,2796,2010875.1987380339,1121162.9395904122,890062.6944272935
2025-08-18 00:00:00.000 UTC,uniswap_v3_0.05_ethusdc,100k+,0x88e6a0c2ddd26feeb64f039a2c41296fcb3f5640,2559,645702523.066737,338114238.851531,307568963.9193498
2025-08-18 00:00:00.000 UTC,uniswap_v3_0.05_ethusdc,10k-100k,0x88e6a0c2ddd26feeb64f039a2c41296fcb3f5640,16592,568083147.2229347,277675055.3881469,290722059.16472644
2025-08-18 00:00:00.000 UTC,uniswap_v3_0.05_ethusdc,1k-10k,0x88e6a0c2ddd26feeb64f039a2c41296fcb3f5640,9752,44808793.053707294,24721433.587328777,20098903.86609063
2025-08-18 00:00:00.000 UTC,uniswap_v3_0.05_ethusdt,0.5k-1k,0x11b815efb8f581194ae79006d24e0d814b7697f6,1465,1055115.643542313,548117.4728662566,507026.1820548589
2025-08-18 00:00:00.000 UTC,uniswap_v3_0.05_ethusdt,100k+,0x11b815efb8f581194ae79006d24e0d814b7697f6,840,192823901.8532787,99550794.8672024,93129383.84520058
2025-08-18 00:00:00.000 UTC,uniswap_v3_0.05_ethusdt,10k-100k,0x11b815efb8f581194ae79006d24e0d814b7697f6,12501,356905674.19096017,173191601.02962628,183983111.0671131
2025-08-18 00:00:00.000 UTC,uniswap_v3_0.05_ethusdt,1k-10k,0x11b815efb8f581194ae79006d24e0d814b7697f6,9297,48127429.63432279,26394243.60435495,21742420.247367598
2025-08-18 00:00:00.000 UTC,uniswap_v3_0.3_ethusdc,0.5k-1k,0x8ad599c3a0ff1de082011efddc58f1908eb6e6d8,108,80082.14283211439,38361.49992857959,41758.499843291116
2025-08-18 00:00:00.000 UTC,uniswap_v3_0.3_ethusdc,100k+,0x8ad599c3a0ff1de082011efddc58f1908eb6e6d8,195,40594136.11681386,22322743.277874462,18343280.549958367
2025-08-18 00:00:00.000 UTC,uniswap_v3_0.3_ethusdc,10k-100k,0x8ad599c3a0ff1de082011efddc58f1908eb6e6d8,2132,63050644.04086989,28485392.86177359,34692255.621647656
2025-08-18 00:00:00.000 UTC,uniswap_v3_0.3_ethusdc,1k-10k,0x8ad599c3a0ff1de082011efddc58f1908eb6e6d8,1211,6960177.716248614,3281534.015948909,3687605.7866408057
2025-08-18 00:00:00.000 UTC,uniswap_v3_0.3_ethusdt,0.5k-1k,0x4e68ccd3e89f51c3074ca5072bbac773960dfa36,243,181371.60693840345,97090.49404821671,84515.74224597978
2025-08-18 00:00:00.000 UTC,uniswap_v3_0.3_ethusdt,100k+,0x4e68ccd3e89f51c3074ca5072bbac773960dfa36,1435,415013231.56009406,205759021.6122147,210066884.809977
2025-08-18 00:00:00.000 UTC,uniswap_v3_0.3_ethusdt,10k-100k,0x4e68ccd3e89f51c3074ca5072bbac773960dfa36,3024,132336285.19321623,60486015.628155544,72053918.5464525
2025-08-18 00:00:00.000 UTC,uniswap_v3_0.3_ethusdt,1k-10k,0x4e68ccd3e89f51c3074ca5072bbac773960dfa36,661,3085945.049214935,1636162.3358804672,1453722.0732082345
2025-08-18 00:00:00.000 UTC,uniswap_v3_1.0_ethusdc,0.5k-1k,0x7bea39867e4169dbe237d55c8242a8f2fcdcc387,89,63859.628663114156,37097.90436513398,26865.086158965438
2025-08-18 00:00:00.000 UTC,uniswap_v3_1.0_ethusdc,1k-10k,0x7bea39867e4169dbe237d55c8242a8f2fcdcc387,69,119269.5579431094,41353.854838209954,78767.59514757873
2025-08-25 00:00:00.000 UTC,curve_usdcwbtcweth,0.5k-1k,0x7f86bf177dd4f3494b841a37e810a34dd56c829b,289,215939.5210292151,106862.16043052741,76368.41803629165
2025-08-25 00:00:00.000 UTC,curve_usdcwbtcweth,100k+,0x7f86bf177dd4f3494b841a37e810a34dd56c829b,4,684357.5577582765,473042.988716,204687.61270749845
2025-08-25 00:00:00.000 UTC,curve_usdcwbtcweth,10k-100k,0x7f86bf177dd4f3494b841a37e810a34dd56c829b,613,10794188.751660272,4402677.82093977,4794017.920870623
2025-08-25 00:00:00.000 UTC,curve_usdcwbtcweth,1k-10k,0x7f86bf177dd4f3494b841a37e810a34dd56c829b,6364,23081153.21633626,9578294.635528436,9157729.29116961
2025-08-25 00:00:00.000 UTC,curve_usdt,0.5k-1k,0xf5f5b97624542d72a9e06f04804bf81baa15e2b4,26,19826.677475000317,10647.5541270132,7563.459601714745
2025-08-25 00:00:00.000 UTC,curve_usdt,100k+,0xf5f5b97624542d72a9e06f04804bf81baa15e2b4,3,431425.2654919914,281372.1479803566,153379.0136491915
2025-08-25 00:00:00.000 UTC,curve_usdt,10k-100k,0xf5f5b97624542d72a9e06f04804bf81baa15e2b4,604,12156626.790370645,5082878.539914824,5148810.184496002
2025-08-25 00:00:00.000 UTC,curve_usdt,1k-10k,0xf5f5b97624542d72a9e06f04804bf81baa15e2b4,1481,6838682.878224115,2969431.4150972296,2600400.393581664
2025-08-25 00:00:00.000 UTC,curve_usdtwbtcweth,0.5k-1k,0xd51a44d3fae010294c616388b506acda1bfaae46,77,59518.91455502223,29984.863582115613,17015.545045578965
2025-08-25 00:00:00.000 UTC,curve_usdtwbtcweth,10k-100k,0xd51a44d3fae010294c616388b506acda1bfaae46,413,6848065.71273835,3128619.4092831425,2919977.604020804
2025-08-25 00:00:00.000 UTC,curve_usdtwbtcweth,1k-10k,0xd51a44d3fae010294c616388b506acda1bfaae46,4921,17779911.60150248,7079957.807105409,7015116.158796061
2025-08-25 00:00:00.000 UTC,sushiv2_ethusdt,0.5k-1k,0x06da0fd433c1a5d7a4faa01111c044910a184553,372,256395.5676138672,134265.0427202449,122402.65829729593
2025-08-25 00:00:00.000 UTC,sushiv2_ethusdt,10k-100k,0x06da0fd433c1a5d7a4faa01111c044910a184553,2,37465.31756171568,18457.99490201225,18709.658517389224
2025-08-25 00:00:00.000 UTC,sushiv2_ethusdt,1k-10k,0x06da0fd433c1a5d7a4faa01111c044910a184553,203,313257.21656147984,180830.47810394294,132810.15570387008
2025-08-25 00:00:00.000 UTC,sushiv2_usdceth,0.5k-1k,0x397ff1542f962076d0bfe58ea045ffa2d347aca0,460,327251.2443110552,161081.87971945846,166530.42485353985
2025-08-25 00:00:00.000 UTC,sushiv2_usdceth,10k-100k,0x397ff1542f962076d0bfe58ea045ffa2d347aca0,2,31469.163249300866,18536.022190979813,12802.788152085559
2025-08-25 00:00:00.000 UTC,sushiv2_usdceth,1k-10k,0x397ff1542f962076d0bfe58ea045ffa2d347aca0,388,675606.8894203082,376653.05339385977,300147.5773389046
2025-08-25 00:00:00.000 UTC,uniswap_v3_0.01_ethusdc,0.5k-1k,0xe0554a476a092703abdb3ef35c80e0d76d32939f,6815,4904964.0817085225,2605300.3491719216,2296666.2105580103
2025-08-25 00:00:00.000 UTC,uniswap_v3_0.01_ethusdc,100k+,0xe0554a476a092703abdb3ef35c80e0d76d32939f,772,234995056.97580734,116869789.95612693,118049983.30135708
2025-08-25 00:00:00.000 UTC,uniswap_v3_0.01_ethusdc,10k-100k,0xe0554a476a092703abdb3ef35c80e0d76d32939f,7776,143667848.474311,71373980.06537941,72252156.03085867
2025-08-25 00:00:00.000 UTC,uniswap_v3_0.01_ethusdc,1k-10k,0xe0554a476a092703abdb3ef35c80e0d76d32939f,39080,161478835.2328263,82197548.20257188,79265045.94715022
2025-08-25 00:00:00.000 UTC,uniswap_v3_0.01_ethusdt,0.5k-1k,0xc7bbec68d12a0d1830360f8ec58fa599ba1b0e9b,7134,5199910.008190172,2868702.938867721,2327218.2343434696
2025-08-25 00:00:00.000 UTC,uniswap_v3_0.01_ethusdt,100k+,0xc7bbec68d12a0d1830360f8ec58fa599ba1b0e9b,1044,396878854.5649638,198596566.84436876,196173599.78147516
2025-08-25 00:00:00.000 UTC,uniswap_v3_0.01_ethusdt,10k-100k,0xc7bbec68d12a0d1830360f8ec58fa599ba1b0e9b,13481,263269656.14354733,129843781.08523946,133335663.40022191
2025-08-25 00:00:00.000 UTC,uniswap_v3_0.01_ethusdt,1k-10k,0xc7bbec68d12a0d1830360f8ec58fa599ba1b0e9b,42053,185340025.62247688,94442232.91366753,90833374.23396556
2025-08-25 00:00:00.000 UTC,uniswap_v3_0.05_ethusdc,0.5k-1k,0x88e6a0c2ddd26feeb64f039a2c41296fcb3f5640,2239,1578910.5484793512,802884.1681278166,775273.4948563062
2025-08-25 00:00:00.000 UTC,uniswap_v3_0.05_ethusdc,100k+,0x88e6a0c2ddd26feeb64f039a2c41296fcb3f5640,2267,552952266.71708,277062856.435378,276095420.93452525
2025-08-25 00:00:00.000 UTC,uniswap_v3_0.05_ethusdc,10k-100k,0x88e6a0c2ddd26feeb64f039a2c41296fcb3f5640,11459,362318994.26734465,185878373.01315743,176482559.80443847
2025-08-25 00:00:00.000 UTC,uniswap_v3_0.05_ethusdc,1k-10k,0x88e6a0c2ddd26feeb64f039a2c41296fcb3f5640,9043,43577096.94467488,22351449.519299984,21218146.2507005
2025-08-25 00:00:00.000 UTC,uniswap_v3_0.05_ethusdt,0.5k-1k,0x11b815efb8f581194ae79006d24e0d814b7697f6,1171,842542.0125756738,432755.6029634171,409208.7192415604
2025-08-25 00:00:00.000 UTC,uniswap_v3_0.05_ethusdt,100k+,0x11b815efb8f581194ae79006d24e0d814b7697f6,225,41903360.993278466,20535682.866930787,21335740.585167613
2025-08-25 00:00:00.000 UTC,uniswap_v3_0.05_ethusdt,10k-100k,0x11b815efb8f581194ae79006d24e0d814b7697f6,7217,166805421.32364494,85279390.50717792,81517506.02865055
2025-08-25 00:00:00.000 UTC,uniswap_v3_0.05_ethusdt,1k-10k,0x11b815efb8f581194ae79006d24e0d814b7697f6,9447,50541280.53390921,25768586.469963953,24766905.914632294
2025-08-25 00:00:00.000 UTC,uniswap_v3_0.3_ethusdc,0.5k-1k,0x8ad599c3a0ff1de082011efddc58f1908eb6e6d8,79,55995.397535167656,29591.395027198007,26433.200122049846
2025-08-25 00:00:00.000 UTC,uniswap_v3_0.3_ethusdc,100k+,0x8ad599c3a0ff1de082011efddc58f1908eb6e6d8,112,26624639.981089205,14684778.543377727,11894447.115260929
2025-08-25 00:00:00.000 UTC,uniswap_v3_0.3_ethusdc,10k-100k,0x8ad599c3a0ff1de082011efddc58f1908eb6e6d8,1969,55843278.124734044,29042524.397331025,26867371.56668234
2025-08-25 00:00:00.000 UTC,uniswap_v3_0.3_ethusdc,1k-10k,0x8ad599c3a0ff1de082011efddc58f1908eb6e6d8,889,5378839.722786859,2600909.449333384,2783152.7567121666
2025-08-25 00:00:00.000 UTC,uniswap_v3_0.3_ethusdt,0.5k-1k,0x4e68ccd3e89f51c3074ca5072bbac773960dfa36,254,182795.106903883,90774.02080765362,92197.72762854114
2025-08-25 00:00:00.000 UTC,uniswap_v3_0.3_ethusdt,100k+,0x4e68ccd3e89f51c3074ca5072bbac773960dfa36,1411,417615927.3531123,222386150.0104144,195076990.3744438
2025-08-25 00:00:00.000 UTC,uniswap_v3_0.3_ethusdt,10k-100k,0x4e68ccd3e89f51c3074ca5072bbac773960dfa36,2572,115655605.53760363,56559487.63379377,59188722.74912833
2025-08-25 00:00:00.000 UTC,uniswap_v3_0.3_ethusdt,1k-10k,0x4e68ccd3e89f51c3074ca5072bbac773960dfa36,603,2544617.8646915536,1475099.6462989892,1070570.130981154
2025-08-25 00:00:00.000 UTC,uniswap_v3_1.0_ethusdc,0.5k-1k,0x7bea39867e4169dbe237d55c8242a8f2fcdcc387,74,50762.15458932429,27820.42204642257,23021.289331751505
2025-08-25 00:00:00.000 UTC,uniswap_v3_1.0_ethusdc,1k-10k,0x7bea39867e4169dbe237d55c8242a8f2fcdcc387,41,59773.249145822505,44768.916950789164,15097.671347986452
2025-09-01 00:00:00.000 UTC,curve_usdcwbtcweth,0.5k-1k,0x7f86bf177dd4f3494b841a37e810a34dd56c829b,218,164162.2962549879,62179.08171325192,66258.17923947111
2025-09-01 00:00:00.000 UTC,curve_usdcwbtcweth,100k+,0x7f86bf177dd4f3494b841a37e810a34dd56c829b,2,363305.7021268047,184414.49528911,182405.45091711
2025-09-01 00:00:00.000 UTC,curve_usdcwbtcweth,10k-100k,0x7f86bf177dd4f3494b841a37e810a34dd56c829b,351,6195631.434416597,2581258.263326606,2330844.38625496
2025-09-01 00:00:00.000 UTC,curve_usdcwbtcweth,1k-10k,0x7f86bf177dd4f3494b841a37e810a34dd56c829b,5079,16402584.426164186,6315890.408675872,6618527.006455351
2025-09-01 00:00:00.000 UTC,curve_usdt,0.5k-1k,0xf5f5b97624542d72a9e06f04804bf81baa15e2b4,25,21298.236552879473,6462.724027588112,10178.399218464354
2025-09-01 00:00:00.000 UTC,curve_usdt,10k-100k,0xf5f5b97624542d72a9e06f04804bf81baa15e2b4,583,12022150.383285541,5270984.231613879,5072918.929415022
2025-09-01 00:00:00.000 UTC,curve_usdt,1k-10k,0xf5f5b97624542d72a9e06f04804bf81baa15e2b4,1948,8656031.753776558,3444745.726102983,3533717.507024505
2025-09-01 00:00:00.000 UTC,curve_usdtwbtcweth,0.5k-1k,0xd51a44d3fae010294c616388b506acda1bfaae46,106,82476.68829172656,29971.428887519305,31110.46116521099
2025-09-01 00:00:00.000 UTC,curve_usdtwbtcweth,10k-100k,0xd51a44d3fae010294c616388b506acda1bfaae46,237,4226873.343585116,1826457.3676263858,1753721.073902883
2025-09-01 00:00:00.000 UTC,curve_usdtwbtcweth,1k-10k,0xd51a44d3fae010294c616388b506acda1bfaae46,3724,12749556.757809667,4944559.771545123,5070636.734478494
2025-09-01 00:00:00.000 UTC,sushiv2_ethusdt,0.5k-1k,0x06da0fd433c1a5d7a4faa01111c044910a184553,186,128414.82246633597,60166.11170170069,68438.50691216023
2025-09-01 00:00:00.000 UTC,sushiv2_ethusdt,10k-100k,0x06da0fd433c1a5d7a4faa01111c044910a184553,4,46241.084362456975,23381.67017066702,22979.533653360028
2025-09-01 00:00:00.000 UTC,sushiv2_ethusdt,1k-10k,0x06da0fd433c1a5d7a4faa01111c044910a184553,116,189994.53641348067,111539.48464583898,78839.87238932817
2025-09-01 00:00:00.000 UTC,sushiv2_usdceth,0.5k-1k,0x397ff1542f962076d0bfe58ea045ffa2d347aca0,269,188074.3921202776,80698.53207699294,107658.41734297309
2025-09-01 00:00:00.000 UTC,sushiv2_usdceth,10k-100k,0x397ff1542f962076d0bfe58ea045ffa2d347aca0,2,41926.943239714215,21379.087764247142,20301.953731016834
2025-09-01 00:00:00.000 UTC,sushiv2_usdceth,1k-10k,0x397ff1542f962076d0bfe58ea045ffa2d347aca0,192,324290.21856160735,185523.5041363638,139386.62254850857
2025-09-01 00:00:00.000 UTC,uniswap_v3_0.01_ethusdc,0.5k-1k,0xe0554a476a092703abdb3ef35c80e0d76d32939f,6244,4556764.08395039,2493871.0278230677,2062051.8588658967
2025-09-01 00:00:00.000 UTC,uniswap_v3_0.01_ethusdc,100k+,0xe0554a476a092703abdb3ef35c80e0d76d32939f,599,251828645.93662408,125588374.11658344,123835612.57648265
2025-09-01 00:00:00.000 UTC,uniswap_v3_0.01_ethusdc,10k-100k,0xe0554a476a092703abdb3ef35c80e0d76d32939f,7178,134549644.71054012,65188946.911692865,69385651.7041053
2025-09-01 00:00:00.000 UTC,uniswap_v3_0.01_ethusdc,1k-10k,0xe0554a476a092703abdb3ef35c80e0d76d32939f,33721,138603635.86635146,70373255.45953852,68252301.64619812
2025-09-01 00:00:00.000 UTC,uniswap_v3_0.01_ethusdt,0.5k-1k,0xc7bbec68d12a0d1830360f8ec58fa599ba1b0e9b,6873,4990718.09250127,2837428.6352240564,2151642.443440424
2025-09-01 00:00:00.000 UTC,uniswap_v3_0.01_ethusdt,100k+,0xc7bbec68d12a0d1830360f8ec58fa599ba1b0e9b,846,386917250.81767076,193197157.01102775,191531057.73111933
2025-09-01 00:00:00.000 UTC,uniswap_v3_0.01_ethusdt,10k-100k,0xc7bbec68d12a0d1830360f8ec58fa599ba1b0e9b,10538,206114839.80141416,101167071.56758344,104964685.4680427
2025-09-01 00:00:00.000 UTC,uniswap_v3_0.01_ethusdt,1k-10k,0xc7bbec68d12a0d1830360f8ec58fa599ba1b0e9b,33307,144916801.59312022,73807917.14324054,71112463.70715067
2025-09-01 00:00:00.000 UTC,uniswap_v3_0.05_ethusdc,0.5k-1k,0x88e6a0c2ddd26feeb64f039a2c41296fcb3f5640,2065,1460259.2688048892,840457.8299893567,619831.7503078645
2025-09-01 00:00:00.000 UTC,uniswap_v3_0.05_ethusdc,100k+,0x88e6a0c2ddd26feeb64f039a2c41296fcb3f5640,728,170481751.7539247,82195905.59620875,88427671.33201855
2025-09-01 00:00:00.000 UTC,uniswap_v3_0.05_ethusdc,10k-100k,0x88e6a0c2ddd26feeb64f039a2c41296fcb3f5640,8973,248857142.95302913,124538549.8402447,124443099.85137437
2025-09-01 00:00:00.000 UTC,uniswap_v3_0.05_ethusdc,1k-10k,0x88e6a0c2ddd26feeb64f039a2c41296fcb3f5640,7850,36962956.08939782,18913637.37492988,18057728.601581026
2025-09-01 00:00:00.000 UTC,uniswap_v3_0.05_ethusdt,0.5k-1k,0x11b815efb8f581194ae79006d24e0d814b7697f6,1293,942314.8117461714,438460.1477248751,503713.3762198405
2025-09-01 00:00:00.000 UTC,uniswap_v3_0.05_ethusdt,100k+,0x11b815efb8f581194ae79006d24e0d814b7697f6,624,142816071.26506662,73641968.22788988,69235417.65212338
2025-09-01 00:00:00.000 UTC,uniswap_v3_0.05_ethusdt,10k-100k,0x11b815efb8f581194ae79006d24e0d814b7697f6,9137,260321729.78950003,129829731.00657248,130575742.72864497
2025-09-01 00:00:00.000 UTC,uniswap_v3_0.05_ethusdt,1k-10k,0x11b815efb8f581194ae79006d24e0d814b7697f6,5717,29397923.609387167,15307170.854007054,14092924.617252376
2025-09-01 00:00:00.000 UTC,uniswap_v3_0.3_ethusdc,0.5k-1k,0x8ad599c3a0ff1de082011efddc58f1908eb6e6d8,84,61921.79411295431,24735.889983961,37278.017828543845
2025-09-01 00:00:00.000 UTC,uniswap_v3_0.3_ethusdc,100k+,0x8ad599c3a0ff1de082011efddc58f1908eb6e6d8,81,18298407.45210591,11234413.316700004,7066594.472151143
2025-09-01 00:00:00.000 UTC,uniswap_v3_0.3_ethusdc,10k-100k,0x8ad599c3a0ff1de082011efddc58f1908eb6e6d8,1319,40062519.006039634,18749022.491423152,21369717.31477991
2025-09-01 00:00:00.000 UTC,uniswap_v3_0.3_ethusdc,1k-10k,0x8ad599c3a0ff1de082011efddc58f1908eb6e6d8,544,3105538.2315891185,1283895.5996588294,1825543.7469041832
2025-09-01 00:00:00.000 UTC,uniswap_v3_0.3_ethusdt,0.5k-1k,0x4e68ccd3e89f51c3074ca5072bbac773960dfa36,207,150739.82630358974,57034.592617019276,93921.51287388944
2025-09-01 00:00:00.000 UTC,uniswap_v3_0.3_ethusdt,100k+,0x4e68ccd3e89f51c3074ca5072bbac773960dfa36,1090,392635230.04349375,197826640.71623456,195285377.8065126
2025-09-01 00:00:00.000 UTC,uniswap_v3_0.3_ethusdt,10k-100k,0x4e68ccd3e89f51c3074ca5072bbac773960dfa36,1509,70427525.35212699,31506636.833949983,38998369.81852716
2025-09-01 00:00:00.000 UTC,uniswap_v3_0.3_ethusdt,1k-10k,0x4e68ccd3e89f51c3074ca5072bbac773960dfa36,460,1912181.9991882131,880653.2075495122,1033712.3794269961
2025-09-01 00:00:00.000 UTC,uniswap_v3_1.0_ethusdc,0.5k-1k,0x7bea39867e4169dbe237d55c8242a8f2fcdcc387,62,43711.743146090754,22897.95343650398,20891.25464148087
2025-09-01 00:00:00.000 UTC,uniswap_v3_1.0_ethusdc,1k-10k,0x7bea39867e4169dbe237d55c8242a8f2fcdcc387,54,113875.83900057666,73544.57271589672,40532.56277052569
2025-09-08 00:00:00.000 UTC,curve_usdcwbtcweth,0.5k-1k,0x7f86bf177dd4f3494b841a37e810a34dd56c829b,243,188697.69749025756,77224.25687402007,72530.21599653206
2025-09-08 00:00:00.000 UTC,curve_usdcwbtcweth,100k+,0x7f86bf177dd4f3494b841a37e810a34dd56c829b,1,114221.46789294052,114244.888095,25.840119258019822
2025-09-08 00:00:00.000 UTC,curve_usdcwbtcweth,10k-100k,0x7f86bf177dd4f3494b841a37e810a34dd56c829b,298,5247600.922649458,2100312.111417746,2166600.124444432
2025-09-08 00:00:00.000 UTC,curve_usdcwbtcweth,1k-10k,0x7f86bf177dd4f3494b841a37e810a34dd56c829b,4353,13998686.488436077,5342726.318540056,5662681.351140772
2025-09-08 00:00:00.000 UTC,curve_usdt,0.5k-1k,0xf5f5b97624542d72a9e06f04804bf81baa15e2b4,29,22328.062258886923,5204.915933336998,6754.858249968712
2025-09-08 00:00:00.000 UTC,curve_usdt,100k+,0xf5f5b97624542d72a9e06f04804bf81baa15e2b4,1,157932.88324996724,157907.302267,35.83782826571123
2025-09-08 00:00:00.000 UTC,curve_usdt,10k-100k,0xf5f5b97624542d72a9e06f04804bf81baa15e2b4,488,10252454.336635457,4256518.150446714,4563332.347550793
2025-09-08 00:00:00.000 UTC,curve_usdt,1k-10k,0xf5f5b97624542d72a9e06f04804bf81baa15e2b4,1666,7234474.946297338,2858096.3047971088,3042166.700780133
2025-09-08 00:00:00.000 UTC,curve_usdtwbtcweth,0.5k-1k,0xd51a44d3fae010294c616388b506acda1bfaae46,116,88815.30919115414,33024.33034527995,33968.030247514616
2025-09-08 00:00:00.000 UTC,curve_usdtwbtcweth,100k+,0xd51a44d3fae010294c616388b506acda1bfaae46,2,222402.11708304798,111862.34017438,111774.59775538
2025-09-08 00:00:00.000 UTC,curve_usdtwbtcweth,10k-100k,0xd51a44d3fae010294c616388b506acda1bfaae46,146,2470140.331610334,1147098.197056862,950591.8372714153
2025-09-08 00:00:00.000 UTC,curve_usdtwbtcweth,1k-10k,0xd51a44d3fae010294c616388b506acda1bfaae46,3116,9969744.178229433,3678323.123231077,4055110.064956967
2025-09-08 00:00:00.000 UTC,sushiv2_ethusdt,0.5k-1k,0x06da0fd433c1a5d7a4faa01111c044910a184553,145,98685.29323105629,44021.453176076844,54804.13110592459
2025-09-08 00:00:00.000 UTC,sushiv2_ethusdt,10k-100k,0x06da0fd433c1a5d7a4faa01111c044910a184553,2,27004.56413274997,15227.366229504332,11643.860937076242
2025-09-08 00:00:00.000 UTC,sushiv2_ethusdt,1k-10k,0x06da0fd433c1a5d7a4faa01111c044910a184553,75,150911.7949978419,70951.75737331895,80290.61126107739
2025-09-08 00:00:00.000 UTC,sushiv2_usdceth,0.5k-1k,0x397ff1542f962076d0bfe58ea045ffa2d347aca0,178,127793.73072796695,62919.03935879847,65081.49330843954
2025-09-08 00:00:00.000 UTC,sushiv2_usdceth,1k-10k,0x397ff1542f962076d0bfe58ea045ffa2d347aca0,126,218004.6540969468,91543.39672347884,127149.72651488929
2025-09-08 00:00:00.000 UTC,uniswap_v3_0.01_ethusdc,0.5k-1k,0xe0554a476a092703abdb3ef35c80e0d76d32939f,6825,5003951.221203556,2951816.5137156956,2054001.8161722978
2025-09-08 00:00:00.000 UTC,uniswap_v3_0.01_ethusdc,100k+,0xe0554a476a092703abdb3ef35c80e0d76d32939f,487,200326566.12655944,100980561.29935853,100786122.57597291
2025-09-08 00:00:00.000 UTC,uniswap_v3_0.01_ethusdc,10k-100k,0xe0554a476a092703abdb3ef35c80e0d76d32939f,6560,117154885.9899385,55962368.292426035,61270837.205243975
2025-09-08 00:00:00.000 UTC,uniswap_v3_0.01_ethusdc,1k-10k,0xe0554a476a092703abdb3ef35c80e0d76d32939f,34489,136709979.2562431,69299092.8320435,67495198.75103684
2025-09-08 00:00:00.000 UTC,uniswap_v3_0.01_ethusdt,0.5k-1k,0xc7bbec68d12a0d1830360f8ec58fa599ba1b0e9b,7675,5630664.195102146,3245562.4224951835,2384949.067122313
2025-09-08 00:00:00.000 UTC,uniswap_v3_0.01_ethusdt,100k+,0xc7bbec68d12a0d1830360f8ec58fa599ba1b0e9b,787,346791684.1470707,172939138.3846872,171111968.5377883
2025-09-08 00:00:00.000 UTC,uniswap_v3_0.01_ethusdt,10k-100k,0xc7bbec68d12a0d1830360f8ec58fa599ba1b0e9b,11387,215242510.45957896,103518030.39408806,111805169.65868649
2025-09-08 00:00:00.000 UTC,uniswap_v3_0.01_ethusdt,1k-10k,0xc7bbec68d12a0d1830360f8ec58fa599ba1b0e9b,34924,150901996.86340302,77866958.86760387,73059207.18223764
2025-09-08 00:00:00.000 UTC,uniswap_v3_0.05_ethusdc,0.5k-1k,0x88e6a0c2ddd26feeb64f039a2c41296fcb3f5640,2047,1518301.4636322786,929641.1457472075,589600.717503356
2025-09-08 00:00:00.000 UTC,uniswap_v3_0.05_ethusdc,100k+,0x88e6a0c2ddd26feeb64f039a2c41296fcb3f5640,790,170807624.20550942,81841407.22979327,89195905.13557732
2025-09-08 00:00:00.000 UTC,uniswap_v3_0.05_ethusdc,10k-100k,0x88e6a0c2ddd26feeb64f039a2c41296fcb3f5640,8309,253968227.01945752,124521438.53970085,129697809.96030143
2025-09-08 00:00:00.000 UTC,uniswap_v3_0.05_ethusdc,1k-10k,0x88e6a0c2ddd26feeb64f039a2c41296fcb3f5640,6413,29815390.536806237,16585671.0511993,13249205.928332424
2025-09-08 00:00:00.000 UTC,uniswap_v3_0.05_ethusdt,0.5k-1k,0x11b815efb8f581194ae79006d24e0d814b7697f6,1073,785909.8235263198,410841.4468629784,375238.9238361153
2025-09-08 00:00:00.000 UTC,uniswap_v3_0.05_ethusdt,100k+,0x11b815efb8f581194ae79006d24e0d814b7697f6,206,44875059.91841479,23500245.524314053,21367287.409739636
2025-09-08 00:00:00.000 UTC,uniswap_v3_0.05_ethusdt,10k-100k,0x11b815efb8f581194ae79006d24e0d814b7697f6,6025,148369947.1092308,72714454.73707448,75730672.26167944
2025-09-08 00:00:00.000 UTC,uniswap_v3_0.05_ethusdt,1k-10k,0x11b815efb8f581194ae79006d24e0d814b7697f6,5923,29536359.150168516,14934671.36954243,14613677.57614455
2025-09-08 00:00:00.000 UTC,uniswap_v3_0.3_ethusdc,0.5k-1k,0x8ad599c3a0ff1de082011efddc58f1908eb6e6d8,98,78173.4056578037,39112.0688362768,39180.9265608308
2025-09-08 00:00:00.000 UTC,uniswap_v3_0.3_ethusdc,100k+,0x8ad599c3a0ff1de082011efddc58f1908eb6e6d8,125,27958624.95898246,13660119.6834424,14372584.926593916
2025-09-08 00:00:00.000 UTC,uniswap_v3_0.3_ethusdc,10k-100k,0x8ad599c3a0ff1de082011efddc58f1908eb6e6d8,1232,40322974.6099571,17533490.932256468,22861006.53319437
2025-09-08 00:00:00.000 UTC,uniswap_v3_0.3_ethusdc,1k-10k,0x8ad599c3a0ff1de082011efddc58f1908eb6e6d8,378,1962190.0547704669,1053458.2831592131,911082.1967108262
2025-09-08 00:00:00.000 UTC,uniswap_v3_0.3_ethusdt,0.5k-1k,0x4e68ccd3e89f51c3074ca5072bbac773960dfa36,182,131489.6492864358,67057.0440225995,64605.27801210994
2025-09-08 00:00:00.000 UTC,uniswap_v3_0.3_ethusdt,100k+,0x4e68ccd3e89f51c3074ca5072bbac773960dfa36,742,218796580.2597816,99719072.33982658,119409392.47749612
2025-09-08 00:00:00.000 UTC,uniswap_v3_0.3_ethusdt,10k-100k,0x4e68ccd3e89f51c3074ca5072bbac773960dfa36,1328,60286496.34775813,25404730.688325293,34955451.42119287
2025-09-08 00:00:00.000 UTC,uniswap_v3_0.3_ethusdt,1k-10k,0x4e68ccd3e89f51c3074ca5072bbac773960dfa36,428,1566241.2214094393,925945.4358219747,641711.0296105235
2025-09-08 00:00:00.000 UTC,uniswap_v3_1.0_ethusdc,0.5k-1k,0x7bea39867e4169dbe237d55c8242a8f2fcdcc387,32,22532.194070840203,7722.572049579787,14865.415755724836
2025-09-08 00:00:00.000 UTC,uniswap_v3_1.0_ethusdc,1k-10k,0x7bea39867e4169dbe237d55c8242a8f2fcdcc387,22,40617.791716451255,14968.70454851524,25813.966260742898
2025-09-15 00:00:00.000 UTC,curve_usdcwbtcweth,0.5k-1k,0x7f86bf177dd4f3494b841a37e810a34dd56c829b,206,161186.20970081518,64678.247875975496,71105.43359142734
2025-09-15 00:00:00.000 UTC,curve_usdcwbtcweth,100k+,0x7f86bf177dd4f3494b841a37e810a34dd56c829b,2,428635.8033704199,219361.8055662624,205578.595466
2025-09-15 00:00:00.000 UTC,curve_usdcwbtcweth,10k-100k,0x7f86bf177dd4f3494b841a37e810a34dd56c829b,149,2398574.8930796315,939811.1954299466,1121507.4964007956
2025-09-15 00:00:00.000 UTC,curve_usdcwbtcweth,1k-10k,0x7f86bf177dd4f3494b841a37e810a34dd56c829b,2937,9241290.589598319,3834846.3861227636,3615222.140956656
2025-09-15 00:00:00.000 UTC,curve_usdt,0.5k-1k,0xf5f5b97624542d72a9e06f04804bf81baa15e2b4,12,8533.654835425661,3455.11683359962,3919.05085280626
2025-09-15 00:00:00.000 UTC,curve_usdt,10k-100k,0xf5f5b97624542d72a9e06f04804bf81baa15e2b4,207,4296761.403032687,1716989.7578960075,1766943.5691676012
2025-09-15 00:00:00.000 UTC,curve_usdt,1k-10k,0xf5f5b97624542d72a9e06f04804bf81baa15e2b4,618,2738028.5161585137,1184884.7461622932,1060308.8649174364
2025-09-15 00:00:00.000 UTC,curve_usdtwbtcweth,0.5k-1k,0xd51a44d3fae010294c616388b506acda1bfaae46,77,58236.46555280926,26430.748500187576,28518.780227066036
2025-09-15 00:00:00.000 UTC,curve_usdtwbtcweth,10k-100k,0xd51a44d3fae010294c616388b506acda1bfaae46,72,1139153.1053848881,497612.78723158635,557322.560496272
2025-09-15 00:00:00.000 UTC,curve_usdtwbtcweth,1k-10k,0xd51a44d3fae010294c616388b506acda1bfaae46,1903,5724143.507152708,2290044.962285795,2194385.709289895
2025-09-15 00:00:00.000 UTC,sushiv2_ethusdt,0.5k-1k,0x06da0fd433c1a5d7a4faa01111c044910a184553,112,76509.50588894698,39718.100455916996,36855.65649485553
2025-09-15 00:00:00.000 UTC,sushiv2_ethusdt,10k-100k,0x06da0fd433c1a5d7a4faa01111c044910a184553,2,22910.437101809897,11269.17454648496,11813.601294034263
2025-09-15 00:00:00.000 UTC,sushiv2_ethusdt,1k-10k,0x06da0fd433c1a5d7a4faa01111c044910a184553,60,112128.61258116727,71055.3657920615,41261.3802759089
2025-09-15 00:00:00.000 UTC,sushiv2_usdceth,0.5k-1k,0x397ff1542f962076d0bfe58ea045ffa2d347aca0,149,102255.25447529272,51725.21288512722,50665.204531826406
2025-09-15 00:00:00.000 UTC,sushiv2_usdceth,1k-10k,0x397ff1542f962076d0bfe58ea045ffa2d347aca0,97,154043.65706599786,100075.260022111,54152.669797756
2025-09-15 00:00:00.000 UTC,uniswap_v3_0.01_ethusdc,0.5k-1k,0xe0554a476a092703abdb3ef35c80e0d76d32939f,7522,5463745.6021155985,2851420.445125038,2612294.483238662
2025-09-15 00:00:00.000 UTC,uniswap_v3_0.01_ethusdc,100k+,0xe0554a476a092703abdb3ef35c80e0d76d32939f,448,221913876.59261584,110810762.42012317,110288333.69423655
2025-09-15 00:00:00.000 UTC,uniswap_v3_0.01_ethusdc,10k-100k,0xe0554a476a092703abdb3ef35c80e0d76d32939f,7497,137066702.90418115,69169713.52735852,67915006.92447321
2025-09-15 00:00:00.000 UTC,uniswap_v3_0.01_ethusdc,1k-10k,0xe0554a476a092703abdb3ef35c80e0d76d32939f,30391,123442727.10880497,61092692.76215969,62377995.793401174
2025-09-15 00:00:00.000 UTC,uniswap_v3_0.01_ethusdt,0.5k-1k,0xc7bbec68d12a0d1830360f8ec58fa599ba1b0e9b,8279,5980146.983340237,3266072.4732320313,2711158.313068775
2025-09-15 00:00:00.000 UTC,uniswap_v3_0.01_ethusdt,100k+,0xc7bbec68d12a0d1830360f8ec58fa599ba1b0e9b,613,287458375.2673715,144581887.80037078,140762465.51291078
2025-09-15 00:00:00.000 UTC,uniswap_v3_0.01_ethusdt,10k-100k,0xc7bbec68d12a0d1830360f8ec58fa599ba1b0e9b,13976,293910713.2948249,142783146.17949027,151028156.34512365
2025-09-15 00:00:00.000 UTC,uniswap_v3_0.01_ethusdt,1k-10k,0xc7bbec68d12a0d1830360f8ec58fa599ba1b0e9b,30185,127055505.24894547,67010975.044537246,59996557.72128771
2025-09-15 00:00:00.000 UTC,uniswap_v3_0.05_ethusdc,0.5k-1k,0x88e6a0c2ddd26feeb64f039a2c41296fcb3f5640,1903,1378628.378941848,786702.3363911599,592201.7826991305
2025-09-15 00:00:00.000 UTC,uniswap_v3_0.05_ethusdc,100k+,0x88e6a0c2ddd26feeb64f039a2c41296fcb3f5640,490,176711042.54806465,98538326.9215327,78283981.29377821
2025-09-15 00:00:00.000 UTC,uniswap_v3_0.05_ethusdc,10k-100k,0x88e6a0c2ddd26feeb64f039a2c41296fcb3f5640,6837,190772011.65633473,95049036.037564,95798801.25328614
2025-09-15 00:00:00.000 UTC,uniswap_v3_0.05_ethusdc,1k-10k,0x88e6a0c2ddd26feeb64f039a2c41296fcb3f5640,5864,26123807.898443375,13787872.774238694,12343681.232989792
2025-09-15 00:00:00.000 UTC,uniswap_v3_0.05_ethusdt,0.5k-1k,0x11b815efb8f581194ae79006d24e0d814b7697f6,1057,763928.1392414914,367401.5595245812,396320.3841263695
2025-09-15 00:00:00.000 UTC,uniswap_v3_0.05_ethusdt,100k+,0x11b815efb8f581194ae79006d24e0d814b7697f6,236,41309024.89277011,23474062.475309618,17820648.255235683
2025-09-15 00:00:00.000 UTC,uniswap_v3_0.05_ethusdt,10k-100k,0x11b815efb8f581194ae79006d24e0d814b7697f6,5792,149908082.94666272,74810999.46572676,75099868.63777
2025-09-15 00:00:00.000 UTC,uniswap_v3_0.05_ethusdt,1k-10k,0x11b815efb8f581194ae79006d24e0d814b7697f6,4637,22903051.11049231,11601299.559799122,11297940.976200353
2025-09-15 00:00:00.000 UTC,uniswap_v3_0.3_ethusdc,0.5k-1k,0x8ad599c3a0ff1de082011efddc58f1908eb6e6d8,83,62952.228212611735,40961.60043072089,22051.468041285054
2025-09-15 00:00:00.000 UTC,uniswap_v3_0.3_ethusdc,100k+,0x8ad599c3a0ff1de082011efddc58f1908eb6e6d8,297,79422272.58615345,44321149.55706266,35260624.03728107
2025-09-15 00:00:00.000 UTC,uniswap_v3_0.3_ethusdc,10k-100k,0x8ad599c3a0ff1de082011efddc58f1908eb6e6d8,1072,44995921.640777625,22679736.725208953,22367448.024707377
2025-09-15 00:00:00.000 UTC,uniswap_v3_0.3_ethusdc,1k-10k,0x8ad599c3a0ff1de082011efddc58f1908eb6e6d8,284,1355547.269928852,748070.3877966556,608695.8292785608
2025-09-15 00:00:00.000 UTC,uniswap_v3_0.3_ethusdt,0.5k-1k,0x4e68ccd3e89f51c3074ca5072bbac773960dfa36,304,225687.3472758411,130654.20088316039,95174.26461791422
2025-09-15 00:00:00.000 UTC,uniswap_v3_0.3_ethusdt,100k+,0x4e68ccd3e89f51c3074ca5072bbac773960dfa36,673,201720493.92895317,110607643.28997362,91194112.82005966
2025-09-15 00:00:00.000 UTC,uniswap_v3_0.3_ethusdt,10k-100k,0x4e68ccd3e89f51c3074ca5072bbac773960dfa36,1035,46302245.399563655,20698671.594991386,25629019.092888787
2025-09-15 00:00:00.000 UTC,uniswap_v3_0.3_ethusdt,1k-10k,0x4e68ccd3e89f51c3074ca5072bbac773960dfa36,507,1753143.826229534,1020912.523203369,732624.3088863206
2025-09-15 00:00:00.000 UTC,uniswap_v3_1.0_ethusdc,0.5k-1k,0x7bea39867e4169dbe237d55c8242a8f2fcdcc387,22,14790.207838979155,5586.905756955364,9228.240585860232
2025-09-15 00:00:00.000 UTC,uniswap_v3_1.0_ethusdc,1k-10k,0x7bea39867e4169dbe237d55c8242a8f2fcdcc387,8,10732.564491924943,10730.223026,2.3840255498783387
2025-09-22 00:00:00.000 UTC,curve_usdcwbtcweth,0.5k-1k,0x7f86bf177dd4f3494b841a37e810a34dd56c829b,306,238387.12748505652,79683.53361502351,128580.12014090577
2025-09-22 00:00:00.000 UTC,curve_usdcwbtcweth,10k-100k,0x7f86bf177dd4f3494b841a37e810a34dd56c829b,603,11316876.338413425,4707041.021719916,4655780.720861997
2025-09-22 00:00:00.000 UTC,curve_usdcwbtcweth,1k-10k,0x7f86bf177dd4f3494b841a37e810a34dd56c829b,6477,22466032.44987149,9004698.468153117,8876354.709377533
2025-09-22 00:00:00.000 UTC,curve_usdt,0.5k-1k,0xf5f5b97624542d72a9e06f04804bf81baa15e2b4,27,18908.839690156303,9626.17048942996,6427.471210484142
2025-09-22 00:00:00.000 UTC,curve_usdt,10k-100k,0xf5f5b97624542d72a9e06f04804bf81baa15e2b4,395,9004219.311241658,3657552.809208826,3896193.854402239
2025-09-22 00:00:00.000 UTC,curve_usdt,1k-10k,0xf5f5b97624542d72a9e06f04804bf81baa15e2b4,1284,5395572.335025967,2316059.7123678746,1892145.3225969982
2025-09-22 00:00:00.000 UTC,curve_usdtwbtcweth,0.5k-1k,0xd51a44d3fae010294c616388b506acda1bfaae46,164,126634.60126964087,59644.852935783936,52332.1755662269
2025-09-22 00:00:00.000 UTC,curve_usdtwbtcweth,100k+,0xd51a44d3fae010294c616388b506acda1bfaae46,4,726369.6444374379,304174.1655448258,441582.6612679552
2025-09-22 00:00:00.000 UTC,curve_usdtwbtcweth,10k-100k,0xd51a44d3fae010294c616388b506acda1bfaae46,399,7507138.385246728,3246451.08912336,2967637.112943285
2025-09-22 00:00:00.000 UTC,curve_usdtwbtcweth,1k-10k,0xd51a44d3fae010294c616388b506acda1bfaae46,4609,16507848.237461366,6506355.920333894,6510647.130083479
2025-09-22 00:00:00.000 UTC,sushiv2_ethusdt,0.5k-1k,0x06da0fd433c1a5d7a4faa01111c044910a184553,250,173298.91653776844,98850.20231344721,74543.7663874462
2025-09-22 00:00:00.000 UTC,sushiv2_ethusdt,1k-10k,0x06da0fd433c1a5d7a4faa01111c044910a184553,128,246757.03004412394,136733.76684131724,110142.04046721492
2025-09-22 00:00:00.000 UTC,sushiv2_usdceth,0.5k-1k,0x397ff1542f962076d0bfe58ea045ffa2d347aca0,309,214157.64320316707,109924.47538337026,104490.49478959794
2025-09-22 00:00:00.000 UTC,sushiv2_usdceth,10k-100k,0x397ff1542f962076d0bfe58ea045ffa2d347aca0,3,33805.399745275485,33791.632211000004,8.068017959665475
2025-09-22 00:00:00.000 UTC,sushiv2_usdceth,1k-10k,0x397ff1542f962076d0bfe58ea045ffa2d347aca0,220,404449.49291459756,217973.54742484054,186343.0872781674
2025-09-22 00:00:00.000 UTC,uniswap_v3_0.01_ethusdc,0.5k-1k,0xe0554a476a092703abdb3ef35c80e0d76d32939f,8772,6376302.070977375,3159172.874556166,3214083.692578541
2025-09-22 00:00:00.000 UTC,uniswap_v3_0.01_ethusdc,100k+,0xe0554a476a092703abdb3ef35c80e0d76d32939f,601,179931757.78857362,90824227.67703746,89384947.27300814
2025-09-22 00:00:00.000 UTC,uniswap_v3_0.01_ethusdc,10k-100k,0xe0554a476a092703abdb3ef35c80e0d76d32939f,7498,140468287.7280485,69720864.92362455,70704181.61033541
2025-09-22 00:00:00.000 UTC,uniswap_v3_0.01_ethusdc,1k-10k,0xe0554a476a092703abdb3ef35c80e0d76d32939f,39538,155336643.26262605,78407931.05877468,76908799.08718912
2025-09-22 00:00:00.000 UTC,uniswap_v3_0.01_ethusdt,0.5k-1k,0xc7bbec68d12a0d1830360f8ec58fa599ba1b0e9b,9954,7253884.68860916,3627611.051961197,3618512.5185317374
2025-09-22 00:00:00.000 UTC,uniswap_v3_0.01_ethusdt,100k+,0xc7bbec68d12a0d1830360f8ec58fa599ba1b0e9b,916,303000092.4449941,154124658.52771765,148344332.36188993
2025-09-22 00:00:00.000 UTC,uniswap_v3_0.01_ethusdt,10k-100k,0xc7bbec68d12a0d1830360f8ec58fa599ba1b0e9b,12459,250702866.70692506,122716821.3883751,127807378.6812836
2025-09-22 00:00:00.000 UTC,uniswap_v3_0.01_ethusdt,1k-10k,0xc7bbec68d12a0d1830360f8ec58fa599ba1b0e9b,41275,168829480.72519976,86553152.52714767,82146566.38092792
2025-09-22 00:00:00.000 UTC,uniswap_v3_0.05_ethusdc,0.5k-1k,0x88e6a0c2ddd26feeb64f039a2c41296fcb3f5640,2120,1525298.0212961668,789370.6190836264,735480.4764223596
2025-09-22 00:00:00.000 UTC,uniswap_v3_0.05_ethusdc,100k+,0x88e6a0c2ddd26feeb64f039a2c41296fcb3f5640,621,125928748.33061777,68969004.87742777,56816548.1064544
2025-09-22 00:00:00.000 UTC,uniswap_v3_0.05_ethusdc,10k-100k,0x88e6a0c2ddd26feeb64f039a2c41296fcb3f5640,11072,313935374.5230706,155717891.77137175,158214496.2556773
2025-09-22 00:00:00.000 UTC,uniswap_v3_0.05_ethusdc,1k-10k,0x88e6a0c2ddd26feeb64f039a2c41296fcb3f5640,9587,45418250.99238543,23501302.365200605,21913497.883999296
2025-09-22 00:00:00.000 UTC,uniswap_v3_0.05_ethusdt,0.5k-1k,0x11b815efb8f581194ae79006d24e0d814b7697f6,1349,976494.1926169998,450388.9823227556,525489.7687870609
2025-09-22 00:00:00.000 UTC,uniswap_v3_0.05_ethusdt,100k+,0x11b815efb8f581194ae79006d24e0d814b7697f6,77,18644258.104330774,10121211.940185968,8456419.02288837
2025-09-22 00:00:00.000 UTC,uniswap_v3_0.05_ethusdt,10k-100k,0x11b815efb8f581194ae79006d24e0d814b7697f6,4935,86635625.03328572,44282772.060510665,42285601.04896751
2025-09-22 00:00:00.000 UTC,uniswap_v3_0.05_ethusdt,1k-10k,0x11b815efb8f581194ae79006d24e0d814b7697f6,10542,47846029.82634221,24220477.122821994,23605770.231227513
2025-09-22 00:00:00.000 UTC,uniswap_v3_0.3_ethusdc,0.5k-1k,0x8ad599c3a0ff1de082011efddc58f1908eb6e6d8,87,66779.59693214027,37169.527062128866,29577.839890959756
2025-09-22 00:00:00.000 UTC,uniswap_v3_0.3_ethusdc,100k+,0x8ad599c3a0ff1de082011efddc58f1908eb6e6d8,207,55808211.93275757,35353149.38059256,20449254.60730432
2025-09-22 00:00:00.000 UTC,uniswap_v3_0.3_ethusdc,10k-100k,0x8ad599c3a0ff1de082011efddc58f1908eb6e6d8,1538,53404073.67767341,27665873.837086536,25787301.053231593
2025-09-22 00:00:00.000 UTC,uniswap_v3_0.3_ethusdc,1k-10k,0x8ad599c3a0ff1de082011efddc58f1908eb6e6d8,571,3182655.153005825,1627838.047126826,1555583.4073089426
2025-09-22 00:00:00.000 UTC,uniswap_v3_0.3_ethusdt,0.5k-1k,0x4e68ccd3e89f51c3074ca5072bbac773960dfa36,323,232270.16448015807,125953.67715976044,106332.56686433157
2025-09-22 00:00:00.000 UTC,uniswap_v3_0.3_ethusdt,100k+,0x4e68ccd3e89f51c3074ca5072bbac773960dfa36,1131,366289135.17543256,195737168.0902061,170287798.16670293
2025-09-22 00:00:00.000 UTC,uniswap_v3_0.3_ethusdt,10k-100k,0x4e68ccd3e89f51c3074ca5072bbac773960dfa36,1714,77759815.20860894,41486651.010715045,36257218.754603885
2025-09-22 00:00:00.000 UTC,uniswap_v3_0.3_ethusdt,1k-10k,0x4e68ccd3e89f51c3074ca5072bbac773960dfa36,744,3046275.483697259,1588804.9628316448,1455663.2966642657
2025-09-22 00:00:00.000 UTC,uniswap_v3_1.0_ethusdc,0.5k-1k,0x7bea39867e4169dbe237d55c8242a8f2fcdcc387,50,36407.93723376318,18346.65572177562,18087.114719183417
2025-09-22 00:00:00.000 UTC,uniswap_v3_1.0_ethusdc,1k-10k,0x7bea39867e4169dbe237d55c8242a8f2fcdcc387,35,65266.319545120714,46903.92926407066,18421.25313654847
2025-09-29 00:00:00.000 UTC,curve_usdcwbtcweth,0.5k-1k,0x7f86bf177dd4f3494b841a37e810a34dd56c829b,260,206135.9623877727,83642.93274190302,83178.5629621959
2025-09-29 00:00:00.000 UTC,curve_usdcwbtcweth,10k-100k,0x7f86bf177dd4f3494b841a37e810a34dd56c829b,283,4809790.521619544,2039407.3033644082,1956394.6572235427
2025-09-29 00:00:00.000 UTC,curve_usdcwbtcweth,1k-10k,0x7f86bf177dd4f3494b841a37e810a34dd56c829b,4962,15562713.221274763,5886019.729499823,6399627.7838577125
2025-09-29 00:00:00.000 UTC,curve_usdt,0.5k-1k,0xf5f5b97624542d72a9e06f04804bf81baa15e2b4,14,10513.03242484573,5649.822123133426,2596.858350159544
2025-09-29 00:00:00.000 UTC,curve_usdt,10k-100k,0xf5f5b97624542d72a9e06f04804bf81baa15e2b4,224,4588908.389971004,1989741.767253787,2066117.1188023614
2025-09-29 00:00:00.000 UTC,curve_usdt,1k-10k,0xf5f5b97624542d72a9e06f04804bf81baa15e2b4,804,3473543.01011049,1206284.370975099,1739142.084635899
2025-09-29 00:00:00.000 UTC,curve_usdtwbtcweth,0.5k-1k,0xd51a44d3fae010294c616388b506acda1bfaae46,157,122202.92584112458,39968.10651766702,64625.870715895646
2025-09-29 00:00:00.000 UTC,curve_usdtwbtcweth,10k-100k,0xd51a44d3fae010294c616388b506acda1bfaae46,220,3562581.631095703,1584307.1078213896,1435332.9882092928
2025-09-29 00:00:00.000 UTC,curve_usdtwbtcweth,1k-10k,0xd51a44d3fae010294c616388b506acda1bfaae46,3582,11740506.911313415,4442712.200560769,4905838.580410789
2025-09-29 00:00:00.000 UTC,sushiv2_ethusdt,0.5k-1k,0x06da0fd433c1a5d7a4faa01111c044910a184553,158,111117.61777576218,51697.79748644971,59552.19417474864
2025-09-29 00:00:00.000 UTC,sushiv2_ethusdt,10k-100k,0x06da0fd433c1a5d7a4faa01111c044910a184553,1,10854.010220708113,10843.177886,2.668886819134367
2025-09-29 00:00:00.000 UTC,sushiv2_ethusdt,1k-10k,0x06da0fd433c1a5d7a4faa01111c044910a184553,90,138956.4924477371,51008.21278403716,88235.22884040499
2025-09-29 00:00:00.000 UTC,sushiv2_usdceth,0.5k-1k,0x397ff1542f962076d0bfe58ea045ffa2d347aca0,244,171808.53485735768,87346.35912482854,84742.09797924104
2025-09-29 00:00:00.000 UTC,sushiv2_usdceth,1k-10k,0x397ff1542f962076d0bfe58ea045ffa2d347aca0,161,268616.4121734061,100164.41656966011,169223.3466368109
2025-09-29 00:00:00.000 UTC,uniswap_v3_0.01_ethusdc,0.5k-1k,0xe0554a476a092703abdb3ef35c80e0d76d32939f,8897,6475900.757015077,3687639.3208627417,2789080.0777251534
2025-09-29 00:00:00.000 UTC,uniswap_v3_0.01_ethusdc,100k+,0xe0554a476a092703abdb3ef35c80e0d76d32939f,480,170375213.20390397,84476528.82898746,85145741.53280032
2025-09-29 00:00:00.000 UTC,uniswap_v3_0.01_ethusdc,10k-100k,0xe0554a476a092703abdb3ef35c80e0d76d32939f,6138,113639980.36878957,54998202.00532568,58712569.34607904
2025-09-29 00:00:00.000 UTC,uniswap_v3_0.01_ethusdc,1k-10k,0xe0554a476a092703abdb3ef35c80e0d76d32939f,36903,137328204.49162954,69106798.12857687,68281883.16674787
2025-09-29 00:00:00.000 UTC,uniswap_v3_0.01_ethusdt,0.5k-1k,0xc7bbec68d12a0d1830360f8ec58fa599ba1b0e9b,9954,7311044.856085446,3833141.9977745824,3474464.735016165
2025-09-29 00:00:00.000 UTC,uniswap_v3_0.01_ethusdt,100k+,0xc7bbec68d12a0d1830360f8ec58fa599ba1b0e9b,887,386646973.2321803,193730100.84147424,191545281.7745333
2025-09-29 00:00:00.000 UTC,uniswap_v3_0.01_ethusdt,10k-100k,0xc7bbec68d12a0d1830360f8ec58fa599ba1b0e9b,19648,444931270.3544418,218399656.50571918,226482962.1793626
2025-09-29 00:00:00.000 UTC,uniswap_v3_0.01_ethusdt,1k-10k,0xc7bbec68d12a0d1830360f8ec58fa599ba1b0e9b,40112,160624875.99975598,82547183.28210083,78030913.5718842
2025-09-29 00:00:00.000 UTC,uniswap_v3_0.05_ethusdc,0.5k-1k,0x88e6a0c2ddd26feeb64f039a2c41296fcb3f5640,2303,1661484.497445426,944720.2625008471,717405.0324481678
2025-09-29 00:00:00.000 UTC,uniswap_v3_0.05_ethusdc,100k+,0x88e6a0c2ddd26feeb64f039a2c41296fcb3f5640,431,98457997.05005312,43795954.79082886,54845574.230647266
2025-09-29 00:00:00.000 UTC,uniswap_v3_0.05_ethusdc,10k-100k,0x88e6a0c2ddd26feeb64f039a2c41296fcb3f5640,8225,217905792.60655892,107495861.52098349,110589421.78055082
2025-09-29 00:00:00.000 UTC,uniswap_v3_0.05_ethusdc,1k-10k,0x88e6a0c2ddd26feeb64f039a2c41296fcb3f5640,8568,39291927.52820135,20374590.892460596,18939329.956691593
2025-09-29 00:00:00.000 UTC,uniswap_v3_0.05_ethusdt,0.5k-1k,0x11b815efb8f581194ae79006d24e0d814b7697f6,914,670222.0239023302,315418.9154387884,354718.78755010344
2025-09-29 00:00:00.000 UTC,uniswap_v3_0.05_ethusdt,100k+,0x11b815efb8f581194ae79006d24e0d814b7697f6,46,18430395.35542107,9150643.261426384,8789745.927528523
2025-09-29 00:00:00.000 UTC,uniswap_v3_0.05_ethusdt,10k-100k,0x11b815efb8f581194ae79006d24e0d814b7697f6,3647,66020610.375338525,32927638.477796882,33112802.83683931
2025-09-29 00:00:00.000 UTC,uniswap_v3_0.05_ethusdt,1k-10k,0x11b815efb8f581194ae79006d24e0d814b7697f6,8242,40330047.23901022,19695451.570874415,20638118.594257414
2025-09-29 00:00:00.000 UTC,uniswap_v3_0.3_ethusdc,0.5k-1k,0x8ad599c3a0ff1de082011efddc58f1908eb6e6d8,103,76654.5543523978,44475.84916558018,32278.3659991561
2025-09-29 00:00:00.000 UTC,uniswap_v3_0.3_ethusdc,100k+,0x8ad599c3a0ff1de082011efddc58f1908eb6e6d8,241,49686182.87810324,21027245.72305245,28814012.360137545
2025-09-29 00:00:00.000 UTC,uniswap_v3_0.3_ethusdc,10k-100k,0x8ad599c3a0ff1de082011efddc58f1908eb6e6d8,1439,52313362.11169911,24632179.815252516,27774164.192822058
2025-09-29 00:00:00.000 UTC,uniswap_v3_0.3_ethusdc,1k-10k,0x8ad599c3a0ff1de082011efddc58f1908eb6e6d8,513,2582305.2430387107,1469073.6340811902,1116423.4748334172
2025-09-29 00:00:00.000 UTC,uniswap_v3_0.3_ethusdt,0.5k-1k,0x4e68ccd3e89f51c3074ca5072bbac773960dfa36,363,265376.129541905,164739.6220340304,100808.78026319091
2025-09-29 00:00:00.000 UTC,uniswap_v3_0.3_ethusdt,100k+,0x4e68ccd3e89f51c3074ca5072bbac773960dfa36,1041,295264278.5214066,128485988.92643492,167248201.9743803
2025-09-29 00:00:00.000 UTC,uniswap_v3_0.3_ethusdt,10k-100k,0x4e68ccd3e89f51c3074ca5072bbac773960dfa36,1423,65390761.39172267,29352945.792013407,36103777.79370289
2025-09-29 00:00:00.000 UTC,uniswap_v3_0.3_ethusdt,1k-10k,0x4e68ccd3e89f51c3074ca5072bbac773960dfa36,644,2479277.6637260355,1445325.9765504822,1035437.4437010881
2025-09-29 00:00:00.000 UTC,uniswap_v3_1.0_ethusdc,0.5k-1k,0x7bea39867e4169dbe237d55c8242a8f2fcdcc387,41,28765.63718784498,6947.137406029465,21918.418181032994
2025-09-29 00:00:00.000 UTC,uniswap_v3_1.0_ethusdc,1k-10k,0x7bea39867e4169dbe237d55c8242a8f2fcdcc387,25,35967.22622721357,5197.896883834463,30962.30702960298
2025-10-06 00:00:00.000 UTC,curve_usdcwbtcweth,0.5k-1k,0x7f86bf177dd4f3494b841a37e810a34dd56c829b,356,278381.6250088835,108998.89267365992,111005.4790613383
2025-10-06 00:00:00.000 UTC,curve_usdcwbtcweth,100k+,0x7f86bf177dd4f3494b841a37e810a34dd56c829b,39,6702774.625323106,2713673.1856162455,3276269.6062698024
2025-10-06 00:00:00.000 UTC,curve_usdcwbtcweth,10k-100k,0x7f86bf177dd4f3494b841a37e810a34dd56c829b,1043,21223409.305977516,8725963.407425253,8255451.12327284
2025-10-06 00:00:00.000 UTC,curve_usdcwbtcweth,1k-10k,0x7f86bf177dd4f3494b841a37e810a34dd56c829b,7974,29832616.613389738,12506632.753859118,12047164.761881916
2025-10-06 00:00:00.000 UTC,curve_usdt,0.5k-1k,0xf5f5b97624542d72a9e06f04804bf81baa15e2b4,35,26612.109074946795,13283.30446916113,10982.045862959685
2025-10-06 00:00:00.000 UTC,curve_usdt,100k+,0xf5f5b97624542d72a9e06f04804bf81baa15e2b4,21,3671480.934169187,1592759.5512240233,1783657.4612557061
2025-10-06 00:00:00.000 UTC,curve_usdt,10k-100k,0xf5f5b97624542d72a9e06f04804bf81baa15e2b4,934,22457620.959354237,9982603.745857116,9458206.70733084
2025-10-06 00:00:00.000 UTC,curve_usdt,1k-10k,0xf5f5b97624542d72a9e06f04804bf81baa15e2b4,2190,10125960.68500304,4388785.120869378,4202178.984929455
2025-10-06 00:00:00.000 UTC,curve_usdtwbtcweth,0.5k-1k,0xd51a44d3fae010294c616388b506acda1bfaae46,236,180606.14999841552,52859.87025651126,100948.09918671055
2025-10-06 00:00:00.000 UTC,curve_usdtwbtcweth,100k+,0xd51a44d3fae010294c616388b506acda1bfaae46,9,1207018.0028439574,502611.8095558543,672105.1291499729
2025-10-06 00:00:00.000 UTC,curve_usdtwbtcweth,10k-100k,0xd51a44d3fae010294c616388b506acda1bfaae46,612,11818629.984479733,4922491.976388029,4663735.484186916
2025-10-06 00:00:00.000 UTC,curve_usdtwbtcweth,1k-10k,0xd51a44d3fae010294c616388b506acda1bfaae46,5698,21240010.065633994,8949145.892174264,8677474.997706832
2025-10-06 00:00:00.000 UTC,sushiv2_ethusdt,0.5k-1k,0x06da0fd433c1a5d7a4faa01111c044910a184553,356,255656.85436504375,127921.61940446154,127751.24001442523
2025-10-06 00:00:00.000 UTC,sushiv2_ethusdt,10k-100k,0x06da0fd433c1a5d7a4faa01111c044910a184553,26,787891.6938332467,408866.8469271931,345495.28296136594
2025-10-06 00:00:00.000 UTC,sushiv2_ethusdt,1k-10k,0x06da0fd433c1a5d7a4faa01111c044910a184553,328,722429.4141633916,369876.8403426895,349112.72199097613
2025-10-06 00:00:00.000 UTC,sushiv2_usdceth,0.5k-1k,0x397ff1542f962076d0bfe58ea045ffa2d347aca0,412,295878.78748833993,136988.53041248652,159237.11306032486
2025-10-06 00:00:00.000 UTC,sushiv2_usdceth,10k-100k,0x397ff1542f962076d0bfe58ea045ffa2d347aca0,51,1668693.2085897939,819350.9441675778,812340.5297368283
2025-10-06 00:00:00.000 UTC,sushiv2_usdceth,1k-10k,0x397ff1542f962076d0bfe58ea045ffa2d347aca0,506,1115868.4185141313,603448.3547390676,510805.90513819945
2025-10-06 00:00:00.000 UTC,uniswap_v3_0.01_ethusdc,0.5k-1k,0xe0554a476a092703abdb3ef35c80e0d76d32939f,10230,7535861.384582326,3957458.91352123,3576259.0762044834
2025-10-06 00:00:00.000 UTC,uniswap_v3_0.01_ethusdc,100k+,0xe0554a476a092703abdb3ef35c80e0d76d32939f,649,204218634.38835767,100554534.72832239,103859879.95383987
2025-10-06 00:00:00.000 UTC,uniswap_v3_0.01_ethusdc,10k-100k,0xe0554a476a092703abdb3ef35c80e0d76d32939f,8884,176374745.68420663,87701588.39287147,88576812.85881193
2025-10-06 00:00:00.000 UTC,uniswap_v3_0.01_ethusdc,1k-10k,0xe0554a476a092703abdb3ef35c80e0d76d32939f,45759,171225087.2612887,86669658.40362376,84571475.12601219
2025-10-06 00:00:00.000 UTC,uniswap_v3_0.01_ethusdt,0.5k-1k,0xc7bbec68d12a0d1830360f8ec58fa599ba1b0e9b,10986,8125061.597282222,4043012.130793905,4074362.3241725387
2025-10-06 00:00:00.000 UTC,uniswap_v3_0.01_ethusdt,100k+,0xc7bbec68d12a0d1830360f8ec58fa599ba1b0e9b,1516,524427164.3103671,264252942.87179446,255908731.7455107
2025-10-06 00:00:00.000 UTC,uniswap_v3_0.01_ethusdt,10k-100k,0xc7bbec68d12a0d1830360f8ec58fa599ba1b0e9b,30683,748912780.6941373,371721899.4462713,376536391.3373331
2025-10-06 00:00:00.000 UTC,uniswap_v3_0.01_ethusdt,1k-10k,0xc7bbec68d12a0d1830360f8ec58fa599ba1b0e9b,49862,202419879.5167485,102296330.41454673,99951853.8641836
2025-10-06 00:00:00.000 UTC,uniswap_v3_0.05_ethusdc,0.5k-1k,0x88e6a0c2ddd26feeb64f039a2c41296fcb3f5640,3224,2374844.0392268607,1240685.7809057045,1133574.322237769
2025-10-06 00:00:00.000 UTC,uniswap_v3_0.05_ethusdc,100k+,0x88e6a0c2ddd26feeb64f039a2c41296fcb3f5640,1017,243798772.64988807,117099634.08041592,125533184.24578282
2025-10-06 00:00:00.000 UTC,uniswap_v3_0.05_ethusdc,10k-100k,0x88e6a0c2ddd26feeb64f039a2c41296fcb3f5640,13808,396405150.3572973,196622199.33600742,199575885.3505768
2025-10-06 00:00:00.000 UTC,uniswap_v3_0.05_ethusdc,1k-10k,0x88e6a0c2ddd26feeb64f039a2c41296fcb3f5640,12567,56630238.39462059,28252722.374868967,28365284.097996224
2025-10-06 00:00:00.000 UTC,uniswap_v3_0.05_ethusdt,0.5k-1k,0x11b815efb8f581194ae79006d24e0d814b7697f6,983,723279.8469831558,306941.84954444924,415511.17744658026
2025-10-06 00:00:00.000 UTC,uniswap_v3_0.05_ethusdt,100k+,0x11b815efb8f581194ae79006d24e0d814b7697f6,92,13457372.798786793,6710306.711436776,6565953.922089661
2025-10-06 00:00:00.000 UTC,uniswap_v3_0.05_ethusdt,10k-100k,0x11b815efb8f581194ae79006d24e0d814b7697f6,6741,134094593.60072583,68507094.7311813,65413094.5577087
2025-10-06 00:00:00.000 UTC,uniswap_v3_0.05_ethusdt,1k-10k,0x11b815efb8f581194ae79006d24e0d814b7697f6,10385,51333382.09405113,25444300.250096023,25859159.01952342
2025-10-06 00:00:00.000 UTC,uniswap_v3_0.3_ethusdc,0.5k-1k,0x8ad599c3a0ff1de082011efddc58f1908eb6e6d8,167,126685.38425909527,55872.91026129043,70840.1124193818
2025-10-06 00:00:00.000 UTC,uniswap_v3_0.3_ethusdc,100k+,0x8ad599c3a0ff1de082011efddc58f1908eb6e6d8,648,165020119.89535028,87527530.65834358,76458854.47077627
2025-10-06 00:00:00.000 UTC,uniswap_v3_0.3_ethusdc,10k-100k,0x8ad599c3a0ff1de082011efddc58f1908eb6e6d8,2585,102121783.00330764,50516627.622373655,51584706.6148233
2025-10-06 00:00:00.000 UTC,uniswap_v3_0.3_ethusdc,1k-10k,0x8ad599c3a0ff1de082011efddc58f1908eb6e6d8,812,3973986.668534305,1842863.2718979018,2134100.8611973096
2025-10-06 00:00:00.000 UTC,uniswap_v3_0.3_ethusdt,0.5k-1k,0x4e68ccd3e89f51c3074ca5072bbac773960dfa36,513,364686.6035836767,204377.42251518025,160470.46563329245
2025-10-06 00:00:00.000 UTC,uniswap_v3_0.3_ethusdt,100k+,0x4e68ccd3e89f51c3074ca5072bbac773960dfa36,2156,704532856.3569169,380302500.79613054,321895338.544663
2025-10-06 00:00:00.000 UTC,uniswap_v3_0.3_ethusdt,10k-100k,0x4e68ccd3e89f51c3074ca5072bbac773960dfa36,2600,124952900.62395246,59392567.18936313,65443964.26818751
2025-10-06 00:00:00.000 UTC,uniswap_v3_0.3_ethusdt,1k-10k,0x4e68ccd3e89f51c3074ca5072bbac773960dfa36,1016,4042361.727966553,2353527.6006899416,1683952.5660284548
2025-10-06 00:00:00.000 UTC,uniswap_v3_1.0_ethusdc,0.5k-1k,0x7bea39867e4169dbe237d55c8242a8f2fcdcc387,74,53511.57787667963,34992.4120787201,18591.925536658724
2025-10-06 00:00:00.000 UTC,uniswap_v3_1.0_ethusdc,10k-100k,0x7bea39867e4169dbe237d55c8242a8f2fcdcc387,16,339657.58627522754,128428.84009203555,203966.1082421404
2025-10-06 00:00:00.000 UTC,uniswap_v3_1.0_ethusdc,1k-10k,0x7bea39867e4169dbe237d55c8242a8f2fcdcc387,104,260500.17412245658,178462.1490829719,80998.78151752718
2025-10-13 00:00:00.000 UTC,curve_usdcwbtcweth,0.5k-1k,0x7f86bf177dd4f3494b841a37e810a34dd56c829b,537,416021.0887017644,168478.1158652907,164961.16714847495
2025-10-13 00:00:00.000 UTC,curve_usdcwbtcweth,100k+,0x7f86bf177dd4f3494b841a37e810a34dd56c829b,4,464083.40254882036,153239.3012573206,53.41534847476943
2025-10-13 00:00:00.000 UTC,curve_usdcwbtcweth,10k-100k,0x7f86bf177dd4f3494b841a37e810a34dd56c829b,1388,26553801.914394885,11736492.586041715,12075673.047918342
2025-10-13 00:00:00.000 UTC,curve_usdcwbtcweth,1k-10k,0x7f86bf177dd4f3494b841a37e810a34dd56c829b,11462,42279477.73024731,17750797.724520892,17399126.225827903
2025-10-13 00:00:00.000 UTC,curve_usdt,0.5k-1k,0xf5f5b97624542d72a9e06f04804bf81baa15e2b4,85,66579.45084941923,25455.275538876136,21294.91401622305
2025-10-13 00:00:00.000 UTC,curve_usdt,100k+,0xf5f5b97624542d72a9e06f04804bf81baa15e2b4,17,1823941.6681155479,1495191.96352615,326029.95285982
2025-10-13 00:00:00.000 UTC,curve_usdt,10k-100k,0xf5f5b97624542d72a9e06f04804bf81baa15e2b4,2067,46830867.7378644,19734620.55882625,22319421.73417572
2025-10-13 00:00:00.000 UTC,curve_usdt,1k-10k,0xf5f5b97624542d72a9e06f04804bf81baa15e2b4,4912,22216492.629591793,10588260.432997966,8819830.908728475
2025-10-13 00:00:00.000 UTC,curve_usdtwbtcweth,0.5k-1k,0xd51a44d3fae010294c616388b506acda1bfaae46,266,208852.32660371275,75080.49268382188,99838.50052118699
2025-10-13 00:00:00.000 UTC,curve_usdtwbtcweth,10k-100k,0xd51a44d3fae010294c616388b506acda1bfaae46,663,11820852.494270964,5301208.81682187,5547352.7092675865
2025-10-13 00:00:00.000 UTC,curve_usdtwbtcweth,1k-10k,0xd51a44d3fae010294c616388b506acda1bfaae46,6992,24723170.572002117,10673629.682809142,10237509.32937568
2025-10-13 00:00:00.000 UTC,sushiv2_ethusdt,0.5k-1k,0x06da0fd433c1a5d7a4faa01111c044910a184553,412,289207.99279352743,138666.57539108678,150929.8941856344
2025-10-13 00:00:00.000 UTC,sushiv2_ethusdt,1k-10k,0x06da0fd433c1a5d7a4faa01111c044910a184553,300,474247.44996637595,242148.762088346,233124.01920982334
2025-10-13 00:00:00.000 UTC,sushiv2_usdceth,0.5k-1k,0x397ff1542f962076d0bfe58ea045ffa2d347aca0,429,305952.42701583385,158347.97984665833,148047.3687191094
2025-10-13 00:00:00.000 UTC,sushiv2_usdceth,10k-100k,0x397ff1542f962076d0bfe58ea045ffa2d347aca0,3,62474.296838001545,24208.14388772372,37868.339115610455
2025-10-13 00:00:00.000 UTC,sushiv2_usdceth,1k-10k,0x397ff1542f962076d0bfe58ea045ffa2d347aca0,491,837019.314147464,426406.47703456564,412754.6616931136
2025-10-13 00:00:00.000 UTC,uniswap_v3_0.01_ethusdc,0.5k-1k,0xe0554a476a092703abdb3ef35c80e0d76d32939f,11212,8167556.33477582,4411779.334275074,3751703.0144864214
2025-10-13 00:00:00.000 UTC,uniswap_v3_0.01_ethusdc,100k+,0xe0554a476a092703abdb3ef35c80e0d76d32939f,464,137386048.30816776,68530166.21060824,68744012.86320697
2025-10-13 00:00:00.000 UTC,uniswap_v3_0.01_ethusdc,10k-100k,0xe0554a476a092703abdb3ef35c80e0d76d32939f,6046,116951424.74610418,57548586.996625975,59405646.571112074
2025-10-13 00:00:00.000 UTC,uniswap_v3_0.01_ethusdc,1k-10k,0xe0554a476a092703abdb3ef35c80e0d76d32939f,45328,162263712.50779894,81856944.40936051,80413194.0054061
2025-10-13 00:00:00.000 UTC,uniswap_v3_0.01_ethusdt,0.5k-1k,0xc7bbec68d12a0d1830360f8ec58fa599ba1b0e9b,11905,8814061.77054484,4618139.1444198,4186839.619291141
2025-10-13 00:00:00.000 UTC,uniswap_v3_0.01_ethusdt,100k+,0xc7bbec68d12a0d1830360f8ec58fa599ba1b0e9b,1049,341284525.44550586,172853022.04101032,167492723.9474666
2025-10-13 00:00:00.000 UTC,uniswap_v3_0.01_ethusdt,10k-100k,0xc7bbec68d12a0d1830360f8ec58fa599ba1b0e9b,25505,581031405.2075176,288268133.8446603,292536318.68452394
2025-10-13 00:00:00.000 UTC,uniswap_v3_0.01_ethusdt,1k-10k,0xc7bbec68d12a0d1830360f8ec58fa599ba1b0e9b,52561,217958387.16483375,110311392.98217952,107501242.92309491
2025-10-13 00:00:00.000 UTC,uniswap_v3_0.05_ethusdc,0.5k-1k,0x88e6a0c2ddd26feeb64f039a2c41296fcb3f5640,2550,1822616.3141352097,996771.3683193806,825276.0989472681
2025-10-13 00:00:00.000 UTC,uniswap_v3_0.05_ethusdc,100k+,0x88e6a0c2ddd26feeb64f039a2c41296fcb3f5640,760,193026498.53980157,90378300.4716647,102824816.19476058
2025-10-13 00:00:00.000 UTC,uniswap_v3_0.05_ethusdc,10k-100k,0x88e6a0c2ddd26feeb64f039a2c41296fcb3f5640,12342,340260227.3580844,171133797.818024,169271102.87624037
2025-10-13 00:00:00.000 UTC,uniswap_v3_0.05_ethusdc,1k-10k,0x88e6a0c2ddd26feeb64f039a2c41296fcb3f5640,12479,58950626.38280982,30327908.241814308,28628687.81022957
2025-10-13 00:00:00.000 UTC,uniswap_v3_0.05_ethusdt,0.5k-1k,0x11b815efb8f581194ae79006d24e0d814b7697f6,1049,762876.9085478904,373871.461463921,388384.7627200932
2025-10-13 00:00:00.000 UTC,uniswap_v3_0.05_ethusdt,100k+,0x11b815efb8f581194ae79006d24e0d814b7697f6,1,175672.23537500002,175437.5,42.47409264876713
2025-10-13 00:00:00.000 UTC,uniswap_v3_0.05_ethusdt,10k-100k,0x11b815efb8f581194ae79006d24e0d814b7697f6,4628,74136522.82902724,37582361.54034694,36556570.57722902
2025-10-13 00:00:00.000 UTC,uniswap_v3_0.05_ethusdt,1k-10k,0x11b815efb8f581194ae79006d24e0d814b7697f6,12539,55105750.59246182,27787269.647787493,27306064.041475486
2025-10-13 00:00:00.000 UTC,uniswap_v3_0.3_ethusdc,0.5k-1k,0x8ad599c3a0ff1de082011efddc58f1908eb6e6d8,81,58055.10706750821,28911.594581389145,29208.502259654782
2025-10-13 00:00:00.000 UTC,uniswap_v3_0.3_ethusdc,100k+,0x8ad599c3a0ff1de082011efddc58f1908eb6e6d8,652,124407828.5469591,61182612.96152129,63545927.791124664
2025-10-13 00:00:00.000 UTC,uniswap_v3_0.3_ethusdc,10k-100k,0x8ad599c3a0ff1de082011efddc58f1908eb6e6d8,2466,99410292.44255352,53003599.81997216,46562341.98025804
2025-10-13 00:00:00.000 UTC,uniswap_v3_0.3_ethusdc,1k-10k,0x8ad599c3a0ff1de082011efddc58f1908eb6e6d8,617,3417710.7242844785,2026186.764131755,1394741.3154982463
2025-10-13 00:00:00.000 UTC,uniswap_v3_0.3_ethusdt,0.5k-1k,0x4e68ccd3e89f51c3074ca5072bbac773960dfa36,300,203830.8969271685,111613.02345969481,92337.34402678069
2025-10-13 00:00:00.000 UTC,uniswap_v3_0.3_ethusdt,100k+,0x4e68ccd3e89f51c3074ca5072bbac773960dfa36,1548,418336508.40117025,211825445.79554856,207232226.73698264
2025-10-13 00:00:00.000 UTC,uniswap_v3_0.3_ethusdt,10k-100k,0x4e68ccd3e89f51c3074ca5072bbac773960dfa36,2502,114476165.19823891,61410765.24532308,53170008.54353333
2025-10-13 00:00:00.000 UTC,uniswap_v3_0.3_ethusdt,1k-10k,0x4e68ccd3e89f51c3074ca5072bbac773960dfa36,610,2674490.703251994,1604521.962329827,1070629.5407710765
2025-10-13 00:00:00.000 UTC,uniswap_v3_1.0_ethusdc,0.5k-1k,0x7bea39867e4169dbe237d55c8242a8f2fcdcc387,99,68506.44490470667,38124.16599691344,30554.096594874798
2025-10-13 00:00:00.000 UTC,uniswap_v3_1.0_ethusdc,1k-10k,0x7bea39867e4169dbe237d55c8242a8f2fcdcc387,68,100075.53069108255,48373.95247983464,52146.14140353186
2025-10-20 00:00:00.000 UTC,curve_usdcwbtcweth,0.5k-1k,0x7f86bf177dd4f3494b841a37e810a34dd56c829b,683,559965.0375868567,205843.66906080695,280860.4197956612
2025-10-20 00:00:00.000 UTC,curve_usdcwbtcweth,10k-100k,0x7f86bf177dd4f3494b841a37e810a34dd56c829b,409,7270160.37099542,3395082.2706793644,3165701.996096545
2025-10-20 00:00:00.000 UTC,curve_usdcwbtcweth,1k-10k,0x7f86bf177dd4f3494b841a37e810a34dd56c829b,7416,21614578.153502706,9092818.168698516,9476604.17909284
2025-10-20 00:00:00.000 UTC,curve_usdt,0.5k-1k,0xf5f5b97624542d72a9e06f04804bf81baa15e2b4,46,38170.83568386561,13551.350922724127,19966.817129238472
2025-10-20 00:00:00.000 UTC,curve_usdt,10k-100k,0xf5f5b97624542d72a9e06f04804bf81baa15e2b4,351,6821467.335243882,3165632.4841499235,3006225.556547388
2025-10-20 00:00:00.000 UTC,curve_usdt,1k-10k,0xf5f5b97624542d72a9e06f04804bf81baa15e2b4,1934,7248561.808188945,2882518.9594209455,3420336.730764348
2025-10-20 00:00:00.000 UTC,curve_usdtwbtcweth,0.5k-1k,0xd51a44d3fae010294c616388b506acda1bfaae46,320,258593.7468206981,90555.66303479882,125907.24433324089
2025-10-20 00:00:00.000 UTC,curve_usdtwbtcweth,10k-100k,0xd51a44d3fae010294c616388b506acda1bfaae46,212,3559478.0131891626,1677391.6749453365,1600188.8846781675
2025-10-20 00:00:00.000 UTC,curve_usdtwbtcweth,1k-10k,0xd51a44d3fae010294c616388b506acda1bfaae46,5172,14292494.93234714,5967587.316733764,6168352.607199231
2025-10-20 00:00:00.000 UTC,sushiv2_ethusdt,0.5k-1k,0x06da0fd433c1a5d7a4faa01111c044910a184553,230,159166.36016607325,70500.30035084387,88928.66483964978
2025-10-20 00:00:00.000 UTC,sushiv2_ethusdt,1k-10k,0x06da0fd433c1a5d7a4faa01111c044910a184553,116,184003.21648451488,97801.85187467346,86528.87075060057
2025-10-20 00:00:00.000 UTC,sushiv2_usdceth,0.5k-1k,0x397ff1542f962076d0bfe58ea045ffa2d347aca0,336,232351.44718646514,113525.8355465088,119211.12235966943
2025-10-20 00:00:00.000 UTC,sushiv2_usdceth,1k-10k,0x397ff1542f962076d0bfe58ea045ffa2d347aca0,220,364399.73995019105,170511.3443176767,194994.38689688902
2025-10-20 00:00:00.000 UTC,uniswap_v3_0.01_ethusdc,0.5k-1k,0xe0554a476a092703abdb3ef35c80e0d76d32939f,10580,7721832.957094163,4102095.7554739774,3618478.4390860624
2025-10-20 00:00:00.000 UTC,uniswap_v3_0.01_ethusdc,100k+,0xe0554a476a092703abdb3ef35c80e0d76d32939f,410,160342470.28960842,77416348.76399308,79061753.15124118
2025-10-20 00:00:00.000 UTC,uniswap_v3_0.01_ethusdc,10k-100k,0xe0554a476a092703abdb3ef35c80e0d76d32939f,3141,63552169.80599257,31396676.51576671,32183996.567871835
2025-10-20 00:00:00.000 UTC,uniswap_v3_0.01_ethusdc,1k-10k,0xe0554a476a092703abdb3ef35c80e0d76d32939f,38748,126252534.26008682,62584803.70908066,63709044.62520999
2025-10-20 00:00:00.000 UTC,uniswap_v3_0.01_ethusdt,0.5k-1k,0xc7bbec68d12a0d1830360f8ec58fa599ba1b0e9b,11936,8763991.47249789,4908103.520594436,3851585.735274418
2025-10-20 00:00:00.000 UTC,uniswap_v3_0.01_ethusdt,100k+,0xc7bbec68d12a0d1830360f8ec58fa599ba1b0e9b,968,328077889.6049463,165175903.58009288,159886464.7564333
2025-10-20 00:00:00.000 UTC,uniswap_v3_0.01_ethusdt,10k-100k,0xc7bbec68d12a0d1830360f8ec58fa599ba1b0e9b,13952,296019478.21454006,147603509.01398048,148439303.35233474
2025-10-20 00:00:00.000 UTC,uniswap_v3_0.01_ethusdt,1k-10k,0xc7bbec68d12a0d1830360f8ec58fa599ba1b0e9b,48262,187356620.0943664,92304393.25185707,95019796.8613347
2025-10-20 00:00:00.000 UTC,uniswap_v3_0.05_ethusdc,0.5k-1k,0x88e6a0c2ddd26feeb64f039a2c41296fcb3f5640,1740,1253211.616999785,651851.2151510929,601293.2750890462
2025-10-20 00:00:00.000 UTC,uniswap_v3_0.05_ethusdc,100k+,0x88e6a0c2ddd26feeb64f039a2c41296fcb3f5640,311,60303394.66184878,31365032.254874837,28997309.576205447
2025-10-20 00:00:00.000 UTC,uniswap_v3_0.05_ethusdc,10k-100k,0x88e6a0c2ddd26feeb64f039a2c41296fcb3f5640,8313,222028001.73846385,108707290.28115022,113469998.02369146
2025-10-20 00:00:00.000 UTC,uniswap_v3_0.05_ethusdc,1k-10k,0x88e6a0c2ddd26feeb64f039a2c41296fcb3f5640,9698,45549848.10164687,22986607.47650809,22581689.720541485
2025-10-20 00:00:00.000 UTC,uniswap_v3_0.05_ethusdt,0.5k-1k,0x11b815efb8f581194ae79006d24e0d814b7697f6,900,669871.2455522044,311479.7238030103,358223.27763446217
2025-10-20 00:00:00.000 UTC,uniswap_v3_0.05_ethusdt,100k+,0x11b815efb8f581194ae79006d24e0d814b7697f6,3,361243.34059562953,211806.53560931582,150289.08325200074
2025-10-20 00:00:00.000 UTC,uniswap_v3_0.05_ethusdt,10k-100k,0x11b815efb8f581194ae79006d24e0d814b7697f6,1711,27796985.069145735,13036346.191935306,14777903.679811317
2025-10-20 00:00:00.000 UTC,uniswap_v3_0.05_ethusdt,1k-10k,0x11b815efb8f581194ae79006d24e0d814b7697f6,10434,39997556.65775741,20905292.30591745,19101640.67174948
2025-10-20 00:00:00.000 UTC,uniswap_v3_0.3_ethusdc,0.5k-1k,0x8ad599c3a0ff1de082011efddc58f1908eb6e6d8,113,85256.20117980614,34618.09209533617,50779.21409278346
2025-10-20 00:00:00.000 UTC,uniswap_v3_0.3_ethusdc,100k+,0x8ad599c3a0ff1de082011efddc58f1908eb6e6d8,446,88953546.96224347,43561774.31852475,45628844.6490552
2025-10-20 00:00:00.000 UTC,uniswap_v3_0.3_ethusdc,10k-100k,0x8ad599c3a0ff1de082011efddc58f1908eb6e6d8,1671,64879867.11218339,31263453.22538607,33720006.231531605
2025-10-20 00:00:00.000 UTC,uniswap_v3_0.3_ethusdc,1k-10k,0x8ad599c3a0ff1de082011efddc58f1908eb6e6d8,615,3099236.3080545785,1511740.1386857163,1591529.1400647715
2025-10-20 00:00:00.000 UTC,uniswap_v3_0.3_ethusdt,0.5k-1k,0x4e68ccd3e89f51c3074ca5072bbac773960dfa36,264,187807.02538046107,98309.49397797025,89678.81574926022
2025-10-20 00:00:00.000 UTC,uniswap_v3_0.3_ethusdt,100k+,0x4e68ccd3e89f51c3074ca5072bbac773960dfa36,867,238203129.3111766,111880859.47357032,126931087.62152022
2025-10-20 00:00:00.000 UTC,uniswap_v3_0.3_ethusdt,10k-100k,0x4e68ccd3e89f51c3074ca5072bbac773960dfa36,1766,74221446.87558974,35663807.49626896,38652890.16368502
2025-10-20 00:00:00.000 UTC,uniswap_v3_0.3_ethusdt,1k-10k,0x4e68ccd3e89f51c3074ca5072bbac773960dfa36,583,2620525.5279694013,1423100.4900805561,1199456.0776632312
2025-10-20 00:00:00.000 UTC,uniswap_v3_1.0_ethusdc,0.5k-1k,0x7bea39867e4169dbe237d55c8242a8f2fcdcc387,58,40662.49490261344,17654.101561589203,23129.23507822771
2025-10-20 00:00:00.000 UTC,uniswap_v3_1.0_ethusdc,10k-100k,0x7bea39867e4169dbe237d55c8242a8f2fcdcc387,2,33838.80799529746,33832.647332,8.602389303406285
2025-10-20 00:00:00.000 UTC,uniswap_v3_1.0_ethusdc,1k-10k,0x7bea39867e4169dbe237d55c8242a8f2fcdcc387,54,107594.6792216277,72564.83710349604,35262.76807742375
2025-10-27 00:00:00.000 UTC,curve_usdcwbtcweth,0.5k-1k,0x7f86bf177dd4f3494b841a37e810a34dd56c829b,587,481565.0174372612,175776.76213497634,225181.57660069305
2025-10-27 00:00:00.000 UTC,curve_usdcwbtcweth,10k-100k,0x7f86bf177dd4f3494b841a37e810a34dd56c829b,409,6942085.794238444,3216349.4610596094,3073224.684161821
2025-10-27 00:00:00.000 UTC,curve_usdcwbtcweth,1k-10k,0x7f86bf177dd4f3494b841a37e810a34dd56c829b,6945,20771293.7839537,8755570.479277326,8653133.402586348
2025-10-27 00:00:00.000 UTC,curve_usdt,0.5k-1k,0xf5f5b97624542d72a9e06f04804bf81baa15e2b4,57,46173.04349756925,19660.76286276096,18485.830126273657
2025-10-27 00:00:00.000 UTC,curve_usdt,100k+,0xf5f5b97624542d72a9e06f04804bf81baa15e2b4,1,107762.76527973429,107763.088569,28.0833084
2025-10-27 00:00:00.000 UTC,curve_usdt,10k-100k,0xf5f5b97624542d72a9e06f04804bf81baa15e2b4,547,11378716.028800903,5359851.215746516,4985589.709375599
2025-10-27 00:00:00.000 UTC,curve_usdt,1k-10k,0xf5f5b97624542d72a9e06f04804bf81baa15e2b4,2481,9673220.110468738,4156109.811212058,4388921.600120821
2025-10-27 00:00:00.000 UTC,curve_usdtwbtcweth,0.5k-1k,0xd51a44d3fae010294c616388b506acda1bfaae46,326,258349.6958501336,96265.9938119112,103953.80734413539
2025-10-27 00:00:00.000 UTC,curve_usdtwbtcweth,10k-100k,0xd51a44d3fae010294c616388b506acda1bfaae46,257,4203317.332186954,1818910.6318829136,1804310.183298172
2025-10-27 00:00:00.000 UTC,curve_usdtwbtcweth,1k-10k,0xd51a44d3fae010294c616388b506acda1bfaae46,5434,16241763.342717467,6718566.905344188,6554990.8575274665
2025-10-27 00:00:00.000 UTC,sushiv2_ethusdt,0.5k-1k,0x06da0fd433c1a5d7a4faa01111c044910a184553,250,173450.7710839626,94354.51789840416,79289.8627251359
2025-10-27 00:00:00.000 UTC,sushiv2_ethusdt,1k-10k,0x06da0fd433c1a5d7a4faa01111c044910a184553,110,176326.92718040055,103540.16799341746,73083.90752598671
2025-10-27 00:00:00.000 UTC,sushiv2_usdceth,0.5k-1k,0x397ff1542f962076d0bfe58ea045ffa2d347aca0,309,218701.40880989717,104046.8399505714,114920.98100351842
2025-10-27 00:00:00.000 UTC,sushiv2_usdceth,10k-100k,0x397ff1542f962076d0bfe58ea045ffa2d347aca0,1,12721.002272343478,12720.239058,3.226812698282316
2025-10-27 00:00:00.000 UTC,sushiv2_usdceth,1k-10k,0x397ff1542f962076d0bfe58ea045ffa2d347aca0,213,328889.8929212023,192313.94882467092,136989.80323112023
2025-10-27 00:00:00.000 UTC,uniswap_v3_0.01_ethusdc,0.5k-1k,0xe0554a476a092703abdb3ef35c80e0d76d32939f,10112,7384095.344459554,4035338.1131148874,3344963.8618837153
2025-10-27 00:00:00.000 UTC,uniswap_v3_0.01_ethusdc,100k+,0xe0554a476a092703abdb3ef35c80e0d76d32939f,398,138769254.2856483,69121782.77701439,68298126.42075044
2025-10-27 00:00:00.000 UTC,uniswap_v3_0.01_ethusdc,10k-100k,0xe0554a476a092703abdb3ef35c80e0d76d32939f,3784,68837616.5598042,34696281.63161797,34113754.08649129
2025-10-27 00:00:00.000 UTC,uniswap_v3_0.01_ethusdc,1k-10k,0xe0554a476a092703abdb3ef35c80e0d76d32939f,38660,130212435.71873838,64264766.94197636,65934167.869127624
2025-10-27 00:00:00.000 UTC,uniswap_v3_0.01_ethusdt,0.5k-1k,0xc7bbec68d12a0d1830360f8ec58fa599ba1b0e9b,11677,8503317.967817044,4619068.21583249,3879559.8128963136
2025-10-27 00:00:00.000 UTC,uniswap_v3_0.01_ethusdt,100k+,0xc7bbec68d12a0d1830360f8ec58fa599ba1b0e9b,1007,388806003.5545551,196862443.2187925,190351398.57453457
2025-10-27 00:00:00.000 UTC,uniswap_v3_0.01_ethusdt,10k-100k,0xc7bbec68d12a0d1830360f8ec58fa599ba1b0e9b,15209,328996184.7036564,162364772.85643563,166557838.63170195
2025-10-27 00:00:00.000 UTC,uniswap_v3_0.01_ethusdt,1k-10k,0xc7bbec68d12a0d1830360f8ec58fa599ba1b0e9b,46349,185291399.90763068,93563297.92388815,91690987.38408774
2025-10-27 00:00:00.000 UTC,uniswap_v3_0.05_ethusdc,0.5k-1k,0x88e6a0c2ddd26feeb64f039a2c41296fcb3f5640,1865,1326056.8643956073,694872.2908716274,630594.1198004455
2025-10-27 00:00:00.000 UTC,uniswap_v3_0.05_ethusdc,100k+,0x88e6a0c2ddd26feeb64f039a2c41296fcb3f5640,244,48820868.45344372,26293482.331533954,22515541.67601297
2025-10-27 00:00:00.000 UTC,uniswap_v3_0.05_ethusdc,10k-100k,0x88e6a0c2ddd26feeb64f039a2c41296fcb3f5640,8095,209463257.30797172,104393969.72195749,105085149.89299628
2025-10-27 00:00:00.000 UTC,uniswap_v3_0.05_ethusdc,1k-10k,0x88e6a0c2ddd26feeb64f039a2c41296fcb3f5640,9736,45594409.56934729,22682384.431337617,22913720.370993398
2025-10-27 00:00:00.000 UTC,uniswap_v3_0.05_ethusdt,0.5k-1k,0x11b815efb8f581194ae79006d24e0d814b7697f6,900,679792.1325867448,347341.67687142955,332244.11422448006
2025-10-27 00:00:00.000 UTC,uniswap_v3_0.05_ethusdt,100k+,0x11b815efb8f581194ae79006d24e0d814b7697f6,25,5554232.9384244615,3080398.5046294155,2464951.3667704654
2025-10-27 00:00:00.000 UTC,uniswap_v3_0.05_ethusdt,10k-100k,0x11b815efb8f581194ae79006d24e0d814b7697f6,2218,38688304.50588818,18525338.82000421,20161344.50785049
2025-10-27 00:00:00.000 UTC,uniswap_v3_0.05_ethusdt,1k-10k,0x11b815efb8f581194ae79006d24e0d814b7697f6,10297,41126557.35235229,21723641.1320709,19402178.188656602
2025-10-27 00:00:00.000 UTC,uniswap_v3_0.3_ethusdc,0.5k-1k,0x8ad599c3a0ff1de082011efddc58f1908eb6e6d8,102,73182.67378453632,35557.09960845051,37690.64287311058
2025-10-27 00:00:00.000 UTC,uniswap_v3_0.3_ethusdc,100k+,0x8ad599c3a0ff1de082011efddc58f1908eb6e6d8,581,136604404.12135923,78112272.94118363,58651413.12195131
2025-10-27 00:00:00.000 UTC,uniswap_v3_0.3_ethusdc,10k-100k,0x8ad599c3a0ff1de082011efddc58f1908eb6e6d8,1729,69518779.05463883,32365042.388408467,37227857.89619431
2025-10-27 00:00:00.000 UTC,uniswap_v3_0.3_ethusdc,1k-10k,0x8ad599c3a0ff1de082011efddc58f1908eb6e6d8,511,2668237.6132400692,1346351.909467683,1324274.329348903
2025-10-27 00:00:00.000 UTC,uniswap_v3_0.3_ethusdt,0.5k-1k,0x4e68ccd3e89f51c3074ca5072bbac773960dfa36,267,183047.1499945228,86314.2747739041,96933.48040098732
2025-10-27 00:00:00.000 UTC,uniswap_v3_0.3_ethusdt,100k+,0x4e68ccd3e89f51c3074ca5072bbac773960dfa36,905,245482981.1382604,138480434.21260104,107264832.68890399
2025-10-27 00:00:00.000 UTC,uniswap_v3_0.3_ethusdt,10k-100k,0x4e68ccd3e89f51c3074ca5072bbac773960dfa36,1768,76451721.99757461,36017879.77295467,40505711.71734369
2025-10-27 00:00:00.000 UTC,uniswap_v3_0.3_ethusdt,1k-10k,0x4e68ccd3e89f51c3074ca5072bbac773960dfa36,526,2487127.7809168785,1356517.9044737765,1132467.468296311
2025-10-27 00:00:00.000 UTC,uniswap_v3_1.0_ethusdc,0.5k-1k,0x7bea39867e4169dbe237d55c8242a8f2fcdcc387,40,27017.03104312076,14929.408200649466,12123.13347587731
2025-10-27 00:00:00.000 UTC,uniswap_v3_1.0_ethusdc,1k-10k,0x7bea39867e4169dbe237d55c8242a8f2fcdcc387,26,34218.23123372244,32078.073415816016,2132.0257085075377
2025-11-03 00:00:00.000 UTC,curve_usdcwbtcweth,0.5k-1k,0x7f86bf177dd4f3494b841a37e810a34dd56c829b,665,527630.5015192743,208028.7949637078,240826.99909981058
2025-11-03 00:00:00.000 UTC,curve_usdcwbtcweth,100k+,0x7f86bf177dd4f3494b841a37e810a34dd56c829b,5,1021899.5864066563,556757.6513122501,443013.72286869196
2025-11-03 00:00:00.000 UTC,curve_usdcwbtcweth,10k-100k,0x7f86bf177dd4f3494b841a37e810a34dd56c829b,817,15774341.801693087,6917882.414882584,7202701.078306305
2025-11-03 00:00:00.000 UTC,curve_usdcwbtcweth,1k-10k,0x7f86bf177dd4f3494b841a37e810a34dd56c829b,8317,28926522.42928483,12664050.091263087,12125360.8344244
2025-11-03 00:00:00.000 UTC,curve_usdt,0.5k-1k,0xf5f5b97624542d72a9e06f04804bf81baa15e2b4,58,48609.55228360244,13279.413376462178,28403.184228084112
2025-11-03 00:00:00.000 UTC,curve_usdt,100k+,0xf5f5b97624542d72a9e06f04804bf81baa15e2b4,1,102023.38060187765,101951.504791,29.834908182377468
2025-11-03 00:00:00.000 UTC,curve_usdt,10k-100k,0xf5f5b97624542d72a9e06f04804bf81baa15e2b4,433,8963735.484820329,3880466.728139613,4055270.7826171382
2025-11-03 00:00:00.000 UTC,curve_usdt,1k-10k,0xf5f5b97624542d72a9e06f04804bf81baa15e2b4,1774,7021758.461036323,3285422.2512482037,2788234.7501576543
2025-11-03 00:00:00.000 UTC,curve_usdtwbtcweth,0.5k-1k,0xd51a44d3fae010294c616388b506acda1bfaae46,249,193666.13822125306,58058.5863683142,89706.46561742821
2025-11-03 00:00:00.000 UTC,curve_usdtwbtcweth,10k-100k,0xd51a44d3fae010294c616388b506acda1bfaae46,449,7808136.318779395,3244858.1464516474,3637077.448265527
2025-11-03 00:00:00.000 UTC,curve_usdtwbtcweth,1k-10k,0xd51a44d3fae010294c616388b506acda1bfaae46,5576,18481360.34408635,8299757.012942868,7622864.33110767
2025-11-03 00:00:00.000 UTC,sushiv2_ethusdt,0.5k-1k,0x06da0fd433c1a5d7a4faa01111c044910a184553,433,306026.6409669396,160538.8277716953,145991.9756848092
2025-11-03 00:00:00.000 UTC,sushiv2_ethusdt,1k-10k,0x06da0fd433c1a5d7a4faa01111c044910a184553,319,512020.13533065247,258304.83829485645,254936.6560069023
2025-11-03 00:00:00.000 UTC,sushiv2_usdceth,0.5k-1k,0x397ff1542f962076d0bfe58ea045ffa2d347aca0,524,376823.8648840819,217143.7609082245,160161.57875215012
2025-11-03 00:00:00.000 UTC,sushiv2_usdceth,10k-100k,0x397ff1542f962076d0bfe58ea045ffa2d347aca0,6,111313.93691817216,56585.219196942475,53982.13895013557
2025-11-03 00:00:00.000 UTC,sushiv2_usdceth,1k-10k,0x397ff1542f962076d0bfe58ea045ffa2d347aca0,544,978357.6759089456,485380.256958514,494730.66145834903
2025-11-03 00:00:00.000 UTC,uniswap_v3_0.01_ethusdc,0.5k-1k,0xe0554a476a092703abdb3ef35c80e0d76d32939f,13695,9998375.010837575,5315583.858132288,4678938.633310085
2025-11-03 00:00:00.000 UTC,uniswap_v3_0.01_ethusdc,100k+,0xe0554a476a092703abdb3ef35c80e0d76d32939f,324,89933705.78795095,44200523.14200289,44217581.72719507
2025-11-03 00:00:00.000 UTC,uniswap_v3_0.01_ethusdc,10k-100k,0xe0554a476a092703abdb3ef35c80e0d76d32939f,2815,74382826.93616384,37151088.346633136,37136428.58609001
2025-11-03 00:00:00.000 UTC,uniswap_v3_0.01_ethusdc,1k-10k,0xe0554a476a092703abdb3ef35c80e0d76d32939f,37653,109852290.55527005,55015925.15509882,54835645.458038256
2025-11-03 00:00:00.000 UTC,uniswap_v3_0.01_ethusdt,0.5k-1k,0xc7bbec68d12a0d1830360f8ec58fa599ba1b0e9b,12798,9370497.43121548,4610228.642734557,4756565.672822922
2025-11-03 00:00:00.000 UTC,uniswap_v3_0.01_ethusdt,100k+,0xc7bbec68d12a0d1830360f8ec58fa599ba1b0e9b,894,250053286.64762208,124621649.71215415,123544057.93257128
2025-11-03 00:00:00.000 UTC,uniswap_v3_0.01_ethusdt,10k-100k,0xc7bbec68d12a0d1830360f8ec58fa599ba1b0e9b,13601,260939094.39875558,128487123.69567037,132488836.0170736
2025-11-03 00:00:00.000 UTC,uniswap_v3_0.01_ethusdt,1k-10k,0xc7bbec68d12a0d1830360f8ec58fa599ba1b0e9b,53756,211636627.58739528,108807288.36648604,102851379.52786583
2025-11-03 00:00:00.000 UTC,uniswap_v3_0.05_ethusdc,0.5k-1k,0x88e6a0c2ddd26feeb64f039a2c41296fcb3f5640,2822,2036415.949169772,1064368.4032604562,970746.917673691
2025-11-03 00:00:00.000 UTC,uniswap_v3_0.05_ethusdc,100k+,0x88e6a0c2ddd26feeb64f039a2c41296fcb3f5640,522,95317314.86241023,50128489.69175637,45092587.09729793
2025-11-03 00:00:00.000 UTC,uniswap_v3_0.05_ethusdc,10k-100k,0x88e6a0c2ddd26feeb64f039a2c41296fcb3f5640,13757,364859222.08607966,178080324.0001189,186847500.4179269
2025-11-03 00:00:00.000 UTC,uniswap_v3_0.05_ethusdc,1k-10k,0x88e6a0c2ddd26feeb64f039a2c41296fcb3f5640,14394,67018588.07874894,35495274.30998802,31522781.143635303
2025-11-03 00:00:00.000 UTC,uniswap_v3_0.05_ethusdt,0.5k-1k,0x11b815efb8f581194ae79006d24e0d814b7697f6,1771,1310297.656128635,587910.2672406004,722208.6789419819
2025-11-03 00:00:00.000 UTC,uniswap_v3_0.05_ethusdt,100k+,0x11b815efb8f581194ae79006d24e0d814b7697f6,833,159854356.48718175,77040307.22582488,82794316.58479038
2025-11-03 00:00:00.000 UTC,uniswap_v3_0.05_ethusdt,10k-100k,0x11b815efb8f581194ae79006d24e0d814b7697f6,13921,430452771.83075035,217460677.84412938,213189544.8756845
2025-11-03 00:00:00.000 UTC,uniswap_v3_0.05_ethusdt,1k-10k,0x11b815efb8f581194ae79006d24e0d814b7697f6,12763,61311764.912116945,32741272.049007162,28577554.140138313
2025-11-03 00:00:00.000 UTC,uniswap_v3_0.3_ethusdc,0.5k-1k,0x8ad599c3a0ff1de082011efddc58f1908eb6e6d8,140,101705.76872677194,63335.13888873557,38461.9697425903
2025-11-03 00:00:00.000 UTC,uniswap_v3_0.3_ethusdc,100k+,0x8ad599c3a0ff1de082011efddc58f1908eb6e6d8,807,195812176.5811547,105405670.48886357,90607325.40755886
2025-11-03 00:00:00.000 UTC,uniswap_v3_0.3_ethusdc,10k-100k,0x8ad599c3a0ff1de082011efddc58f1908eb6e6d8,3252,125935672.06261991,70420221.01656188,55679976.644600615
2025-11-03 00:00:00.000 UTC,uniswap_v3_0.3_ethusdc,1k-10k,0x8ad599c3a0ff1de082011efddc58f1908eb6e6d8,1006,5187140.704629264,2959676.160701856,2232411.2410833617
2025-11-03 00:00:00.000 UTC,uniswap_v3_0.3_ethusdt,0.5k-1k,0x4e68ccd3e89f51c3074ca5072bbac773960dfa36,496,330800.7385084016,166335.8837972455,164819.3586650755
2025-11-03 00:00:00.000 UTC,uniswap_v3_0.3_ethusdt,100k+,0x4e68ccd3e89f51c3074ca5072bbac773960dfa36,1441,330348663.4474448,162911703.88778397,168007534.74882722
2025-11-03 00:00:00.000 UTC,uniswap_v3_0.3_ethusdt,10k-100k,0x4e68ccd3e89f51c3074ca5072bbac773960dfa36,3316,144491278.06582385,79631474.80623762,65067372.22651775
2025-11-03 00:00:00.000 UTC,uniswap_v3_0.3_ethusdt,1k-10k,0x4e68ccd3e89f51c3074ca5072bbac773960dfa36,974,4277409.883325929,2425366.083785395,1856404.6429799474
2025-11-03 00:00:00.000 UTC,uniswap_v3_1.0_ethusdc,0.5k-1k,0x7bea39867e4169dbe237d55c8242a8f2fcdcc387,108,74706.21605384626,36515.95037141247,38345.055331697324
2025-11-03 00:00:00.000 UTC,uniswap_v3_1.0_ethusdc,10k-100k,0x7bea39867e4169dbe237d55c8242a8f2fcdcc387,1,10115.858464599032,10108.640895,3.0924091126773825
2025-11-03 00:00:00.000 UTC,uniswap_v3_1.0_ethusdc,1k-10k,0x7bea39867e4169dbe237d55c8242a8f2fcdcc387,83,128335.70485705449,74273.89669861966,54330.51798278395
2025-11-10 00:00:00.000 UTC,curve_usdcwbtcweth,0.5k-1k,0x7f86bf177dd4f3494b841a37e810a34dd56c829b,1563,1219912.286589499,458483.1758149623,576481.9879363226
2025-11-10 00:00:00.000 UTC,curve_usdcwbtcweth,100k+,0x7f86bf177dd4f3494b841a37e810a34dd56c829b,5,669231.4408543535,162559.0022530715,257814.0566121941
2025-11-10 00:00:00.000 UTC,curve_usdcwbtcweth,10k-100k,0x7f86bf177dd4f3494b841a37e810a34dd56c829b,440,7779793.554880439,3576721.7977968357,3603272.0353630343
2025-11-10 00:00:00.000 UTC,curve_usdcwbtcweth,1k-10k,0x7f86bf177dd4f3494b841a37e810a34dd56c829b,10106,29131056.235128384,12556638.262641566,11819072.141835524
2025-11-10 00:00:00.000 UTC,curve_usdt,0.5k-1k,0xf5f5b97624542d72a9e06f04804bf81baa15e2b4,138,111748.07614070694,39190.932071955634,61516.10500676834
2025-11-10 00:00:00.000 UTC,curve_usdt,10k-100k,0xf5f5b97624542d72a9e06f04804bf81baa15e2b4,468,9322987.162560733,4265033.9575543,4264466.499648681
2025-11-10 00:00:00.000 UTC,curve_usdt,1k-10k,0xf5f5b97624542d72a9e06f04804bf81baa15e2b4,2328,8532518.845849968,3994728.6078294953,3333567.110616731
2025-11-10 00:00:00.000 UTC,curve_usdtwbtcweth,0.5k-1k,0xd51a44d3fae010294c616388b506acda1bfaae46,959,741882.9556150216,265772.0412870706,348935.1120481944
2025-11-10 00:00:00.000 UTC,curve_usdtwbtcweth,10k-100k,0xd51a44d3fae010294c616388b506acda1bfaae46,282,4710924.672176892,2282742.2437887294,2134168.841359438
2025-11-10 00:00:00.000 UTC,curve_usdtwbtcweth,1k-10k,0xd51a44d3fae010294c616388b506acda1bfaae46,7356,20678248.2745065,9074340.416475713,8727037.050846076
2025-11-10 00:00:00.000 UTC,sushiv2_ethusdt,0.5k-1k,0x06da0fd433c1a5d7a4faa01111c044910a184553,457,320474.0085042243,173697.3374375883,147429.91194820072
2025-11-10 00:00:00.000 UTC,sushiv2_ethusdt,10k-100k,0x06da0fd433c1a5d7a4faa01111c044910a184553,2,29405.630398763242,14844.037106067506,14838.22616806977
2025-11-10 00:00:00.000 UTC,sushiv2_ethusdt,1k-10k,0x06da0fd433c1a5d7a4faa01111c044910a184553,236,328793.17558509385,182588.87295718497,147143.3639907522
2025-11-10 00:00:00.000 UTC,sushiv2_usdceth,0.5k-1k,0x397ff1542f962076d0bfe58ea045ffa2d347aca0,538,378318.32336558023,194100.33228149498,184836.94985155287
2025-11-10 00:00:00.000 UTC,sushiv2_usdceth,1k-10k,0x397ff1542f962076d0bfe58ea045ffa2d347aca0,448,669472.4911807693,373826.9300890993,297043.636872453
2025-11-10 00:00:00.000 UTC,uniswap_v3_0.01_ethusdc,0.5k-1k,0xe0554a476a092703abdb3ef35c80e0d76d32939f,18540,13201994.33972275,6741404.543903603,6454148.874875781
2025-11-10 00:00:00.000 UTC,uniswap_v3_0.01_ethusdc,100k+,0xe0554a476a092703abdb3ef35c80e0d76d32939f,374,133232993.15537249,71586227.71223329,72133093.76860285
2025-11-10 00:00:00.000 UTC,uniswap_v3_0.01_ethusdc,10k-100k,0xe0554a476a092703abdb3ef35c80e0d76d32939f,2126,66005381.43449493,33013863.99281662,32924369.063978188
2025-11-10 00:00:00.000 UTC,uniswap_v3_0.01_ethusdc,1k-10k,0xe0554a476a092703abdb3ef35c80e0d76d32939f,40355,107349940.7982194,53877885.70561393,53481495.49730865
2025-11-10 00:00:00.000 UTC,uniswap_v3_0.01_ethusdt,0.5k-1k,0xc7bbec68d12a0d1830360f8ec58fa599ba1b0e9b,19622,14201122.877902718,7176871.504260233,7018754.179108448
2025-11-10 00:00:00.000 UTC,uniswap_v3_0.01_ethusdt,100k+,0xc7bbec68d12a0d1830360f8ec58fa599ba1b0e9b,753,214326384.97742304,106174515.02449788,106944801.00593346
2025-11-10 00:00:00.000 UTC,uniswap_v3_0.01_ethusdt,10k-100k,0xc7bbec68d12a0d1830360f8ec58fa599ba1b0e9b,11225,208420117.3917669,104216333.99799013,104275237.27017544
2025-11-10 00:00:00.000 UTC,uniswap_v3_0.01_ethusdt,1k-10k,0xc7bbec68d12a0d1830360f8ec58fa599ba1b0e9b,61880,222766764.41799632,113195046.93975332,109601597.02948844
2025-11-10 00:00:00.000 UTC,uniswap_v3_0.05_ethusdc,0.5k-1k,0x88e6a0c2ddd26feeb64f039a2c41296fcb3f5640,2869,2043506.2356928799,1104061.5170151794,937790.419582128
2025-11-10 00:00:00.000 UTC,uniswap_v3_0.05_ethusdc,100k+,0x88e6a0c2ddd26feeb64f039a2c41296fcb3f5640,411,74309233.28909855,37274444.740932964,36977694.97665435
2025-11-10 00:00:00.000 UTC,uniswap_v3_0.05_ethusdc,10k-100k,0x88e6a0c2ddd26feeb64f039a2c41296fcb3f5640,13365,379482331.59298146,191523852.06015307,188033051.64836144
2025-11-10 00:00:00.000 UTC,uniswap_v3_0.05_ethusdc,1k-10k,0x88e6a0c2ddd26feeb64f039a2c41296fcb3f5640,14271,63994985.867063425,33860941.40809305,30130258.570281725
2025-11-10 00:00:00.000 UTC,uniswap_v3_0.05_ethusdt,0.5k-1k,0x11b815efb8f581194ae79006d24e0d814b7697f6,2279,1649053.1251561376,744678.9611597288,903433.0839903378
2025-11-10 00:00:00.000 UTC,uniswap_v3_0.05_ethusdt,100k+,0x11b815efb8f581194ae79006d24e0d814b7697f6,950,212509412.48201728,108702843.10849527,103862825.7239115
2025-11-10 00:00:00.000 UTC,uniswap_v3_0.05_ethusdt,10k-100k,0x11b815efb8f581194ae79006d24e0d814b7697f6,14603,460736004.2020809,236335942.9824949,224659163.398259
2025-11-10 00:00:00.000 UTC,uniswap_v3_0.05_ethusdt,1k-10k,0x11b815efb8f581194ae79006d24e0d814b7697f6,12857,62015180.99917311,32365415.000000652,29656592.984481238
2025-11-10 00:00:00.000 UTC,uniswap_v3_0.3_ethusdc,0.5k-1k,0x8ad599c3a0ff1de082011efddc58f1908eb6e6d8,101,75115.17016229103,44815.845242893294,30367.73502659169
2025-11-10 00:00:00.000 UTC,uniswap_v3_0.3_ethusdc,100k+,0x8ad599c3a0ff1de082011efddc58f1908eb6e6d8,566,99890925.23139638,53598501.31446357,46476480.96322133
2025-11-10 00:00:00.000 UTC,uniswap_v3_0.3_ethusdc,10k-100k,0x8ad599c3a0ff1de082011efddc58f1908eb6e6d8,2862,108587611.16159175,58025945.15452162,50727030.64345609
2025-11-10 00:00:00.000 UTC,uniswap_v3_0.3_ethusdc,1k-10k,0x8ad599c3a0ff1de082011efddc58f1908eb6e6d8,1004,5422865.130697906,2938267.0341420504,2491151.8489919603
2025-11-10 00:00:00.000 UTC,uniswap_v3_0.3_ethusdt,0.5k-1k,0x4e68ccd3e89f51c3074ca5072bbac773960dfa36,380,260032.26506107842,149528.49899912108,110852.35672662256
2025-11-10 00:00:00.000 UTC,uniswap_v3_0.3_ethusdt,100k+,0x4e68ccd3e89f51c3074ca5072bbac773960dfa36,1427,342191428.4373832,181007522.30265212,161918182.36829633
2025-11-10 00:00:00.000 UTC,uniswap_v3_0.3_ethusdt,10k-100k,0x4e68ccd3e89f51c3074ca5072bbac773960dfa36,2846,120477866.58981632,66713994.91451092,53958076.75391753
2025-11-10 00:00:00.000 UTC,uniswap_v3_0.3_ethusdt,1k-10k,0x4e68ccd3e89f51c3074ca5072bbac773960dfa36,859,4272749.757256909,2480571.2109104213,1797706.3750421223
2025-11-10 00:00:00.000 UTC,uniswap_v3_1.0_ethusdc,0.5k-1k,0x7bea39867e4169dbe237d55c8242a8f2fcdcc387,146,100241.4592418015,65531.495883699456,34905.69506693451
2025-11-10 00:00:00.000 UTC,uniswap_v3_1.0_ethusdc,1k-10k,0x7bea39867e4169dbe237d55c8242a8f2fcdcc387,48,63214.9226010502,42342.86613052109,21047.786059725186
2025-11-17 00:00:00.000 UTC,curve_usdcwbtcweth,0.5k-1k,0x7f86bf177dd4f3494b841a37e810a34dd56c829b,1957,1500819.406127443,587151.5225794506,602415.1920076809
2025-11-17 00:00:00.000 UTC,curve_usdcwbtcweth,100k+,0x7f86bf177dd4f3494b841a37e810a34dd56c829b,8,1505441.4198477308,864017.2527514435,603430.5499369546
2025-11-17 00:00:00.000 UTC,curve_usdcwbtcweth,10k-100k,0x7f86bf177dd4f3494b841a37e810a34dd56c829b,1297,23514734.473474197,10786147.391460752,10472943.117903162
2025-11-17 00:00:00.000 UTC,curve_usdcwbtcweth,1k-10k,0x7f86bf177dd4f3494b841a37e810a34dd56c829b,14361,46318655.557139605,19532762.405156985,19737086.772085022
2025-11-17 00:00:00.000 UTC,curve_usdt,0.5k-1k,0xf5f5b97624542d72a9e06f04804bf81baa15e2b4,279,225305.81794747335,97844.94438460912,85731.73645739174
2025-11-17 00:00:00.000 UTC,curve_usdt,100k+,0xf5f5b97624542d72a9e06f04804bf81baa15e2b4,2,228684.73568382603,80.55647672019835,226527.708751
2025-11-17 00:00:00.000 UTC,curve_usdt,10k-100k,0xf5f5b97624542d72a9e06f04804bf81baa15e2b4,1150,23777423.13837739,10999921.299100548,11084780.78379237
2025-11-17 00:00:00.000 UTC,curve_usdt,1k-10k,0xf5f5b97624542d72a9e06f04804bf81baa15e2b4,4397,17051127.211318493,8016412.713357791,7127246.525317176
2025-11-17 00:00:00.000 UTC,curve_usdtwbtcweth,0.5k-1k,0xd51a44d3fae010294c616388b506acda1bfaae46,1996,1528699.7688109104,521509.49034065293,654679.4997906347
2025-11-17 00:00:00.000 UTC,curve_usdtwbtcweth,100k+,0xd51a44d3fae010294c616388b506acda1bfaae46,1,108383.01627239761,108446.023412,42.21399962545973
2025-11-17 00:00:00.000 UTC,curve_usdtwbtcweth,10k-100k,0xd51a44d3fae010294c616388b506acda1bfaae46,489,8517201.909425922,3752930.048720327,4110250.4144405033
2025-11-17 00:00:00.000 UTC,curve_usdtwbtcweth,1k-10k,0xd51a44d3fae010294c616388b506acda1bfaae46,8602,26163905.909065057,11800989.527232597,11120115.6491913
2025-11-17 00:00:00.000 UTC,sushiv2_ethusdt,0.5k-1k,0x06da0fd433c1a5d7a4faa01111c044910a184553,597,414448.5190190409,224723.18434951463,190657.29128482414
2025-11-17 00:00:00.000 UTC,sushiv2_ethusdt,10k-100k,0x06da0fd433c1a5d7a4faa01111c044910a184553,2,30650.914965158576,15971.5176741876,14416.428521849277
2025-11-17 00:00:00.000 UTC,sushiv2_ethusdt,1k-10k,0x06da0fd433c1a5d7a4faa01111c044910a184553,255,390281.11056993966,203319.30307270866,187899.79869433935
2025-11-17 00:00:00.000 UTC,sushiv2_usdceth,0.5k-1k,0x397ff1542f962076d0bfe58ea045ffa2d347aca0,593,415664.617658206,219220.2760224812,197119.14823863324
2025-11-17 00:00:00.000 UTC,sushiv2_usdceth,10k-100k,0x397ff1542f962076d0bfe58ea045ffa2d347aca0,8,119194.81591577819,59974.15768515127,57759.14147171728
2025-11-17 00:00:00.000 UTC,sushiv2_usdceth,1k-10k,0x397ff1542f962076d0bfe58ea045ffa2d347aca0,263,423531.7265453273,223519.94308243154,200391.81247349238
2025-11-17 00:00:00.000 UTC,uniswap_v3_0.01_ethusdc,0.5k-1k,0xe0554a476a092703abdb3ef35c80e0d76d32939f,20388,14926345.684755208,7681193.612945291,7240758.614565045
2025-11-17 00:00:00.000 UTC,uniswap_v3_0.01_ethusdc,100k+,0xe0554a476a092703abdb3ef35c80e0d76d32939f,381,95508330.65751606,47301649.77534195,47264760.06214229
2025-11-17 00:00:00.000 UTC,uniswap_v3_0.01_ethusdc,10k-100k,0xe0554a476a092703abdb3ef35c80e0d76d32939f,2977,92931299.92519766,46456052.55439459,46369880.082373925
2025-11-17 00:00:00.000 UTC,uniswap_v3_0.01_ethusdc,1k-10k,0xe0554a476a092703abdb3ef35c80e0d76d32939f,43177,111694055.48169327,55525440.31556892,56170846.9669318
2025-11-17 00:00:00.000 UTC,uniswap_v3_0.01_ethusdt,0.5k-1k,0xc7bbec68d12a0d1830360f8ec58fa599ba1b0e9b,29226,21949572.30138792,11109104.177796677,10845726.297932943
2025-11-17 00:00:00.000 UTC,uniswap_v3_0.01_ethusdt,100k+,0xc7bbec68d12a0d1830360f8ec58fa599ba1b0e9b,685,194643187.75390118,97048694.48451576,96781671.77248646
2025-11-17 00:00:00.000 UTC,uniswap_v3_0.01_ethusdt,10k-100k,0xc7bbec68d12a0d1830360f8ec58fa599ba1b0e9b,7769,191873250.99906513,95226540.35663043,96671109.82513887
2025-11-17 00:00:00.000 UTC,uniswap_v3_0.01_ethusdt,1k-10k,0xc7bbec68d12a0d1830360f8ec58fa599ba1b0e9b,72151,236373183.7001178,119350006.62585433,117162489.70176908
2025-11-17 00:00:00.000 UTC,uniswap_v3_0.05_ethusdc,0.5k-1k,0x88e6a0c2ddd26feeb64f039a2c41296fcb3f5640,3525,2580381.4075959907,1276341.829103408,1302258.1074563274
2025-11-17 00:00:00.000 UTC,uniswap_v3_0.05_ethusdc,100k+,0x88e6a0c2ddd26feeb64f039a2c41296fcb3f5640,575,118928011.33445084,59893117.89380959,58754619.218368374
2025-11-17 00:00:00.000 UTC,uniswap_v3_0.05_ethusdc,10k-100k,0x88e6a0c2ddd26feeb64f039a2c41296fcb3f5640,14236,366527687.4732343,181643482.5435833,184858972.378786
2025-11-17 00:00:00.000 UTC,uniswap_v3_0.05_ethusdc,1k-10k,0x88e6a0c2ddd26feeb64f039a2c41296fcb3f5640,20544,89646356.35925202,46035576.809404604,43598205.99120472
2025-11-17 00:00:00.000 UTC,uniswap_v3_0.05_ethusdt,0.5k-1k,0x11b815efb8f581194ae79006d24e0d814b7697f6,4022,3045330.011777821,1473212.006455827,1573109.833521048
2025-11-17 00:00:00.000 UTC,uniswap_v3_0.05_ethusdt,100k+,0x11b815efb8f581194ae79006d24e0d814b7697f6,426,83638516.22065616,43063140.910022564,40595857.33761508
2025-11-17 00:00:00.000 UTC,uniswap_v3_0.05_ethusdt,10k-100k,0x11b815efb8f581194ae79006d24e0d814b7697f6,10991,288484368.6776277,145935230.8243798,142787050.26304924
2025-11-17 00:00:00.000 UTC,uniswap_v3_0.05_ethusdt,1k-10k,0x11b815efb8f581194ae79006d24e0d814b7697f6,21508,93054029.83106507,47601269.462039955,45513005.50139153
2025-11-17 00:00:00.000 UTC,uniswap_v3_0.3_ethusdc,0.5k-1k,0x8ad599c3a0ff1de082011efddc58f1908eb6e6d8,121,93056.5326495033,49221.968426083724,43901.08447229069
2025-11-17 00:00:00.000 UTC,uniswap_v3_0.3_ethusdc,100k+,0x8ad599c3a0ff1de082011efddc58f1908eb6e6d8,397,89362827.70159255,48344401.95371108,40694007.29477569
2025-11-17 00:00:00.000 UTC,uniswap_v3_0.3_ethusdc,10k-100k,0x8ad599c3a0ff1de082011efddc58f1908eb6e6d8,3149,103945844.51213464,50781761.768389985,53278953.35022307
2025-11-17 00:00:00.000 UTC,uniswap_v3_0.3_ethusdc,1k-10k,0x8ad599c3a0ff1de082011efddc58f1908eb6e6d8,1570,8560168.294296443,4364987.2355410755,4202897.42510157
2025-11-17 00:00:00.000 UTC,uniswap_v3_0.3_ethusdt,0.5k-1k,0x4e68ccd3e89f51c3074ca5072bbac773960dfa36,486,348761.14036856906,151730.73774786986,197648.13674766003
2025-11-17 00:00:00.000 UTC,uniswap_v3_0.3_ethusdt,100k+,0x4e68ccd3e89f51c3074ca5072bbac773960dfa36,841,207779188.5187185,106358082.21806258,101755136.52728054
2025-11-17 00:00:00.000 UTC,uniswap_v3_0.3_ethusdt,10k-100k,0x4e68ccd3e89f51c3074ca5072bbac773960dfa36,3614,136936488.68371573,65670097.36000506,71540369.73148203
2025-11-17 00:00:00.000 UTC,uniswap_v3_0.3_ethusdt,1k-10k,0x4e68ccd3e89f51c3074ca5072bbac773960dfa36,1635,8138609.604904798,4471103.027881517,3681177.460769486
2025-11-17 00:00:00.000 UTC,uniswap_v3_1.0_ethusdc,0.5k-1k,0x7bea39867e4169dbe237d55c8242a8f2fcdcc387,129,90253.45787122835,50304.067305629535,40104.97463725103
2025-11-17 00:00:00.000 UTC,uniswap_v3_1.0_ethusdc,1k-10k,0x7bea39867e4169dbe237d55c8242a8f2fcdcc387,76,131979.02526748867,82999.97240042237,49088.791161538764
2025-11-24 00:00:00.000 UTC,curve_usdcwbtcweth,0.5k-1k,0x7f86bf177dd4f3494b841a37e810a34dd56c829b,2710,2022356.6069877811,800637.5565838331,807525.0644975968
2025-11-24 00:00:00.000 UTC,curve_usdcwbtcweth,10k-100k,0x7f86bf177dd4f3494b841a37e810a34dd56c829b,267,4246011.590570456,1934149.3965198933,2030941.1580030427
2025-11-24 00:00:00.000 UTC,curve_usdcwbtcweth,1k-10k,0x7f86bf177dd4f3494b841a37e810a34dd56c829b,7623,19646357.100472525,8369008.0358239785,8475675.403900277
2025-11-24 00:00:00.000 UTC,curve_usdt,0.5k-1k,0xf5f5b97624542d72a9e06f04804bf81baa15e2b4,283,221385.93027362134,70355.72271554887,95185.68223848319
2025-11-24 00:00:00.000 UTC,curve_usdt,10k-100k,0xf5f5b97624542d72a9e06f04804bf81baa15e2b4,320,6478294.327497826,2975020.978554148,2992761.958398008
2025-11-24 00:00:00.000 UTC,curve_usdt,1k-10k,0xf5f5b97624542d72a9e06f04804bf81baa15e2b4,2028,6700590.440414211,2754109.792436313,2990705.5347574046
2025-11-24 00:00:00.000 UTC,curve_usdtwbtcweth,0.5k-1k,0xd51a44d3fae010294c616388b506acda1bfaae46,1482,1122898.8822745504,426173.03682999685,451886.84441381256
2025-11-24 00:00:00.000 UTC,curve_usdtwbtcweth,10k-100k,0xd51a44d3fae010294c616388b506acda1bfaae46,172,2605760.30224983,1257777.939804732,1177958.9863841007
2025-11-24 00:00:00.000 UTC,curve_usdtwbtcweth,1k-10k,0xd51a44d3fae010294c616388b506acda1bfaae46,6072,14101786.368199093,6040093.169624968,6256246.188383493
2025-11-24 00:00:00.000 UTC,sushiv2_ethusdt,0.5k-1k,0x06da0fd433c1a5d7a4faa01111c044910a184553,206,137353.77728387222,58606.212150313666,79115.29365479886
2025-11-24 00:00:00.000 UTC,sushiv2_ethusdt,10k-100k,0x06da0fd433c1a5d7a4faa01111c044910a184553,4,55083.43675709641,26454.61897151568,28577.268501903523
2025-11-24 00:00:00.000 UTC,sushiv2_ethusdt,1k-10k,0x06da0fd433c1a5d7a4faa01111c044910a184553,72,106031.81549892592,38584.26018163962,67865.39628462875
2025-11-24 00:00:00.000 UTC,sushiv2_usdceth,0.5k-1k,0x397ff1542f962076d0bfe58ea045ffa2d347aca0,197,130804.69929269841,57157.58403880327,73977.09675824155
2025-11-24 00:00:00.000 UTC,sushiv2_usdceth,1k-10k,0x397ff1542f962076d0bfe58ea045ffa2d347aca0,77,115434.96086828191,41978.72016480963,73894.39007515468
2025-11-24 00:00:00.000 UTC,uniswap_v3_0.01_ethusdc,0.5k-1k,0xe0554a476a092703abdb3ef35c80e0d76d32939f,17325,12471788.705437481,6570532.301606041,5901180.895378169
2025-11-24 00:00:00.000 UTC,uniswap_v3_0.01_ethusdc,100k+,0xe0554a476a092703abdb3ef35c80e0d76d32939f,268,70821760.55188163,34855119.05233994,34620885.9158878
2025-11-24 00:00:00.000 UTC,uniswap_v3_0.01_ethusdc,10k-100k,0xe0554a476a092703abdb3ef35c80e0d76d32939f,1234,41044169.73774556,20491233.05020255,20516533.706054516
2025-11-24 00:00:00.000 UTC,uniswap_v3_0.01_ethusdc,1k-10k,0xe0554a476a092703abdb3ef35c80e0d76d32939f,26077,57082382.74548938,27756164.782969184,29345712.72675082
2025-11-24 00:00:00.000 UTC,uniswap_v3_0.01_ethusdt,0.5k-1k,0xc7bbec68d12a0d1830360f8ec58fa599ba1b0e9b,18343,13383340.72011992,6764124.353701556,6615059.315865524
2025-11-24 00:00:00.000 UTC,uniswap_v3_0.01_ethusdt,100k+,0xc7bbec68d12a0d1830360f8ec58fa599ba1b0e9b,610,153853780.0154229,76663732.86778873,75680853.52972311
2025-11-24 00:00:00.000 UTC,uniswap_v3_0.01_ethusdt,10k-100k,0xc7bbec68d12a0d1830360f8ec58fa599ba1b0e9b,3855,92722285.04759167,46251863.39516069,46461209.427271724
2025-11-24 00:00:00.000 UTC,uniswap_v3_0.01_ethusdt,1k-10k,0xc7bbec68d12a0d1830360f8ec58fa599ba1b0e9b,48901,148756467.9713385,74310587.04920375,74469206.40025987
2025-11-24 00:00:00.000 UTC,uniswap_v3_0.05_ethusdc,0.5k-1k,0x88e6a0c2ddd26feeb64f039a2c41296fcb3f5640,2320,1706152.5401755143,967729.4550825472,738429.9329206642
2025-11-24 00:00:00.000 UTC,uniswap_v3_0.05_ethusdc,100k+,0x88e6a0c2ddd26feeb64f039a2c41296fcb3f5640,181,34427062.949660465,16931378.17730128,17476051.94918281
2025-11-24 00:00:00.000 UTC,uniswap_v3_0.05_ethusdc,10k-100k,0x88e6a0c2ddd26feeb64f039a2c41296fcb3f5640,6225,150768107.12186947,74558358.98976544,76317060.13448586
2025-11-24 00:00:00.000 UTC,uniswap_v3_0.05_ethusdc,1k-10k,0x88e6a0c2ddd26feeb64f039a2c41296fcb3f5640,13865,57955690.976078086,30057829.272863213,27916325.082908843
2025-11-24 00:00:00.000 UTC,uniswap_v3_0.05_ethusdt,0.5k-1k,0x11b815efb8f581194ae79006d24e0d814b7697f6,2005,1500906.6376509583,700333.0023670763,800662.5166488511
2025-11-24 00:00:00.000 UTC,uniswap_v3_0.05_ethusdt,100k+,0x11b815efb8f581194ae79006d24e0d814b7697f6,25,4872927.331911287,2698110.999622788,2174902.18003049
2025-11-24 00:00:00.000 UTC,uniswap_v3_0.05_ethusdt,10k-100k,0x11b815efb8f581194ae79006d24e0d814b7697f6,2568,49656882.85215236,24296789.676620096,25410283.774430435
2025-11-24 00:00:00.000 UTC,uniswap_v3_0.05_ethusdt,1k-10k,0x11b815efb8f581194ae79006d24e0d814b7697f6,13665,51172133.41917868,26135080.628918126,25057114.848949667
2025-11-24 00:00:00.000 UTC,uniswap_v3_0.3_ethusdc,0.5k-1k,0x8ad599c3a0ff1de082011efddc58f1908eb6e6d8,64,47790.95721466604,23376.937090617615,24485.558359550803
2025-11-24 00:00:00.000 UTC,uniswap_v3_0.3_ethusdc,100k+,0x8ad599c3a0ff1de082011efddc58f1908eb6e6d8,61,10731336.326449193,4307159.458198669,6459203.261529678
2025-11-24 00:00:00.000 UTC,uniswap_v3_0.3_ethusdc,10k-100k,0x8ad599c3a0ff1de082011efddc58f1908eb6e6d8,1129,35328607.484796666,17131891.56975715,18267121.22444481
2025-11-24 00:00:00.000 UTC,uniswap_v3_0.3_ethusdc,1k-10k,0x8ad599c3a0ff1de082011efddc58f1908eb6e6d8,938,4764295.9476382155,2593850.6905575776,2176772.781954988
2025-11-24 00:00:00.000 UTC,uniswap_v3_0.3_ethusdt,0.5k-1k,0x4e68ccd3e89f51c3074ca5072bbac773960dfa36,234,167196.0170780324,98942.89087769191,68455.3550837252
2025-11-24 00:00:00.000 UTC,uniswap_v3_0.3_ethusdt,100k+,0x4e68ccd3e89f51c3074ca5072bbac773960dfa36,208,40978199.47751691,18416817.55906739,22690411.515249673
2025-11-24 00:00:00.000 UTC,uniswap_v3_0.3_ethusdt,10k-100k,0x4e68ccd3e89f51c3074ca5072bbac773960dfa36,1479,54231810.72354149,26867252.458474986,27466411.30733743
2025-11-24 00:00:00.000 UTC,uniswap_v3_0.3_ethusdt,1k-10k,0x4e68ccd3e89f51c3074ca5072bbac773960dfa36,914,4261633.312696741,2500607.4023795933,1766681.0824518865
2025-11-24 00:00:00.000 UTC,uniswap_v3_1.0_ethusdc,0.5k-1k,0x7bea39867e4169dbe237d55c8242a8f2fcdcc387,58,38622.09623768352,11047.677929728474,27717.100502228637
2025-11-24 00:00:00.000 UTC,uniswap_v3_1.0_ethusdc,1k-10k,0x7bea39867e4169dbe237d55c8242a8f2fcdcc387,15,17810.905789520566,4445.656780307816,13454.749496853892
2025-12-01 00:00:00.000 UTC,curve_usdcwbtcweth,0.5k-1k,0x7f86bf177dd4f3494b841a37e810a34dd56c829b,3022,2206471.9039570782,963409.6566082762,876528.0981374771
2025-12-01 00:00:00.000 UTC,curve_usdcwbtcweth,10k-100k,0x7f86bf177dd4f3494b841a37e810a34dd56c829b,253,4530315.76696572,2245419.316532932,1995839.2501612536
2025-12-01 00:00:00.000 UTC,curve_usdcwbtcweth,1k-10k,0x7f86bf177dd4f3494b841a37e810a34dd56c829b,6696,17501165.497444734,7482463.905467344,7876526.751599839
2025-12-01 00:00:00.000 UTC,curve_usdt,0.5k-1k,0xf5f5b97624542d72a9e06f04804bf81baa15e2b4,217,162711.81340938577,80123.84733481224,49786.80682615713
2025-12-01 00:00:00.000 UTC,curve_usdt,10k-100k,0xf5f5b97624542d72a9e06f04804bf81baa15e2b4,151,3068965.4136007703,1357696.8253241116,1390077.2219200924
2025-12-01 00:00:00.000 UTC,curve_usdt,1k-10k,0xf5f5b97624542d72a9e06f04804bf81baa15e2b4,1089,3739096.4501747545,1562809.5806408147,1719883.2413287838
2025-12-01 00:00:00.000 UTC,curve_usdtwbtcweth,0.5k-1k,0xd51a44d3fae010294c616388b506acda1bfaae46,2238,1635621.903599286,685281.4350824374,664836.6212786711
2025-12-01 00:00:00.000 UTC,curve_usdtwbtcweth,10k-100k,0xd51a44d3fae010294c616388b506acda1bfaae46,147,2561880.2186563085,1340086.5673819105,1114486.5124824408
2025-12-01 00:00:00.000 UTC,curve_usdtwbtcweth,1k-10k,0xd51a44d3fae010294c616388b506acda1bfaae46,5056,12799009.069179315,5387859.584614547,5721299.381664909
2025-12-01 00:00:00.000 UTC,sushiv2_ethusdt,0.5k-1k,0x06da0fd433c1a5d7a4faa01111c044910a184553,299,206041.87512486702,96677.39945024709,109718.96528838703
2025-12-01 00:00:00.000 UTC,sushiv2_ethusdt,1k-10k,0x06da0fd433c1a5d7a4faa01111c044910a184553,112,192684.23147052247,97288.49482908843,95966.1950670802
2025-12-01 00:00:00.000 UTC,sushiv2_usdceth,0.5k-1k,0x397ff1542f962076d0bfe58ea045ffa2d347aca0,308,211147.42783919186,97656.99112511324,113912.51539571497
2025-12-01 00:00:00.000 UTC,sushiv2_usdceth,10k-100k,0x397ff1542f962076d0bfe58ea045ffa2d347aca0,3,37805.176436293405,23790.594054258698,13783.668707813626
2025-12-01 00:00:00.000 UTC,sushiv2_usdceth,1k-10k,0x397ff1542f962076d0bfe58ea045ffa2d347aca0,111,200471.157026655,100558.20812408347,100322.50728821885
2025-12-01 00:00:00.000 UTC,uniswap_v3_0.01_ethusdc,0.5k-1k,0xe0554a476a092703abdb3ef35c80e0d76d32939f,19387,13831316.064412791,7165207.7046005875,6667120.965610179
2025-12-01 00:00:00.000 UTC,uniswap_v3_0.01_ethusdc,100k+,0xe0554a476a092703abdb3ef35c80e0d76d32939f,271,98752662.93109077,49222212.457250744,49600781.7666286
2025-12-01 00:00:00.000 UTC,uniswap_v3_0.01_ethusdc,10k-100k,0xe0554a476a092703abdb3ef35c80e0d76d32939f,1266,38275288.495699495,19674682.40002339,18571984.803226106
2025-12-01 00:00:00.000 UTC,uniswap_v3_0.01_ethusdc,1k-10k,0xe0554a476a092703abdb3ef35c80e0d76d32939f,29012,69962459.36795624,33993080.79729813,36003034.030102216
2025-12-01 00:00:00.000 UTC,uniswap_v3_0.01_ethusdt,0.5k-1k,0xc7bbec68d12a0d1830360f8ec58fa599ba1b0e9b,20907,15057345.430188933,8072969.769431278,6977738.579101149
2025-12-01 00:00:00.000 UTC,uniswap_v3_0.01_ethusdt,100k+,0xc7bbec68d12a0d1830360f8ec58fa599ba1b0e9b,650,190864151.13602453,98087139.24314564,93580167.46433268
2025-12-01 00:00:00.000 UTC,uniswap_v3_0.01_ethusdt,10k-100k,0xc7bbec68d12a0d1830360f8ec58fa599ba1b0e9b,6617,141591627.63268918,68980306.52241397,72588214.88562448
2025-12-01 00:00:00.000 UTC,uniswap_v3_0.01_ethusdt,1k-10k,0xc7bbec68d12a0d1830360f8ec58fa599ba1b0e9b,54390,177635722.20172983,89714291.73250341,87909858.8995802
2025-12-01 00:00:00.000 UTC,uniswap_v3_0.05_ethusdc,0.5k-1k,0x88e6a0c2ddd26feeb64f039a2c41296fcb3f5640,2706,1982600.5876458485,1055769.9149833652,926488.4882280438
2025-12-01 00:00:00.000 UTC,uniswap_v3_0.05_ethusdc,100k+,0x88e6a0c2ddd26feeb64f039a2c41296fcb3f5640,277,53866250.22046437,27201290.93240043,26637352.409220815
2025-12-01 00:00:00.000 UTC,uniswap_v3_0.05_ethusdc,10k-100k,0x88e6a0c2ddd26feeb64f039a2c41296fcb3f5640,8160,204614863.39537942,101759452.6062594,102942575.71589474
2025-12-01 00:00:00.000 UTC,uniswap_v3_0.05_ethusdc,1k-10k,0x88e6a0c2ddd26feeb64f039a2c41296fcb3f5640,14745,63131843.602991104,32323545.247128475,30824219.99022056
2025-12-01 00:00:00.000 UTC,uniswap_v3_0.05_ethusdt,0.5k-1k,0x11b815efb8f581194ae79006d24e0d814b7697f6,2769,2058830.8499127196,1003702.8007283229,1054495.793546972
2025-12-01 00:00:00.000 UTC,uniswap_v3_0.05_ethusdt,100k+,0x11b815efb8f581194ae79006d24e0d814b7697f6,92,25008709.731993563,12870511.849314298,12088003.184486503
2025-12-01 00:00:00.000 UTC,uniswap_v3_0.05_ethusdt,10k-100k,0x11b815efb8f581194ae79006d24e0d814b7697f6,3097,61852682.51006433,29673562.414261486,32197138.694220316
2025-12-01 00:00:00.000 UTC,uniswap_v3_0.05_ethusdt,1k-10k,0x11b815efb8f581194ae79006d24e0d814b7697f6,14618,57462463.05368072,29401582.194174536,28061972.304567363
2025-12-01 00:00:00.000 UTC,uniswap_v3_0.3_ethusdc,0.5k-1k,0x8ad599c3a0ff1de082011efddc58f1908eb6e6d8,66,50791.57304869645,24138.037420607492,26704.736587204527
2025-12-01 00:00:00.000 UTC,uniswap_v3_0.3_ethusdc,100k+,0x8ad599c3a0ff1de082011efddc58f1908eb6e6d8,145,34153394.14912897,17597731.93962731,16578538.976187969
2025-12-01 00:00:00.000 UTC,uniswap_v3_0.3_ethusdc,10k-100k,0x8ad599c3a0ff1de082011efddc58f1908eb6e6d8,1611,53327673.70310779,25245552.59295533,28176129.58684004
2025-12-01 00:00:00.000 UTC,uniswap_v3_0.3_ethusdc,1k-10k,0x8ad599c3a0ff1de082011efddc58f1908eb6e6d8,1087,5550333.667992618,2988186.9989348073,2569031.195010127
2025-12-01 00:00:00.000 UTC,uniswap_v3_0.3_ethusdt,0.5k-1k,0x4e68ccd3e89f51c3074ca5072bbac773960dfa36,219,154913.10802385863,75344.57358326385,79696.81607937804
2025-12-01 00:00:00.000 UTC,uniswap_v3_0.3_ethusdt,100k+,0x4e68ccd3e89f51c3074ca5072bbac773960dfa36,615,142941829.27694833,69714877.8860018,73452404.85443486
2025-12-01 00:00:00.000 UTC,uniswap_v3_0.3_ethusdt,10k-100k,0x4e68ccd3e89f51c3074ca5072bbac773960dfa36,1948,78820958.4885233,39233966.02663331,39683587.12523112
2025-12-01 00:00:00.000 UTC,uniswap_v3_0.3_ethusdt,1k-10k,0x4e68ccd3e89f51c3074ca5072bbac773960dfa36,823,3836621.592883577,2079892.2110754233,1760168.4316872559
2025-12-01 00:00:00.000 UTC,uniswap_v3_1.0_ethusdc,0.5k-1k,0x7bea39867e4169dbe237d55c8242a8f2fcdcc387,98,67662.7232407826,31454.63502630237,36374.118515139286
2025-12-01 00:00:00.000 UTC,uniswap_v3_1.0_ethusdc,10k-100k,0x7bea39867e4169dbe237d55c8242a8f2fcdcc387,2,21185.47156481639,7.108795836762254,21423.50032
2025-12-01 00:00:00.000 UTC,uniswap_v3_1.0_ethusdc,1k-10k,0x7bea39867e4169dbe237d55c8242a8f2fcdcc387,90,210332.34897477133,36715.73431283055,174677.92604668954
2025-12-08 00:00:00.000 UTC,curve_usdcwbtcweth,0.5k-1k,0x7f86bf177dd4f3494b841a37e810a34dd56c829b,1650,1259867.746702288,547256.1934086075,526168.2427596005
2025-12-08 00:00:00.000 UTC,curve_usdcwbtcweth,10k-100k,0x7f86bf177dd4f3494b841a37e810a34dd56c829b,336,5440470.731291648,2626652.3862729026,2330677.6531045916
2025-12-08 00:00:00.000 UTC,curve_usdcwbtcweth,1k-10k,0x7f86bf177dd4f3494b841a37e810a34dd56c829b,7485,20742719.797552127,8682820.564469295,8956230.262029994
2025-12-08 00:00:00.000 UTC,curve_usdt,0.5k-1k,0xf5f5b97624542d72a9e06f04804bf81baa15e2b4,92,72873.8268644943,41733.26208691624,22826.62645899931
2025-12-08 00:00:00.000 UTC,curve_usdt,10k-100k,0xf5f5b97624542d72a9e06f04804bf81baa15e2b4,289,5761512.617921953,2643303.502824488,2826033.115629239
2025-12-08 00:00:00.000 UTC,curve_usdt,1k-10k,0xf5f5b97624542d72a9e06f04804bf81baa15e2b4,1579,5844494.777075952,2789356.6698734057,2477220.063552216
2025-12-08 00:00:00.000 UTC,curve_usdtwbtcweth,0.5k-1k,0xd51a44d3fae010294c616388b506acda1bfaae46,1223,939734.5976499768,413626.23075726937,333300.490371771
2025-12-08 00:00:00.000 UTC,curve_usdtwbtcweth,10k-100k,0xd51a44d3fae010294c616388b506acda1bfaae46,321,5411635.926872641,2507055.052221357,2600223.6516494285
2025-12-08 00:00:00.000 UTC,curve_usdtwbtcweth,1k-10k,0xd51a44d3fae010294c616388b506acda1bfaae46,6128,17157007.82586625,7316016.449356754,7281799.504051766
2025-12-08 00:00:00.000 UTC,sushiv2_ethusdt,0.5k-1k,0x06da0fd433c1a5d7a4faa01111c044910a184553,332,224205.08286677554,123843.3924707068,100743.4445328634
2025-12-08 00:00:00.000 UTC,sushiv2_ethusdt,1k-10k,0x06da0fd433c1a5d7a4faa01111c044910a184553,109,199048.73174678956,89025.28934604547,110816.66614339802
2025-12-08 00:00:00.000 UTC,sushiv2_usdceth,0.5k-1k,0x397ff1542f962076d0bfe58ea045ffa2d347aca0,309,206920.7146952803,100439.2591779972,106942.05269397315
2025-12-08 00:00:00.000 UTC,sushiv2_usdceth,1k-10k,0x397ff1542f962076d0bfe58ea045ffa2d347aca0,94,141005.38898010016,65936.96376165385,75560.82759546545
2025-12-08 00:00:00.000 UTC,uniswap_v3_0.01_ethusdc,0.5k-1k,0xe0554a476a092703abdb3ef35c80e0d76d32939f,15806,11398000.085069947,5949122.953969192,5448560.93647938
2025-12-08 00:00:00.000 UTC,uniswap_v3_0.01_ethusdc,100k+,0xe0554a476a092703abdb3ef35c80e0d76d32939f,207,59682404.449641414,29363557.3684738,29463951.48981867
2025-12-08 00:00:00.000 UTC,uniswap_v3_0.01_ethusdc,10k-100k,0xe0554a476a092703abdb3ef35c80e0d76d32939f,1023,33893730.377009794,17078181.068785448,16776822.045715615
2025-12-08 00:00:00.000 UTC,uniswap_v3_0.01_ethusdc,1k-10k,0xe0554a476a092703abdb3ef35c80e0d76d32939f,27944,67618089.22395387,33275916.285061166,34369072.08746543
2025-12-08 00:00:00.000 UTC,uniswap_v3_0.01_ethusdt,0.5k-1k,0xc7bbec68d12a0d1830360f8ec58fa599ba1b0e9b,15247,11007496.223513048,5710506.902673343,5291737.353312624
2025-12-08 00:00:00.000 UTC,uniswap_v3_0.01_ethusdt,100k+,0xc7bbec68d12a0d1830360f8ec58fa599ba1b0e9b,525,114526924.68320738,57139538.74023907,56566855.5342082
2025-12-08 00:00:00.000 UTC,uniswap_v3_0.01_ethusdt,10k-100k,0xc7bbec68d12a0d1830360f8ec58fa599ba1b0e9b,5990,124160479.8252933,61249998.3093991,62925789.59851049
2025-12-08 00:00:00.000 UTC,uniswap_v3_0.01_ethusdt,1k-10k,0xc7bbec68d12a0d1830360f8ec58fa599ba1b0e9b,47645,157326952.21564567,79451150.25693609,77873546.23118328
2025-12-08 00:00:00.000 UTC,uniswap_v3_0.05_ethusdc,0.5k-1k,0x88e6a0c2ddd26feeb64f039a2c41296fcb3f5640,1909,1383007.5406081823,765607.3101633114,617135.6639368674
2025-12-08 00:00:00.000 UTC,uniswap_v3_0.05_ethusdc,100k+,0x88e6a0c2ddd26feeb64f039a2c41296fcb3f5640,256,48708974.38480147,23703724.157309655,25048640.66334148
2025-12-08 00:00:00.000 UTC,uniswap_v3_0.05_ethusdc,10k-100k,0x88e6a0c2ddd26feeb64f039a2c41296fcb3f5640,8053,207574657.79057252,103009794.17823653,104711663.16224177
2025-12-08 00:00:00.000 UTC,uniswap_v3_0.05_ethusdc,1k-10k,0x88e6a0c2ddd26feeb64f039a2c41296fcb3f5640,11624,52408509.99315389,27279001.218587287,25149294.15092571
2025-12-08 00:00:00.000 UTC,uniswap_v3_0.05_ethusdt,0.5k-1k,0x11b815efb8f581194ae79006d24e0d814b7697f6,1762,1301542.7092114473,629634.4698610371,671669.9739382045
2025-12-08 00:00:00.000 UTC,uniswap_v3_0.05_ethusdt,100k+,0x11b815efb8f581194ae79006d24e0d814b7697f6,23,4067991.110827477,2227814.031338954,1834331.3460851628
2025-12-08 00:00:00.000 UTC,uniswap_v3_0.05_ethusdt,10k-100k,0x11b815efb8f581194ae79006d24e0d814b7697f6,3183,61400717.4007886,29872699.521264605,31573201.416480765
2025-12-08 00:00:00.000 UTC,uniswap_v3_0.05_ethusdt,1k-10k,0x11b815efb8f581194ae79006d24e0d814b7697f6,12407,51878572.655205876,26553866.241421882,25332885.11799158
2025-12-08 00:00:00.000 UTC,uniswap_v3_0.3_ethusdc,0.5k-1k,0x8ad599c3a0ff1de082011efddc58f1908eb6e6d8,62,48024.073402779395,20733.590735446236,27353.080086659174
2025-12-08 00:00:00.000 UTC,uniswap_v3_0.3_ethusdc,100k+,0x8ad599c3a0ff1de082011efddc58f1908eb6e6d8,87,15160587.652260492,6852023.278174213,8346364.875975468
2025-12-08 00:00:00.000 UTC,uniswap_v3_0.3_ethusdc,10k-100k,0x8ad599c3a0ff1de082011efddc58f1908eb6e6d8,1479,46508246.353512734,23832762.670279197,22764486.38644965
2025-12-08 00:00:00.000 UTC,uniswap_v3_0.3_ethusdc,1k-10k,0x8ad599c3a0ff1de082011efddc58f1908eb6e6d8,967,5282773.911588193,2661618.971803565,2629124.399471593
2025-12-08 00:00:00.000 UTC,uniswap_v3_0.3_ethusdt,0.5k-1k,0x4e68ccd3e89f51c3074ca5072bbac773960dfa36,295,202914.53934970376,107505.98156933737,95609.75981781416
2025-12-08 00:00:00.000 UTC,uniswap_v3_0.3_ethusdt,100k+,0x4e68ccd3e89f51c3074ca5072bbac773960dfa36,796,219121887.42098865,108733505.01282816,110699396.59310761
2025-12-08 00:00:00.000 UTC,uniswap_v3_0.3_ethusdt,10k-100k,0x4e68ccd3e89f51c3074ca5072bbac773960dfa36,1889,79886013.78935578,41396218.05626982,38590117.7982801
2025-12-08 00:00:00.000 UTC,uniswap_v3_0.3_ethusdt,1k-10k,0x4e68ccd3e89f51c3074ca5072bbac773960dfa36,639,3297368.941176385,1778939.3972851955,1521451.4589206327
2025-12-08 00:00:00.000 UTC,uniswap_v3_1.0_ethusdc,0.5k-1k,0x7bea39867e4169dbe237d55c8242a8f2fcdcc387,82,57146.92740033401,25150.835742342955,32204.046918659074
2025-12-08 00:00:00.000 UTC,uniswap_v3_1.0_ethusdc,1k-10k,0x7bea39867e4169dbe237d55c8242a8f2fcdcc387,14,19922.800210170426,7866.496131810005,12127.401229113864
2025-12-15 00:00:00.000 UTC,curve_usdcwbtcweth,0.5k-1k,0x7f86bf177dd4f3494b841a37e810a34dd56c829b,3386,2459944.8031447507,986745.2253276956,1027086.5517214249
2025-12-15 00:00:00.000 UTC,curve_usdcwbtcweth,10k-100k,0x7f86bf177dd4f3494b841a37e810a34dd56c829b,328,5411015.204256605,2557991.661065399,2552458.588544883
2025-12-15 00:00:00.000 UTC,curve_usdcwbtcweth,1k-10k,0x7f86bf177dd4f3494b841a37e810a34dd56c829b,7344,19903918.386286575,8645896.985691736,8629700.695703804
2025-12-15 00:00:00.000 UTC,curve_usdt,0.5k-1k,0xf5f5b97624542d72a9e06f04804bf81baa15e2b4,238,176100.61800403515,84317.61829154297,76694.46653855775
2025-12-15 00:00:00.000 UTC,curve_usdt,10k-100k,0xf5f5b97624542d72a9e06f04804bf81baa15e2b4,157,2987934.4466286763,1319690.2446727834,1544120.5489793043
2025-12-15 00:00:00.000 UTC,curve_usdt,1k-10k,0xf5f5b97624542d72a9e06f04804bf81baa15e2b4,1016,3433517.5923453616,1685967.2984416643,1534953.5329362543
2025-12-15 00:00:00.000 UTC,curve_usdtwbtcweth,0.5k-1k,0xd51a44d3fae010294c616388b506acda1bfaae46,2708,1973249.989307067,830398.7791089417,798774.8357656134
2025-12-15 00:00:00.000 UTC,curve_usdtwbtcweth,10k-100k,0xd51a44d3fae010294c616388b506acda1bfaae46,391,7354900.308771135,3374652.326611601,3747800.798004094
2025-12-15 00:00:00.000 UTC,curve_usdtwbtcweth,1k-10k,0xd51a44d3fae010294c616388b506acda1bfaae46,6479,17640957.510007154,7686987.674501927,7351735.634708467
2025-12-15 00:00:00.000 UTC,sushiv2_ethusdt,0.5k-1k,0x06da0fd433c1a5d7a4faa01111c044910a184553,326,222026.77107038995,121005.37314147134,101490.25805640662
2025-12-15 00:00:00.000 UTC,sushiv2_ethusdt,1k-10k,0x06da0fd433c1a5d7a4faa01111c044910a184553,124,183153.5198899191,95908.72439052725,87790.81341107356
2025-12-15 00:00:00.000 UTC,sushiv2_usdceth,0.5k-1k,0x397ff1542f962076d0bfe58ea045ffa2d347aca0,311,212236.9602985648,117501.9545352771,95150.68582059727
2025-12-15 00:00:00.000 UTC,sushiv2_usdceth,1k-10k,0x397ff1542f962076d0bfe58ea045ffa2d347aca0,116,163712.1051506329,84926.31215066565,79322.32662144625
2025-12-15 00:00:00.000 UTC,uniswap_v3_0.01_ethusdc,0.5k-1k,0xe0554a476a092703abdb3ef35c80e0d76d32939f,19220,13648332.743322708,6721848.868709965,6925944.054471557
2025-12-15 00:00:00.000 UTC,uniswap_v3_0.01_ethusdc,100k+,0xe0554a476a092703abdb3ef35c80e0d76d32939f,180,40387886.425003916,19976259.248072147,19861085.226943832
2025-12-15 00:00:00.000 UTC,uniswap_v3_0.01_ethusdc,10k-100k,0xe0554a476a092703abdb3ef35c80e0d76d32939f,974,29532755.140145995,14812076.873331053,14707678.99664193
2025-12-15 00:00:00.000 UTC,uniswap_v3_0.01_ethusdc,1k-10k,0xe0554a476a092703abdb3ef35c80e0d76d32939f,24951,59918074.266038276,29694184.521738023,30237298.091352537
2025-12-15 00:00:00.000 UTC,uniswap_v3_0.01_ethusdt,0.5k-1k,0xc7bbec68d12a0d1830360f8ec58fa599ba1b0e9b,21255,15314763.256345667,7999576.327311514,7314009.234680096
2025-12-15 00:00:00.000 UTC,uniswap_v3_0.01_ethusdt,100k+,0xc7bbec68d12a0d1830360f8ec58fa599ba1b0e9b,470,131288806.46665704,67816614.33118567,63607757.892260596
2025-12-15 00:00:00.000 UTC,uniswap_v3_0.01_ethusdt,10k-100k,0xc7bbec68d12a0d1830360f8ec58fa599ba1b0e9b,5828,124475338.51579025,62312856.60887432,62213590.733170204
2025-12-15 00:00:00.000 UTC,uniswap_v3_0.01_ethusdt,1k-10k,0xc7bbec68d12a0d1830360f8ec58fa599ba1b0e9b,49837,159396627.0837626,79147379.93631631,80296070.66342108
2025-12-15 00:00:00.000 UTC,uniswap_v3_0.05_ethusdc,0.5k-1k,0x88e6a0c2ddd26feeb64f039a2c41296fcb3f5640,2699,2013397.9712840316,999274.6219855119,1013551.0576550419
2025-12-15 00:00:00.000 UTC,uniswap_v3_0.05_ethusdc,100k+,0x88e6a0c2ddd26feeb64f039a2c41296fcb3f5640,120,20471157.266412552,10792146.933456613,9661983.279308317
2025-12-15 00:00:00.000 UTC,uniswap_v3_0.05_ethusdc,10k-100k,0x88e6a0c2ddd26feeb64f039a2c41296fcb3f5640,5641,130656874.43426153,65168828.96414946,65579493.02619797
2025-12-15 00:00:00.000 UTC,uniswap_v3_0.05_ethusdc,1k-10k,0x88e6a0c2ddd26feeb64f039a2c41296fcb3f5640,13201,53182583.17106157,26219915.282095157,26978072.279803056
2025-12-15 00:00:00.000 UTC,uniswap_v3_0.05_ethusdt,0.5k-1k,0x11b815efb8f581194ae79006d24e0d814b7697f6,2708,2019901.702079906,940166.3919326548,1080084.6935690327
2025-12-15 00:00:00.000 UTC,uniswap_v3_0.05_ethusdt,100k+,0x11b815efb8f581194ae79006d24e0d814b7697f6,11,2835609.3811078826,1634450.3110216197,1181530.2815204412
2025-12-15 00:00:00.000 UTC,uniswap_v3_0.05_ethusdt,10k-100k,0x11b815efb8f581194ae79006d24e0d814b7697f6,2578,49952829.48651865,24904883.905997306,25100058.883560557
2025-12-15 00:00:00.000 UTC,uniswap_v3_0.05_ethusdt,1k-10k,0x11b815efb8f581194ae79006d24e0d814b7697f6,12951,50478760.02508488,25524271.28103235,24977078.25375304
2025-12-15 00:00:00.000 UTC,uniswap_v3_0.3_ethusdc,0.5k-1k,0x8ad599c3a0ff1de082011efddc58f1908eb6e6d8,67,50776.23253083239,24617.49242595409,26209.255263547406
2025-12-15 00:00:00.000 UTC,uniswap_v3_0.3_ethusdc,100k+,0x8ad599c3a0ff1de082011efddc58f1908eb6e6d8,111,17581850.572227243,8832217.647705393,8786269.61987045
2025-12-15 00:00:00.000 UTC,uniswap_v3_0.3_ethusdc,10k-100k,0x8ad599c3a0ff1de082011efddc58f1908eb6e6d8,1430,46030089.37264152,22714648.458468292,23411668.19602987
2025-12-15 00:00:00.000 UTC,uniswap_v3_0.3_ethusdc,1k-10k,0x8ad599c3a0ff1de082011efddc58f1908eb6e6d8,1061,5133075.534937152,2379143.339283344,2762146.875384943
2025-12-15 00:00:00.000 UTC,uniswap_v3_0.3_ethusdt,0.5k-1k,0x4e68ccd3e89f51c3074ca5072bbac773960dfa36,236,167421.02798105445,76333.67120233925,91339.92882423913
2025-12-15 00:00:00.000 UTC,uniswap_v3_0.3_ethusdt,100k+,0x4e68ccd3e89f51c3074ca5072bbac773960dfa36,847,246998018.63702238,122893607.05746506,124710241.87888551
2025-12-15 00:00:00.000 UTC,uniswap_v3_0.3_ethusdt,10k-100k,0x4e68ccd3e89f51c3074ca5072bbac773960dfa36,1887,79950604.48480392,37792138.11610465,42311083.10172957
2025-12-15 00:00:00.000 UTC,uniswap_v3_0.3_ethusdt,1k-10k,0x4e68ccd3e89f51c3074ca5072bbac773960dfa36,797,3701066.19130706,1772686.8749992796,1934229.7536660268
2025-12-15 00:00:00.000 UTC,uniswap_v3_1.0_ethusdc,0.5k-1k,0x7bea39867e4169dbe237d55c8242a8f2fcdcc387,107,75282.74450164875,39343.98228322877,36192.97660582965
2025-12-15 00:00:00.000 UTC,uniswap_v3_1.0_ethusdc,1k-10k,0x7bea39867e4169dbe237d55c8242a8f2fcdcc387,30,41672.714000944296,27663.19080217004,14112.325696001166
2025-12-22 00:00:00.000 UTC,curve_usdcwbtcweth,0.5k-1k,0x7f86bf177dd4f3494b841a37e810a34dd56c829b,3460,2515806.4384718346,950641.8435387189,1071507.7579816745
2025-12-22 00:00:00.000 UTC,curve_usdcwbtcweth,100k+,0x7f86bf177dd4f3494b841a37e810a34dd56c829b,2,283681.77252079756,139767.57615838276,139767.55524640888
2025-12-22 00:00:00.000 UTC,curve_usdcwbtcweth,10k-100k,0x7f86bf177dd4f3494b841a37e810a34dd56c829b,324,5201255.113987199,2536329.0143832834,2352690.4687931226
2025-12-22 00:00:00.000 UTC,curve_usdcwbtcweth,1k-10k,0x7f86bf177dd4f3494b841a37e810a34dd56c829b,7095,18939150.45406957,7991819.623916637,7986466.254661059
2025-12-22 00:00:00.000 UTC,curve_usdt,0.5k-1k,0xf5f5b97624542d72a9e06f04804bf81baa15e2b4,574,436371.45944262,149228.72206792785,215953.42467862874
2025-12-22 00:00:00.000 UTC,curve_usdt,10k-100k,0xf5f5b97624542d72a9e06f04804bf81baa15e2b4,434,8023748.83510101,3828537.9686673717,3520954.949136999
2025-12-22 00:00:00.000 UTC,curve_usdt,1k-10k,0xf5f5b97624542d72a9e06f04804bf81baa15e2b4,2397,8017441.030603069,3428827.7112946697,3606520.195286814
2025-12-22 00:00:00.000 UTC,curve_usdtwbtcweth,0.5k-1k,0xd51a44d3fae010294c616388b506acda1bfaae46,2628,1936430.3301902325,803038.9775096443,785209.2205297342
2025-12-22 00:00:00.000 UTC,curve_usdtwbtcweth,10k-100k,0xd51a44d3fae010294c616388b506acda1bfaae46,335,5644154.354848629,2831566.697336994,2498808.9055949007
2025-12-22 00:00:00.000 UTC,curve_usdtwbtcweth,1k-10k,0xd51a44d3fae010294c616388b506acda1bfaae46,5965,16183152.541937206,6696033.427444609,7015199.880710124
2025-12-22 00:00:00.000 UTC,sushiv2_ethusdt,0.5k-1k,0x06da0fd433c1a5d7a4faa01111c044910a184553,106,70627.91230643107,36696.62965444973,34105.24474519119
2025-12-22 00:00:00.000 UTC,sushiv2_ethusdt,1k-10k,0x06da0fd433c1a5d7a4faa01111c044910a184553,48,65326.13276579265,38424.27918864363,27081.91358000216
2025-12-22 00:00:00.000 UTC,sushiv2_usdceth,0.5k-1k,0x397ff1542f962076d0bfe58ea045ffa2d347aca0,85,56767.696241410325,27709.880067350947,29183.11475798234
2025-12-22 00:00:00.000 UTC,sushiv2_usdceth,1k-10k,0x397ff1542f962076d0bfe58ea045ffa2d347aca0,42,57904.75878094563,32996.41273748696,25052.355118484298
2025-12-22 00:00:00.000 UTC,uniswap_v3_0.01_ethusdc,0.5k-1k,0xe0554a476a092703abdb3ef35c80e0d76d32939f,17040,11984835.005175032,5956948.431479907,6028504.4477889845
2025-12-22 00:00:00.000 UTC,uniswap_v3_0.01_ethusdc,100k+,0xe0554a476a092703abdb3ef35c80e0d76d32939f,115,30929327.091547027,14852148.491892084,14881503.755287576
2025-12-22 00:00:00.000 UTC,uniswap_v3_0.01_ethusdc,10k-100k,0xe0554a476a092703abdb3ef35c80e0d76d32939f,492,18205166.125309497,9200202.143794086,8976179.775351483
2025-12-22 00:00:00.000 UTC,uniswap_v3_0.01_ethusdc,1k-10k,0xe0554a476a092703abdb3ef35c80e0d76d32939f,16122,33469925.831224516,16773537.754028713,16704941.620399535
2025-12-22 00:00:00.000 UTC,uniswap_v3_0.01_ethusdt,0.5k-1k,0xc7bbec68d12a0d1830360f8ec58fa599ba1b0e9b,17750,12863256.5574828,6456373.810109537,6410949.229474597
2025-12-22 00:00:00.000 UTC,uniswap_v3_0.01_ethusdt,100k+,0xc7bbec68d12a0d1830360f8ec58fa599ba1b0e9b,336,81707012.17017813,40332736.98094398,39728630.61606247
2025-12-22 00:00:00.000 UTC,uniswap_v3_0.01_ethusdt,10k-100k,0xc7bbec68d12a0d1830360f8ec58fa599ba1b0e9b,2889,63820982.9330609,32731689.212772135,31126340.405136537
2025-12-22 00:00:00.000 UTC,uniswap_v3_0.01_ethusdt,1k-10k,0xc7bbec68d12a0d1830360f8ec58fa599ba1b0e9b,37585,112880693.99461138,55846717.93388218,57094287.538288355
2025-12-22 00:00:00.000 UTC,uniswap_v3_0.05_ethusdc,0.5k-1k,0x88e6a0c2ddd26feeb64f039a2c41296fcb3f5640,1823,1368769.1629961317,687049.7623785036,681837.4206679078
2025-12-22 00:00:00.000 UTC,uniswap_v3_0.05_ethusdc,100k+,0x88e6a0c2ddd26feeb64f039a2c41296fcb3f5640,62,12345915.748927627,5904124.918456333,6451305.842785249
2025-12-22 00:00:00.000 UTC,uniswap_v3_0.05_ethusdc,10k-100k,0x88e6a0c2ddd26feeb64f039a2c41296fcb3f5640,3220,72953531.571051,37626573.85371021,35373062.57403991
2025-12-22 00:00:00.000 UTC,uniswap_v3_0.05_ethusdc,1k-10k,0x88e6a0c2ddd26feeb64f039a2c41296fcb3f5640,9495,37056422.99813408,17573412.561742894,19496505.49555457
2025-12-22 00:00:00.000 UTC,uniswap_v3_0.05_ethusdt,0.5k-1k,0x11b815efb8f581194ae79006d24e0d814b7697f6,1815,1372334.220642754,623963.8257289228,749282.2451173228
2025-12-22 00:00:00.000 UTC,uniswap_v3_0.05_ethusdt,100k+,0x11b815efb8f581194ae79006d24e0d814b7697f6,15,2440929.3636238105,1212402.6566124805,1226449.0490338942
2025-12-22 00:00:00.000 UTC,uniswap_v3_0.05_ethusdt,10k-100k,0x11b815efb8f581194ae79006d24e0d814b7697f6,1732,33283333.298027188,18127829.52414281,15193012.915967021
2025-12-22 00:00:00.000 UTC,uniswap_v3_0.05_ethusdt,1k-10k,0x11b815efb8f581194ae79006d24e0d814b7697f6,9609,35196418.17599886,16744286.050753035,18476796.431216616
2025-12-22 00:00:00.000 UTC,uniswap_v3_0.3_ethusdc,0.5k-1k,0x8ad599c3a0ff1de082011efddc58f1908eb6e6d8,65,50706.30101984838,16569.332326951757,34193.23363877218
2025-12-22 00:00:00.000 UTC,uniswap_v3_0.3_ethusdc,100k+,0x8ad599c3a0ff1de082011efddc58f1908eb6e6d8,63,9617685.152483078,4806114.7043966595,4835138.550803809
2025-12-22 00:00:00.000 UTC,uniswap_v3_0.3_ethusdc,10k-100k,0x8ad599c3a0ff1de082011efddc58f1908eb6e6d8,713,22520715.725541122,12107220.636782829,10444628.059500836
2025-12-22 00:00:00.000 UTC,uniswap_v3_0.3_ethusdc,1k-10k,0x8ad599c3a0ff1de082011efddc58f1908eb6e6d8,633,2832686.957171377,1303832.9010015465,1532077.4179886987
2025-12-22 00:00:00.000 UTC,uniswap_v3_0.3_ethusdt,0.5k-1k,0x4e68ccd3e89f51c3074ca5072bbac773960dfa36,175,122188.63615247593,59119.846372194086,63258.89730157109
2025-12-22 00:00:00.000 UTC,uniswap_v3_0.3_ethusdt,100k+,0x4e68ccd3e89f51c3074ca5072bbac773960dfa36,477,148630547.40604693,77519613.68289739,71438806.50628011
2025-12-22 00:00:00.000 UTC,uniswap_v3_0.3_ethusdt,10k-100k,0x4e68ccd3e89f51c3074ca5072bbac773960dfa36,943,40024000.15719037,20177046.087032095,19909240.45689055
2025-12-22 00:00:00.000 UTC,uniswap_v3_0.3_ethusdt,1k-10k,0x4e68ccd3e89f51c3074ca5072bbac773960dfa36,438,1874814.8923014486,1026887.8820884926,850208.9254513159
2025-12-22 00:00:00.000 UTC,uniswap_v3_1.0_ethusdc,0.5k-1k,0x7bea39867e4169dbe237d55c8242a8f2fcdcc387,32,22454.331771988043,15419.513349988585,7076.801070131671
2025-12-22 00:00:00.000 UTC,uniswap_v3_1.0_ethusdc,1k-10k,0x7bea39867e4169dbe237d55c8242a8f2fcdcc387,11,14808.942950969682,4534.875313403476,10339.579337011934
2025-12-29 00:00:00.000 UTC,curve_usdcwbtcweth,0.5k-1k,0x7f86bf177dd4f3494b841a37e810a34dd56c829b,2650,1959323.1003258566,787308.376491396,800218.0208447346
2025-12-29 00:00:00.000 UTC,curve_usdcwbtcweth,10k-100k,0x7f86bf177dd4f3494b841a37e810a34dd56c829b,216,3267169.6895466154,1534795.5545449937,1488378.59925692
2025-12-29 00:00:00.000 UTC,curve_usdcwbtcweth,1k-10k,0x7f86bf177dd4f3494b841a37e810a34dd56c829b,6003,15607958.945960239,6422341.028902173,6654468.2605636
2025-12-29 00:00:00.000 UTC,curve_usdt,0.5k-1k,0xf5f5b97624542d72a9e06f04804bf81baa15e2b4,385,295663.0460303464,106955.48260081492,148738.68996305295
2025-12-29 00:00:00.000 UTC,curve_usdt,10k-100k,0xf5f5b97624542d72a9e06f04804bf81baa15e2b4,379,7422195.674508583,3646178.9175123307,3089765.62114939
2025-12-29 00:00:00.000 UTC,curve_usdt,1k-10k,0xf5f5b97624542d72a9e06f04804bf81baa15e2b4,2187,7584702.829016172,2917295.5719844354,3701595.6600689613
2025-12-29 00:00:00.000 UTC,curve_usdtwbtcweth,0.5k-1k,0xd51a44d3fae010294c616388b506acda1bfaae46,2020,1502971.4120731894,619747.3024854916,623682.0307213636
2025-12-29 00:00:00.000 UTC,curve_usdtwbtcweth,10k-100k,0xd51a44d3fae010294c616388b506acda1bfaae46,126,2072102.9559524737,936038.5658952659,1015975.1512402138
2025-12-29 00:00:00.000 UTC,curve_usdtwbtcweth,1k-10k,0xd51a44d3fae010294c616388b506acda1bfaae46,4416,10997896.31254916,4556666.0083077215,4662399.157468034
2025-12-29 00:00:00.000 UTC,sushiv2_ethusdt,0.5k-1k,0x06da0fd433c1a5d7a4faa01111c044910a184553,111,76590.56813679196,34143.56696569601,42663.21028243842
2025-12-29 00:00:00.000 UTC,sushiv2_ethusdt,1k-10k,0x06da0fd433c1a5d7a4faa01111c044910a184553,46,96442.87864528853,40093.57633976606,56486.2559803966
2025-12-29 00:00:00.000 UTC,sushiv2_usdceth,0.5k-1k,0x397ff1542f962076d0bfe58ea045ffa2d347aca0,98,64402.94808690798,29522.541698188717,35024.88218105846
2025-12-29 00:00:00.000 UTC,sushiv2_usdceth,1k-10k,0x397ff1542f962076d0bfe58ea045ffa2d347aca0,31,45145.98707778685,11944.27274911186,33363.81488379292
2025-12-29 00:00:00.000 UTC,uniswap_v3_0.01_ethusdc,0.5k-1k,0xe0554a476a092703abdb3ef35c80e0d76d32939f,16279,11582154.994753445,5983151.733325337,5601827.026754718
2025-12-29 00:00:00.000 UTC,uniswap_v3_0.01_ethusdc,100k+,0xe0554a476a092703abdb3ef35c80e0d76d32939f,122,38122023.70650845,18735168.880676735,18746177.447121274
2025-12-29 00:00:00.000 UTC,uniswap_v3_0.01_ethusdc,10k-100k,0xe0554a476a092703abdb3ef35c80e0d76d32939f,562,17960358.23896808,8843075.203966679,9110561.065688271
2025-12-29 00:00:00.000 UTC,uniswap_v3_0.01_ethusdc,1k-10k,0xe0554a476a092703abdb3ef35c80e0d76d32939f,17622,36636069.14015097,17750053.535736695,18904036.629844308
2025-12-29 00:00:00.000 UTC,uniswap_v3_0.01_ethusdt,0.5k-1k,0xc7bbec68d12a0d1830360f8ec58fa599ba1b0e9b,16055,11619163.527276905,6243387.310200417,5385484.359480892
2025-12-29 00:00:00.000 UTC,uniswap_v3_0.01_ethusdt,100k+,0xc7bbec68d12a0d1830360f8ec58fa599ba1b0e9b,339,91058737.0451308,45739542.85647811,44617833.59301146
2025-12-29 00:00:00.000 UTC,uniswap_v3_0.01_ethusdt,10k-100k,0xc7bbec68d12a0d1830360f8ec58fa599ba1b0e9b,3567,73032145.04816046,35691678.55059854,37420248.30907597
2025-12-29 00:00:00.000 UTC,uniswap_v3_0.01_ethusdt,1k-10k,0xc7bbec68d12a0d1830360f8ec58fa599ba1b0e9b,41187,128941555.88607438,64178995.741359845,64893720.91007552
2025-12-29 00:00:00.000 UTC,uniswap_v3_0.05_ethusdc,0.5k-1k,0x88e6a0c2ddd26feeb64f039a2c41296fcb3f5640,1682,1239895.370312047,648076.4000587655,592261.6264687226
2025-12-29 00:00:00.000 UTC,uniswap_v3_0.05_ethusdc,100k+,0x88e6a0c2ddd26feeb64f039a2c41296fcb3f5640,197,48656083.05993503,23228127.667686,25459689.31416016
2025-12-29 00:00:00.000 UTC,uniswap_v3_0.05_ethusdc,10k-100k,0x88e6a0c2ddd26feeb64f039a2c41296fcb3f5640,3782,91424978.73091829,46513927.59118844,44983779.707255065
2025-12-29 00:00:00.000 UTC,uniswap_v3_0.05_ethusdc,1k-10k,0x88e6a0c2ddd26feeb64f039a2c41296fcb3f5640,9614,39148814.47748814,18803787.29341152,20365246.881325033
2025-12-29 00:00:00.000 UTC,uniswap_v3_0.05_ethusdt,0.5k-1k,0x11b815efb8f581194ae79006d24e0d814b7697f6,1310,980663.8936631008,429900.50001613237,551878.2527134644
2025-12-29 00:00:00.000 UTC,uniswap_v3_0.05_ethusdt,100k+,0x11b815efb8f581194ae79006d24e0d814b7697f6,23,14638769.974163244,6921891.572839797,6077809.774236894
2025-12-29 00:00:00.000 UTC,uniswap_v3_0.05_ethusdt,10k-100k,0x11b815efb8f581194ae79006d24e0d814b7697f6,2009,40781444.130882695,19898713.551495817,20942621.367512614
2025-12-29 00:00:00.000 UTC,uniswap_v3_0.05_ethusdt,1k-10k,0x11b815efb8f581194ae79006d24e0d814b7697f6,8911,34680835.696319886,17027999.62662085,17695690.580739934
2025-12-29 00:00:00.000 UTC,uniswap_v3_0.3_ethusdc,0.5k-1k,0x8ad599c3a0ff1de082011efddc58f1908eb6e6d8,39,28476.702039212872,16777.315286048317,11727.434293293887
2025-12-29 00:00:00.000 UTC,uniswap_v3_0.3_ethusdc,100k+,0x8ad599c3a0ff1de082011efddc58f1908eb6e6d8,54,9502914.361540958,3486951.0061699967,6043920.152644636
2025-12-29 00:00:00.000 UTC,uniswap_v3_0.3_ethusdc,10k-100k,0x8ad599c3a0ff1de082011efddc58f1908eb6e6d8,584,18394453.551482946,8622133.604945546,9807919.51547263
2025-12-29 00:00:00.000 UTC,uniswap_v3_0.3_ethusdc,1k-10k,0x8ad599c3a0ff1de082011efddc58f1908eb6e6d8,521,2423889.4043318843,1204684.5519065326,1222494.2706361378
2025-12-29 00:00:00.000 UTC,uniswap_v3_0.3_ethusdt,0.5k-1k,0x4e68ccd3e89f51c3074ca5072bbac773960dfa36,178,124425.17803900663,62509.32229208217,62159.94419909284
2025-12-29 00:00:00.000 UTC,uniswap_v3_0.3_ethusdt,100k+,0x4e68ccd3e89f51c3074ca5072bbac773960dfa36,411,127476666.67100959,54618034.65988988,73220413.84395671
2025-12-29 00:00:00.000 UTC,uniswap_v3_0.3_ethusdt,10k-100k,0x4e68ccd3e89f51c3074ca5072bbac773960dfa36,738,32925272.8205789,15578153.420671897,17416967.40661577
2025-12-29 00:00:00.000 UTC,uniswap_v3_0.3_ethusdt,1k-10k,0x4e68ccd3e89f51c3074ca5072bbac773960dfa36,381,1618861.1573558021,908046.8589145379,713740.0886931102
2025-12-29 00:00:00.000 UTC,uniswap_v3_1.0_ethusdc,0.5k-1k,0x7bea39867e4169dbe237d55c8242a8f2fcdcc387,22,15028.158171052348,5419.85341188811,9663.71929070767
2025-12-29 00:00:00.000 UTC,uniswap_v3_1.0_ethusdc,1k-10k,0x7bea39867e4169dbe237d55c8242a8f2fcdcc387,11,15577.844371042913,1686.2945893162703,13960.137508090094
2026-01-05 00:00:00.000 UTC,curve_usdcwbtcweth,0.5k-1k,0x7f86bf177dd4f3494b841a37e810a34dd56c829b,2542,1887312.7488799219,817655.1435927815,779705.8380334858
2026-01-05 00:00:00.000 UTC,curve_usdcwbtcweth,10k-100k,0x7f86bf177dd4f3494b841a37e810a34dd56c829b,225,3991400.856316288,1851944.3064973098,1905146.3905083118
2026-01-05 00:00:00.000 UTC,curve_usdcwbtcweth,1k-10k,0x7f86bf177dd4f3494b841a37e810a34dd56c829b,5963,15047727.15688217,6493762.889123342,6486343.369675337
2026-01-05 00:00:00.000 UTC,curve_usdt,0.5k-1k,0xf5f5b97624542d72a9e06f04804bf81baa15e2b4,240,184680.6840140201,107918.43443650744,55225.83626355288
2026-01-05 00:00:00.000 UTC,curve_usdt,10k-100k,0xf5f5b97624542d72a9e06f04804bf81baa15e2b4,369,7216970.526199101,3304517.8467467516,3272984.47637076
2026-01-05 00:00:00.000 UTC,curve_usdt,1k-10k,0xf5f5b97624542d72a9e06f04804bf81baa15e2b4,1752,6427476.109357567,2833636.3753413237,2926185.368022344
2026-01-05 00:00:00.000 UTC,curve_usdtwbtcweth,0.5k-1k,0xd51a44d3fae010294c616388b506acda1bfaae46,1964,1468466.4473640993,661603.2858231055,585655.1186509776
2026-01-05 00:00:00.000 UTC,curve_usdtwbtcweth,10k-100k,0xd51a44d3fae010294c616388b506acda1bfaae46,223,3661169.274219369,1779332.9067519687,1683182.3984520037
2026-01-05 00:00:00.000 UTC,curve_usdtwbtcweth,1k-10k,0xd51a44d3fae010294c616388b506acda1bfaae46,4843,12605540.97959318,5183374.058886058,5398720.293397032
2026-01-05 00:00:00.000 UTC,sushiv2_ethusdt,0.5k-1k,0x06da0fd433c1a5d7a4faa01111c044910a184553,141,96507.53328655641,51188.3594219271,45557.56814328303
2026-01-05 00:00:00.000 UTC,sushiv2_ethusdt,1k-10k,0x06da0fd433c1a5d7a4faa01111c044910a184553,56,96210.44749948005,41684.81706673711,54831.36521092134
2026-01-05 00:00:00.000 UTC,sushiv2_usdceth,0.5k-1k,0x397ff1542f962076d0bfe58ea045ffa2d347aca0,153,101400.23443033692,51725.77965476572,49885.53086409185
2026-01-05 00:00:00.000 UTC,sushiv2_usdceth,1k-10k,0x397ff1542f962076d0bfe58ea045ffa2d347aca0,37,53102.89157478472,24106.100062193895,29153.532599082064
2026-01-05 00:00:00.000 UTC,uniswap_v3_0.01_ethusdc,0.5k-1k,0xe0554a476a092703abdb3ef35c80e0d76d32939f,14967,10589846.45906033,5443969.574378615,5147528.24871455
2026-01-05 00:00:00.000 UTC,uniswap_v3_0.01_ethusdc,100k+,0xe0554a476a092703abdb3ef35c80e0d76d32939f,82,21503121.87888047,10688791.948914189,10882395.754425377
2026-01-05 00:00:00.000 UTC,uniswap_v3_0.01_ethusdc,10k-100k,0xe0554a476a092703abdb3ef35c80e0d76d32939f,543,15138886.417647352,7750392.909495632,7370462.3927002745
2026-01-05 00:00:00.000 UTC,uniswap_v3_0.01_ethusdc,1k-10k,0xe0554a476a092703abdb3ef35c80e0d76d32939f,18194,39499390.117075495,19391995.7058809,20121398.742428135
2026-01-05 00:00:00.000 UTC,uniswap_v3_0.01_ethusdt,0.5k-1k,0xc7bbec68d12a0d1830360f8ec58fa599ba1b0e9b,15840,11447989.887394473,6379446.40999051,5075724.916748044
2026-01-05 00:00:00.000 UTC,uniswap_v3_0.01_ethusdt,100k+,0xc7bbec68d12a0d1830360f8ec58fa599ba1b0e9b,282,84707806.54008785,42604121.446765594,41124892.9859577
2026-01-05 00:00:00.000 UTC,uniswap_v3_0.01_ethusdt,10k-100k,0xc7bbec68d12a0d1830360f8ec58fa599ba1b0e9b,5862,113174138.52097526,55423729.95288623,57867669.17260911
2026-01-05 00:00:00.000 UTC,uniswap_v3_0.01_ethusdt,1k-10k,0xc7bbec68d12a0d1830360f8ec58fa599ba1b0e9b,44637,150161847.18394965,75081110.7148153,75203290.38691542
2026-01-05 00:00:00.000 UTC,uniswap_v3_0.05_ethusdc,0.5k-1k,0x88e6a0c2ddd26feeb64f039a2c41296fcb3f5640,1603,1173100.7670906025,619085.0719757671,554202.9329233017
2026-01-05 00:00:00.000 UTC,uniswap_v3_0.05_ethusdc,100k+,0x88e6a0c2ddd26feeb64f039a2c41296fcb3f5640,270,50166071.31701659,28239270.209203955,21925188.361290965
2026-01-05 00:00:00.000 UTC,uniswap_v3_0.05_ethusdc,10k-100k,0x88e6a0c2ddd26feeb64f039a2c41296fcb3f5640,5983,153363091.41134706,73895938.01033951,79551448.86061034
2026-01-05 00:00:00.000 UTC,uniswap_v3_0.05_ethusdc,1k-10k,0x88e6a0c2ddd26feeb64f039a2c41296fcb3f5640,8845,38878613.4211676,19082511.940239828,19811976.255961232
2026-01-05 00:00:00.000 UTC,uniswap_v3_0.05_ethusdt,0.5k-1k,0x11b815efb8f581194ae79006d24e0d814b7697f6,1386,995715.0908057461,437851.91361976025,558621.3326372504
2026-01-05 00:00:00.000 UTC,uniswap_v3_0.05_ethusdt,100k+,0x11b815efb8f581194ae79006d24e0d814b7697f6,261,53939305.18541911,29758897.855695866,24231137.926444616
2026-01-05 00:00:00.000 UTC,uniswap_v3_0.05_ethusdt,10k-100k,0x11b815efb8f581194ae79006d24e0d814b7697f6,5932,157571003.61649242,76761798.06057423,80996158.96254657
2026-01-05 00:00:00.000 UTC,uniswap_v3_0.05_ethusdt,1k-10k,0x11b815efb8f581194ae79006d24e0d814b7697f6,8574,39579329.27865784,19472492.2023485,20144063.82515769
2026-01-05 00:00:00.000 UTC,uniswap_v3_0.3_ethusdc,0.5k-1k,0x8ad599c3a0ff1de082011efddc58f1908eb6e6d8,54,41330.78327592841,18156.910030107545,23223.234403826063
2026-01-05 00:00:00.000 UTC,uniswap_v3_0.3_ethusdc,100k+,0x8ad599c3a0ff1de082011efddc58f1908eb6e6d8,123,20039815.32043847,9783254.094247717,10305879.018998105
2026-01-05 00:00:00.000 UTC,uniswap_v3_0.3_ethusdc,10k-100k,0x8ad599c3a0ff1de082011efddc58f1908eb6e6d8,1141,39728505.26478925,20576521.05707696,19212835.909320556
2026-01-05 00:00:00.000 UTC,uniswap_v3_0.3_ethusdc,1k-10k,0x8ad599c3a0ff1de082011efddc58f1908eb6e6d8,655,3348827.3577059475,1615912.0670895441,1736426.1142215526
2026-01-05 00:00:00.000 UTC,uniswap_v3_0.3_ethusdt,0.5k-1k,0x4e68ccd3e89f51c3074ca5072bbac773960dfa36,232,163737.01423563447,60158.537116470885,103923.12971502585
2026-01-05 00:00:00.000 UTC,uniswap_v3_0.3_ethusdt,100k+,0x4e68ccd3e89f51c3074ca5072bbac773960dfa36,766,218922643.5529656,113869363.58752795,105579828.36916846
2026-01-05 00:00:00.000 UTC,uniswap_v3_0.3_ethusdt,10k-100k,0x4e68ccd3e89f51c3074ca5072bbac773960dfa36,1192,55006716.913892284,26518972.612769846,28586436.379689503
2026-01-05 00:00:00.000 UTC,uniswap_v3_0.3_ethusdt,1k-10k,0x4e68ccd3e89f51c3074ca5072bbac773960dfa36,533,2473329.1979432376,1174521.2487523267,1303043.5315021721
2026-01-05 00:00:00.000 UTC,uniswap_v3_1.0_ethusdc,0.5k-1k,0x7bea39867e4169dbe237d55c8242a8f2fcdcc387,32,21466.561609618777,11672.431931312043,9850.177665729772
2026-01-05 00:00:00.000 UTC,uniswap_v3_1.0_ethusdc,1k-10k,0x7bea39867e4169dbe237d55c8242a8f2fcdcc387,12,15637.61336288294,5624.399243304858,10069.428939758935
2026-01-12 00:00:00.000 UTC,curve_usdcwbtcweth,0.5k-1k,0x7f86bf177dd4f3494b841a37e810a34dd56c829b,2400,1793109.219382173,732861.5661068816,763953.6355831849
2026-01-12 00:00:00.000 UTC,curve_usdcwbtcweth,10k-100k,0x7f86bf177dd4f3494b841a37e810a34dd56c829b,184,3067390.4431863166,1473217.1771698783,1325326.5165656612
2026-01-12 00:00:00.000 UTC,curve_usdcwbtcweth,1k-10k,0x7f86bf177dd4f3494b841a37e810a34dd56c829b,5578,14080224.743291557,5924982.205324497,6173680.63248218
2026-01-12 00:00:00.000 UTC,curve_usdt,0.5k-1k,0xf5f5b97624542d72a9e06f04804bf81baa15e2b4,395,305661.803620499,124440.92357062794,146303.87428771378
2026-01-12 00:00:00.000 UTC,curve_usdt,100k+,0xf5f5b97624542d72a9e06f04804bf81baa15e2b4,4,708925.3385699721,352209.81698451994,351262.12281821005
2026-01-12 00:00:00.000 UTC,curve_usdt,10k-100k,0xf5f5b97624542d72a9e06f04804bf81baa15e2b4,560,11559194.234791236,5616129.611147213,5463110.989695305
2026-01-12 00:00:00.000 UTC,curve_usdt,1k-10k,0xf5f5b97624542d72a9e06f04804bf81baa15e2b4,2683,9335714.63670407,4054671.2268426656,4368725.169844793
2026-01-12 00:00:00.000 UTC,curve_usdtwbtcweth,0.5k-1k,0xd51a44d3fae010294c616388b506acda1bfaae46,1716,1279286.6414457206,515106.60961124627,561021.0235027606
2026-01-12 00:00:00.000 UTC,curve_usdtwbtcweth,10k-100k,0xd51a44d3fae010294c616388b506acda1bfaae46,77,1349004.1724098814,694083.4516306554,622826.9901426208
2026-01-12 00:00:00.000 UTC,curve_usdtwbtcweth,1k-10k,0xd51a44d3fae010294c616388b506acda1bfaae46,3648,8867555.431827573,3811250.6928259954,3973299.862945331
2026-01-12 00:00:00.000 UTC,sushiv2_ethusdt,0.5k-1k,0x06da0fd433c1a5d7a4faa01111c044910a184553,142,96553.91392975354,55562.33750935678,41220.746965437065
2026-01-12 00:00:00.000 UTC,sushiv2_ethusdt,1k-10k,0x06da0fd433c1a5d7a4faa01111c044910a184553,49,90726.0222450432,30410.242670655054,61034.96123432986
2026-01-12 00:00:00.000 UTC,sushiv2_usdceth,0.5k-1k,0x397ff1542f962076d0bfe58ea045ffa2d347aca0,133,90201.04203091474,45257.583945968814,45152.91632056059
2026-01-12 00:00:00.000 UTC,sushiv2_usdceth,1k-10k,0x397ff1542f962076d0bfe58ea045ffa2d347aca0,41,63139.7420942812,17103.043040455246,46549.49088248034
2026-01-12 00:00:00.000 UTC,uniswap_v3_0.01_ethusdc,0.5k-1k,0xe0554a476a092703abdb3ef35c80e0d76d32939f,14190,10072695.56896359,5231067.605951725,4845848.24311932
2026-01-12 00:00:00.000 UTC,uniswap_v3_0.01_ethusdc,100k+,0xe0554a476a092703abdb3ef35c80e0d76d32939f,101,25099369.76031788,12098565.578603206,12226111.962399043
2026-01-12 00:00:00.000 UTC,uniswap_v3_0.01_ethusdc,10k-100k,0xe0554a476a092703abdb3ef35c80e0d76d32939f,574,16497008.970038742,8282175.583044742,8222652.832635742
2026-01-12 00:00:00.000 UTC,uniswap_v3_0.01_ethusdc,1k-10k,0xe0554a476a092703abdb3ef35c80e0d76d32939f,16513,35312586.07356423,17112424.819488723,18224169.95097915
2026-01-12 00:00:00.000 UTC,uniswap_v3_0.01_ethusdt,0.5k-1k,0xc7bbec68d12a0d1830360f8ec58fa599ba1b0e9b,14252,10356790.550296543,5631341.016947721,4731245.979083522
2026-01-12 00:00:00.000 UTC,uniswap_v3_0.01_ethusdt,100k+,0xc7bbec68d12a0d1830360f8ec58fa599ba1b0e9b,348,106856904.30108252,53453079.60333031,54185609.71612092
2026-01-12 00:00:00.000 UTC,uniswap_v3_0.01_ethusdt,10k-100k,0xc7bbec68d12a0d1830360f8ec58fa599ba1b0e9b,6819,138218301.96948227,67183256.7912883,71201056.08269112
2026-01-12 00:00:00.000 UTC,uniswap_v3_0.01_ethusdt,1k-10k,0xc7bbec68d12a0d1830360f8ec58fa599ba1b0e9b,43867,149488850.83276942,76685916.33962876,72921744.48232253
2026-01-12 00:00:00.000 UTC,uniswap_v3_0.05_ethusdc,0.5k-1k,0x88e6a0c2ddd26feeb64f039a2c41296fcb3f5640,1455,1073314.3857709493,576920.5524182023,496868.7889132863
2026-01-12 00:00:00.000 UTC,uniswap_v3_0.05_ethusdc,100k+,0x88e6a0c2ddd26feeb64f039a2c41296fcb3f5640,257,46767467.41037854,24841741.75415249,22026074.963982355
2026-01-12 00:00:00.000 UTC,uniswap_v3_0.05_ethusdc,10k-100k,0x88e6a0c2ddd26feeb64f039a2c41296fcb3f5640,6094,159512026.2362128,77544457.8487058,82127713.5746437
2026-01-12 00:00:00.000 UTC,uniswap_v3_0.05_ethusdc,1k-10k,0x88e6a0c2ddd26feeb64f039a2c41296fcb3f5640,8783,39037825.28620996,19459820.953103565,19605114.725690886
2026-01-12 00:00:00.000 UTC,uniswap_v3_0.05_ethusdt,0.5k-1k,0x11b815efb8f581194ae79006d24e0d814b7697f6,1083,793452.0562635165,352766.8540883293,441373.33854736236
2026-01-12 00:00:00.000 UTC,uniswap_v3_0.05_ethusdt,100k+,0x11b815efb8f581194ae79006d24e0d814b7697f6,224,42328399.464664966,21048899.16389253,21405260.640638337
2026-01-12 00:00:00.000 UTC,uniswap_v3_0.05_ethusdt,10k-100k,0x11b815efb8f581194ae79006d24e0d814b7697f6,5935,156040794.99808243,76502630.15003788,79744969.73254678
2026-01-12 00:00:00.000 UTC,uniswap_v3_0.05_ethusdt,1k-10k,0x11b815efb8f581194ae79006d24e0d814b7697f6,8472,39647676.15853821,20730705.295169458,18953301.412222467
2026-01-12 00:00:00.000 UTC,uniswap_v3_0.3_ethusdc,0.5k-1k,0x8ad599c3a0ff1de082011efddc58f1908eb6e6d8,63,47128.43174651928,24768.390249304503,22427.594027197625
2026-01-12 00:00:00.000 UTC,uniswap_v3_0.3_ethusdc,100k+,0x8ad599c3a0ff1de082011efddc58f1908eb6e6d8,105,19940926.560716677,8286595.263604122,11774756.681322718
2026-01-12 00:00:00.000 UTC,uniswap_v3_0.3_ethusdc,10k-100k,0x8ad599c3a0ff1de082011efddc58f1908eb6e6d8,991,34606266.370131284,16340674.650178285,18332298.015322417
2026-01-12 00:00:00.000 UTC,uniswap_v3_0.3_ethusdc,1k-10k,0x8ad599c3a0ff1de082011efddc58f1908eb6e6d8,530,2677580.5082055326,1423199.2645230952,1257686.7857491896
2026-01-12 00:00:00.000 UTC,uniswap_v3_0.3_ethusdt,0.5k-1k,0x4e68ccd3e89f51c3074ca5072bbac773960dfa36,160,120523.44139337425,45036.325432608595,75746.30546620775
2026-01-12 00:00:00.000 UTC,uniswap_v3_0.3_ethusdt,100k+,0x4e68ccd3e89f51c3074ca5072bbac773960dfa36,642,202102814.03665808,95635398.88050173,107109474.4686506
2026-01-12 00:00:00.000 UTC,uniswap_v3_0.3_ethusdt,10k-100k,0x4e68ccd3e89f51c3074ca5072bbac773960dfa36,1058,47174166.2874116,21940563.985253174,25325629.673078172
2026-01-12 00:00:00.000 UTC,uniswap_v3_0.3_ethusdt,1k-10k,0x4e68ccd3e89f51c3074ca5072bbac773960dfa36,498,2157764.4226456126,1132164.079680806,1028983.5641428765
2026-01-12 00:00:00.000 UTC,uniswap_v3_1.0_ethusdc,0.5k-1k,0x7bea39867e4169dbe237d55c8242a8f2fcdcc387,26,18560.141733764292,7930.516235684216,10696.521688444604
2026-01-12 00:00:00.000 UTC,uniswap_v3_1.0_ethusdc,1k-10k,0x7bea39867e4169dbe237d55c8242a8f2fcdcc387,11,19277.025855772605,1224.1581645472818,18357.82890761476
2026-01-19 00:00:00.000 UTC,curve_usdcwbtcweth,0.5k-1k,0x7f86bf177dd4f3494b841a37e810a34dd56c829b,2588,1913886.9156473728,807674.2802339493,817722.3511261796
2026-01-19 00:00:00.000 UTC,curve_usdcwbtcweth,100k+,0x7f86bf177dd4f3494b841a37e810a34dd56c829b,1,113166.67055288085,113104.350056,39.05105511916288
2026-01-19 00:00:00.000 UTC,curve_usdcwbtcweth,10k-100k,0x7f86bf177dd4f3494b841a37e810a34dd56c829b,254,4026895.4977862616,2023422.2692271108,1759666.2718837422
2026-01-19 00:00:00.000 UTC,curve_usdcwbtcweth,1k-10k,0x7f86bf177dd4f3494b841a37e810a34dd56c829b,6308,16698483.072780045,6934497.365089198,7012149.909903766
2026-01-19 00:00:00.000 UTC,curve_usdt,0.5k-1k,0xf5f5b97624542d72a9e06f04804bf81baa15e2b4,297,224561.12850457957,102018.3704241556,92452.56462727605
2026-01-19 00:00:00.000 UTC,curve_usdt,10k-100k,0xf5f5b97624542d72a9e06f04804bf81baa15e2b4,273,5141178.2918919,2476615.8152173175,2199304.474814508
2026-01-19 00:00:00.000 UTC,curve_usdt,1k-10k,0xf5f5b97624542d72a9e06f04804bf81baa15e2b4,1509,4980580.935527289,2320019.099778878,2124587.131787939
2026-01-19 00:00:00.000 UTC,curve_usdtwbtcweth,0.5k-1k,0xd51a44d3fae010294c616388b506acda1bfaae46,1918,1445538.6993737502,629907.3319104488,601228.6361930099
2026-01-19 00:00:00.000 UTC,curve_usdtwbtcweth,10k-100k,0xd51a44d3fae010294c616388b506acda1bfaae46,178,2662703.4741921877,1355380.6294758338,1117018.0177548672
2026-01-19 00:00:00.000 UTC,curve_usdtwbtcweth,1k-10k,0xd51a44d3fae010294c616388b506acda1bfaae46,5081,13092671.485648734,5589859.264039973,5534979.419725737
2026-01-19 00:00:00.000 UTC,sushiv2_ethusdt,0.5k-1k,0x06da0fd433c1a5d7a4faa01111c044910a184553,227,154099.37713202133,92650.79848264641,61886.04304691079
2026-01-19 00:00:00.000 UTC,sushiv2_ethusdt,1k-10k,0x06da0fd433c1a5d7a4faa01111c044910a184553,58,90774.47508364228,65172.33593436702,25807.999340372706
2026-01-19 00:00:00.000 UTC,sushiv2_usdceth,0.5k-1k,0x397ff1542f962076d0bfe58ea045ffa2d347aca0,220,148605.57966869476,85025.46007715825,63886.00635131437
2026-01-19 00:00:00.000 UTC,sushiv2_usdceth,1k-10k,0x397ff1542f962076d0bfe58ea045ffa2d347aca0,59,93553.30428353518,70580.20570634717,23114.78625470652
2026-01-19 00:00:00.000 UTC,uniswap_v3_0.01_ethusdc,0.5k-1k,0xe0554a476a092703abdb3ef35c80e0d76d32939f,16558,11902090.894323029,5848978.428302554,6052669.822718108
2026-01-19 00:00:00.000 UTC,uniswap_v3_0.01_ethusdc,100k+,0xe0554a476a092703abdb3ef35c80e0d76d32939f,167,47293744.06041418,23415532.2464761,23476564.677368075
2026-01-19 00:00:00.000 UTC,uniswap_v3_0.01_ethusdc,10k-100k,0xe0554a476a092703abdb3ef35c80e0d76d32939f,775,22416910.23999512,11449729.625979364,10944629.62193165
2026-01-19 00:00:00.000 UTC,uniswap_v3_0.01_ethusdc,1k-10k,0xe0554a476a092703abdb3ef35c80e0d76d32939f,22155,49332378.10834023,24929584.340979893,24406496.624812912
2026-01-19 00:00:00.000 UTC,uniswap_v3_0.01_ethusdt,0.5k-1k,0xc7bbec68d12a0d1830360f8ec58fa599ba1b0e9b,16301,12008307.56082746,6270384.032770255,5744171.637059511
2026-01-19 00:00:00.000 UTC,uniswap_v3_0.01_ethusdt,100k+,0xc7bbec68d12a0d1830360f8ec58fa599ba1b0e9b,496,154067035.2754786,76533737.22930638,76892233.25034347
2026-01-19 00:00:00.000 UTC,uniswap_v3_0.01_ethusdt,10k-100k,0xc7bbec68d12a0d1830360f8ec58fa599ba1b0e9b,9771,202731114.46018928,103842115.69932361,99093560.23233537
2026-01-19 00:00:00.000 UTC,uniswap_v3_0.01_ethusdt,1k-10k,0xc7bbec68d12a0d1830360f8ec58fa599ba1b0e9b,48651,172062920.1086007,86249103.7340056,85949793.03343636
2026-01-19 00:00:00.000 UTC,uniswap_v3_0.05_ethusdc,0.5k-1k,0x88e6a0c2ddd26feeb64f039a2c41296fcb3f5640,1638,1212597.0111180176,586601.1524031312,625638.0997572411
2026-01-19 00:00:00.000 UTC,uniswap_v3_0.05_ethusdc,100k+,0x88e6a0c2ddd26feeb64f039a2c41296fcb3f5640,287,50138388.00855438,28074227.68061944,22094465.12919685
2026-01-19 00:00:00.000 UTC,uniswap_v3_0.05_ethusdc,10k-100k,0x88e6a0c2ddd26feeb64f039a2c41296fcb3f5640,6711,177282782.08056045,90390318.1634698,86945931.4825615
2026-01-19 00:00:00.000 UTC,uniswap_v3_0.05_ethusdc,1k-10k,0x88e6a0c2ddd26feeb64f039a2c41296fcb3f5640,10611,45602334.85925669,21094519.878869697,24513002.570315767
2026-01-19 00:00:00.000 UTC,uniswap_v3_0.05_ethusdt,0.5k-1k,0x11b815efb8f581194ae79006d24e0d814b7697f6,1670,1264085.3776701437,598687.4526459835,666377.7336404702
2026-01-19 00:00:00.000 UTC,uniswap_v3_0.05_ethusdt,100k+,0x11b815efb8f581194ae79006d24e0d814b7697f6,105,18956938.610508174,11304885.746319184,7659695.350672806
2026-01-19 00:00:00.000 UTC,uniswap_v3_0.05_ethusdt,10k-100k,0x11b815efb8f581194ae79006d24e0d814b7697f6,3886,94118227.2196655,48833413.09794075,45374959.352258705
2026-01-19 00:00:00.000 UTC,uniswap_v3_0.05_ethusdt,1k-10k,0x11b815efb8f581194ae79006d24e0d814b7697f6,11918,48465039.66135006,23808006.785353776,24703522.17642441
2026-01-19 00:00:00.000 UTC,uniswap_v3_0.3_ethusdc,0.5k-1k,0x8ad599c3a0ff1de082011efddc58f1908eb6e6d8,84,63685.76268351258,26720.835545210568,37039.29171384993
2026-01-19 00:00:00.000 UTC,uniswap_v3_0.3_ethusdc,100k+,0x8ad599c3a0ff1de082011efddc58f1908eb6e6d8,85,29072245.271434624,18740816.61267341,10385870.98133201
2026-01-19 00:00:00.000 UTC,uniswap_v3_0.3_ethusdc,10k-100k,0x8ad599c3a0ff1de082011efddc58f1908eb6e6d8,1030,33844873.21261461,18698991.97089186,15204278.128566738
2026-01-19 00:00:00.000 UTC,uniswap_v3_0.3_ethusdc,1k-10k,0x8ad599c3a0ff1de082011efddc58f1908eb6e6d8,753,3824772.1816610126,1821413.684254347,2007821.1309080722
2026-01-19 00:00:00.000 UTC,uniswap_v3_0.3_ethusdt,0.5k-1k,0x4e68ccd3e89f51c3074ca5072bbac773960dfa36,183,127551.50986227648,52054.59274839005,75801.64325246366
2026-01-19 00:00:00.000 UTC,uniswap_v3_0.3_ethusdt,100k+,0x4e68ccd3e89f51c3074ca5072bbac773960dfa36,757,195232708.39373577,120098253.98908381,75598589.25805894
2026-01-19 00:00:00.000 UTC,uniswap_v3_0.3_ethusdt,10k-100k,0x4e68ccd3e89f51c3074ca5072bbac773960dfa36,1219,51516981.24311564,24673278.02229144,26955762.481113795
2026-01-19 00:00:00.000 UTC,uniswap_v3_0.3_ethusdt,1k-10k,0x4e68ccd3e89f51c3074ca5072bbac773960dfa36,553,2510307.894000562,1292967.8191289941,1221834.8780566487
2026-01-19 00:00:00.000 UTC,uniswap_v3_1.0_ethusdc,0.5k-1k,0x7bea39867e4169dbe237d55c8242a8f2fcdcc387,81,54851.84030193427,37020.68508640023,17967.57491947811
2026-01-19 00:00:00.000 UTC,uniswap_v3_1.0_ethusdc,1k-10k,0x7bea39867e4169dbe237d55c8242a8f2fcdcc387,31,48995.77362499746,40071.060166995994,8982.333584678487
2026-01-26 00:00:00.000 UTC,curve_usdcwbtcweth,0.5k-1k,0x7f86bf177dd4f3494b841a37e810a34dd56c829b,2923,2165539.4189321348,918835.8363306511,925537.4961229082
2026-01-26 00:00:00.000 UTC,curve_usdcwbtcweth,10k-100k,0x7f86bf177dd4f3494b841a37e810a34dd56c829b,604,10316318.79642567,4751432.464377374,4634976.818267554
2026-01-26 00:00:00.000 UTC,curve_usdcwbtcweth,1k-10k,0x7f86bf177dd4f3494b841a37e810a34dd56c829b,8566,25263456.238770388,10961001.299413627,10551028.213404108
2026-01-26 00:00:00.000 UTC,curve_usdt,0.5k-1k,0xf5f5b97624542d72a9e06f04804bf81baa15e2b4,420,318114.79125218815,151641.13544677218,118253.50512685045
2026-01-26 00:00:00.000 UTC,curve_usdt,100k+,0xf5f5b97624542d72a9e06f04804bf81baa15e2b4,1,105980.48608909347,105950.502097,44.47187757175647
2026-01-26 00:00:00.000 UTC,curve_usdt,10k-100k,0xf5f5b97624542d72a9e06f04804bf81baa15e2b4,521,10258146.612044953,4980638.352551016,4775062.9789465405
2026-01-26 00:00:00.000 UTC,curve_usdt,1k-10k,0xf5f5b97624542d72a9e06f04804bf81baa15e2b4,2625,9476652.46106672,4271219.995361044,4009458.274606946
2026-01-26 00:00:00.000 UTC,curve_usdtwbtcweth,0.5k-1k,0xd51a44d3fae010294c616388b506acda1bfaae46,2128,1609706.8402386606,672609.1566726732,666900.9646220312
2026-01-26 00:00:00.000 UTC,curve_usdtwbtcweth,10k-100k,0xd51a44d3fae010294c616388b506acda1bfaae46,463,8015921.020894343,3575868.96983802,3695353.8785496964
2026-01-26 00:00:00.000 UTC,curve_usdtwbtcweth,1k-10k,0xd51a44d3fae010294c616388b506acda1bfaae46,7544,21904887.773433436,9675712.365272947,9131327.564541455
2026-01-26 00:00:00.000 UTC,sushiv2_ethusdt,0.5k-1k,0x06da0fd433c1a5d7a4faa01111c044910a184553,425,294409.25190972374,162666.18220226068,132596.0223062925
2026-01-26 00:00:00.000 UTC,sushiv2_ethusdt,10k-100k,0x06da0fd433c1a5d7a4faa01111c044910a184553,2,21222.10047640923,10350.320602733655,11052.03800454109
2026-01-26 00:00:00.000 UTC,sushiv2_ethusdt,1k-10k,0x06da0fd433c1a5d7a4faa01111c044910a184553,249,516075.1949921933,274748.1021889888,240570.7855847377
2026-01-26 00:00:00.000 UTC,sushiv2_usdceth,0.5k-1k,0x397ff1542f962076d0bfe58ea045ffa2d347aca0,430,296049.357569446,167137.4964170977,129441.21705025207
2026-01-26 00:00:00.000 UTC,sushiv2_usdceth,10k-100k,0x397ff1542f962076d0bfe58ea045ffa2d347aca0,2,23078.643948571575,11653.719582231628,11084.61045520053
2026-01-26 00:00:00.000 UTC,sushiv2_usdceth,1k-10k,0x397ff1542f962076d0bfe58ea045ffa2d347aca0,226,456651.1163117646,244956.4668636342,211047.55511655548
2026-01-26 00:00:00.000 UTC,uniswap_v3_0.01_ethusdc,0.5k-1k,0xe0554a476a092703abdb3ef35c80e0d76d32939f,17594,12755294.110361109,6334552.46481597,6419117.577129238
2026-01-26 00:00:00.000 UTC,uniswap_v3_0.01_ethusdc,100k+,0xe0554a476a092703abdb3ef35c80e0d76d32939f,188,58076717.737326644,29467800.014968168,29534396.08786861
2026-01-26 00:00:00.000 UTC,uniswap_v3_0.01_ethusdc,10k-100k,0xe0554a476a092703abdb3ef35c80e0d76d32939f,1247,33906274.40108448,17269029.84674638,16560019.99338335
2026-01-26 00:00:00.000 UTC,uniswap_v3_0.01_ethusdc,1k-10k,0xe0554a476a092703abdb3ef35c80e0d76d32939f,28799,69170625.49040624,34557428.01532478,34610560.78199948
2026-01-26 00:00:00.000 UTC,uniswap_v3_0.01_ethusdt,0.5k-1k,0xc7bbec68d12a0d1830360f8ec58fa599ba1b0e9b,16644,12232099.339855434,6310214.359208085,5928050.464335924
2026-01-26 00:00:00.000 UTC,uniswap_v3_0.01_ethusdt,100k+,0xc7bbec68d12a0d1830360f8ec58fa599ba1b0e9b,907,253116190.43244854,135269100.06917855,118971287.4814664
2026-01-26 00:00:00.000 UTC,uniswap_v3_0.01_ethusdt,10k-100k,0xc7bbec68d12a0d1830360f8ec58fa599ba1b0e9b,16204,365584318.59236515,181938139.8844,183790425.12987977
2026-01-26 00:00:00.000 UTC,uniswap_v3_0.01_ethusdt,1k-10k,0xc7bbec68d12a0d1830360f8ec58fa599ba1b0e9b,56261,209936604.20982018,105334673.81515779,104781797.69192573
2026-01-26 00:00:00.000 UTC,uniswap_v3_0.05_ethusdc,0.5k-1k,0x88e6a0c2ddd26feeb64f039a2c41296fcb3f5640,2366,1737841.8565631101,865710.3796372315,869904.303864553
2026-01-26 00:00:00.000 UTC,uniswap_v3_0.05_ethusdc,100k+,0x88e6a0c2ddd26feeb64f039a2c41296fcb3f5640,592,151381452.55898488,78767490.43985271,70737668.09979406
2026-01-26 00:00:00.000 UTC,uniswap_v3_0.05_ethusdc,10k-100k,0x88e6a0c2ddd26feeb64f039a2c41296fcb3f5640,10282,278902262.5759085,140398372.56240636,138234688.52698416
2026-01-26 00:00:00.000 UTC,uniswap_v3_0.05_ethusdc,1k-10k,0x88e6a0c2ddd26feeb64f039a2c41296fcb3f5640,15686,66595521.84663109,32052202.007640205,34498882.93988094
2026-01-26 00:00:00.000 UTC,uniswap_v3_0.05_ethusdt,0.5k-1k,0x11b815efb8f581194ae79006d24e0d814b7697f6,2327,1764830.6016311117,817207.2588597939,948925.2046337961
2026-01-26 00:00:00.000 UTC,uniswap_v3_0.05_ethusdt,100k+,0x11b815efb8f581194ae79006d24e0d814b7697f6,50,9150231.904417496,5292029.116450131,3807372.647148096
2026-01-26 00:00:00.000 UTC,uniswap_v3_0.05_ethusdt,10k-100k,0x11b815efb8f581194ae79006d24e0d814b7697f6,3556,72535426.81171466,36110360.4219812,36407442.53100927
2026-01-26 00:00:00.000 UTC,uniswap_v3_0.05_ethusdt,1k-10k,0x11b815efb8f581194ae79006d24e0d814b7697f6,17736,71315093.48546873,36221186.96870674,35171180.200394355
2026-01-26 00:00:00.000 UTC,uniswap_v3_0.3_ethusdc,0.5k-1k,0x8ad599c3a0ff1de082011efddc58f1908eb6e6d8,111,81845.59092875858,41566.081181731264,40178.44578382183
2026-01-26 00:00:00.000 UTC,uniswap_v3_0.3_ethusdc,100k+,0x8ad599c3a0ff1de082011efddc58f1908eb6e6d8,176,36351283.849787444,18771822.44579765,17338650.554763086
2026-01-26 00:00:00.000 UTC,uniswap_v3_0.3_ethusdc,10k-100k,0x8ad599c3a0ff1de082011efddc58f1908eb6e6d8,1952,58926246.51499368,30690473.227710743,28228947.636577263
2026-01-26 00:00:00.000 UTC,uniswap_v3_0.3_ethusdc,1k-10k,0x8ad599c3a0ff1de082011efddc58f1908eb6e6d8,1690,8383516.5760821765,4620083.599400273,3762327.0373221086
2026-01-26 00:00:00.000 UTC,uniswap_v3_0.3_ethusdt,0.5k-1k,0x4e68ccd3e89f51c3074ca5072bbac773960dfa36,234,163737.6784209814,67650.69123329766,95495.6110453439
2026-01-26 00:00:00.000 UTC,uniswap_v3_0.3_ethusdt,100k+,0x4e68ccd3e89f51c3074ca5072bbac773960dfa36,1181,337772865.41905737,174552530.9413107,163220444.39617544
2026-01-26 00:00:00.000 UTC,uniswap_v3_0.3_ethusdt,10k-100k,0x4e68ccd3e89f51c3074ca5072bbac773960dfa36,2767,117666114.66083933,62631680.37847227,55069730.03348059
2026-01-26 00:00:00.000 UTC,uniswap_v3_0.3_ethusdt,1k-10k,0x4e68ccd3e89f51c3074ca5072bbac773960dfa36,1279,5920124.323080273,3317303.6896176655,2594134.2542101326
2026-01-26 00:00:00.000 UTC,uniswap_v3_1.0_ethusdc,0.5k-1k,0x7bea39867e4169dbe237d55c8242a8f2fcdcc387,118,80673.04526843724,52241.836727879316,28615.51492410543
2026-01-26 00:00:00.000 UTC,uniswap_v3_1.0_ethusdc,1k-10k,0x7bea39867e4169dbe237d55c8242a8f2fcdcc387,81,163371.49332640984,106320.57977587655,56973.268484329245
2026-02-02 00:00:00.000 UTC,curve_usdcwbtcweth,0.5k-1k,0x7f86bf177dd4f3494b841a37e810a34dd56c829b,4450,3326106.8517880905,1427280.409993147,1434260.3026924045
2026-02-02 00:00:00.000 UTC,curve_usdcwbtcweth,100k+,0x7f86bf177dd4f3494b841a37e810a34dd56c829b,2,837052.892870638,395802.78899117996,394189.68711816
2026-02-02 00:00:00.000 UTC,curve_usdcwbtcweth,10k-100k,0x7f86bf177dd4f3494b841a37e810a34dd56c829b,753,13220033.784415087,6021017.600967797,6390801.544923608
2026-02-02 00:00:00.000 UTC,curve_usdcwbtcweth,1k-10k,0x7f86bf177dd4f3494b841a37e810a34dd56c829b,14166,38436515.6390159,17047840.854236215,16382446.439351786
2026-02-02 00:00:00.000 UTC,curve_usdt,0.5k-1k,0xf5f5b97624542d72a9e06f04804bf81baa15e2b4,648,497836.903066285,218615.854194101,236048.1079475466
2026-02-02 00:00:00.000 UTC,curve_usdt,10k-100k,0xf5f5b97624542d72a9e06f04804bf81baa15e2b4,816,16443788.65753893,7348202.933882104,8211858.7039865395
2026-02-02 00:00:00.000 UTC,curve_usdt,1k-10k,0xf5f5b97624542d72a9e06f04804bf81baa15e2b4,4392,15515424.144923117,7559638.005615025,6390756.4039753545
2026-02-02 00:00:00.000 UTC,curve_usdtwbtcweth,0.5k-1k,0xd51a44d3fae010294c616388b506acda1bfaae46,3128,2406036.258604996,970844.1353798461,1098833.7216397384
2026-02-02 00:00:00.000 UTC,curve_usdtwbtcweth,10k-100k,0xd51a44d3fae010294c616388b506acda1bfaae46,776,13788622.816741187,6395989.045844435,6567184.527567779
2026-02-02 00:00:00.000 UTC,curve_usdtwbtcweth,1k-10k,0xd51a44d3fae010294c616388b506acda1bfaae46,12544,35757569.640395634,15948585.286792127,15374538.299805682
2026-02-02 00:00:00.000 UTC,sushiv2_ethusdt,0.5k-1k,0x06da0fd433c1a5d7a4faa01111c044910a184553,906,623388.2885909246,350872.4197658399,274783.1224597546
2026-02-02 00:00:00.000 UTC,sushiv2_ethusdt,10k-100k,0x06da0fd433c1a5d7a4faa01111c044910a184553,4,44571.25830595019,11520.92348268554,33167.64170844482
2026-02-02 00:00:00.000 UTC,sushiv2_ethusdt,1k-10k,0x06da0fd433c1a5d7a4faa01111c044910a184553,480,941054.7050270073,438092.6633597547,505777.8306433132
2026-02-02 00:00:00.000 UTC,sushiv2_usdceth,0.5k-1k,0x397ff1542f962076d0bfe58ea045ffa2d347aca0,969,665403.2664445754,380302.7948575735,286598.15676101093
2026-02-02 00:00:00.000 UTC,sushiv2_usdceth,10k-100k,0x397ff1542f962076d0bfe58ea045ffa2d347aca0,3,40722.94390922587,30128.42538687012,10539.191169723777
2026-02-02 00:00:00.000 UTC,sushiv2_usdceth,1k-10k,0x397ff1542f962076d0bfe58ea045ffa2d347aca0,449,837619.9764321127,353226.406514556,485917.3332870236
2026-02-02 00:00:00.000 UTC,uniswap_v3_0.01_ethusdc,0.5k-1k,0xe0554a476a092703abdb3ef35c80e0d76d32939f,21043,15214667.645444922,7482185.581718889,7735419.3777584
2026-02-02 00:00:00.000 UTC,uniswap_v3_0.01_ethusdc,100k+,0xe0554a476a092703abdb3ef35c80e0d76d32939f,167,42655098.33920588,21519233.761793613,22066500.631986715
2026-02-02 00:00:00.000 UTC,uniswap_v3_0.01_ethusdc,10k-100k,0xe0554a476a092703abdb3ef35c80e0d76d32939f,1245,36899122.03754266,18654244.019721575,18248819.15357488
2026-02-02 00:00:00.000 UTC,uniswap_v3_0.01_ethusdc,1k-10k,0xe0554a476a092703abdb3ef35c80e0d76d32939f,28959,63041956.28663348,31812523.099106193,31255652.753444973
2026-02-02 00:00:00.000 UTC,uniswap_v3_0.01_ethusdt,0.5k-1k,0xc7bbec68d12a0d1830360f8ec58fa599ba1b0e9b,20034,14708344.622648839,6794764.196705216,7922562.102149098
2026-02-02 00:00:00.000 UTC,uniswap_v3_0.01_ethusdt,100k+,0xc7bbec68d12a0d1830360f8ec58fa599ba1b0e9b,753,195097774.40364984,98342014.48990461,97421664.66895486
2026-02-02 00:00:00.000 UTC,uniswap_v3_0.01_ethusdt,10k-100k,0xc7bbec68d12a0d1830360f8ec58fa599ba1b0e9b,12050,246945415.20058787,125293538.91762385,121989515.91604835
2026-02-02 00:00:00.000 UTC,uniswap_v3_0.01_ethusdt,1k-10k,0xc7bbec68d12a0d1830360f8ec58fa599ba1b0e9b,60241,202709779.04028755,101468050.78636084,101485478.71521094
2026-02-02 00:00:00.000 UTC,uniswap_v3_0.05_ethusdc,0.5k-1k,0x88e6a0c2ddd26feeb64f039a2c41296fcb3f5640,4684,3440517.330551455,1694508.137082901,1741790.3637471474
2026-02-02 00:00:00.000 UTC,uniswap_v3_0.05_ethusdc,100k+,0x88e6a0c2ddd26feeb64f039a2c41296fcb3f5640,8823,2484375942.664917,1238500720.6997929,1245978366.9243762
2026-02-02 00:00:00.000 UTC,uniswap_v3_0.05_ethusdc,10k-100k,0x88e6a0c2ddd26feeb64f039a2c41296fcb3f5640,20679,804882496.1507638,408671038.1904273,395918926.58675337
2026-02-02 00:00:00.000 UTC,uniswap_v3_0.05_ethusdc,1k-10k,0x88e6a0c2ddd26feeb64f039a2c41296fcb3f5640,21895,90263824.38591771,44352609.7865562,45857306.74518455
2026-02-02 00:00:00.000 UTC,uniswap_v3_0.05_ethusdt,0.5k-1k,0x11b815efb8f581194ae79006d24e0d814b7697f6,5466,4119363.333619293,2013049.7692161398,2110878.6229770444
2026-02-02 00:00:00.000 UTC,uniswap_v3_0.05_ethusdt,100k+,0x11b815efb8f581194ae79006d24e0d814b7697f6,10,3729817.323792887,1783875.5936476009,2076655.8455535867
2026-02-02 00:00:00.000 UTC,uniswap_v3_0.05_ethusdt,10k-100k,0x11b815efb8f581194ae79006d24e0d814b7697f6,2535,45869640.32394572,22261101.956997104,23651290.679271806
2026-02-02 00:00:00.000 UTC,uniswap_v3_0.05_ethusdt,1k-10k,0x11b815efb8f581194ae79006d24e0d814b7697f6,30184,103250173.94080217,52785004.19638049,50625796.56520178
2026-02-02 00:00:00.000 UTC,uniswap_v3_0.3_ethusdc,0.5k-1k,0x8ad599c3a0ff1de082011efddc58f1908eb6e6d8,277,207916.17182691404,97799.59516359643,109835.44269094996
2026-02-02 00:00:00.000 UTC,uniswap_v3_0.3_ethusdc,100k+,0x8ad599c3a0ff1de082011efddc58f1908eb6e6d8,101,17622876.225174036,9282835.384089084,8251619.4986759955
2026-02-02 00:00:00.000 UTC,uniswap_v3_0.3_ethusdc,10k-100k,0x8ad599c3a0ff1de082011efddc58f1908eb6e6d8,2625,65580838.75419983,32375505.576141503,33278781.94987351
2026-02-02 00:00:00.000 UTC,uniswap_v3_0.3_ethusdc,1k-10k,0x8ad599c3a0ff1de082011efddc58f1908eb6e6d8,3622,16953877.791988675,9358745.678081509,7616721.463746266
2026-02-02 00:00:00.000 UTC,uniswap_v3_0.3_ethusdt,0.5k-1k,0x4e68ccd3e89f51c3074ca5072bbac773960dfa36,350,253932.99648024864,83378.15147707355,170809.65663335795
2026-02-02 00:00:00.000 UTC,uniswap_v3_0.3_ethusdt,100k+,0x4e68ccd3e89f51c3074ca5072bbac773960dfa36,1310,374829702.9753598,197903602.51160514,177884253.3801795
2026-02-02 00:00:00.000 UTC,uniswap_v3_0.3_ethusdt,10k-100k,0x4e68ccd3e89f51c3074ca5072bbac773960dfa36,4867,194531271.67457786,110887823.25503698,84127008.19014545
2026-02-02 00:00:00.000 UTC,uniswap_v3_0.3_ethusdt,1k-10k,0x4e68ccd3e89f51c3074ca5072bbac773960dfa36,2039,10190694.102933705,5703999.674847801,4504904.641504405
2026-02-02 00:00:00.000 UTC,uniswap_v3_1.0_ethusdc,0.5k-1k,0x7bea39867e4169dbe237d55c8242a8f2fcdcc387,325,226247.1411592515,139021.6417644425,87855.29144630302
2026-02-02 00:00:00.000 UTC,uniswap_v3_1.0_ethusdc,10k-100k,0x7bea39867e4169dbe237d55c8242a8f2fcdcc387,1,12269.891186785595,12230.082269,7.077592097733758
2026-02-02 00:00:00.000 UTC,uniswap_v3_1.0_ethusdc,1k-10k,0x7bea39867e4169dbe237d55c8242a8f2fcdcc387,169,305715.2032772879,132462.15756256162,174813.29989223083
2026-02-09 00:00:00.000 UTC,curve_usdcwbtcweth,0.5k-1k,0x7f86bf177dd4f3494b841a37e810a34dd56c829b,4207,3006478.3640772603,1319745.5273827126,1276165.2515329889
2026-02-09 00:00:00.000 UTC,curve_usdcwbtcweth,10k-100k,0x7f86bf177dd4f3494b841a37e810a34dd56c829b,82,1224658.9993967179,476966.8349852674,739738.0832918349
2026-02-09 00:00:00.000 UTC,curve_usdcwbtcweth,1k-10k,0x7f86bf177dd4f3494b841a37e810a34dd56c829b,5176,11256653.957992462,5200671.903312294,4827394.534302466
2026-02-09 00:00:00.000 UTC,curve_usdt,0.5k-1k,0xf5f5b97624542d72a9e06f04804bf81baa15e2b4,591,437533.3043526685,226881.03062728763,167910.68676569013
2026-02-09 00:00:00.000 UTC,curve_usdt,10k-100k,0xf5f5b97624542d72a9e06f04804bf81baa15e2b4,213,3524728.083520606,1642755.830342163,1779641.1800564432
2026-02-09 00:00:00.000 UTC,curve_usdt,1k-10k,0xf5f5b97624542d72a9e06f04804bf81baa15e2b4,1895,6114366.812062178,2879015.860522215,2656902.5711435038
2026-02-09 00:00:00.000 UTC,curve_usdtwbtcweth,0.5k-1k,0xd51a44d3fae010294c616388b506acda1bfaae46,3506,2546961.065365424,1126565.1445475584,1070246.673703218
2026-02-09 00:00:00.000 UTC,curve_usdtwbtcweth,10k-100k,0xd51a44d3fae010294c616388b506acda1bfaae46,104,1581376.7946256094,691374.1710996702,815218.3728131118
2026-02-09 00:00:00.000 UTC,curve_usdtwbtcweth,1k-10k,0xd51a44d3fae010294c616388b506acda1bfaae46,5637,12542337.25716378,5702343.200007906,5521041.107916349
2026-02-09 00:00:00.000 UTC,sushiv2_ethusdt,0.5k-1k,0x06da0fd433c1a5d7a4faa01111c044910a184553,294,193012.31325406386,103828.27353709703,89771.18552252489
2026-02-09 00:00:00.000 UTC,sushiv2_ethusdt,1k-10k,0x06da0fd433c1a5d7a4faa01111c044910a184553,77,108890.38575739144,50188.394528121935,59140.26880437727
2026-02-09 00:00:00.000 UTC,sushiv2_usdceth,0.5k-1k,0x397ff1542f962076d0bfe58ea045ffa2d347aca0,298,198134.9552918223,106447.5201528893,92178.34664405063
2026-02-09 00:00:00.000 UTC,sushiv2_usdceth,1k-10k,0x397ff1542f962076d0bfe58ea045ffa2d347aca0,71,103002.62502078591,47616.05732255986,55730.91076623237
2026-02-09 00:00:00.000 UTC,uniswap_v3_0.01_ethusdc,0.5k-1k,0xe0554a476a092703abdb3ef35c80e0d76d32939f,20386,14377814.923340524,7168118.318096027,7215130.057497974
2026-02-09 00:00:00.000 UTC,uniswap_v3_0.01_ethusdc,100k+,0xe0554a476a092703abdb3ef35c80e0d76d32939f,148,35655595.333963394,17758551.289191864,17898119.296319567
2026-02-09 00:00:00.000 UTC,uniswap_v3_0.01_ethusdc,10k-100k,0xe0554a476a092703abdb3ef35c80e0d76d32939f,796,23128875.521264017,11571290.984344516,11520672.807944445
2026-02-09 00:00:00.000 UTC,uniswap_v3_0.01_ethusdc,1k-10k,0xe0554a476a092703abdb3ef35c80e0d76d32939f,13702,24901330.601108782,12562152.187662449,12351912.601942597
2026-02-09 00:00:00.000 UTC,uniswap_v3_0.01_ethusdt,0.5k-1k,0xc7bbec68d12a0d1830360f8ec58fa599ba1b0e9b,23794,17171388.206133656,8231254.843253564,8951365.091844704
2026-02-09 00:00:00.000 UTC,uniswap_v3_0.01_ethusdt,100k+,0xc7bbec68d12a0d1830360f8ec58fa599ba1b0e9b,337,93197960.36927329,47058677.54708456,46901397.18957856
2026-02-09 00:00:00.000 UTC,uniswap_v3_0.01_ethusdt,10k-100k,0xc7bbec68d12a0d1830360f8ec58fa599ba1b0e9b,2848,67967438.3061646,34238023.44840276,33737020.96281513
2026-02-09 00:00:00.000 UTC,uniswap_v3_0.01_ethusdt,1k-10k,0xc7bbec68d12a0d1830360f8ec58fa599ba1b0e9b,36768,91406485.48805594,46384251.31470023,45111253.40359737
2026-02-09 00:00:00.000 UTC,uniswap_v3_0.05_ethusdc,0.5k-1k,0x88e6a0c2ddd26feeb64f039a2c41296fcb3f5640,3892,2892828.867271422,1477704.8028377597,1414293.571279833
2026-02-09 00:00:00.000 UTC,uniswap_v3_0.05_ethusdc,100k+,0x88e6a0c2ddd26feeb64f039a2c41296fcb3f5640,5343,1236551158.8350096,625455478.7605869,612113509.3704206
2026-02-09 00:00:00.000 UTC,uniswap_v3_0.05_ethusdc,10k-100k,0x88e6a0c2ddd26feeb64f039a2c41296fcb3f5640,13862,585742936.862231,294886073.1024341,291107064.3067722
2026-02-09 00:00:00.000 UTC,uniswap_v3_0.05_ethusdc,1k-10k,0x88e6a0c2ddd26feeb64f039a2c41296fcb3f5640,13339,51205941.49587867,25919690.22935285,25294538.526676826
2026-02-09 00:00:00.000 UTC,uniswap_v3_0.05_ethusdt,0.5k-1k,0x11b815efb8f581194ae79006d24e0d814b7697f6,5525,4020540.515832794,2011466.484994209,2012926.3229834195
2026-02-09 00:00:00.000 UTC,uniswap_v3_0.05_ethusdt,10k-100k,0x11b815efb8f581194ae79006d24e0d814b7697f6,696,9351501.390073992,4696116.160992571,4661948.962502885
2026-02-09 00:00:00.000 UTC,uniswap_v3_0.05_ethusdt,1k-10k,0x11b815efb8f581194ae79006d24e0d814b7697f6,14369,41664449.63776017,21041374.40294901,20674051.732876133
2026-02-09 00:00:00.000 UTC,uniswap_v3_0.3_ethusdc,0.5k-1k,0x8ad599c3a0ff1de082011efddc58f1908eb6e6d8,275,211435.07814020957,109126.106343176,102600.23968725292
2026-02-09 00:00:00.000 UTC,uniswap_v3_0.3_ethusdc,100k+,0x8ad599c3a0ff1de082011efddc58f1908eb6e6d8,5,705901.0759968349,459369.7594639059,248869.2332372607
2026-02-09 00:00:00.000 UTC,uniswap_v3_0.3_ethusdc,10k-100k,0x8ad599c3a0ff1de082011efddc58f1908eb6e6d8,698,13727291.125925701,6937925.291260369,6822746.920944389
2026-02-09 00:00:00.000 UTC,uniswap_v3_0.3_ethusdc,1k-10k,0x8ad599c3a0ff1de082011efddc58f1908eb6e6d8,1939,8214374.569579061,4429748.9566654395,3797716.057961111
2026-02-09 00:00:00.000 UTC,uniswap_v3_0.3_ethusdt,0.5k-1k,0x4e68ccd3e89f51c3074ca5072bbac773960dfa36,158,118701.10935884045,56552.24482001269,62393.51256360991
2026-02-09 00:00:00.000 UTC,uniswap_v3_0.3_ethusdt,100k+,0x4e68ccd3e89f51c3074ca5072bbac773960dfa36,503,99505899.35765727,51482308.922440596,48339613.999181464
2026-02-09 00:00:00.000 UTC,uniswap_v3_0.3_ethusdt,10k-100k,0x4e68ccd3e89f51c3074ca5072bbac773960dfa36,1961,78592314.08160023,40960375.72209875,37805131.10630483
2026-02-09 00:00:00.000 UTC,uniswap_v3_0.3_ethusdt,1k-10k,0x4e68ccd3e89f51c3074ca5072bbac773960dfa36,1055,5286843.707713794,2744907.0111858863,2552257.859653203
2026-02-09 00:00:00.000 UTC,uniswap_v3_1.0_ethusdc,0.5k-1k,0x7bea39867e4169dbe237d55c8242a8f2fcdcc387,120,80594.74284213214,50140.185320015895,30672.968670495058
2026-02-09 00:00:00.000 UTC,uniswap_v3_1.0_ethusdc,1k-10k,0x7bea39867e4169dbe237d55c8242a8f2fcdcc387,36,50443.37580971851,23322.782065003375,27325.14930052908
2026-02-16 00:00:00.000 UTC,curve_usdcwbtcweth,0.5k-1k,0x7f86bf177dd4f3494b841a37e810a34dd56c829b,4677,3385459.055008824,1329982.957205728,1427793.5856238357
2026-02-16 00:00:00.000 UTC,curve_usdcwbtcweth,10k-100k,0x7f86bf177dd4f3494b841a37e810a34dd56c829b,148,2760741.269751554,1218793.8478852382,1285987.0016065915
2026-02-16 00:00:00.000 UTC,curve_usdcwbtcweth,1k-10k,0x7f86bf177dd4f3494b841a37e810a34dd56c829b,6689,15727633.873190224,6831531.362917878,6588830.183064345
2026-02-16 00:00:00.000 UTC,curve_usdt,0.5k-1k,0xf5f5b97624542d72a9e06f04804bf81baa15e2b4,741,546866.7914743006,228836.7464016073,243732.147941372
2026-02-16 00:00:00.000 UTC,curve_usdt,10k-100k,0xf5f5b97624542d72a9e06f04804bf81baa15e2b4,309,5119263.817775107,2631333.735572688,2335857.7710535396
2026-02-16 00:00:00.000 UTC,curve_usdt,1k-10k,0xf5f5b97624542d72a9e06f04804bf81baa15e2b4,2268,7242010.725250556,3055685.990878774,3296619.4556335397
2026-02-16 00:00:00.000 UTC,curve_usdtwbtcweth,0.5k-1k,0xd51a44d3fae010294c616388b506acda1bfaae46,3644,2677427.6766603556,1151592.193093766,1069130.8817293788
2026-02-16 00:00:00.000 UTC,curve_usdtwbtcweth,10k-100k,0xd51a44d3fae010294c616388b506acda1bfaae46,139,2160271.12886745,933617.935967855,975994.3725824687
2026-02-16 00:00:00.000 UTC,curve_usdtwbtcweth,1k-10k,0xd51a44d3fae010294c616388b506acda1bfaae46,6312,15169215.087925645,6317182.625446083,6350088.628657002
2026-02-16 00:00:00.000 UTC,sushiv2_ethusdt,0.5k-1k,0x06da0fd433c1a5d7a4faa01111c044910a184553,161,106349.62957152117,57574.53446202278,49029.111533700816
2026-02-16 00:00:00.000 UTC,sushiv2_ethusdt,1k-10k,0x06da0fd433c1a5d7a4faa01111c044910a184553,37,49845.12928589994,19275.560101318002,30751.63993570404
2026-02-16 00:00:00.000 UTC,sushiv2_usdceth,0.5k-1k,0x397ff1542f962076d0bfe58ea045ffa2d347aca0,162,108422.47061144798,54761.06025343943,53904.509048137275
2026-02-16 00:00:00.000 UTC,sushiv2_usdceth,1k-10k,0x397ff1542f962076d0bfe58ea045ffa2d347aca0,35,47454.55352779873,20282.319519185203,27316.43504312947
2026-02-16 00:00:00.000 UTC,uniswap_v3_0.01_ethusdc,0.5k-1k,0xe0554a476a092703abdb3ef35c80e0d76d32939f,20588,14678826.900510369,7062120.407090544,7619938.82223268
2026-02-16 00:00:00.000 UTC,uniswap_v3_0.01_ethusdc,100k+,0xe0554a476a092703abdb3ef35c80e0d76d32939f,127,29300484.933181927,14415537.751528157,14478639.692574877
2026-02-16 00:00:00.000 UTC,uniswap_v3_0.01_ethusdc,10k-100k,0xe0554a476a092703abdb3ef35c80e0d76d32939f,564,16953651.728385836,8498723.329607992,8446715.656063935
2026-02-16 00:00:00.000 UTC,uniswap_v3_0.01_ethusdc,1k-10k,0xe0554a476a092703abdb3ef35c80e0d76d32939f,13424,23874674.124654893,11996773.73801478,11886097.846313868
2026-02-16 00:00:00.000 UTC,uniswap_v3_0.01_ethusdt,0.5k-1k,0xc7bbec68d12a0d1830360f8ec58fa599ba1b0e9b,21662,16357925.279573554,7582382.395180139,8780885.040314246
2026-02-16 00:00:00.000 UTC,uniswap_v3_0.01_ethusdt,100k+,0xc7bbec68d12a0d1830360f8ec58fa599ba1b0e9b,391,136647401.55052745,68479526.0686716,67923361.72498453
2026-02-16 00:00:00.000 UTC,uniswap_v3_0.01_ethusdt,10k-100k,0xc7bbec68d12a0d1830360f8ec58fa599ba1b0e9b,8481,152713370.8837,76696342.01917425,76105892.28997625
2026-02-16 00:00:00.000 UTC,uniswap_v3_0.01_ethusdt,1k-10k,0xc7bbec68d12a0d1830360f8ec58fa599ba1b0e9b,76292,271309052.4767052,136129206.37377903,135313475.03182292
2026-02-16 00:00:00.000 UTC,uniswap_v3_0.05_ethusdc,0.5k-1k,0x88e6a0c2ddd26feeb64f039a2c41296fcb3f5640,2022,1510892.1166118956,896888.6147182343,613898.2438593815
2026-02-16 00:00:00.000 UTC,uniswap_v3_0.05_ethusdc,100k+,0x88e6a0c2ddd26feeb64f039a2c41296fcb3f5640,3663,812635520.5671093,405710435.84138656,407639266.2440357
2026-02-16 00:00:00.000 UTC,uniswap_v3_0.05_ethusdc,10k-100k,0x88e6a0c2ddd26feeb64f039a2c41296fcb3f5640,10074,419047779.54726356,210650139.01236162,208564154.89691922
2026-02-16 00:00:00.000 UTC,uniswap_v3_0.05_ethusdc,1k-10k,0x88e6a0c2ddd26feeb64f039a2c41296fcb3f5640,8079,34401673.947838426,17290643.503156345,17115997.168331116
2026-02-16 00:00:00.000 UTC,uniswap_v3_0.05_ethusdt,0.5k-1k,0x11b815efb8f581194ae79006d24e0d814b7697f6,3811,2771669.9187626857,1379922.8016600541,1394005.638201499
2026-02-16 00:00:00.000 UTC,uniswap_v3_0.05_ethusdt,10k-100k,0x11b815efb8f581194ae79006d24e0d814b7697f6,514,7040125.396943971,3568697.7816264704,3477614.6828160556
2026-02-16 00:00:00.000 UTC,uniswap_v3_0.05_ethusdt,1k-10k,0x11b815efb8f581194ae79006d24e0d814b7697f6,8866,24952217.88967549,12543715.759879816,12434488.29879987
2026-02-16 00:00:00.000 UTC,uniswap_v3_0.3_ethusdc,0.5k-1k,0x8ad599c3a0ff1de082011efddc58f1908eb6e6d8,177,135982.3385210449,78233.41167090494,57895.91510707468
2026-02-16 00:00:00.000 UTC,uniswap_v3_0.3_ethusdc,100k+,0x8ad599c3a0ff1de082011efddc58f1908eb6e6d8,4,560306.1601079396,446158.08147089765,114606.64203343779
2026-02-16 00:00:00.000 UTC,uniswap_v3_0.3_ethusdc,10k-100k,0x8ad599c3a0ff1de082011efddc58f1908eb6e6d8,599,12594890.157604188,6188068.953144742,6433715.911299906
2026-02-16 00:00:00.000 UTC,uniswap_v3_0.3_ethusdc,1k-10k,0x8ad599c3a0ff1de082011efddc58f1908eb6e6d8,1244,5244365.206031985,2801308.372439081,2450171.468906024
2026-02-16 00:00:00.000 UTC,uniswap_v3_0.3_ethusdt,0.5k-1k,0x4e68ccd3e89f51c3074ca5072bbac773960dfa36,158,120425.84767256722,56299.016732945216,64347.794922049325
2026-02-16 00:00:00.000 UTC,uniswap_v3_0.3_ethusdt,100k+,0x4e68ccd3e89f51c3074ca5072bbac773960dfa36,196,34735414.94390916,16027931.33400549,18808719.870510038
2026-02-16 00:00:00.000 UTC,uniswap_v3_0.3_ethusdt,10k-100k,0x4e68ccd3e89f51c3074ca5072bbac773960dfa36,1330,50856701.75627043,26635496.131731566,24316963.435388304
2026-02-16 00:00:00.000 UTC,uniswap_v3_0.3_ethusdt,1k-10k,0x4e68ccd3e89f51c3074ca5072bbac773960dfa36,774,3577813.230319971,1778761.3817389605,1804810.9670069031
2026-02-16 00:00:00.000 UTC,uniswap_v3_1.0_ethusdc,0.5k-1k,0x7bea39867e4169dbe237d55c8242a8f2fcdcc387,60,40990.826360022686,21541.33219635347,19546.745170381797
2026-02-16 00:00:00.000 UTC,uniswap_v3_1.0_ethusdc,1k-10k,0x7bea39867e4169dbe237d55c8242a8f2fcdcc387,9,11867.62962544609,6210.657261300373,5698.737943127625
2026-02-23 00:00:00.000 UTC,curve_usdcwbtcweth,0.5k-1k,0x7f86bf177dd4f3494b841a37e810a34dd56c829b,5486,3946224.7119897134,1684656.0042925242,1572261.2438847756
2026-02-23 00:00:00.000 UTC,curve_usdcwbtcweth,100k+,0x7f86bf177dd4f3494b841a37e810a34dd56c829b,2,271278.64082352264,139030.3570100958,138125.59700509577
2026-02-23 00:00:00.000 UTC,curve_usdcwbtcweth,10k-100k,0x7f86bf177dd4f3494b841a37e810a34dd56c829b,261,4003415.563418544,1862308.5997796652,2045625.092894907
2026-02-23 00:00:00.000 UTC,curve_usdcwbtcweth,1k-10k,0x7f86bf177dd4f3494b841a37e810a34dd56c829b,8346,20044448.729740556,8947243.427909568,8830194.117040081
2026-02-23 00:00:00.000 UTC,curve_usdt,0.5k-1k,0xf5f5b97624542d72a9e06f04804bf81baa15e2b4,614,453553.3727282168,217444.27211535728,173307.7566363819
2026-02-23 00:00:00.000 UTC,curve_usdt,10k-100k,0xf5f5b97624542d72a9e06f04804bf81baa15e2b4,213,3646745.3037233236,1623137.7339830494,1942796.4803893557
2026-02-23 00:00:00.000 UTC,curve_usdt,1k-10k,0xf5f5b97624542d72a9e06f04804bf81baa15e2b4,1767,5537372.750464134,2661891.916839421,2394617.4446995505
2026-02-23 00:00:00.000 UTC,curve_usdtwbtcweth,0.5k-1k,0xd51a44d3fae010294c616388b506acda1bfaae46,3194,2325945.874710901,1014590.0720754238,976846.2106352164
2026-02-23 00:00:00.000 UTC,curve_usdtwbtcweth,10k-100k,0xd51a44d3fae010294c616388b506acda1bfaae46,89,1363958.6488864014,489059.0531558333,804099.6283524904
2026-02-23 00:00:00.000 UTC,curve_usdtwbtcweth,1k-10k,0xd51a44d3fae010294c616388b506acda1bfaae46,4980,11085989.051088136,5091553.464583119,4797633.435985446
2026-02-23 00:00:00.000 UTC,sushiv2_ethusdt,0.5k-1k,0x06da0fd433c1a5d7a4faa01111c044910a184553,323,217034.900302121,114979.68275544794,102549.07450191918
2026-02-23 00:00:00.000 UTC,sushiv2_ethusdt,10k-100k,0x06da0fd433c1a5d7a4faa01111c044910a184553,2,150962.09322524862,70990.14233980623,70989.37492904317
2026-02-23 00:00:00.000 UTC,sushiv2_ethusdt,1k-10k,0x06da0fd433c1a5d7a4faa01111c044910a184553,110,187010.8138162812,80311.06040601037,107483.68174050727
2026-02-23 00:00:00.000 UTC,sushiv2_usdceth,0.5k-1k,0x397ff1542f962076d0bfe58ea045ffa2d347aca0,337,224785.1819762797,113478.78121265359,111810.13691268109
2026-02-23 00:00:00.000 UTC,sushiv2_usdceth,1k-10k,0x397ff1542f962076d0bfe58ea045ffa2d347aca0,103,167131.98527680335,75948.95882771752,91968.48826568859
2026-02-23 00:00:00.000 UTC,uniswap_v3_0.01_ethusdc,0.5k-1k,0xe0554a476a092703abdb3ef35c80e0d76d32939f,23511,16734722.794046855,8246143.0858559385,8490538.403026493
2026-02-23 00:00:00.000 UTC,uniswap_v3_0.01_ethusdc,100k+,0xe0554a476a092703abdb3ef35c80e0d76d32939f,164,38721525.11763137,17659420.610721543,17844836.47891258
2026-02-23 00:00:00.000 UTC,uniswap_v3_0.01_ethusdc,10k-100k,0xe0554a476a092703abdb3ef35c80e0d76d32939f,749,22911950.55828659,11485291.552520884,11378813.024790838
2026-02-23 00:00:00.000 UTC,uniswap_v3_0.01_ethusdc,1k-10k,0xe0554a476a092703abdb3ef35c80e0d76d32939f,19764,37383820.7029837,18845111.327632137,18556420.0642123
2026-02-23 00:00:00.000 UTC,uniswap_v3_0.01_ethusdt,0.5k-1k,0xc7bbec68d12a0d1830360f8ec58fa599ba1b0e9b,26680,19777846.109454628,9042177.822473593,10732711.036001574
2026-02-23 00:00:00.000 UTC,uniswap_v3_0.01_ethusdt,100k+,0xc7bbec68d12a0d1830360f8ec58fa599ba1b0e9b,555,182343721.354486,91858096.2969216,90994926.18908596
2026-02-23 00:00:00.000 UTC,uniswap_v3_0.01_ethusdt,10k-100k,0xc7bbec68d12a0d1830360f8ec58fa599ba1b0e9b,5755,118688867.27400379,58282996.0607058,60446913.52170952
2026-02-23 00:00:00.000 UTC,uniswap_v3_0.01_ethusdt,1k-10k,0xc7bbec68d12a0d1830360f8ec58fa599ba1b0e9b,80400,256499447.03319696,130413392.83078054,126134001.75512594
2026-02-23 00:00:00.000 UTC,uniswap_v3_0.05_ethusdc,0.5k-1k,0x88e6a0c2ddd26feeb64f039a2c41296fcb3f5640,2683,1957195.6332802684,1076734.468961093,878753.3648976809
2026-02-23 00:00:00.000 UTC,uniswap_v3_0.05_ethusdc,100k+,0x88e6a0c2ddd26feeb64f039a2c41296fcb3f5640,5351,1323832631.3759263,650208912.8499417,675078683.3827199
2026-02-23 00:00:00.000 UTC,uniswap_v3_0.05_ethusdc,10k-100k,0x88e6a0c2ddd26feeb64f039a2c41296fcb3f5640,15035,580788971.8530092,301797020.01427025,279173092.0894136
2026-02-23 00:00:00.000 UTC,uniswap_v3_0.05_ethusdc,1k-10k,0x88e6a0c2ddd26feeb64f039a2c41296fcb3f5640,13526,58825239.13709858,31800750.081322983,27019571.72800662
2026-02-23 00:00:00.000 UTC,uniswap_v3_0.05_ethusdt,0.5k-1k,0x11b815efb8f581194ae79006d24e0d814b7697f6,5880,4243460.424592764,2168530.5657933406,2075900.6918687243
2026-02-23 00:00:00.000 UTC,uniswap_v3_0.05_ethusdt,100k+,0x11b815efb8f581194ae79006d24e0d814b7697f6,5,2986457.401414071,1064475.8181397114,1268493.174099979
2026-02-23 00:00:00.000 UTC,uniswap_v3_0.05_ethusdt,10k-100k,0x11b815efb8f581194ae79006d24e0d814b7697f6,1084,15717004.369149039,7883519.305333492,7848150.225341426
2026-02-23 00:00:00.000 UTC,uniswap_v3_0.05_ethusdt,1k-10k,0x11b815efb8f581194ae79006d24e0d814b7697f6,18016,53938241.44776774,27000232.657951765,26967209.858420964
2026-02-23 00:00:00.000 UTC,uniswap_v3_0.3_ethusdc,0.5k-1k,0x8ad599c3a0ff1de082011efddc58f1908eb6e6d8,231,177519.57504776263,95065.52059247495,82684.78758837907
2026-02-23 00:00:00.000 UTC,uniswap_v3_0.3_ethusdc,100k+,0x8ad599c3a0ff1de082011efddc58f1908eb6e6d8,23,3035291.2933868496,1360725.2408643882,1691114.4580545388
2026-02-23 00:00:00.000 UTC,uniswap_v3_0.3_ethusdc,10k-100k,0x8ad599c3a0ff1de082011efddc58f1908eb6e6d8,1141,26446622.646415565,13395634.514003292,13122065.856807772
2026-02-23 00:00:00.000 UTC,uniswap_v3_0.3_ethusdc,1k-10k,0x8ad599c3a0ff1de082011efddc58f1908eb6e6d8,1813,7742133.408261593,4164007.2578090653,3589505.1252065087
2026-02-23 00:00:00.000 UTC,uniswap_v3_0.3_ethusdt,0.5k-1k,0x4e68ccd3e89f51c3074ca5072bbac773960dfa36,158,116141.89431723554,46511.804523073515,69832.70661026653
2026-02-23 00:00:00.000 UTC,uniswap_v3_0.3_ethusdt,100k+,0x4e68ccd3e89f51c3074ca5072bbac773960dfa36,360,64875472.32077545,29721180.957814034,35394631.48499947
2026-02-23 00:00:00.000 UTC,uniswap_v3_0.3_ethusdt,10k-100k,0x4e68ccd3e89f51c3074ca5072bbac773960dfa36,2127,81924050.81798603,43632971.07143134,38430580.08740673
2026-02-23 00:00:00.000 UTC,uniswap_v3_0.3_ethusdt,1k-10k,0x4e68ccd3e89f51c3074ca5072bbac773960dfa36,1102,5285696.531270606,2943673.363636694,2348448.0852638385
2026-02-23 00:00:00.000 UTC,uniswap_v3_1.0_ethusdc,0.5k-1k,0x7bea39867e4169dbe237d55c8242a8f2fcdcc387,140,93076.29523802077,48005.019360855746,45353.58299200803
2026-02-23 00:00:00.000 UTC,uniswap_v3_1.0_ethusdc,1k-10k,0x7bea39867e4169dbe237d55c8242a8f2fcdcc387,55,90135.65919944808,38221.9524951534,52487.73099911606
2026-03-02 00:00:00.000 UTC,curve_usdcwbtcweth,0.5k-1k,0x7f86bf177dd4f3494b841a37e810a34dd56c829b,3809,2755959.038662518,1215893.3474858245,1184465.321276465
2026-03-02 00:00:00.000 UTC,curve_usdcwbtcweth,10k-100k,0x7f86bf177dd4f3494b841a37e810a34dd56c829b,88,1263264.567282151,492020.6630947697,740583.4864464627
2026-03-02 00:00:00.000 UTC,curve_usdcwbtcweth,1k-10k,0x7f86bf177dd4f3494b841a37e810a34dd56c829b,5124,11579747.467808276,5400234.141214171,5141051.457099405
2026-03-02 00:00:00.000 UTC,curve_usdt,0.5k-1k,0xf5f5b97624542d72a9e06f04804bf81baa15e2b4,558,418075.7668582044,206929.63837032902,179261.08169093495
2026-03-02 00:00:00.000 UTC,curve_usdt,10k-100k,0xf5f5b97624542d72a9e06f04804bf81baa15e2b4,293,5141558.047862266,2365804.542150476,2693988.720729475
2026-03-02 00:00:00.000 UTC,curve_usdt,1k-10k,0xf5f5b97624542d72a9e06f04804bf81baa15e2b4,2021,6382739.387672032,3143945.381112552,2799691.937007745
2026-03-02 00:00:00.000 UTC,curve_usdtwbtcweth,0.5k-1k,0xd51a44d3fae010294c616388b506acda1bfaae46,3055,2233533.308694166,981516.4425803957,959037.0452900942
2026-03-02 00:00:00.000 UTC,curve_usdtwbtcweth,10k-100k,0xd51a44d3fae010294c616388b506acda1bfaae46,133,2121491.194452285,907924.5982004077,1191155.2450331058
2026-03-02 00:00:00.000 UTC,curve_usdtwbtcweth,1k-10k,0xd51a44d3fae010294c616388b506acda1bfaae46,5612,13063084.81214303,6072322.315297262,5791137.399617957
2026-03-02 00:00:00.000 UTC,sushiv2_ethusdt,0.5k-1k,0x06da0fd433c1a5d7a4faa01111c044910a184553,104,72591.22780468433,26948.206817746723,45982.758419570935
2026-03-02 00:00:00.000 UTC,sushiv2_ethusdt,1k-10k,0x06da0fd433c1a5d7a4faa01111c044910a184553,17,31554.200992104194,13907.697770063136,17727.775353769084
2026-03-02 00:00:00.000 UTC,sushiv2_usdceth,0.5k-1k,0x397ff1542f962076d0bfe58ea045ffa2d347aca0,85,57248.18528118218,21629.980379268156,35880.11237304401
2026-03-02 00:00:00.000 UTC,sushiv2_usdceth,1k-10k,0x397ff1542f962076d0bfe58ea045ffa2d347aca0,12,16644.975883976218,3820.277341812328,12925.606517423696
2026-03-02 00:00:00.000 UTC,uniswap_v3_0.01_ethusdc,0.5k-1k,0xe0554a476a092703abdb3ef35c80e0d76d32939f,19634,13919150.575342918,7037321.921535931,6889224.306063842
2026-03-02 00:00:00.000 UTC,uniswap_v3_0.01_ethusdc,100k+,0xe0554a476a092703abdb3ef35c80e0d76d32939f,178,48387406.18982015,23468675.422271065,23667065.227857374
2026-03-02 00:00:00.000 UTC,uniswap_v3_0.01_ethusdc,10k-100k,0xe0554a476a092703abdb3ef35c80e0d76d32939f,650,18379810.563218366,9225170.675397635,9157198.139303477
2026-03-02 00:00:00.000 UTC,uniswap_v3_0.01_ethusdc,1k-10k,0xe0554a476a092703abdb3ef35c80e0d76d32939f,20315,39650530.84502287,19816642.71350654,19870199.695822813
2026-03-02 00:00:00.000 UTC,uniswap_v3_0.01_ethusdt,0.5k-1k,0xc7bbec68d12a0d1830360f8ec58fa599ba1b0e9b,20693,15237435.440696005,7363031.379481193,7878296.293747481
2026-03-02 00:00:00.000 UTC,uniswap_v3_0.01_ethusdt,100k+,0xc7bbec68d12a0d1830360f8ec58fa599ba1b0e9b,286,93484597.25631711,47157996.201835096,46661802.97199845
2026-03-02 00:00:00.000 UTC,uniswap_v3_0.01_ethusdt,10k-100k,0xc7bbec68d12a0d1830360f8ec58fa599ba1b0e9b,2843,69946232.66445805,34621364.000715286,35353287.68909864
2026-03-02 00:00:00.000 UTC,uniswap_v3_0.01_ethusdt,1k-10k,0xc7bbec68d12a0d1830360f8ec58fa599ba1b0e9b,54150,163759640.12122864,82603696.39098601,81252602.90624535
2026-03-02 00:00:00.000 UTC,uniswap_v3_0.05_ethusdc,0.5k-1k,0x88e6a0c2ddd26feeb64f039a2c41296fcb3f5640,2250,1661927.7497140313,939668.3396230268,722393.4077849635
2026-03-02 00:00:00.000 UTC,uniswap_v3_0.05_ethusdc,100k+,0x88e6a0c2ddd26feeb64f039a2c41296fcb3f5640,6188,1467538990.7390475,729074169.030244,740323553.0191954
2026-03-02 00:00:00.000 UTC,uniswap_v3_0.05_ethusdc,10k-100k,0x88e6a0c2ddd26feeb64f039a2c41296fcb3f5640,13486,551762492.8127811,280878314.9818093,271303060.5469577
2026-03-02 00:00:00.000 UTC,uniswap_v3_0.05_ethusdc,1k-10k,0x88e6a0c2ddd26feeb64f039a2c41296fcb3f5640,10290,44321767.910592005,23318560.468636364,21020822.76071419
2026-03-02 00:00:00.000 UTC,uniswap_v3_0.05_ethusdt,0.5k-1k,0x11b815efb8f581194ae79006d24e0d814b7697f6,4382,3194911.7346961075,1608608.7234805722,1588542.5678526745
2026-03-02 00:00:00.000 UTC,uniswap_v3_0.05_ethusdt,100k+,0x11b815efb8f581194ae79006d24e0d814b7697f6,2,304735.14328740083,197675.96793664448,105857.35451388231
2026-03-02 00:00:00.000 UTC,uniswap_v3_0.05_ethusdt,10k-100k,0x11b815efb8f581194ae79006d24e0d814b7697f6,946,15486980.687951548,7542042.693128223,7961391.591942141
2026-03-02 00:00:00.000 UTC,uniswap_v3_0.05_ethusdt,1k-10k,0x11b815efb8f581194ae79006d24e0d814b7697f6,17869,56920706.421606906,28816657.891386725,28161615.23540392
2026-03-02 00:00:00.000 UTC,uniswap_v3_0.3_ethusdc,0.5k-1k,0x8ad599c3a0ff1de082011efddc58f1908eb6e6d8,139,108873.58976904137,57263.24948660581,51788.040374144875
2026-03-02 00:00:00.000 UTC,uniswap_v3_0.3_ethusdc,100k+,0x8ad599c3a0ff1de082011efddc58f1908eb6e6d8,14,2100142.087004339,476764.4290628121,1637277.1800333895
2026-03-02 00:00:00.000 UTC,uniswap_v3_0.3_ethusdc,10k-100k,0x8ad599c3a0ff1de082011efddc58f1908eb6e6d8,1186,27919308.611723803,13980237.074053407,14021125.675307676
2026-03-02 00:00:00.000 UTC,uniswap_v3_0.3_ethusdc,1k-10k,0x8ad599c3a0ff1de082011efddc58f1908eb6e6d8,1749,7582691.1606667265,3883295.9913008353,3714440.525139616
2026-03-02 00:00:00.000 UTC,uniswap_v3_0.3_ethusdt,0.5k-1k,0x4e68ccd3e89f51c3074ca5072bbac773960dfa36,119,85296.9065569526,31984.485562019585,53470.04774189288
2026-03-02 00:00:00.000 UTC,uniswap_v3_0.3_ethusdt,100k+,0x4e68ccd3e89f51c3074ca5072bbac773960dfa36,431,75493345.41919592,36709942.989799276,39030188.692282
2026-03-02 00:00:00.000 UTC,uniswap_v3_0.3_ethusdt,10k-100k,0x4e68ccd3e89f51c3074ca5072bbac773960dfa36,2122,83057901.17322378,43581745.77733599,39657392.58810923
2026-03-02 00:00:00.000 UTC,uniswap_v3_0.3_ethusdt,1k-10k,0x4e68ccd3e89f51c3074ca5072bbac773960dfa36,1032,5110848.159144152,2636211.797308259,2483648.035751783
2026-03-02 00:00:00.000 UTC,uniswap_v3_1.0_ethusdc,0.5k-1k,0x7bea39867e4169dbe237d55c8242a8f2fcdcc387,115,78235.48365908509,39351.033779271216,39172.88731899474
2026-03-02 00:00:00.000 UTC,uniswap_v3_1.0_ethusdc,1k-10k,0x7bea39867e4169dbe237d55c8242a8f2fcdcc387,39,53830.82769645194,14813.368856179315,39347.729126804436
2026-03-09 00:00:00.000 UTC,curve_usdcwbtcweth,0.5k-1k,0x7f86bf177dd4f3494b841a37e810a34dd56c829b,3704,2674003.8728395486,1217641.797575319,1153492.2377351539
2026-03-09 00:00:00.000 UTC,curve_usdcwbtcweth,100k+,0x7f86bf177dd4f3494b841a37e810a34dd56c829b,1,170410.35811284394,82.83123583732424,177434.550304
2026-03-09 00:00:00.000 UTC,curve_usdcwbtcweth,10k-100k,0x7f86bf177dd4f3494b841a37e810a34dd56c829b,136,2348378.294607782,1086033.7789615192,925310.1635878602
2026-03-09 00:00:00.000 UTC,curve_usdcwbtcweth,1k-10k,0x7f86bf177dd4f3494b841a37e810a34dd56c829b,4883,11570050.662790183,5188859.827292617,5387573.85469796
2026-03-09 00:00:00.000 UTC,curve_usdt,0.5k-1k,0xf5f5b97624542d72a9e06f04804bf81baa15e2b4,594,449422.644300233,200560.42806822745,202576.2343141764
2026-03-09 00:00:00.000 UTC,curve_usdt,100k+,0xf5f5b97624542d72a9e06f04804bf81baa15e2b4,1,101988.232313471,101957.543093,1.48211342
2026-03-09 00:00:00.000 UTC,curve_usdt,10k-100k,0xf5f5b97624542d72a9e06f04804bf81baa15e2b4,315,5595276.33272514,2619479.608644041,2742157.189259128
2026-03-09 00:00:00.000 UTC,curve_usdt,1k-10k,0xf5f5b97624542d72a9e06f04804bf81baa15e2b4,2237,7157098.817597825,3070004.5963546904,3456917.3190070875
2026-03-09 00:00:00.000 UTC,curve_usdtwbtcweth,0.5k-1k,0xd51a44d3fae010294c616388b506acda1bfaae46,2961,2135636.9541781377,928838.5633042656,931771.0543556019
2026-03-09 00:00:00.000 UTC,curve_usdtwbtcweth,10k-100k,0xd51a44d3fae010294c616388b506acda1bfaae46,105,1689961.8667818184,747652.3986829333,872024.29359756
2026-03-09 00:00:00.000 UTC,curve_usdtwbtcweth,1k-10k,0xd51a44d3fae010294c616388b506acda1bfaae46,4221,9645416.250712773,4325045.166540021,4462502.118984236
2026-03-09 00:00:00.000 UTC,sushiv2_ethusdt,0.5k-1k,0x06da0fd433c1a5d7a4faa01111c044910a184553,26,16631.85374147026,7216.886617475587,9479.202252298888
2026-03-09 00:00:00.000 UTC,sushiv2_ethusdt,1k-10k,0x06da0fd433c1a5d7a4faa01111c044910a184553,6,15351.355325970973,6071.085781315672,9495.293208180872
2026-03-09 00:00:00.000 UTC,sushiv2_usdceth,0.5k-1k,0x397ff1542f962076d0bfe58ea045ffa2d347aca0,5,3419.6341350253874,2317.9608090904458,1104.5645600282667
2026-03-09 00:00:00.000 UTC,sushiv2_usdceth,100k+,0x397ff1542f962076d0bfe58ea045ffa2d347aca0,1,199575.64675955416,102.97967851536069,75940.449537
2026-03-09 00:00:00.000 UTC,sushiv2_usdceth,10k-100k,0x397ff1542f962076d0bfe58ea045ffa2d347aca0,1,75955.48600105882,75940.449792,102.78504627304609
2026-03-09 00:00:00.000 UTC,sushiv2_usdceth,1k-10k,0x397ff1542f962076d0bfe58ea045ffa2d347aca0,1,2095.804398671594,1.0187060829971,2133.572278
2026-03-09 00:00:00.000 UTC,uniswap_v3_0.01_ethusdc,0.5k-1k,0xe0554a476a092703abdb3ef35c80e0d76d32939f,17571,12320178.770326382,6190090.651473157,6140514.1398625905
2026-03-09 00:00:00.000 UTC,uniswap_v3_0.01_ethusdc,100k+,0xe0554a476a092703abdb3ef35c80e0d76d32939f,119,29438019.41678012,15115205.09579106,14960289.51029778
2026-03-09 00:00:00.000 UTC,uniswap_v3_0.01_ethusdc,10k-100k,0xe0554a476a092703abdb3ef35c80e0d76d32939f,710,19832893.279172555,9751059.834546406,10099062.193883423
2026-03-09 00:00:00.000 UTC,uniswap_v3_0.01_ethusdc,1k-10k,0xe0554a476a092703abdb3ef35c80e0d76d32939f,16230,30614428.205784235,15085931.131610202,15566373.574979782
2026-03-09 00:00:00.000 UTC,uniswap_v3_0.01_ethusdt,0.5k-1k,0xc7bbec68d12a0d1830360f8ec58fa599ba1b0e9b,18143,13155668.068436798,6436173.649231803,6724845.439307057
2026-03-09 00:00:00.000 UTC,uniswap_v3_0.01_ethusdt,100k+,0xc7bbec68d12a0d1830360f8ec58fa599ba1b0e9b,260,98152347.4873546,48494790.888855115,48848275.96244372
2026-03-09 00:00:00.000 UTC,uniswap_v3_0.01_ethusdt,10k-100k,0xc7bbec68d12a0d1830360f8ec58fa599ba1b0e9b,2156,54462260.63484988,26563840.034402076,27940311.69007494
2026-03-09 00:00:00.000 UTC,uniswap_v3_0.01_ethusdt,1k-10k,0xc7bbec68d12a0d1830360f8ec58fa599ba1b0e9b,45169,130852977.5100452,65952314.584855646,65005718.11638481
2026-03-09 00:00:00.000 UTC,uniswap_v3_0.05_ethusdc,0.5k-1k,0x88e6a0c2ddd26feeb64f039a2c41296fcb3f5640,1828,1332926.12835094,780362.1970801518,553091.68170647
2026-03-09 00:00:00.000 UTC,uniswap_v3_0.05_ethusdc,100k+,0x88e6a0c2ddd26feeb64f039a2c41296fcb3f5640,4302,1008460047.5110683,483303973.9699962,528268629.1762209
2026-03-09 00:00:00.000 UTC,uniswap_v3_0.05_ethusdc,10k-100k,0x88e6a0c2ddd26feeb64f039a2c41296fcb3f5640,11190,455532681.4442513,231142240.7804419,224854823.98207888
2026-03-09 00:00:00.000 UTC,uniswap_v3_0.05_ethusdc,1k-10k,0x88e6a0c2ddd26feeb64f039a2c41296fcb3f5640,8507,34810798.606055565,19194254.680591043,15641410.322738444
2026-03-09 00:00:00.000 UTC,uniswap_v3_0.05_ethusdt,0.5k-1k,0x11b815efb8f581194ae79006d24e0d814b7697f6,3822,2795615.3158081295,1370129.9752031257,1427676.6188980213
2026-03-09 00:00:00.000 UTC,uniswap_v3_0.05_ethusdt,100k+,0x11b815efb8f581194ae79006d24e0d814b7697f6,8,1596091.4358266299,615851.6479315362,1043351.829271627
2026-03-09 00:00:00.000 UTC,uniswap_v3_0.05_ethusdt,10k-100k,0x11b815efb8f581194ae79006d24e0d814b7697f6,809,13850492.996702936,6745232.223122947,7133782.611618111
2026-03-09 00:00:00.000 UTC,uniswap_v3_0.05_ethusdt,1k-10k,0x11b815efb8f581194ae79006d24e0d814b7697f6,17777,59006009.018337235,29676706.22936383,29391315.974355888
2026-03-09 00:00:00.000 UTC,uniswap_v3_0.3_ethusdc,0.5k-1k,0x8ad599c3a0ff1de082011efddc58f1908eb6e6d8,148,108887.2931737283,65769.56833170269,43298.26092795284
2026-03-09 00:00:00.000 UTC,uniswap_v3_0.3_ethusdc,100k+,0x8ad599c3a0ff1de082011efddc58f1908eb6e6d8,22,9639997.487325307,4174179.7239389005,5773272.3205100475
2026-03-09 00:00:00.000 UTC,uniswap_v3_0.3_ethusdc,10k-100k,0x8ad599c3a0ff1de082011efddc58f1908eb6e6d8,946,22704942.058821227,10340177.80183831,12437074.936954547
2026-03-09 00:00:00.000 UTC,uniswap_v3_0.3_ethusdc,1k-10k,0x8ad599c3a0ff1de082011efddc58f1908eb6e6d8,1347,5783720.501461323,3018001.228821791,2777193.4805181627
2026-03-09 00:00:00.000 UTC,uniswap_v3_0.3_ethusdt,0.5k-1k,0x4e68ccd3e89f51c3074ca5072bbac773960dfa36,87,64329.465910233295,26841.37181174302,37640.98182166554
2026-03-09 00:00:00.000 UTC,uniswap_v3_0.3_ethusdt,100k+,0x4e68ccd3e89f51c3074ca5072bbac773960dfa36,469,172689562.508008,87473695.61502178,99268518.95116061
2026-03-09 00:00:00.000 UTC,uniswap_v3_0.3_ethusdt,10k-100k,0x4e68ccd3e89f51c3074ca5072bbac773960dfa36,1588,62981054.46493346,30848648.68022818,32279793.088959366
2026-03-09 00:00:00.000 UTC,uniswap_v3_0.3_ethusdt,1k-10k,0x4e68ccd3e89f51c3074ca5072bbac773960dfa36,662,3318728.4382164883,1694240.5269165386,1631015.4411857817
2026-03-09 00:00:00.000 UTC,uniswap_v3_1.0_ethusdc,0.5k-1k,0x7bea39867e4169dbe237d55c8242a8f2fcdcc387,103,69394.91006975443,26570.31906701456,43146.006713977986
2026-03-09 00:00:00.000 UTC,uniswap_v3_1.0_ethusdc,100k+,0x7bea39867e4169dbe237d55c8242a8f2fcdcc387,2,466209.6493096283,188359.25481103966,188358.464146
2026-03-09 00:00:00.000 UTC,uniswap_v3_1.0_ethusdc,10k-100k,0x7bea39867e4169dbe237d55c8242a8f2fcdcc387,2,27449.013258423445,13019.7312139998,14892.510553233325
2026-03-09 00:00:00.000 UTC,uniswap_v3_1.0_ethusdc,1k-10k,0x7bea39867e4169dbe237d55c8242a8f2fcdcc387,26,38920.72567334066,7296.066459029227,31937.034375249117
2026-03-16 00:00:00.000 UTC,curve_usdcwbtcweth,0.5k-1k,0x7f86bf177dd4f3494b841a37e810a34dd56c829b,3603,2610965.638390881,1180807.477969485,1148627.7147214694
2026-03-16 00:00:00.000 UTC,curve_usdcwbtcweth,10k-100k,0x7f86bf177dd4f3494b841a37e810a34dd56c829b,109,1597106.7209993538,833357.8302809402,685315.6341041954
2026-03-16 00:00:00.000 UTC,curve_usdcwbtcweth,1k-10k,0x7f86bf177dd4f3494b841a37e810a34dd56c829b,4821,11189373.850725982,5081590.597986045,5066667.612058862
2026-03-16 00:00:00.000 UTC,curve_usdt,0.5k-1k,0xf5f5b97624542d72a9e06f04804bf81baa15e2b4,326,243165.3088477898,136408.06044703498,80228.11826617796
2026-03-16 00:00:00.000 UTC,curve_usdt,10k-100k,0xf5f5b97624542d72a9e06f04804bf81baa15e2b4,22,366341.617588775,216030.77806540945,151000.70774141044
2026-03-16 00:00:00.000 UTC,curve_usdt,1k-10k,0xf5f5b97624542d72a9e06f04804bf81baa15e2b4,604,1544355.398995666,785777.6814816929,653961.1639270687
2026-03-16 00:00:00.000 UTC,curve_usdtwbtcweth,0.5k-1k,0xd51a44d3fae010294c616388b506acda1bfaae46,2475,1835756.6581700123,862856.0543092979,767147.872106999
2026-03-16 00:00:00.000 UTC,curve_usdtwbtcweth,10k-100k,0xd51a44d3fae010294c616388b506acda1bfaae46,103,1594879.3785012506,746653.6450240368,837264.6081535812
2026-03-16 00:00:00.000 UTC,curve_usdtwbtcweth,1k-10k,0xd51a44d3fae010294c616388b506acda1bfaae46,4364,9944775.123142628,4561643.23738811,4415418.108568857
2026-03-16 00:00:00.000 UTC,sushiv2_ethusdt,0.5k-1k,0x06da0fd433c1a5d7a4faa01111c044910a184553,33,21378.69133896234,10169.414582109435,11277.285715704731
2026-03-16 00:00:00.000 UTC,sushiv2_ethusdt,1k-10k,0x06da0fd433c1a5d7a4faa01111c044910a184553,17,30211.142283436075,14264.73740360305,16103.959769398101
2026-03-16 00:00:00.000 UTC,sushiv2_usdceth,0.5k-1k,0x397ff1542f962076d0bfe58ea045ffa2d347aca0,9,5616.758566785372,2640.441550288091,2977.540023954276
2026-03-16 00:00:00.000 UTC,sushiv2_usdceth,1k-10k,0x397ff1542f962076d0bfe58ea045ffa2d347aca0,5,8320.519240128744,4600.645656167605,3799.0989081625685
2026-03-16 00:00:00.000 UTC,uniswap_v3_0.01_ethusdc,0.5k-1k,0xe0554a476a092703abdb3ef35c80e0d76d32939f,19116,13635079.828824809,6897849.029873435,6746550.251722958
2026-03-16 00:00:00.000 UTC,uniswap_v3_0.01_ethusdc,100k+,0xe0554a476a092703abdb3ef35c80e0d76d32939f,181,56546717.72577575,27831686.084423874,28038895.155672718
2026-03-16 00:00:00.000 UTC,uniswap_v3_0.01_ethusdc,10k-100k,0xe0554a476a092703abdb3ef35c80e0d76d32939f,976,26644276.820828557,13962561.08625171,12681852.285668196
2026-03-16 00:00:00.000 UTC,uniswap_v3_0.01_ethusdc,1k-10k,0xe0554a476a092703abdb3ef35c80e0d76d32939f,22800,45355445.65786279,22132156.249020107,23272557.77538795
2026-03-16 00:00:00.000 UTC,uniswap_v3_0.01_ethusdt,0.5k-1k,0xc7bbec68d12a0d1830360f8ec58fa599ba1b0e9b,18315,13321847.537520342,6566829.904409148,6760159.869904373
2026-03-16 00:00:00.000 UTC,uniswap_v3_0.01_ethusdt,100k+,0xc7bbec68d12a0d1830360f8ec58fa599ba1b0e9b,242,87800368.1837571,43572873.32337072,43606173.65563353
2026-03-16 00:00:00.000 UTC,uniswap_v3_0.01_ethusdt,10k-100k,0xc7bbec68d12a0d1830360f8ec58fa599ba1b0e9b,2343,54471012.03389796,26628425.9874397,27857004.049197674
2026-03-16 00:00:00.000 UTC,uniswap_v3_0.01_ethusdt,1k-10k,0xc7bbec68d12a0d1830360f8ec58fa599ba1b0e9b,43255,114615066.04326296,58491813.03437604,56199271.6364933
2026-03-16 00:00:00.000 UTC,uniswap_v3_0.05_ethusdc,0.5k-1k,0x88e6a0c2ddd26feeb64f039a2c41296fcb3f5640,2177,1608251.1865091524,798190.9199248278,810364.8229686046
2026-03-16 00:00:00.000 UTC,uniswap_v3_0.05_ethusdc,100k+,0x88e6a0c2ddd26feeb64f039a2c41296fcb3f5640,2574,548495804.7897284,281655467.8033349,267489172.5334315
2026-03-16 00:00:00.000 UTC,uniswap_v3_0.05_ethusdc,10k-100k,0x88e6a0c2ddd26feeb64f039a2c41296fcb3f5640,12704,448233496.92329365,224981009.62463242,223639018.83252448
2026-03-16 00:00:00.000 UTC,uniswap_v3_0.05_ethusdc,1k-10k,0x88e6a0c2ddd26feeb64f039a2c41296fcb3f5640,11030,46591363.85848323,23603381.357496493,23014767.07165245
2026-03-16 00:00:00.000 UTC,uniswap_v3_0.05_ethusdt,0.5k-1k,0x11b815efb8f581194ae79006d24e0d814b7697f6,2885,2155548.6734588593,1138004.45682138,1018596.1354896268
2026-03-16 00:00:00.000 UTC,uniswap_v3_0.05_ethusdt,100k+,0x11b815efb8f581194ae79006d24e0d814b7697f6,26,6087019.110046682,3070461.1536071748,2975667.275539171
2026-03-16 00:00:00.000 UTC,uniswap_v3_0.05_ethusdt,10k-100k,0x11b815efb8f581194ae79006d24e0d814b7697f6,2507,45256161.47597891,23404420.360849068,21891912.58362975
2026-03-16 00:00:00.000 UTC,uniswap_v3_0.05_ethusdt,1k-10k,0x11b815efb8f581194ae79006d24e0d814b7697f6,18454,68136905.71504901,34013346.72717568,34183464.67112039
2026-03-16 00:00:00.000 UTC,uniswap_v3_0.3_ethusdc,0.5k-1k,0x8ad599c3a0ff1de082011efddc58f1908eb6e6d8,99,76962.93560251345,44846.55586804204,32224.835912952967
2026-03-16 00:00:00.000 UTC,uniswap_v3_0.3_ethusdc,100k+,0x8ad599c3a0ff1de082011efddc58f1908eb6e6d8,19,3529589.3213798497,1954186.2413514578,1572283.7444405672
2026-03-16 00:00:00.000 UTC,uniswap_v3_0.3_ethusdc,10k-100k,0x8ad599c3a0ff1de082011efddc58f1908eb6e6d8,1019,26160261.88165502,13725537.42499075,12493350.659592632
2026-03-16 00:00:00.000 UTC,uniswap_v3_0.3_ethusdc,1k-10k,0x8ad599c3a0ff1de082011efddc58f1908eb6e6d8,1596,7321847.306929905,4025663.9108824683,3308618.715558608
2026-03-16 00:00:00.000 UTC,uniswap_v3_0.3_ethusdt,0.5k-1k,0x4e68ccd3e89f51c3074ca5072bbac773960dfa36,122,90490.39110383297,30096.091847261137,60524.78625359971
2026-03-16 00:00:00.000 UTC,uniswap_v3_0.3_ethusdt,100k+,0x4e68ccd3e89f51c3074ca5072bbac773960dfa36,398,80830839.92294443,41554563.922427386,39432553.89074351
2026-03-16 00:00:00.000 UTC,uniswap_v3_0.3_ethusdt,10k-100k,0x4e68ccd3e89f51c3074ca5072bbac773960dfa36,1898,69587954.1641693,36424361.380015776,33289833.653814808
2026-03-16 00:00:00.000 UTC,uniswap_v3_0.3_ethusdt,1k-10k,0x4e68ccd3e89f51c3074ca5072bbac773960dfa36,860,4387804.239610857,2420512.796177639,1972886.7161157965
2026-03-16 00:00:00.000 UTC,uniswap_v3_1.0_ethusdc,0.5k-1k,0x7bea39867e4169dbe237d55c8242a8f2fcdcc387,79,52050.45360386309,35736.98613253008,16425.663434173766
2026-03-16 00:00:00.000 UTC,uniswap_v3_1.0_ethusdc,100k+,0x7bea39867e4169dbe237d55c8242a8f2fcdcc387,1,120095.74215657734,54.59145513731412,121281.289989
2026-03-16 00:00:00.000 UTC,uniswap_v3_1.0_ethusdc,10k-100k,0x7bea39867e4169dbe237d55c8242a8f2fcdcc387,9,267516.2394812881,120.73203096392812,270565.890237
2026-03-16 00:00:00.000 UTC,uniswap_v3_1.0_ethusdc,1k-10k,0x7bea39867e4169dbe237d55c8242a8f2fcdcc387,29,45577.11998596166,21191.341764623514,24604.242165927753
2026-03-23 00:00:00.000 UTC,curve_usdcwbtcweth,0.5k-1k,0x7f86bf177dd4f3494b841a37e810a34dd56c829b,3272,2336330.047084063,1033938.0422360061,1045804.2689346772
2026-03-23 00:00:00.000 UTC,curve_usdcwbtcweth,10k-100k,0x7f86bf177dd4f3494b841a37e810a34dd56c829b,93,1300851.9062547022,593891.8910915062,710172.492801451
2026-03-23 00:00:00.000 UTC,curve_usdcwbtcweth,1k-10k,0x7f86bf177dd4f3494b841a37e810a34dd56c829b,4011,9260050.175366959,4351381.076776255,4172083.7201409535
2026-03-23 00:00:00.000 UTC,curve_usdt,0.5k-1k,0xf5f5b97624542d72a9e06f04804bf81baa15e2b4,287,211349.9075891368,101781.90729712835,89176.74469672015
2026-03-23 00:00:00.000 UTC,curve_usdt,10k-100k,0xf5f5b97624542d72a9e06f04804bf81baa15e2b4,116,1885355.4926125116,779988.7762556929,1091732.6886272344
2026-03-23 00:00:00.000 UTC,curve_usdt,1k-10k,0xf5f5b97624542d72a9e06f04804bf81baa15e2b4,925,2698649.414962436,1455975.316218543,1032517.408227779
2026-03-23 00:00:00.000 UTC,curve_usdtwbtcweth,0.5k-1k,0xd51a44d3fae010294c616388b506acda1bfaae46,2350,1731326.7661421753,803937.433155087,767596.1779221225
2026-03-23 00:00:00.000 UTC,curve_usdtwbtcweth,100k+,0xd51a44d3fae010294c616388b506acda1bfaae46,2,290414.8737393427,148412.5791471497,148165.04175979967
2026-03-23 00:00:00.000 UTC,curve_usdtwbtcweth,10k-100k,0xd51a44d3fae010294c616388b506acda1bfaae46,104,1505673.3218957405,657216.2989219793,747178.1810835082
2026-03-23 00:00:00.000 UTC,curve_usdtwbtcweth,1k-10k,0xd51a44d3fae010294c616388b506acda1bfaae46,3542,8166119.510327385,3775494.7123274873,3697121.577929815
2026-03-23 00:00:00.000 UTC,sushiv2_ethusdt,0.5k-1k,0x06da0fd433c1a5d7a4faa01111c044910a184553,28,19828.26764973462,10027.323098289677,9963.78794753693
2026-03-23 00:00:00.000 UTC,sushiv2_ethusdt,1k-10k,0x06da0fd433c1a5d7a4faa01111c044910a184553,6,9159.81117797089,3311.6716352800813,6010.548272069026
2026-03-23 00:00:00.000 UTC,sushiv2_usdceth,0.5k-1k,0x397ff1542f962076d0bfe58ea045ffa2d347aca0,7,3999.245523598129,2138.286177191637,1904.8468886393243
2026-03-23 00:00:00.000 UTC,sushiv2_usdceth,1k-10k,0x397ff1542f962076d0bfe58ea045ffa2d347aca0,1,1471.998506018693,0.7178904660043859,1508.788987
2026-03-23 00:00:00.000 UTC,uniswap_v3_0.01_ethusdc,0.5k-1k,0xe0554a476a092703abdb3ef35c80e0d76d32939f,17712,12786878.93931614,6492039.8928971635,6301476.91012262
2026-03-23 00:00:00.000 UTC,uniswap_v3_0.01_ethusdc,100k+,0xe0554a476a092703abdb3ef35c80e0d76d32939f,184,60645015.00184039,30053651.519116007,30283332.978360444
2026-03-23 00:00:00.000 UTC,uniswap_v3_0.01_ethusdc,10k-100k,0xe0554a476a092703abdb3ef35c80e0d76d32939f,672,20332686.621841766,10246890.689550946,10088956.70004793
2026-03-23 00:00:00.000 UTC,uniswap_v3_0.01_ethusdc,1k-10k,0xe0554a476a092703abdb3ef35c80e0d76d32939f,18329,35749227.79682495,17964508.60690359,17819702.476595104
2026-03-23 00:00:00.000 UTC,uniswap_v3_0.01_ethusdt,0.5k-1k,0xc7bbec68d12a0d1830360f8ec58fa599ba1b0e9b,16324,12017288.078121131,5812351.890539193,6213316.903746656
2026-03-23 00:00:00.000 UTC,uniswap_v3_0.01_ethusdt,100k+,0xc7bbec68d12a0d1830360f8ec58fa599ba1b0e9b,268,102910273.07512675,51048023.06711385,50825060.79754389
2026-03-23 00:00:00.000 UTC,uniswap_v3_0.01_ethusdt,10k-100k,0xc7bbec68d12a0d1830360f8ec58fa599ba1b0e9b,1042,30487734.41411551,15233589.256208392,15295469.172632383
2026-03-23 00:00:00.000 UTC,uniswap_v3_0.01_ethusdt,1k-10k,0xc7bbec68d12a0d1830360f8ec58fa599ba1b0e9b,32034,81504564.54836933,41164684.14771925,40421506.797305934
2026-03-23 00:00:00.000 UTC,uniswap_v3_0.05_ethusdc,0.5k-1k,0x88e6a0c2ddd26feeb64f039a2c41296fcb3f5640,1588,1163666.2630216558,548573.0193860616,614854.3306613453
2026-03-23 00:00:00.000 UTC,uniswap_v3_0.05_ethusdc,100k+,0x88e6a0c2ddd26feeb64f039a2c41296fcb3f5640,3417,802455963.5721159,406752303.6667384,397156873.2401911
2026-03-23 00:00:00.000 UTC,uniswap_v3_0.05_ethusdc,10k-100k,0x88e6a0c2ddd26feeb64f039a2c41296fcb3f5640,10995,454688972.57250696,226708479.69127983,228338913.2404375
2026-03-23 00:00:00.000 UTC,uniswap_v3_0.05_ethusdc,1k-10k,0x88e6a0c2ddd26feeb64f039a2c41296fcb3f5640,7244,30713187.702639133,16535896.716759885,14195154.68530388
2026-03-23 00:00:00.000 UTC,uniswap_v3_0.05_ethusdt,0.5k-1k,0x11b815efb8f581194ae79006d24e0d814b7697f6,2526,1930450.9689229229,1137589.5126644226,794592.4561620665
2026-03-23 00:00:00.000 UTC,uniswap_v3_0.05_ethusdt,100k+,0x11b815efb8f581194ae79006d24e0d814b7697f6,21,3776510.352587903,1750536.2391283086,2054949.9549091705
2026-03-23 00:00:00.000 UTC,uniswap_v3_0.05_ethusdt,10k-100k,0x11b815efb8f581194ae79006d24e0d814b7697f6,1721,33719018.5183008,17102116.549202092,16692151.612702409
2026-03-23 00:00:00.000 UTC,uniswap_v3_0.05_ethusdt,1k-10k,0x11b815efb8f581194ae79006d24e0d814b7697f6,14958,53610436.80462089,26931197.56767074,26743106.354047634
2026-03-23 00:00:00.000 UTC,uniswap_v3_0.3_ethusdc,0.5k-1k,0x8ad599c3a0ff1de082011efddc58f1908eb6e6d8,86,67103.08676544385,30340.777270890703,36871.68256560345
2026-03-23 00:00:00.000 UTC,uniswap_v3_0.3_ethusdc,100k+,0x8ad599c3a0ff1de082011efddc58f1908eb6e6d8,31,7161388.279594605,3329467.3166275355,3898293.95915955
2026-03-23 00:00:00.000 UTC,uniswap_v3_0.3_ethusdc,10k-100k,0x8ad599c3a0ff1de082011efddc58f1908eb6e6d8,581,15082747.830575358,8014543.635541357,7114119.055989804
2026-03-23 00:00:00.000 UTC,uniswap_v3_0.3_ethusdc,1k-10k,0x8ad599c3a0ff1de082011efddc58f1908eb6e6d8,1132,4755619.846513017,2599453.4308235217,2164698.7852102993
2026-03-23 00:00:00.000 UTC,uniswap_v3_0.3_ethusdt,0.5k-1k,0x4e68ccd3e89f51c3074ca5072bbac773960dfa36,67,50146.68040254598,25749.888077810803,24501.457954799378
2026-03-23 00:00:00.000 UTC,uniswap_v3_0.3_ethusdt,100k+,0x4e68ccd3e89f51c3074ca5072bbac773960dfa36,280,75162930.4008495,37554552.675833836,38009858.59957295
2026-03-23 00:00:00.000 UTC,uniswap_v3_0.3_ethusdt,10k-100k,0x4e68ccd3e89f51c3074ca5072bbac773960dfa36,1206,45619468.09535213,25215701.645947944,20505082.021969393
2026-03-23 00:00:00.000 UTC,uniswap_v3_0.3_ethusdt,1k-10k,0x4e68ccd3e89f51c3074ca5072bbac773960dfa36,583,3056980.688140029,1734001.776354652,1328537.4039444013
2026-03-23 00:00:00.000 UTC,uniswap_v3_1.0_ethusdc,0.5k-1k,0x7bea39867e4169dbe237d55c8242a8f2fcdcc387,48,32833.55861167383,23863.3361366439,9039.280541291513
2026-03-23 00:00:00.000 UTC,uniswap_v3_1.0_ethusdc,1k-10k,0x7bea39867e4169dbe237d55c8242a8f2fcdcc387,31,58580.72030880917,28641.844773390763,30620.558649532166
2026-03-30 00:00:00.000 UTC,curve_usdcwbtcweth,0.5k-1k,0x7f86bf177dd4f3494b841a37e810a34dd56c829b,2701,1948177.6255017542,912533.6200868487,847031.7136266013
2026-03-30 00:00:00.000 UTC,curve_usdcwbtcweth,10k-100k,0x7f86bf177dd4f3494b841a37e810a34dd56c829b,70,978378.0001040143,437313.2351407573,542062.1199236452
2026-03-30 00:00:00.000 UTC,curve_usdcwbtcweth,1k-10k,0x7f86bf177dd4f3494b841a37e810a34dd56c829b,3631,8302976.116357585,3769364.0323313177,3851738.6812388776
2026-03-30 00:00:00.000 UTC,curve_usdt,0.5k-1k,0xf5f5b97624542d72a9e06f04804bf81baa15e2b4,310,234212.67671229626,113007.693146909,93493.03950841428
2026-03-30 00:00:00.000 UTC,curve_usdt,10k-100k,0xf5f5b97624542d72a9e06f04804bf81baa15e2b4,169,2838286.969368235,1322064.3103633453,1486301.400033141
2026-03-30 00:00:00.000 UTC,curve_usdt,1k-10k,0xf5f5b97624542d72a9e06f04804bf81baa15e2b4,1280,3972848.651443144,1804843.0904954742,1920604.806553796
2026-03-30 00:00:00.000 UTC,curve_usdtwbtcweth,0.5k-1k,0xd51a44d3fae010294c616388b506acda1bfaae46,1600,1229949.856573741,582532.5783236716,550598.218749319
2026-03-30 00:00:00.000 UTC,curve_usdtwbtcweth,10k-100k,0xd51a44d3fae010294c616388b506acda1bfaae46,94,1342143.691973085,571321.4076484079,746092.6385518025
2026-03-30 00:00:00.000 UTC,curve_usdtwbtcweth,1k-10k,0xd51a44d3fae010294c616388b506acda1bfaae46,3629,8507726.820791468,3894517.1512314645,3919630.5875968095
2026-03-30 00:00:00.000 UTC,sushiv2_ethusdt,0.5k-1k,0x06da0fd433c1a5d7a4faa01111c044910a184553,20,13955.037479817755,3347.6061910219555,10677.003073176795
2026-03-30 00:00:00.000 UTC,sushiv2_ethusdt,1k-10k,0x06da0fd433c1a5d7a4faa01111c044910a184553,6,10452.606738513206,5377.494817990235,5153.7050563120565
2026-03-30 00:00:00.000 UTC,sushiv2_usdceth,0.5k-1k,0x397ff1542f962076d0bfe58ea045ffa2d347aca0,1,542.8402847032909,0.26244961452710885,549.511133
2026-03-30 00:00:00.000 UTC,uniswap_v3_0.01_ethusdc,0.5k-1k,0xe0554a476a092703abdb3ef35c80e0d76d32939f,15212,10954809.560435558,5697544.35740582,5264302.106622229
2026-03-30 00:00:00.000 UTC,uniswap_v3_0.01_ethusdc,100k+,0xe0554a476a092703abdb3ef35c80e0d76d32939f,124,35822815.448523775,17828458.047323428,17642010.348680988
2026-03-30 00:00:00.000 UTC,uniswap_v3_0.01_ethusdc,10k-100k,0xe0554a476a092703abdb3ef35c80e0d76d32939f,875,21063406.797844954,10354453.766361756,10710469.495456966
2026-03-30 00:00:00.000 UTC,uniswap_v3_0.01_ethusdc,1k-10k,0xe0554a476a092703abdb3ef35c80e0d76d32939f,16316,31772559.154713772,15442548.723911498,16359409.894909246
2026-03-30 00:00:00.000 UTC,uniswap_v3_0.01_ethusdt,0.5k-1k,0xc7bbec68d12a0d1830360f8ec58fa599ba1b0e9b,11907,8880161.268608652,4746256.241106083,4139970.006277693
2026-03-30 00:00:00.000 UTC,uniswap_v3_0.01_ethusdt,100k+,0xc7bbec68d12a0d1830360f8ec58fa599ba1b0e9b,173,57281334.2133867,28764588.50260945,28501930.83561709
2026-03-30 00:00:00.000 UTC,uniswap_v3_0.01_ethusdt,10k-100k,0xc7bbec68d12a0d1830360f8ec58fa599ba1b0e9b,1269,33060315.28314145,16067314.218748469,17031310.3819643
2026-03-30 00:00:00.000 UTC,uniswap_v3_0.01_ethusdt,1k-10k,0xc7bbec68d12a0d1830360f8ec58fa599ba1b0e9b,33672,91452405.48620017,45642364.52094122,45905766.10899367
2026-03-30 00:00:00.000 UTC,uniswap_v3_0.05_ethusdc,0.5k-1k,0x88e6a0c2ddd26feeb64f039a2c41296fcb3f5640,1328,959565.9291918095,622281.7383718456,337711.3378862416
2026-03-30 00:00:00.000 UTC,uniswap_v3_0.05_ethusdc,100k+,0x88e6a0c2ddd26feeb64f039a2c41296fcb3f5640,3468,812697248.3217456,387686212.7076868,426396264.690747
2026-03-30 00:00:00.000 UTC,uniswap_v3_0.05_ethusdc,10k-100k,0x88e6a0c2ddd26feeb64f039a2c41296fcb3f5640,10039,419123141.41855407,216936494.72607043,202542550.8252901
2026-03-30 00:00:00.000 UTC,uniswap_v3_0.05_ethusdc,1k-10k,0x88e6a0c2ddd26feeb64f039a2c41296fcb3f5640,5894,25227950.21724026,14435834.24143121,10809008.359453542
2026-03-30 00:00:00.000 UTC,uniswap_v3_0.05_ethusdt,0.5k-1k,0x11b815efb8f581194ae79006d24e0d814b7697f6,1015,766543.1205103775,409913.06335069815,357345.78609297913
2026-03-30 00:00:00.000 UTC,uniswap_v3_0.05_ethusdt,100k+,0x11b815efb8f581194ae79006d24e0d814b7697f6,21,4010900.997679079,2257041.583845601,1756205.1506330937
2026-03-30 00:00:00.000 UTC,uniswap_v3_0.05_ethusdt,10k-100k,0x11b815efb8f581194ae79006d24e0d814b7697f6,2455,50434679.30721384,23639482.49675017,26886147.866811514
2026-03-30 00:00:00.000 UTC,uniswap_v3_0.05_ethusdt,1k-10k,0x11b815efb8f581194ae79006d24e0d814b7697f6,12058,46946239.74939015,24498688.45502958,22501595.505891453
2026-03-30 00:00:00.000 UTC,uniswap_v3_0.3_ethusdc,0.5k-1k,0x8ad599c3a0ff1de082011efddc58f1908eb6e6d8,34,23313.69231623746,14701.118344500925,8637.536693485134
2026-03-30 00:00:00.000 UTC,uniswap_v3_0.3_ethusdc,100k+,0x8ad599c3a0ff1de082011efddc58f1908eb6e6d8,10,1486949.5604890517,419212.8101770159,1076502.0382641554
2026-03-30 00:00:00.000 UTC,uniswap_v3_0.3_ethusdc,10k-100k,0x8ad599c3a0ff1de082011efddc58f1908eb6e6d8,626,15931181.33763543,7033472.407974227,8946589.515719704
2026-03-30 00:00:00.000 UTC,uniswap_v3_0.3_ethusdc,1k-10k,0x8ad599c3a0ff1de082011efddc58f1908eb6e6d8,1063,4658459.814633309,2683781.2337595327,1982293.4048103571
2026-03-30 00:00:00.000 UTC,uniswap_v3_0.3_ethusdt,0.5k-1k,0x4e68ccd3e89f51c3074ca5072bbac773960dfa36,77,56510.6466618335,16863.260987781232,39789.20899116265
2026-03-30 00:00:00.000 UTC,uniswap_v3_0.3_ethusdt,100k+,0x4e68ccd3e89f51c3074ca5072bbac773960dfa36,365,82862392.62672049,34047566.05696919,49132022.35914646
2026-03-30 00:00:00.000 UTC,uniswap_v3_0.3_ethusdt,10k-100k,0x4e68ccd3e89f51c3074ca5072bbac773960dfa36,1213,47296340.20831059,25963379.660702337,21439917.853167437
2026-03-30 00:00:00.000 UTC,uniswap_v3_0.3_ethusdt,1k-10k,0x4e68ccd3e89f51c3074ca5072bbac773960dfa36,419,2393680.6174877593,1412109.7614314551,986183.0324463662
2026-03-30 00:00:00.000 UTC,uniswap_v3_1.0_ethusdc,0.5k-1k,0x7bea39867e4169dbe237d55c8242a8f2fcdcc387,58,39967.76078606284,19033.70302034486,21069.7100939335
2026-03-30 00:00:00.000 UTC,uniswap_v3_1.0_ethusdc,1k-10k,0x7bea39867e4169dbe237d55c8242a8f2fcdcc387,23,32078.159756596913,5218.70699022707,27071.759580665035
2026-04-06 00:00:00.000 UTC,curve_usdcwbtcweth,0.5k-1k,0x7f86bf177dd4f3494b841a37e810a34dd56c829b,2637,1867350.4999176334,860131.5715304549,821380.7828695803
2026-04-06 00:00:00.000 UTC,curve_usdcwbtcweth,10k-100k,0x7f86bf177dd4f3494b841a37e810a34dd56c829b,50,745827.0350193536,406386.14871433907,339950.30439930223
2026-04-06 00:00:00.000 UTC,curve_usdcwbtcweth,1k-10k,0x7f86bf177dd4f3494b841a37e810a34dd56c829b,2379,4887707.356588859,2190921.998741876,2347052.7193261227
2026-04-06 00:00:00.000 UTC,curve_usdt,0.5k-1k,0xf5f5b97624542d72a9e06f04804bf81baa15e2b4,374,286101.0075959619,167362.1976696941,90840.28696308614
2026-04-06 00:00:00.000 UTC,curve_usdt,10k-100k,0xf5f5b97624542d72a9e06f04804bf81baa15e2b4,130,2232600.320935408,1103628.1841729542,1113108.3208697846
2026-04-06 00:00:00.000 UTC,curve_usdt,1k-10k,0xf5f5b97624542d72a9e06f04804bf81baa15e2b4,1146,3510891.971767735,1560162.5671614,1676439.9022261705
2026-04-06 00:00:00.000 UTC,curve_usdtwbtcweth,0.5k-1k,0xd51a44d3fae010294c616388b506acda1bfaae46,1931,1438711.8405436892,693447.812209424,594248.4874194188
2026-04-06 00:00:00.000 UTC,curve_usdtwbtcweth,10k-100k,0xd51a44d3fae010294c616388b506acda1bfaae46,46,647749.7203946846,336201.0047698851,300178.01986230054
2026-04-06 00:00:00.000 UTC,curve_usdtwbtcweth,1k-10k,0xd51a44d3fae010294c616388b506acda1bfaae46,2797,5896330.517246555,2605808.3042852534,2810823.2283363766
2026-04-06 00:00:00.000 UTC,sushiv2_ethusdt,0.5k-1k,0x06da0fd433c1a5d7a4faa01111c044910a184553,29,19574.89688818912,3389.296758452042,16297.288001148025
2026-04-06 00:00:00.000 UTC,sushiv2_ethusdt,1k-10k,0x06da0fd433c1a5d7a4faa01111c044910a184553,1,1021.3356505967228,0.4820941075442157,1029.884657
2026-04-06 00:00:00.000 UTC,sushiv2_usdceth,0.5k-1k,0x397ff1542f962076d0bfe58ea045ffa2d347aca0,3,2150.3906984193827,985.7550173160232,1169.3581680654074
2026-04-06 00:00:00.000 UTC,sushiv2_usdceth,1k-10k,0x397ff1542f962076d0bfe58ea045ffa2d347aca0,4,5268.377410280777,2657.0163985134,2652.787807910997
2026-04-06 00:00:00.000 UTC,uniswap_v3_0.01_ethusdc,0.5k-1k,0xe0554a476a092703abdb3ef35c80e0d76d32939f,16626,12233425.620835956,6399324.41020037,5840140.4919676995
2026-04-06 00:00:00.000 UTC,uniswap_v3_0.01_ethusdc,100k+,0xe0554a476a092703abdb3ef35c80e0d76d32939f,130,41016943.43298721,20136803.45931366,20100739.559805952
2026-04-06 00:00:00.000 UTC,uniswap_v3_0.01_ethusdc,10k-100k,0xe0554a476a092703abdb3ef35c80e0d76d32939f,980,29469391.94506225,14567736.636615336,14888995.789678684
2026-04-06 00:00:00.000 UTC,uniswap_v3_0.01_ethusdc,1k-10k,0xe0554a476a092703abdb3ef35c80e0d76d32939f,25968,54881919.63015979,26954435.570204075,27967801.095111314
2026-04-06 00:00:00.000 UTC,uniswap_v3_0.01_ethusdt,0.5k-1k,0xc7bbec68d12a0d1830360f8ec58fa599ba1b0e9b,13754,10267603.224408718,5471823.47905217,4798114.426130382
2026-04-06 00:00:00.000 UTC,uniswap_v3_0.01_ethusdt,100k+,0xc7bbec68d12a0d1830360f8ec58fa599ba1b0e9b,140,45699176.31089964,23043668.8676549,22687677.853394188
2026-04-06 00:00:00.000 UTC,uniswap_v3_0.01_ethusdt,10k-100k,0xc7bbec68d12a0d1830360f8ec58fa599ba1b0e9b,1403,39651036.15269955,19324603.470342487,20326625.94700061
2026-04-06 00:00:00.000 UTC,uniswap_v3_0.01_ethusdt,1k-10k,0xc7bbec68d12a0d1830360f8ec58fa599ba1b0e9b,37096,96396346.31803802,48195797.01509217,48249891.95452732
2026-04-06 00:00:00.000 UTC,uniswap_v3_0.05_ethusdc,0.5k-1k,0x88e6a0c2ddd26feeb64f039a2c41296fcb3f5640,1395,1028158.2387899046,641048.2668216934,387506.48497094563
2026-04-06 00:00:00.000 UTC,uniswap_v3_0.05_ethusdc,100k+,0x88e6a0c2ddd26feeb64f039a2c41296fcb3f5640,2106,446218961.011864,209112102.11968815,237713404.5332685
2026-04-06 00:00:00.000 UTC,uniswap_v3_0.05_ethusdc,10k-100k,0x88e6a0c2ddd26feeb64f039a2c41296fcb3f5640,10449,376317157.7432021,193420046.33124983,183205332.1543869
2026-04-06 00:00:00.000 UTC,uniswap_v3_0.05_ethusdc,1k-10k,0x88e6a0c2ddd26feeb64f039a2c41296fcb3f5640,7550,33481642.44676158,19059592.371164843,14444120.15095322
2026-04-06 00:00:00.000 UTC,uniswap_v3_0.05_ethusdt,0.5k-1k,0x11b815efb8f581194ae79006d24e0d814b7697f6,1477,1126434.7010548182,616606.8111490407,510371.441824867
2026-04-06 00:00:00.000 UTC,uniswap_v3_0.05_ethusdt,100k+,0x11b815efb8f581194ae79006d24e0d814b7697f6,21,3907147.7637945474,1984541.85328227,1944543.1523255983
2026-04-06 00:00:00.000 UTC,uniswap_v3_0.05_ethusdt,10k-100k,0x11b815efb8f581194ae79006d24e0d814b7697f6,2365,46638534.552478656,22495998.997823015,24201355.079063952
2026-04-06 00:00:00.000 UTC,uniswap_v3_0.05_ethusdt,1k-10k,0x11b815efb8f581194ae79006d24e0d814b7697f6,13788,52194830.84540328,26649786.077116147,25579302.54470771
2026-04-06 00:00:00.000 UTC,uniswap_v3_0.3_ethusdc,0.5k-1k,0x8ad599c3a0ff1de082011efddc58f1908eb6e6d8,51,35573.541246212204,27996.1806898511,7610.189097107628
2026-04-06 00:00:00.000 UTC,uniswap_v3_0.3_ethusdc,100k+,0x8ad599c3a0ff1de082011efddc58f1908eb6e6d8,19,2923689.4151328234,572906.2430170496,2369901.273807101
2026-04-06 00:00:00.000 UTC,uniswap_v3_0.3_ethusdc,10k-100k,0x8ad599c3a0ff1de082011efddc58f1908eb6e6d8,800,20887477.415087365,10180474.583987828,10759408.357493699
2026-04-06 00:00:00.000 UTC,uniswap_v3_0.3_ethusdc,1k-10k,0x8ad599c3a0ff1de082011efddc58f1908eb6e6d8,964,4695464.748624373,2880626.0550584095,1821221.1193212636
2026-04-06 00:00:00.000 UTC,uniswap_v3_0.3_ethusdt,0.5k-1k,0x4e68ccd3e89f51c3074ca5072bbac773960dfa36,74,52522.943418763905,14273.367105658612,38362.091281334455
2026-04-06 00:00:00.000 UTC,uniswap_v3_0.3_ethusdt,100k+,0x4e68ccd3e89f51c3074ca5072bbac773960dfa36,407,93839523.18432274,42723304.20588013,51375435.38745791
2026-04-06 00:00:00.000 UTC,uniswap_v3_0.3_ethusdt,10k-100k,0x4e68ccd3e89f51c3074ca5072bbac773960dfa36,1277,51764734.88004398,28908456.677192885,22933502.617544755
2026-04-06 00:00:00.000 UTC,uniswap_v3_0.3_ethusdt,1k-10k,0x4e68ccd3e89f51c3074ca5072bbac773960dfa36,429,2229497.4138327315,1411100.3392471746,821193.3766403733
2026-04-06 00:00:00.000 UTC,uniswap_v3_1.0_ethusdc,0.5k-1k,0x7bea39867e4169dbe237d55c8242a8f2fcdcc387,81,54384.49367324028,27658.115079580504,26892.546542564778
2026-04-06 00:00:00.000 UTC,uniswap_v3_1.0_ethusdc,1k-10k,0x7bea39867e4169dbe237d55c8242a8f2fcdcc387,18,29411.434166984247,2096.9559968951776,27536.177778923826
2026-04-13 00:00:00.000 UTC,curve_usdcwbtcweth,0.5k-1k,0x7f86bf177dd4f3494b841a37e810a34dd56c829b,2375,1768794.6302449876,785153.4910603967,788740.9792001292
2026-04-13 00:00:00.000 UTC,curve_usdcwbtcweth,10k-100k,0x7f86bf177dd4f3494b841a37e810a34dd56c829b,106,1590709.0866540284,852670.4811152447,705008.4826645503
2026-04-13 00:00:00.000 UTC,curve_usdcwbtcweth,1k-10k,0x7f86bf177dd4f3494b841a37e810a34dd56c829b,4375,10168063.723616112,4486369.363218616,4709653.382675554
2026-04-13 00:00:00.000 UTC,curve_usdt,0.5k-1k,0xf5f5b97624542d72a9e06f04804bf81baa15e2b4,224,176389.46874548917,64495.889750660084,102243.92147178686
2026-04-13 00:00:00.000 UTC,curve_usdt,10k-100k,0xf5f5b97624542d72a9e06f04804bf81baa15e2b4,96,1621286.3477567674,768195.5104419283,838839.6834666495
2026-04-13 00:00:00.000 UTC,curve_usdt,1k-10k,0xf5f5b97624542d72a9e06f04804bf81baa15e2b4,1016,3050899.51812105,1382391.5111662846,1404234.5990704726
2026-04-13 00:00:00.000 UTC,curve_usdtwbtcweth,0.5k-1k,0xd51a44d3fae010294c616388b506acda1bfaae46,1446,1108990.0316717173,525026.9674782386,483410.4124166
2026-04-13 00:00:00.000 UTC,curve_usdtwbtcweth,10k-100k,0xd51a44d3fae010294c616388b506acda1bfaae46,140,2075155.728511881,1008042.6078038943,1007417.1029584561
2026-04-13 00:00:00.000 UTC,curve_usdtwbtcweth,1k-10k,0xd51a44d3fae010294c616388b506acda1bfaae46,5016,12506919.33526054,5492991.269538141,5685562.839234032
2026-04-13 00:00:00.000 UTC,sushiv2_ethusdt,0.5k-1k,0x06da0fd433c1a5d7a4faa01111c044910a184553,29,18576.827635787668,9313.804608102122,9319.798899545
2026-04-13 00:00:00.000 UTC,sushiv2_ethusdt,1k-10k,0x06da0fd433c1a5d7a4faa01111c044910a184553,6,25943.860581313245,11840.239691304185,14542.502135016546
2026-04-13 00:00:00.000 UTC,sushiv2_usdceth,0.5k-1k,0x397ff1542f962076d0bfe58ea045ffa2d347aca0,10,5790.919182777669,2258.0635351218493,3547.628239213525
2026-04-13 00:00:00.000 UTC,sushiv2_usdceth,1k-10k,0x397ff1542f962076d0bfe58ea045ffa2d347aca0,25,34217.60105621253,17740.913967405362,16597.33358384981
2026-04-13 00:00:00.000 UTC,uniswap_v3_0.01_ethusdc,0.5k-1k,0xe0554a476a092703abdb3ef35c80e0d76d32939f,16459,12022215.46595076,6098214.87798992,5929773.034443049
2026-04-13 00:00:00.000 UTC,uniswap_v3_0.01_ethusdc,100k+,0xe0554a476a092703abdb3ef35c80e0d76d32939f,435,124662204.83973639,62600003.505194284,62227157.50411515
2026-04-13 00:00:00.000 UTC,uniswap_v3_0.01_ethusdc,10k-100k,0xe0554a476a092703abdb3ef35c80e0d76d32939f,1865,57749243.304988496,29010475.96098581,28725554.619565703
2026-04-13 00:00:00.000 UTC,uniswap_v3_0.01_ethusdc,1k-10k,0xe0554a476a092703abdb3ef35c80e0d76d32939f,40025,105857268.91512334,52466759.65705342,53460264.4130878
2026-04-13 00:00:00.000 UTC,uniswap_v3_0.01_ethusdt,0.5k-1k,0xc7bbec68d12a0d1830360f8ec58fa599ba1b0e9b,12662,9320346.738130778,4841419.384880797,4478449.201528451
2026-04-13 00:00:00.000 UTC,uniswap_v3_0.01_ethusdt,100k+,0xc7bbec68d12a0d1830360f8ec58fa599ba1b0e9b,305,76718496.52719685,37004839.18228655,39357058.6544841
2026-04-13 00:00:00.000 UTC,uniswap_v3_0.01_ethusdt,10k-100k,0xc7bbec68d12a0d1830360f8ec58fa599ba1b0e9b,1649,47068266.22679318,23681838.819502126,23353710.717093863
2026-04-13 00:00:00.000 UTC,uniswap_v3_0.01_ethusdt,1k-10k,0xc7bbec68d12a0d1830360f8ec58fa599ba1b0e9b,38809,105663069.37414414,52340676.9110188,53338417.371783875
2026-04-13 00:00:00.000 UTC,uniswap_v3_0.05_ethusdc,0.5k-1k,0x88e6a0c2ddd26feeb64f039a2c41296fcb3f5640,2187,1607140.2432290756,791057.6103707306,816800.9743736814
2026-04-13 00:00:00.000 UTC,uniswap_v3_0.05_ethusdc,100k+,0x88e6a0c2ddd26feeb64f039a2c41296fcb3f5640,624,120882709.24577487,61698885.190010026,59137060.92522912
2026-04-13 00:00:00.000 UTC,uniswap_v3_0.05_ethusdc,10k-100k,0x88e6a0c2ddd26feeb64f039a2c41296fcb3f5640,10896,321764942.86578107,158220600.34712297,163806934.51860717
2026-04-13 00:00:00.000 UTC,uniswap_v3_0.05_ethusdc,1k-10k,0x88e6a0c2ddd26feeb64f039a2c41296fcb3f5640,11077,47411039.49920815,24154146.985216863,23286751.35653732
2026-04-13 00:00:00.000 UTC,uniswap_v3_0.05_ethusdt,0.5k-1k,0x11b815efb8f581194ae79006d24e0d814b7697f6,1572,1163637.5027177345,606997.2069580668,556837.81740154
2026-04-13 00:00:00.000 UTC,uniswap_v3_0.05_ethusdt,100k+,0x11b815efb8f581194ae79006d24e0d814b7697f6,52,20578492.415389698,6582842.860725279,14011868.989493314
2026-04-13 00:00:00.000 UTC,uniswap_v3_0.05_ethusdt,10k-100k,0x11b815efb8f581194ae79006d24e0d814b7697f6,1661,32337115.577513486,16471263.632765643,15883525.773648167
2026-04-13 00:00:00.000 UTC,uniswap_v3_0.05_ethusdt,1k-10k,0x11b815efb8f581194ae79006d24e0d814b7697f6,14116,54328455.36046316,26602319.37136278,27744969.046517238
2026-04-13 00:00:00.000 UTC,uniswap_v3_0.3_ethusdc,0.5k-1k,0x8ad599c3a0ff1de082011efddc58f1908eb6e6d8,68,48930.8942612899,24415.365989347443,24594.395897746806
2026-04-13 00:00:00.000 UTC,uniswap_v3_0.3_ethusdc,100k+,0x8ad599c3a0ff1de082011efddc58f1908eb6e6d8,22,3064868.2298660013,1287519.7520883814,1792588.764356493
2026-04-13 00:00:00.000 UTC,uniswap_v3_0.3_ethusdc,10k-100k,0x8ad599c3a0ff1de082011efddc58f1908eb6e6d8,854,20835234.471632056,9965673.752676077,10919464.873941576
2026-04-13 00:00:00.000 UTC,uniswap_v3_0.3_ethusdc,1k-10k,0x8ad599c3a0ff1de082011efddc58f1908eb6e6d8,1108,5344295.202621066,2787505.4695534147,2564649.747856806
2026-04-13 00:00:00.000 UTC,uniswap_v3_0.3_ethusdt,0.5k-1k,0x4e68ccd3e89f51c3074ca5072bbac773960dfa36,221,165130.76077532198,51679.36005045916,113738.81153703129
2026-04-13 00:00:00.000 UTC,uniswap_v3_0.3_ethusdt,100k+,0x4e68ccd3e89f51c3074ca5072bbac773960dfa36,384,89537009.50279048,45538785.43727449,44199283.25587751
2026-04-13 00:00:00.000 UTC,uniswap_v3_0.3_ethusdt,10k-100k,0x4e68ccd3e89f51c3074ca5072bbac773960dfa36,1484,59887924.48687446,27294297.295443323,32678956.340844274
2026-04-13 00:00:00.000 UTC,uniswap_v3_0.3_ethusdt,1k-10k,0x4e68ccd3e89f51c3074ca5072bbac773960dfa36,725,3874478.9628070365,2131972.444569397,1746285.1690904833
2026-04-13 00:00:00.000 UTC,uniswap_v3_1.0_ethusdc,0.5k-1k,0x7bea39867e4169dbe237d55c8242a8f2fcdcc387,67,45647.73514967132,21594.394575153015,24219.86996341584
2026-04-13 00:00:00.000 UTC,uniswap_v3_1.0_ethusdc,1k-10k,0x7bea39867e4169dbe237d55c8242a8f2fcdcc387,19,26244.111194788573,5262.799018508234,21134.786256103795
2026-04-20 00:00:00.000 UTC,curve_usdcwbtcweth,0.5k-1k,0x7f86bf177dd4f3494b841a37e810a34dd56c829b,907,691183.2819111488,300863.79935051495,326541.25960082636
2026-04-20 00:00:00.000 UTC,curve_usdcwbtcweth,10k-100k,0x7f86bf177dd4f3494b841a37e810a34dd56c829b,162,2489987.2464701463,1113004.0705239708,1346857.0534257628
2026-04-20 00:00:00.000 UTC,curve_usdcwbtcweth,1k-10k,0x7f86bf177dd4f3494b841a37e810a34dd56c829b,3883,11182194.058935354,5083492.579044902,4982261.307926865
2026-04-20 00:00:00.000 UTC,curve_usdt,0.5k-1k,0xf5f5b97624542d72a9e06f04804bf81baa15e2b4,107,79294.26048385332,33515.24329770342,33517.03010796127
2026-04-20 00:00:00.000 UTC,curve_usdt,10k-100k,0xf5f5b97624542d72a9e06f04804bf81baa15e2b4,298,4986192.9114202615,2162862.7131347535,2573625.585173265
2026-04-20 00:00:00.000 UTC,curve_usdt,1k-10k,0xf5f5b97624542d72a9e06f04804bf81baa15e2b4,1715,6627900.544460873,3030227.8754606475,2857340.7300884095
2026-04-20 00:00:00.000 UTC,curve_usdtwbtcweth,0.5k-1k,0xd51a44d3fae010294c616388b506acda1bfaae46,472,349060.7526194463,166842.38366681934,127324.13960839827
2026-04-20 00:00:00.000 UTC,curve_usdtwbtcweth,10k-100k,0xd51a44d3fae010294c616388b506acda1bfaae46,146,2182403.607190424,854672.3855286194,1057840.7883572844
2026-04-20 00:00:00.000 UTC,curve_usdtwbtcweth,1k-10k,0xd51a44d3fae010294c616388b506acda1bfaae46,3078,9400590.045418859,4274489.031336033,4279308.855038429
2026-04-20 00:00:00.000 UTC,sushiv2_ethusdt,0.5k-1k,0x06da0fd433c1a5d7a4faa01111c044910a184553,26,17955.977668181386,5119.93059806266,12904.153837573711
2026-04-20 00:00:00.000 UTC,sushiv2_ethusdt,1k-10k,0x06da0fd433c1a5d7a4faa01111c044910a184553,3,5565.603852489249,3061.222914546037,2497.2022784570017
2026-04-20 00:00:00.000 UTC,sushiv2_usdceth,0.5k-1k,0x397ff1542f962076d0bfe58ea045ffa2d347aca0,1,748.5339551730301,748.709902,0.31173521174429697
2026-04-20 00:00:00.000 UTC,uniswap_v3_0.01_ethusdc,0.5k-1k,0xe0554a476a092703abdb3ef35c80e0d76d32939f,15585,11178707.779287925,5403873.852648915,5780260.979845978
2026-04-20 00:00:00.000 UTC,uniswap_v3_0.01_ethusdc,100k+,0xe0554a476a092703abdb3ef35c80e0d76d32939f,641,226221481.91468954,114555790.82052508,114922418.42290206
2026-04-20 00:00:00.000 UTC,uniswap_v3_0.01_ethusdc,10k-100k,0xe0554a476a092703abdb3ef35c80e0d76d32939f,3607,86919768.49321899,43833636.516924,43128403.48266461
2026-04-20 00:00:00.000 UTC,uniswap_v3_0.01_ethusdc,1k-10k,0xe0554a476a092703abdb3ef35c80e0d76d32939f,41229,137049952.44126266,68409612.29010369,68733857.55256563
2026-04-20 00:00:00.000 UTC,uniswap_v3_0.01_ethusdt,0.5k-1k,0xc7bbec68d12a0d1830360f8ec58fa599ba1b0e9b,7861,5719134.741782234,2896417.4970874004,2822193.366611676
2026-04-20 00:00:00.000 UTC,uniswap_v3_0.01_ethusdt,100k+,0xc7bbec68d12a0d1830360f8ec58fa599ba1b0e9b,224,63865974.33427863,32051357.990820937,31830540.415913865
2026-04-20 00:00:00.000 UTC,uniswap_v3_0.01_ethusdt,10k-100k,0xc7bbec68d12a0d1830360f8ec58fa599ba1b0e9b,1171,33797846.177503556,16720491.461509503,17060680.471841935
2026-04-20 00:00:00.000 UTC,uniswap_v3_0.01_ethusdt,1k-10k,0xc7bbec68d12a0d1830360f8ec58fa599ba1b0e9b,24930,70397810.31139652,35369827.91493817,35039601.082913086
2026-04-20 00:00:00.000 UTC,uniswap_v3_0.05_ethusdc,0.5k-1k,0x88e6a0c2ddd26feeb64f039a2c41296fcb3f5640,3237,2315244.392542972,1044993.0660615831,1271577.6470972088
2026-04-20 00:00:00.000 UTC,uniswap_v3_0.05_ethusdc,100k+,0x88e6a0c2ddd26feeb64f039a2c41296fcb3f5640,385,75083315.43619117,38898996.333989054,36250778.55699364
2026-04-20 00:00:00.000 UTC,uniswap_v3_0.05_ethusdc,10k-100k,0x88e6a0c2ddd26feeb64f039a2c41296fcb3f5640,8425,243365848.9356938,119133450.72463441,124434234.57570523
2026-04-20 00:00:00.000 UTC,uniswap_v3_0.05_ethusdc,1k-10k,0x88e6a0c2ddd26feeb64f039a2c41296fcb3f5640,9734,37996574.20473825,18365087.865946364,19657129.351365875
2026-04-20 00:00:00.000 UTC,uniswap_v3_0.05_ethusdt,0.5k-1k,0x11b815efb8f581194ae79006d24e0d814b7697f6,864,626079.3340528401,311896.3826901845,314325.4773784321
2026-04-20 00:00:00.000 UTC,uniswap_v3_0.05_ethusdt,100k+,0x11b815efb8f581194ae79006d24e0d814b7697f6,5,638583.0790955639,139826.65139401957,499052.1890041543
2026-04-20 00:00:00.000 UTC,uniswap_v3_0.05_ethusdt,10k-100k,0x11b815efb8f581194ae79006d24e0d814b7697f6,1965,36983077.98485176,18731598.55097677,18271191.837093208
2026-04-20 00:00:00.000 UTC,uniswap_v3_0.05_ethusdt,1k-10k,0x11b815efb8f581194ae79006d24e0d814b7697f6,7982,34969060.61845673,17277442.409993958,17703979.61845962
2026-04-20 00:00:00.000 UTC,uniswap_v3_0.3_ethusdc,0.5k-1k,0x8ad599c3a0ff1de082011efddc58f1908eb6e6d8,98,70868.46123891269,35230.17487472836,35742.99785790524
2026-04-20 00:00:00.000 UTC,uniswap_v3_0.3_ethusdc,100k+,0x8ad599c3a0ff1de082011efddc58f1908eb6e6d8,12,1505910.0609799258,250471.7635981338,1263435.0081983304
2026-04-20 00:00:00.000 UTC,uniswap_v3_0.3_ethusdc,10k-100k,0x8ad599c3a0ff1de082011efddc58f1908eb6e6d8,669,16102094.11905919,7652080.960471755,8482859.987322738
2026-04-20 00:00:00.000 UTC,uniswap_v3_0.3_ethusdc,1k-10k,0x8ad599c3a0ff1de082011efddc58f1908eb6e6d8,767,3242858.8664235733,1710662.5032616286,1536614.045133301
2026-04-20 00:00:00.000 UTC,uniswap_v3_0.3_ethusdt,0.5k-1k,0x4e68ccd3e89f51c3074ca5072bbac773960dfa36,348,260355.8857692616,99966.16275068815,160786.5565506248
2026-04-20 00:00:00.000 UTC,uniswap_v3_0.3_ethusdt,100k+,0x4e68ccd3e89f51c3074ca5072bbac773960dfa36,284,58567103.646891944,26269721.28998122,32395074.8567891
2026-04-20 00:00:00.000 UTC,uniswap_v3_0.3_ethusdt,10k-100k,0x4e68ccd3e89f51c3074ca5072bbac773960dfa36,1057,43867863.844826855,21145477.653633088,22769846.94765666
2026-04-20 00:00:00.000 UTC,uniswap_v3_0.3_ethusdt,1k-10k,0x4e68ccd3e89f51c3074ca5072bbac773960dfa36,599,2455194.730190041,1345330.7535104959,1112018.3363440614
2026-04-20 00:00:00.000 UTC,uniswap_v3_1.0_ethusdc,0.5k-1k,0x7bea39867e4169dbe237d55c8242a8f2fcdcc387,29,21189.05193389045,7824.34865610433,13440.155234442165
2026-04-20 00:00:00.000 UTC,uniswap_v3_1.0_ethusdc,1k-10k,0x7bea39867e4169dbe237d55c8242a8f2fcdcc387,10,13860.847628660773,2075.464050616857,11857.42571439419
2026-04-27 00:00:00.000 UTC,curve_usdcwbtcweth,0.5k-1k,0x7f86bf177dd4f3494b841a37e810a34dd56c829b,690,541779.2852250127,256793.23869335908,248346.6334786488
2026-04-27 00:00:00.000 UTC,curve_usdcwbtcweth,10k-100k,0x7f86bf177dd4f3494b841a37e810a34dd56c829b,72,1052961.4417951067,586357.1988123744,455705.33099096373
2026-04-27 00:00:00.000 UTC,curve_usdcwbtcweth,1k-10k,0x7f86bf177dd4f3494b841a37e810a34dd56c829b,2383,5826445.0316908695,2535814.071622694,2627535.7098580995
2026-04-27 00:00:00.000 UTC,curve_usdt,0.5k-1k,0xf5f5b97624542d72a9e06f04804bf81baa15e2b4,23,18365.036297528386,2511.830025291547,15386.226465637157
2026-04-27 00:00:00.000 UTC,curve_usdt,10k-100k,0xf5f5b97624542d72a9e06f04804bf81baa15e2b4,16,250199.17333821225,119410.41666176045,131201.5066245828
2026-04-27 00:00:00.000 UTC,curve_usdt,1k-10k,0xf5f5b97624542d72a9e06f04804bf81baa15e2b4,326,1037100.2869806495,500472.8160585879,480262.86176953244
2026-04-27 00:00:00.000 UTC,curve_usdtwbtcweth,0.5k-1k,0xd51a44d3fae010294c616388b506acda1bfaae46,369,291886.2725481527,136169.9711627611,135095.5348049515
2026-04-27 00:00:00.000 UTC,curve_usdtwbtcweth,10k-100k,0xd51a44d3fae010294c616388b506acda1bfaae46,44,637674.2447620805,349012.1335378593,289127.20703359344
2026-04-27 00:00:00.000 UTC,curve_usdtwbtcweth,1k-10k,0xd51a44d3fae010294c616388b506acda1bfaae46,1572,3901559.9989182837,1762073.6772110662,1802845.087366517
2026-04-27 00:00:00.000 UTC,sushiv2_ethusdt,0.5k-1k,0x06da0fd433c1a5d7a4faa01111c044910a184553,14,9250.808208097884,5887.004310764292,3384.0445824472463
2026-04-27 00:00:00.000 UTC,sushiv2_ethusdt,1k-10k,0x06da0fd433c1a5d7a4faa01111c044910a184553,1,1129.04167010954,1129.17943,0.5013484214072954
2026-04-27 00:00:00.000 UTC,sushiv2_usdceth,0.5k-1k,0x397ff1542f962076d0bfe58ea045ffa2d347aca0,1,641.479299475782,641.424137,0.2845653386338108
2026-04-27 00:00:00.000 UTC,uniswap_v3_0.01_ethusdc,0.5k-1k,0xe0554a476a092703abdb3ef35c80e0d76d32939f,11189,8014031.32534678,4108898.535633226,3906767.2901842142
2026-04-27 00:00:00.000 UTC,uniswap_v3_0.01_ethusdc,100k+,0xe0554a476a092703abdb3ef35c80e0d76d32939f,416,142300595.5556961,71769017.05542158,71080158.28034335
2026-04-27 00:00:00.000 UTC,uniswap_v3_0.01_ethusdc,10k-100k,0xe0554a476a092703abdb3ef35c80e0d76d32939f,6648,122057192.8275788,61359950.22902191,60749965.373179704
2026-04-27 00:00:00.000 UTC,uniswap_v3_0.01_ethusdc,1k-10k,0xe0554a476a092703abdb3ef35c80e0d76d32939f,32776,124390772.13167949,61754149.95545478,62684965.61174478
2026-04-27 00:00:00.000 UTC,uniswap_v3_0.01_ethusdt,0.5k-1k,0xc7bbec68d12a0d1830360f8ec58fa599ba1b0e9b,6441,4692176.553323559,2322206.809064605,2371245.0502258567
2026-04-27 00:00:00.000 UTC,uniswap_v3_0.01_ethusdt,100k+,0xc7bbec68d12a0d1830360f8ec58fa599ba1b0e9b,145,31024956.40755509,15650990.677821608,15368465.30315121
2026-04-27 00:00:00.000 UTC,uniswap_v3_0.01_ethusdt,10k-100k,0xc7bbec68d12a0d1830360f8ec58fa599ba1b0e9b,626,18257968.80200037,9100560.803489136,9157036.535318894
2026-04-27 00:00:00.000 UTC,uniswap_v3_0.01_ethusdt,1k-10k,0xc7bbec68d12a0d1830360f8ec58fa599ba1b0e9b,18186,45814370.82002708,23048882.777321946,22787850.650712937
2026-04-27 00:00:00.000 UTC,uniswap_v3_0.05_ethusdc,0.5k-1k,0x88e6a0c2ddd26feeb64f039a2c41296fcb3f5640,1793,1296633.8057815197,586902.5659886543,710276.9117109178
2026-04-27 00:00:00.000 UTC,uniswap_v3_0.05_ethusdc,100k+,0x88e6a0c2ddd26feeb64f039a2c41296fcb3f5640,271,46390743.06088279,25385023.799065042,21055423.01581992
2026-04-27 00:00:00.000 UTC,uniswap_v3_0.05_ethusdc,10k-100k,0x88e6a0c2ddd26feeb64f039a2c41296fcb3f5640,6047,169630656.04957634,83019370.07134694,86722018.2389757
2026-04-27 00:00:00.000 UTC,uniswap_v3_0.05_ethusdc,1k-10k,0x88e6a0c2ddd26feeb64f039a2c41296fcb3f5640,5897,24990560.55089019,12689814.187588496,12314190.244684
2026-04-27 00:00:00.000 UTC,uniswap_v3_0.05_ethusdt,0.5k-1k,0x11b815efb8f581194ae79006d24e0d814b7697f6,841,609089.5302119281,259306.75318030064,350085.6470526455
2026-04-27 00:00:00.000 UTC,uniswap_v3_0.05_ethusdt,100k+,0x11b815efb8f581194ae79006d24e0d814b7697f6,14,2096979.8015074239,1757817.3499096625,337886.22212971386
2026-04-27 00:00:00.000 UTC,uniswap_v3_0.05_ethusdt,10k-100k,0x11b815efb8f581194ae79006d24e0d814b7697f6,2423,45928519.01395614,21769645.540025026,24189902.32688494
2026-04-27 00:00:00.000 UTC,uniswap_v3_0.05_ethusdt,1k-10k,0x11b815efb8f581194ae79006d24e0d814b7697f6,6619,30837692.016867045,16518926.902498277,14337399.651349109
2026-04-27 00:00:00.000 UTC,uniswap_v3_0.3_ethusdc,0.5k-1k,0x8ad599c3a0ff1de082011efddc58f1908eb6e6d8,108,80167.73224131824,36941.48855681454,43372.5463951621
2026-04-27 00:00:00.000 UTC,uniswap_v3_0.3_ethusdc,100k+,0x8ad599c3a0ff1de082011efddc58f1908eb6e6d8,12,1506211.5313084747,1018169.7793481118,490343.9500335478
2026-04-27 00:00:00.000 UTC,uniswap_v3_0.3_ethusdc,10k-100k,0x8ad599c3a0ff1de082011efddc58f1908eb6e6d8,589,15297054.094754478,7668843.750861637,7655542.768579306
2026-04-27 00:00:00.000 UTC,uniswap_v3_0.3_ethusdc,1k-10k,0x8ad599c3a0ff1de082011efddc58f1908eb6e6d8,560,2802660.676609374,1460303.9090226698,1345963.1211924073
2026-04-27 00:00:00.000 UTC,uniswap_v3_0.3_ethusdt,0.5k-1k,0x4e68ccd3e89f51c3074ca5072bbac773960dfa36,418,335199.9022675976,138364.59040564293,197546.5791991193
2026-04-27 00:00:00.000 UTC,uniswap_v3_0.3_ethusdt,100k+,0x4e68ccd3e89f51c3074ca5072bbac773960dfa36,250,56854225.20750312,28138071.318295706,28830118.4745668
2026-04-27 00:00:00.000 UTC,uniswap_v3_0.3_ethusdt,10k-100k,0x4e68ccd3e89f51c3074ca5072bbac773960dfa36,908,38498609.04273485,20035704.7202841,18513520.887359016
2026-04-27 00:00:00.000 UTC,uniswap_v3_0.3_ethusdt,1k-10k,0x4e68ccd3e89f51c3074ca5072bbac773960dfa36,621,2040185.39738627,909100.4741542356,1134615.4680945566
2026-04-27 00:00:00.000 UTC,uniswap_v3_1.0_ethusdc,0.5k-1k,0x7bea39867e4169dbe237d55c8242a8f2fcdcc387,45,32359.2383327106,18693.178065659027,13718.252281092606
2026-04-27 00:00:00.000 UTC,uniswap_v3_1.0_ethusdc,1k-10k,0x7bea39867e4169dbe237d55c8242a8f2fcdcc387,9,13076.923568861568,7071.121573766627,6050.923570566723
2026-05-04 00:00:00.000 UTC,curve_usdcwbtcweth,0.5k-1k,0x7f86bf177dd4f3494b841a37e810a34dd56c829b,1417,1085682.6992046228,456865.7790126976,492965.27188264846
2026-05-04 00:00:00.000 UTC,curve_usdcwbtcweth,10k-100k,0x7f86bf177dd4f3494b841a37e810a34dd56c829b,41,564400.2664438467,235333.61223457917,329795.84979925165
2026-05-04 00:00:00.000 UTC,curve_usdcwbtcweth,1k-10k,0x7f86bf177dd4f3494b841a37e810a34dd56c829b,2708,6031417.032052703,2702456.954442328,2685552.276846945
2026-05-04 00:00:00.000 UTC,curve_usdt,0.5k-1k,0xf5f5b97624542d72a9e06f04804bf81baa15e2b4,156,122888.71259543311,49512.08998288177,61694.685579948185
2026-05-04 00:00:00.000 UTC,curve_usdt,10k-100k,0xf5f5b97624542d72a9e06f04804bf81baa15e2b4,122,2200396.0598613666,1089195.4516490637,1055182.3751992667
2026-05-04 00:00:00.000 UTC,curve_usdt,1k-10k,0xf5f5b97624542d72a9e06f04804bf81baa15e2b4,1080,3501119.426386944,1561091.7893083196,1678087.6203895013
2026-05-04 00:00:00.000 UTC,curve_usdtwbtcweth,0.5k-1k,0xd51a44d3fae010294c616388b506acda1bfaae46,788,617394.6389269364,254794.110758735,305405.85124309664
2026-05-04 00:00:00.000 UTC,curve_usdtwbtcweth,10k-100k,0xd51a44d3fae010294c616388b506acda1bfaae46,105,1438581.023357196,659567.336853155,646494.5354676076
2026-05-04 00:00:00.000 UTC,curve_usdtwbtcweth,1k-10k,0xd51a44d3fae010294c616388b506acda1bfaae46,3189,7954792.989032203,3482795.2372313607,3534255.3393980847
2026-05-04 00:00:00.000 UTC,sushiv2_ethusdt,0.5k-1k,0x06da0fd433c1a5d7a4faa01111c044910a184553,14,8529.803982210122,3685.682382849794,4869.709862372372
2026-05-04 00:00:00.000 UTC,sushiv2_ethusdt,1k-10k,0x06da0fd433c1a5d7a4faa01111c044910a184553,1,1001.73818842405,1001.287609,0.42510814196621227
2026-05-04 00:00:00.000 UTC,sushiv2_usdceth,0.5k-1k,0x397ff1542f962076d0bfe58ea045ffa2d347aca0,3,2401.9431135812147,1409.2311282158882,1004.0825570125398
2026-05-04 00:00:00.000 UTC,uniswap_v3_0.01_ethusdc,0.5k-1k,0xe0554a476a092703abdb3ef35c80e0d76d32939f,12954,9311573.98423642,4594775.32262004,4718381.094240192
2026-05-04 00:00:00.000 UTC,uniswap_v3_0.01_ethusdc,100k+,0xe0554a476a092703abdb3ef35c80e0d76d32939f,355,128785505.53209025,65278066.83585583,64515412.943784416
2026-05-04 00:00:00.000 UTC,uniswap_v3_0.01_ethusdc,10k-100k,0xe0554a476a092703abdb3ef35c80e0d76d32939f,8670,163881666.85696852,82893252.72597848,81062780.29879527
2026-05-04 00:00:00.000 UTC,uniswap_v3_0.01_ethusdc,1k-10k,0xe0554a476a092703abdb3ef35c80e0d76d32939f,39088,149122884.5758065,73311745.25476399,75866799.84756634
2026-05-04 00:00:00.000 UTC,uniswap_v3_0.01_ethusdt,0.5k-1k,0xc7bbec68d12a0d1830360f8ec58fa599ba1b0e9b,9819,7111989.598402502,3491275.327846516,3622366.763032254
2026-05-04 00:00:00.000 UTC,uniswap_v3_0.01_ethusdt,100k+,0xc7bbec68d12a0d1830360f8ec58fa599ba1b0e9b,223,62266095.65106281,31352869.98255025,31072303.67109163
2026-05-04 00:00:00.000 UTC,uniswap_v3_0.01_ethusdt,10k-100k,0xc7bbec68d12a0d1830360f8ec58fa599ba1b0e9b,1793,43039959.7508014,21935770.966514215,21109890.68150037
2026-05-04 00:00:00.000 UTC,uniswap_v3_0.01_ethusdt,1k-10k,0xc7bbec68d12a0d1830360f8ec58fa599ba1b0e9b,31087,93344806.93415895,46307009.104905054,47077992.04973522
2026-05-04 00:00:00.000 UTC,uniswap_v3_0.05_ethusdc,0.5k-1k,0x88e6a0c2ddd26feeb64f039a2c41296fcb3f5640,2908,2091969.9844411458,941516.8514659659,1151394.7577054421
2026-05-04 00:00:00.000 UTC,uniswap_v3_0.05_ethusdc,100k+,0x88e6a0c2ddd26feeb64f039a2c41296fcb3f5640,382,62902195.26843488,33930811.02949849,29020090.225701634
2026-05-04 00:00:00.000 UTC,uniswap_v3_0.05_ethusdc,10k-100k,0x88e6a0c2ddd26feeb64f039a2c41296fcb3f5640,7022,203397374.2665178,98530074.1541458,105005754.54180072
2026-05-04 00:00:00.000 UTC,uniswap_v3_0.05_ethusdc,1k-10k,0x88e6a0c2ddd26feeb64f039a2c41296fcb3f5640,8162,32142386.864812266,15704485.454587733,16456681.647240778
2026-05-04 00:00:00.000 UTC,uniswap_v3_0.05_ethusdt,0.5k-1k,0x11b815efb8f581194ae79006d24e0d814b7697f6,1644,1248495.3521104273,561556.147420313,687634.5265714842
2026-05-04 00:00:00.000 UTC,uniswap_v3_0.05_ethusdt,100k+,0x11b815efb8f581194ae79006d24e0d814b7697f6,17,2562132.45016532,1364034.1000465646,1198175.2668895
2026-05-04 00:00:00.000 UTC,uniswap_v3_0.05_ethusdt,10k-100k,0x11b815efb8f581194ae79006d24e0d814b7697f6,2376,45708594.20712373,22455052.216642585,23286057.42815377
2026-05-04 00:00:00.000 UTC,uniswap_v3_0.05_ethusdt,1k-10k,0x11b815efb8f581194ae79006d24e0d814b7697f6,8884,38220786.38333715,19574736.714590035,18670532.153686516
2026-05-04 00:00:00.000 UTC,uniswap_v3_0.3_ethusdc,0.5k-1k,0x8ad599c3a0ff1de082011efddc58f1908eb6e6d8,106,83082.06257159605,35728.37665317397,47467.51134143226
2026-05-04 00:00:00.000 UTC,uniswap_v3_0.3_ethusdc,100k+,0x8ad599c3a0ff1de082011efddc58f1908eb6e6d8,11,1526531.772326803,866644.0909286424,662812.3710936517
2026-05-04 00:00:00.000 UTC,uniswap_v3_0.3_ethusdc,10k-100k,0x8ad599c3a0ff1de082011efddc58f1908eb6e6d8,607,15640069.33531278,7647975.110428956,8018842.179536105
2026-05-04 00:00:00.000 UTC,uniswap_v3_0.3_ethusdc,1k-10k,0x8ad599c3a0ff1de082011efddc58f1908eb6e6d8,724,3484623.0222709663,1403198.180359707,2085956.2827799402
2026-05-04 00:00:00.000 UTC,uniswap_v3_0.3_ethusdt,0.5k-1k,0x4e68ccd3e89f51c3074ca5072bbac773960dfa36,622,448380.6119583411,180552.63741883787,268661.44919384713
2026-05-04 00:00:00.000 UTC,uniswap_v3_0.3_ethusdt,100k+,0x4e68ccd3e89f51c3074ca5072bbac773960dfa36,333,73625975.32980564,36997299.81020015,36749827.05885959
2026-05-04 00:00:00.000 UTC,uniswap_v3_0.3_ethusdt,10k-100k,0x4e68ccd3e89f51c3074ca5072bbac773960dfa36,959,39314951.76192654,17706731.231597688,21659912.571036085
2026-05-04 00:00:00.000 UTC,uniswap_v3_0.3_ethusdt,1k-10k,0x4e68ccd3e89f51c3074ca5072bbac773960dfa36,1444,4520695.651366274,1876168.685989073,2651675.5300959074
2026-05-04 00:00:00.000 UTC,uniswap_v3_1.0_ethusdc,0.5k-1k,0x7bea39867e4169dbe237d55c8242a8f2fcdcc387,35,23773.239334683738,8505.577504554985,15334.0543890136
2026-05-04 00:00:00.000 UTC,uniswap_v3_1.0_ethusdc,1k-10k,0x7bea39867e4169dbe237d55c8242a8f2fcdcc387,7,8464.395681782811,6145.6779124072855,2334.866332959976
2026-05-11 00:00:00.000 UTC,curve_usdcwbtcweth,0.5k-1k,0x7f86bf177dd4f3494b841a37e810a34dd56c829b,1236,908754.2286823859,462495.92028790986,375689.7592113006
2026-05-11 00:00:00.000 UTC,curve_usdcwbtcweth,10k-100k,0x7f86bf177dd4f3494b841a37e810a34dd56c829b,15,203062.39666133586,111695.68773915395,45970.44501912063
2026-05-11 00:00:00.000 UTC,curve_usdcwbtcweth,1k-10k,0x7f86bf177dd4f3494b841a37e810a34dd56c829b,1457,2843445.2297719847,1304808.9089165132,1248490.3707871404
2026-05-11 00:00:00.000 UTC,curve_usdt,0.5k-1k,0xf5f5b97624542d72a9e06f04804bf81baa15e2b4,106,83126.75153049838,67602.63759941288,15077.89044413185
2026-05-11 00:00:00.000 UTC,curve_usdt,10k-100k,0xf5f5b97624542d72a9e06f04804bf81baa15e2b4,50,904278.5320387544,394945.3887172247,494019.4282863599
2026-05-11 00:00:00.000 UTC,curve_usdt,1k-10k,0xf5f5b97624542d72a9e06f04804bf81baa15e2b4,575,1743562.4015186618,1008278.1285119187,621781.2101902331
2026-05-11 00:00:00.000 UTC,curve_usdtwbtcweth,0.5k-1k,0xd51a44d3fae010294c616388b506acda1bfaae46,811,637569.9958129119,300712.5326599179,265221.8474371853
2026-05-11 00:00:00.000 UTC,curve_usdtwbtcweth,10k-100k,0xd51a44d3fae010294c616388b506acda1bfaae46,24,390915.90634263324,186928.74294705034,132369.32303511346
2026-05-11 00:00:00.000 UTC,curve_usdtwbtcweth,1k-10k,0xd51a44d3fae010294c616388b506acda1bfaae46,1979,4235087.791448432,1958623.5667550683,1832529.0118837238
2026-05-11 00:00:00.000 UTC,sushiv2_ethusdt,0.5k-1k,0x06da0fd433c1a5d7a4faa01111c044910a184553,7,4417.360213221964,3304.52520771138,1106.790766668012
2026-05-11 00:00:00.000 UTC,sushiv2_ethusdt,1k-10k,0x06da0fd433c1a5d7a4faa01111c044910a184553,5,8246.204964098433,6863.971823260242,1355.6577672584306
2026-05-11 00:00:00.000 UTC,sushiv2_usdceth,0.5k-1k,0x397ff1542f962076d0bfe58ea045ffa2d347aca0,4,2248.6722986697237,1699.8010358259385,537.0643883834288
2026-05-11 00:00:00.000 UTC,sushiv2_usdceth,1k-10k,0x397ff1542f962076d0bfe58ea045ffa2d347aca0,1,1302.394381433082,1302.486858,0.6152064094905284
2026-05-11 00:00:00.000 UTC,uniswap_v3_0.01_ethusdc,0.5k-1k,0xe0554a476a092703abdb3ef35c80e0d76d32939f,9206,6727974.764270011,3375910.3631015797,3355114.3728215336
2026-05-11 00:00:00.000 UTC,uniswap_v3_0.01_ethusdc,100k+,0xe0554a476a092703abdb3ef35c80e0d76d32939f,266,100501303.85913363,50640115.269125685,50174742.56706399
2026-05-11 00:00:00.000 UTC,uniswap_v3_0.01_ethusdc,10k-100k,0xe0554a476a092703abdb3ef35c80e0d76d32939f,5635,103256379.77359389,53438084.66686817,49886097.73155157
2026-05-11 00:00:00.000 UTC,uniswap_v3_0.01_ethusdc,1k-10k,0xe0554a476a092703abdb3ef35c80e0d76d32939f,31877,119110670.53325045,58936149.44871643,60253966.88214248
2026-05-11 00:00:00.000 UTC,uniswap_v3_0.01_ethusdt,0.5k-1k,0xc7bbec68d12a0d1830360f8ec58fa599ba1b0e9b,7312,5405206.949839614,2702444.96476092,2706363.0794499177
2026-05-11 00:00:00.000 UTC,uniswap_v3_0.01_ethusdt,100k+,0xc7bbec68d12a0d1830360f8ec58fa599ba1b0e9b,167,52296177.650842205,26328814.71059024,26168263.07351163
2026-05-11 00:00:00.000 UTC,uniswap_v3_0.01_ethusdt,10k-100k,0xc7bbec68d12a0d1830360f8ec58fa599ba1b0e9b,2887,55701553.33796145,29719520.924020667,26022246.463207312
2026-05-11 00:00:00.000 UTC,uniswap_v3_0.01_ethusdt,1k-10k,0xc7bbec68d12a0d1830360f8ec58fa599ba1b0e9b,24500,80388312.41866276,39542243.36046158,40912957.62259224
2026-05-11 00:00:00.000 UTC,uniswap_v3_0.05_ethusdc,0.5k-1k,0x88e6a0c2ddd26feeb64f039a2c41296fcb3f5640,1617,1170128.1163770694,530439.6502629044,640464.052935675
2026-05-11 00:00:00.000 UTC,uniswap_v3_0.05_ethusdc,100k+,0x88e6a0c2ddd26feeb64f039a2c41296fcb3f5640,563,122211562.35199478,70695451.34063421,51550526.71305596
2026-05-11 00:00:00.000 UTC,uniswap_v3_0.05_ethusdc,10k-100k,0x88e6a0c2ddd26feeb64f039a2c41296fcb3f5640,6664,209492211.07999396,103266060.03323361,106392407.15154158
2026-05-11 00:00:00.000 UTC,uniswap_v3_0.05_ethusdc,1k-10k,0x88e6a0c2ddd26feeb64f039a2c41296fcb3f5640,6144,25419210.877009004,12970285.083304198,12468655.827631311
2026-05-11 00:00:00.000 UTC,uniswap_v3_0.05_ethusdt,0.5k-1k,0x11b815efb8f581194ae79006d24e0d814b7697f6,715,525020.6568784574,210261.28218410345,315183.1218239652
2026-05-11 00:00:00.000 UTC,uniswap_v3_0.05_ethusdt,100k+,0x11b815efb8f581194ae79006d24e0d814b7697f6,16,3080241.803984702,2224606.444668671,857961.7043504604
2026-05-11 00:00:00.000 UTC,uniswap_v3_0.05_ethusdt,10k-100k,0x11b815efb8f581194ae79006d24e0d814b7697f6,2515,46907160.65497053,24382010.318169065,22566782.08512403
2026-05-11 00:00:00.000 UTC,uniswap_v3_0.05_ethusdt,1k-10k,0x11b815efb8f581194ae79006d24e0d814b7697f6,6806,31191802.21730963,15953841.309745226,15270314.973296352
2026-05-11 00:00:00.000 UTC,uniswap_v3_0.3_ethusdc,0.5k-1k,0x8ad599c3a0ff1de082011efddc58f1908eb6e6d8,76,62556.59843490354,22462.18638836856,40258.90592509886
2026-05-11 00:00:00.000 UTC,uniswap_v3_0.3_ethusdc,100k+,0x8ad599c3a0ff1de082011efddc58f1908eb6e6d8,13,2137541.080786449,1952510.7480458978,186971.30810936567
2026-05-11 00:00:00.000 UTC,uniswap_v3_0.3_ethusdc,10k-100k,0x8ad599c3a0ff1de082011efddc58f1908eb6e6d8,548,12858490.421284636,7952656.146755369,4925056.402654085
2026-05-11 00:00:00.000 UTC,uniswap_v3_0.3_ethusdc,1k-10k,0x8ad599c3a0ff1de082011efddc58f1908eb6e6d8,602,3066957.2843064354,1369923.7376985468,1701561.4918820374
2026-05-11 00:00:00.000 UTC,uniswap_v3_0.3_ethusdt,0.5k-1k,0x4e68ccd3e89f51c3074ca5072bbac773960dfa36,250,189969.9500480734,82978.43224907144,107405.02873799279
2026-05-11 00:00:00.000 UTC,uniswap_v3_0.3_ethusdt,100k+,0x4e68ccd3e89f51c3074ca5072bbac773960dfa36,351,76045558.28244285,52148171.64703232,24012570.63261375
2026-05-11 00:00:00.000 UTC,uniswap_v3_0.3_ethusdt,10k-100k,0x4e68ccd3e89f51c3074ca5072bbac773960dfa36,895,38190314.917596325,18943240.439780302,19307695.680295214
2026-05-11 00:00:00.000 UTC,uniswap_v3_0.3_ethusdt,1k-10k,0x4e68ccd3e89f51c3074ca5072bbac773960dfa36,538,1926572.5075337114,903469.7038761014,1026397.8999669674
2026-05-11 00:00:00.000 UTC,uniswap_v3_1.0_ethusdc,0.5k-1k,0x7bea39867e4169dbe237d55c8242a8f2fcdcc387,24,16086.344438163193,12345.203201482627,3759.2172996095046
2026-05-11 00:00:00.000 UTC,uniswap_v3_1.0_ethusdc,1k-10k,0x7bea39867e4169dbe237d55c8242a8f2fcdcc387,9,19000.31458296077,19002.188968,8.685451203010947
2026-05-18 00:00:00.000 UTC,curve_usdcwbtcweth,0.5k-1k,0x7f86bf177dd4f3494b841a37e810a34dd56c829b,2663,1952165.8848179432,823783.8386552351,842298.8080622194
2026-05-18 00:00:00.000 UTC,curve_usdcwbtcweth,10k-100k,0x7f86bf177dd4f3494b841a37e810a34dd56c829b,48,674433.4473412042,288315.9840563843,272580.60970500344
2026-05-18 00:00:00.000 UTC,curve_usdcwbtcweth,1k-10k,0x7f86bf177dd4f3494b841a37e810a34dd56c829b,3638,8206832.844234346,3495517.984185844,3551707.919676301
2026-05-18 00:00:00.000 UTC,curve_usdt,0.5k-1k,0xf5f5b97624542d72a9e06f04804bf81baa15e2b4,185,143653.7368845828,76351.40138052432,52694.80871932491
2026-05-18 00:00:00.000 UTC,curve_usdt,10k-100k,0xf5f5b97624542d72a9e06f04804bf81baa15e2b4,50,825379.7155592818,383572.6222051279,389549.8570546754
2026-05-18 00:00:00.000 UTC,curve_usdt,1k-10k,0xf5f5b97624542d72a9e06f04804bf81baa15e2b4,611,1674173.8763606558,734481.5588383673,776089.7866264011
2026-05-18 00:00:00.000 UTC,curve_usdtwbtcweth,0.5k-1k,0xd51a44d3fae010294c616388b506acda1bfaae46,1524,1176686.5790326209,477040.5069666762,514384.5887568748
2026-05-18 00:00:00.000 UTC,curve_usdtwbtcweth,10k-100k,0xd51a44d3fae010294c616388b506acda1bfaae46,126,1917373.202060262,768046.268995609,1023521.4334497871
2026-05-18 00:00:00.000 UTC,curve_usdtwbtcweth,1k-10k,0xd51a44d3fae010294c616388b506acda1bfaae46,4320,10899239.68625487,4912920.785509854,4621799.935978356
2026-05-18 00:00:00.000 UTC,sushiv2_ethusdt,0.5k-1k,0x06da0fd433c1a5d7a4faa01111c044910a184553,17,10884.882876720238,5112.670388987431,5822.725496829669
2026-05-18 00:00:00.000 UTC,sushiv2_ethusdt,1k-10k,0x06da0fd433c1a5d7a4faa01111c044910a184553,4,9001.887859829592,5452.8850239978265,3616.2835956612907
2026-05-18 00:00:00.000 UTC,sushiv2_usdceth,0.5k-1k,0x397ff1542f962076d0bfe58ea045ffa2d347aca0,2,1119.2821494535904,511.0699232857703,613.4619288177831
2026-05-18 00:00:00.000 UTC,uniswap_v3_0.01_ethusdc,0.5k-1k,0xe0554a476a092703abdb3ef35c80e0d76d32939f,10685,7914936.363151634,4116653.0021218434,3801551.5692630946
2026-05-18 00:00:00.000 UTC,uniswap_v3_0.01_ethusdc,100k+,0xe0554a476a092703abdb3ef35c80e0d76d32939f,171,52641110.46016152,24404870.460235383,28104759.382457122
2026-05-18 00:00:00.000 UTC,uniswap_v3_0.01_ethusdc,10k-100k,0xe0554a476a092703abdb3ef35c80e0d76d32939f,1749,35538402.03529936,18352502.856829774,17210595.424658325
2026-05-18 00:00:00.000 UTC,uniswap_v3_0.01_ethusdc,1k-10k,0xe0554a476a092703abdb3ef35c80e0d76d32939f,36267,110770372.04951744,55116951.70359748,55720777.72975286
2026-05-18 00:00:00.000 UTC,uniswap_v3_0.01_ethusdt,0.5k-1k,0xc7bbec68d12a0d1830360f8ec58fa599ba1b0e9b,10083,7517471.420375563,3642755.8258181415,3883680.6933686784
2026-05-18 00:00:00.000 UTC,uniswap_v3_0.01_ethusdt,100k+,0xc7bbec68d12a0d1830360f8ec58fa599ba1b0e9b,138,41109064.47213185,20573143.394372124,20662435.72331732
2026-05-18 00:00:00.000 UTC,uniswap_v3_0.01_ethusdt,10k-100k,0xc7bbec68d12a0d1830360f8ec58fa599ba1b0e9b,2034,42131898.975998566,21557649.975273933,20622059.762206472
2026-05-18 00:00:00.000 UTC,uniswap_v3_0.01_ethusdt,1k-10k,0xc7bbec68d12a0d1830360f8ec58fa599ba1b0e9b,32914,93831651.28716451,47087362.41664149,46867004.68925292
2026-05-18 00:00:00.000 UTC,uniswap_v3_0.05_ethusdc,0.5k-1k,0x88e6a0c2ddd26feeb64f039a2c41296fcb3f5640,1491,1094046.5916379243,540071.5422258724,554565.638479634
2026-05-18 00:00:00.000 UTC,uniswap_v3_0.05_ethusdc,100k+,0x88e6a0c2ddd26feeb64f039a2c41296fcb3f5640,2292,481840047.34017473,240559908.6906526,241809846.81949124
2026-05-18 00:00:00.000 UTC,uniswap_v3_0.05_ethusdc,10k-100k,0x88e6a0c2ddd26feeb64f039a2c41296fcb3f5640,8290,340694568.82737726,171637212.04448748,169336253.64757252
2026-05-18 00:00:00.000 UTC,uniswap_v3_0.05_ethusdc,1k-10k,0x88e6a0c2ddd26feeb64f039a2c41296fcb3f5640,5994,23042862.120158233,12128420.434063038,10929873.534033913
2026-05-18 00:00:00.000 UTC,uniswap_v3_0.05_ethusdt,0.5k-1k,0x11b815efb8f581194ae79006d24e0d814b7697f6,1123,815098.3838901222,448661.0191012514,367515.0754490549
2026-05-18 00:00:00.000 UTC,uniswap_v3_0.05_ethusdt,100k+,0x11b815efb8f581194ae79006d24e0d814b7697f6,41,7100814.5520557705,4151813.3753544004,2959130.1116358885
2026-05-18 00:00:00.000 UTC,uniswap_v3_0.05_ethusdt,10k-100k,0x11b815efb8f581194ae79006d24e0d814b7697f6,3175,56992300.15239024,25468719.05759267,31621610.978122346
2026-05-18 00:00:00.000 UTC,uniswap_v3_0.05_ethusdt,1k-10k,0x11b815efb8f581194ae79006d24e0d814b7697f6,10525,44049094.54957211,24895411.06261446,19219261.967020724
2026-05-18 00:00:00.000 UTC,uniswap_v3_0.3_ethusdc,0.5k-1k,0x8ad599c3a0ff1de082011efddc58f1908eb6e6d8,36,25470.562993519557,11515.711184559104,14000.332561748737
2026-05-18 00:00:00.000 UTC,uniswap_v3_0.3_ethusdc,100k+,0x8ad599c3a0ff1de082011efddc58f1908eb6e6d8,9,1351117.0853522967,981748.1624023019,373597.2279456351
2026-05-18 00:00:00.000 UTC,uniswap_v3_0.3_ethusdc,10k-100k,0x8ad599c3a0ff1de082011efddc58f1908eb6e6d8,431,10638868.80670144,5388407.413223554,5274275.156859122
2026-05-18 00:00:00.000 UTC,uniswap_v3_0.3_ethusdc,1k-10k,0x8ad599c3a0ff1de082011efddc58f1908eb6e6d8,685,3286390.1461680746,1645644.4246097666,1645586.8766576517
2026-05-18 00:00:00.000 UTC,uniswap_v3_0.3_ethusdt,0.5k-1k,0x4e68ccd3e89f51c3074ca5072bbac773960dfa36,193,142925.49396993348,56038.97668465408,87271.16127302805
2026-05-18 00:00:00.000 UTC,uniswap_v3_0.3_ethusdt,100k+,0x4e68ccd3e89f51c3074ca5072bbac773960dfa36,346,85206600.82755028,45581087.17609712,39893243.42036954
2026-05-18 00:00:00.000 UTC,uniswap_v3_0.3_ethusdt,10k-100k,0x4e68ccd3e89f51c3074ca5072bbac773960dfa36,834,35140813.969984375,15762108.020128489,19459101.057171907
2026-05-18 00:00:00.000 UTC,uniswap_v3_0.3_ethusdt,1k-10k,0x4e68ccd3e89f51c3074ca5072bbac773960dfa36,587,2488693.805908536,1657023.5294756694,836360.7557872497
2026-05-18 00:00:00.000 UTC,uniswap_v3_1.0_ethusdc,0.5k-1k,0x7bea39867e4169dbe237d55c8242a8f2fcdcc387,34,22820.96141876942,12219.046834627106,10657.456169005005
2026-05-18 00:00:00.000 UTC,uniswap_v3_1.0_ethusdc,1k-10k,0x7bea39867e4169dbe237d55c8242a8f2fcdcc387,17,27407.12529108178,19947.85140749033,7519.416833430756
2026-05-25 00:00:00.000 UTC,curve_usdcwbtcweth,0.5k-1k,0x7f86bf177dd4f3494b841a37e810a34dd56c829b,2105,1551448.7796431063,701415.2818120593,655289.3761088242
2026-05-25 00:00:00.000 UTC,curve_usdcwbtcweth,10k-100k,0x7f86bf177dd4f3494b841a37e810a34dd56c829b,23,418439.6492254111,221165.11488631525,124741.25813095536
2026-05-25 00:00:00.000 UTC,curve_usdcwbtcweth,1k-10k,0x7f86bf177dd4f3494b841a37e810a34dd56c829b,3010,6470097.125185997,2788111.0743918163,2806676.885361551
2026-05-25 00:00:00.000 UTC,curve_usdt,0.5k-1k,0xf5f5b97624542d72a9e06f04804bf81baa15e2b4,113,86356.04053207279,49759.240221755404,29149.423487229942
2026-05-25 00:00:00.000 UTC,curve_usdt,10k-100k,0xf5f5b97624542d72a9e06f04804bf81baa15e2b4,16,262234.689941109,154283.97947043937,97910.85689545063
2026-05-25 00:00:00.000 UTC,curve_usdt,1k-10k,0xf5f5b97624542d72a9e06f04804bf81baa15e2b4,365,946590.4710427232,506807.8533971745,372928.5807502491
2026-05-25 00:00:00.000 UTC,curve_usdtwbtcweth,0.5k-1k,0xd51a44d3fae010294c616388b506acda1bfaae46,1267,967123.9535769563,432197.8838054264,436847.4215138343
2026-05-25 00:00:00.000 UTC,curve_usdtwbtcweth,100k+,0xd51a44d3fae010294c616388b506acda1bfaae46,2,211328.39111258445,103944.39510898611,104472.03601796964
2026-05-25 00:00:00.000 UTC,curve_usdtwbtcweth,10k-100k,0xd51a44d3fae010294c616388b506acda1bfaae46,61,880222.7691457709,547422.1425136128,323741.1825851851
2026-05-25 00:00:00.000 UTC,curve_usdtwbtcweth,1k-10k,0xd51a44d3fae010294c616388b506acda1bfaae46,3186,7391774.03380619,3207124.0516915102,3315239.919989838
2026-05-25 00:00:00.000 UTC,sushiv2_ethusdt,0.5k-1k,0x06da0fd433c1a5d7a4faa01111c044910a184553,4,2244.1780486815833,611.9635521251765,1641.6251086159828
2026-05-25 00:00:00.000 UTC,sushiv2_ethusdt,1k-10k,0x06da0fd433c1a5d7a4faa01111c044910a184553,4,10374.769591246062,6601.034780985106,3850.8244727759648
2026-05-25 00:00:00.000 UTC,sushiv2_usdceth,0.5k-1k,0x397ff1542f962076d0bfe58ea045ffa2d347aca0,2,1255.019403167632,1254.990346,0.6232259157280533
2026-05-25 00:00:00.000 UTC,uniswap_v3_0.01_ethusdc,0.5k-1k,0xe0554a476a092703abdb3ef35c80e0d76d32939f,11876,8714844.318417517,4698016.964258266,4020326.0880170087
2026-05-25 00:00:00.000 UTC,uniswap_v3_0.01_ethusdc,100k+,0xe0554a476a092703abdb3ef35c80e0d76d32939f,158,54542753.062918104,27355158.50640094,27170701.229703337
2026-05-25 00:00:00.000 UTC,uniswap_v3_0.01_ethusdc,10k-100k,0xe0554a476a092703abdb3ef35c80e0d76d32939f,1706,31371460.20191648,15739449.37184484,15649323.66321555
2026-05-25 00:00:00.000 UTC,uniswap_v3_0.01_ethusdc,1k-10k,0xe0554a476a092703abdb3ef35c80e0d76d32939f,41491,128103543.15502045,63807890.47949829,64370858.0134392
2026-05-25 00:00:00.000 UTC,uniswap_v3_0.01_ethusdt,0.5k-1k,0xc7bbec68d12a0d1830360f8ec58fa599ba1b0e9b,10410,7780134.986218753,3900121.635805426,3891251.215663173
2026-05-25 00:00:00.000 UTC,uniswap_v3_0.01_ethusdt,100k+,0xc7bbec68d12a0d1830360f8ec58fa599ba1b0e9b,99,34609712.16042719,17459800.521412853,17258694.574546576
2026-05-25 00:00:00.000 UTC,uniswap_v3_0.01_ethusdt,10k-100k,0xc7bbec68d12a0d1830360f8ec58fa599ba1b0e9b,856,21058176.622977536,10467844.730305765,10615053.251901612
2026-05-25 00:00:00.000 UTC,uniswap_v3_0.01_ethusdt,1k-10k,0xc7bbec68d12a0d1830360f8ec58fa599ba1b0e9b,34315,95484513.12535326,48218371.05594691,47422631.91223459
2026-05-25 00:00:00.000 UTC,uniswap_v3_0.05_ethusdc,0.5k-1k,0x88e6a0c2ddd26feeb64f039a2c41296fcb3f5640,1650,1212461.7080876476,608058.9571502851,605050.9621264656
2026-05-25 00:00:00.000 UTC,uniswap_v3_0.05_ethusdc,100k+,0x88e6a0c2ddd26feeb64f039a2c41296fcb3f5640,2285,458969272.7992745,236139797.8359129,223171860.72876114
2026-05-25 00:00:00.000 UTC,uniswap_v3_0.05_ethusdc,10k-100k,0x88e6a0c2ddd26feeb64f039a2c41296fcb3f5640,8044,326892382.9397161,162575745.6761729,164591793.05637103
2026-05-25 00:00:00.000 UTC,uniswap_v3_0.05_ethusdc,1k-10k,0x88e6a0c2ddd26feeb64f039a2c41296fcb3f5640,7321,28525437.22382026,15401070.91426577,13143221.737669643
2026-05-25 00:00:00.000 UTC,uniswap_v3_0.05_ethusdt,0.5k-1k,0x11b815efb8f581194ae79006d24e0d814b7697f6,1130,832553.0575631743,441183.0822476112,392804.4924079302
2026-05-25 00:00:00.000 UTC,uniswap_v3_0.05_ethusdt,100k+,0x11b815efb8f581194ae79006d24e0d814b7697f6,25,4155434.172461984,2644973.9054544847,1517106.5922367023
2026-05-25 00:00:00.000 UTC,uniswap_v3_0.05_ethusdt,10k-100k,0x11b815efb8f581194ae79006d24e0d814b7697f6,2650,49380972.97449733,24786088.43004916,24689503.551488303
2026-05-25 00:00:00.000 UTC,uniswap_v3_0.05_ethusdt,1k-10k,0x11b815efb8f581194ae79006d24e0d814b7697f6,8684,36018370.40019481,18117783.292272948,17967824.394524273
2026-05-25 00:00:00.000 UTC,uniswap_v3_0.3_ethusdc,0.5k-1k,0x8ad599c3a0ff1de082011efddc58f1908eb6e6d8,57,44916.39786379103,25919.99510856608,19041.16481809361
2026-05-25 00:00:00.000 UTC,uniswap_v3_0.3_ethusdc,100k+,0x8ad599c3a0ff1de082011efddc58f1908eb6e6d8,3,546127.5884066379,546138.0046860001,270.08437408842775
2026-05-25 00:00:00.000 UTC,uniswap_v3_0.3_ethusdc,10k-100k,0x8ad599c3a0ff1de082011efddc58f1908eb6e6d8,358,7440639.289105481,3942007.1710190065,3512056.6542346664
2026-05-25 00:00:00.000 UTC,uniswap_v3_0.3_ethusdc,1k-10k,0x8ad599c3a0ff1de082011efddc58f1908eb6e6d8,826,3784900.8186970768,1883821.2344590477,1906616.4554693613
2026-05-25 00:00:00.000 UTC,uniswap_v3_0.3_ethusdt,0.5k-1k,0x4e68ccd3e89f51c3074ca5072bbac773960dfa36,129,91719.77489250439,44523.03337564588,47441.62763654871
2026-05-25 00:00:00.000 UTC,uniswap_v3_0.3_ethusdt,100k+,0x4e68ccd3e89f51c3074ca5072bbac773960dfa36,339,74407074.33870493,40918751.36750077,33690172.40442095
2026-05-25 00:00:00.000 UTC,uniswap_v3_0.3_ethusdt,10k-100k,0x4e68ccd3e89f51c3074ca5072bbac773960dfa36,922,38739110.45608113,19418070.1184542,19415098.94067419
2026-05-25 00:00:00.000 UTC,uniswap_v3_0.3_ethusdt,1k-10k,0x4e68ccd3e89f51c3074ca5072bbac773960dfa36,693,3633394.2313994872,2821720.694241491,818274.8462345275
2026-05-25 00:00:00.000 UTC,uniswap_v3_1.0_ethusdc,0.5k-1k,0x7bea39867e4169dbe237d55c8242a8f2fcdcc387,28,18484.201516395904,7791.171411929751,10742.439682301516
2026-05-25 00:00:00.000 UTC,uniswap_v3_1.0_ethusdc,1k-10k,0x7bea39867e4169dbe237d55c8242a8f2fcdcc387,9,14631.435777786788,14631.281944,7.276140962778054
2026-06-01 00:00:00.000 UTC,curve_usdcwbtcweth,0.5k-1k,0x7f86bf177dd4f3494b841a37e810a34dd56c829b,3863,2845998.16825881,1316661.1586826076,1143266.6759617182
2026-06-01 00:00:00.000 UTC,curve_usdcwbtcweth,10k-100k,0x7f86bf177dd4f3494b841a37e810a34dd56c829b,204,3092147.5143755553,1312299.7751710422,1441010.966299403
2026-06-01 00:00:00.000 UTC,curve_usdcwbtcweth,1k-10k,0x7f86bf177dd4f3494b841a37e810a34dd56c829b,7358,17845194.590436026,8195923.344872318,7878499.955944449
2026-06-01 00:00:00.000 UTC,curve_usdt,0.5k-1k,0xf5f5b97624542d72a9e06f04804bf81baa15e2b4,65,48496.41851826718,23618.575337842467,20350.841058752118
2026-06-01 00:00:00.000 UTC,curve_usdt,10k-100k,0xf5f5b97624542d72a9e06f04804bf81baa15e2b4,9,252165.73906143013,206796.89096288025,46432.63809450534
2026-06-01 00:00:00.000 UTC,curve_usdt,1k-10k,0xf5f5b97624542d72a9e06f04804bf81baa15e2b4,247,654616.051394078,474177.855019572,131823.39199856963
2026-06-01 00:00:00.000 UTC,curve_usdtwbtcweth,0.5k-1k,0xd51a44d3fae010294c616388b506acda1bfaae46,2505,1930220.023288375,917795.3770418552,831632.7464718517
2026-06-01 00:00:00.000 UTC,curve_usdtwbtcweth,10k-100k,0xd51a44d3fae010294c616388b506acda1bfaae46,282,4918221.558602443,2291721.0950352107,2416491.2867387966
2026-06-01 00:00:00.000 UTC,curve_usdtwbtcweth,1k-10k,0xd51a44d3fae010294c616388b506acda1bfaae46,7797,20026215.99096426,9345314.467804708,8938944.227070207
2026-06-01 00:00:00.000 UTC,sushiv2_ethusdt,0.5k-1k,0x06da0fd433c1a5d7a4faa01111c044910a184553,72,46532.61076649209,23778.274863969065,22963.18334506671
2026-06-01 00:00:00.000 UTC,sushiv2_ethusdt,1k-10k,0x06da0fd433c1a5d7a4faa01111c044910a184553,21,44044.71532153244,21839.34057773033,22245.254556020973
2026-06-01 00:00:00.000 UTC,sushiv2_usdceth,0.5k-1k,0x397ff1542f962076d0bfe58ea045ffa2d347aca0,11,6177.056601894422,3377.0024317144876,2814.0636990418025
2026-06-01 00:00:00.000 UTC,uniswap_v3_0.01_ethusdc,0.5k-1k,0xe0554a476a092703abdb3ef35c80e0d76d32939f,21248,15569268.046381587,7614439.298742019,7959985.474296185
2026-06-01 00:00:00.000 UTC,uniswap_v3_0.01_ethusdc,100k+,0xe0554a476a092703abdb3ef35c80e0d76d32939f,283,95726165.31349403,48631038.51279081,47902280.31686237
2026-06-01 00:00:00.000 UTC,uniswap_v3_0.01_ethusdc,10k-100k,0xe0554a476a092703abdb3ef35c80e0d76d32939f,4487,85545844.96378833,40990050.35771041,44616220.08721117
2026-06-01 00:00:00.000 UTC,uniswap_v3_0.01_ethusdc,1k-10k,0xe0554a476a092703abdb3ef35c80e0d76d32939f,66362,212338887.53003216,108687229.14397676,103813955.71654485
2026-06-01 00:00:00.000 UTC,uniswap_v3_0.01_ethusdt,0.5k-1k,0xc7bbec68d12a0d1830360f8ec58fa599ba1b0e9b,19196,14109437.91844773,6741028.466717267,7386725.054347945
2026-06-01 00:00:00.000 UTC,uniswap_v3_0.01_ethusdt,100k+,0xc7bbec68d12a0d1830360f8ec58fa599ba1b0e9b,109,25778798.381494455,13126391.765862059,13247594.567659434
2026-06-01 00:00:00.000 UTC,uniswap_v3_0.01_ethusdt,10k-100k,0xc7bbec68d12a0d1830360f8ec58fa599ba1b0e9b,1799,42162485.15098433,21593473.675724126,20569479.644977152
2026-06-01 00:00:00.000 UTC,uniswap_v3_0.01_ethusdt,1k-10k,0xc7bbec68d12a0d1830360f8ec58fa599ba1b0e9b,37348,94583979.82118389,48322531.68000596,46405612.2189801
2026-06-01 00:00:00.000 UTC,uniswap_v3_0.05_ethusdc,0.5k-1k,0x88e6a0c2ddd26feeb64f039a2c41296fcb3f5640,3510,2579452.400991959,1299643.1376438134,1280615.4363193933
2026-06-01 00:00:00.000 UTC,uniswap_v3_0.05_ethusdc,100k+,0x88e6a0c2ddd26feeb64f039a2c41296fcb3f5640,2864,616594028.6700885,310580233.6073813,306213307.9335523
2026-06-01 00:00:00.000 UTC,uniswap_v3_0.05_ethusdc,10k-100k,0x88e6a0c2ddd26feeb64f039a2c41296fcb3f5640,17724,613260305.8124263,318713933.06661135,294922910.56003535
2026-06-01 00:00:00.000 UTC,uniswap_v3_0.05_ethusdc,1k-10k,0x88e6a0c2ddd26feeb64f039a2c41296fcb3f5640,18661,76590056.79724458,38778426.48565151,37851904.29537018
2026-06-01 00:00:00.000 UTC,uniswap_v3_0.05_ethusdt,0.5k-1k,0x11b815efb8f581194ae79006d24e0d814b7697f6,3384,2519532.808483539,1184484.6105227852,1338280.7681083523
2026-06-01 00:00:00.000 UTC,uniswap_v3_0.05_ethusdt,100k+,0x11b815efb8f581194ae79006d24e0d814b7697f6,62,13368615.824578982,7384811.300095104,5978834.599502885
2026-06-01 00:00:00.000 UTC,uniswap_v3_0.05_ethusdt,10k-100k,0x11b815efb8f581194ae79006d24e0d814b7697f6,4701,96086037.00671421,48049071.683059365,48178330.2986784
2026-06-01 00:00:00.000 UTC,uniswap_v3_0.05_ethusdt,1k-10k,0x11b815efb8f581194ae79006d24e0d814b7697f6,19006,73246014.1493006,37499991.6848286,35863063.28027678
2026-06-01 00:00:00.000 UTC,uniswap_v3_0.3_ethusdc,0.5k-1k,0x8ad599c3a0ff1de082011efddc58f1908eb6e6d8,208,169388.24075702726,99166.36016285505,70494.8356181654
2026-06-01 00:00:00.000 UTC,uniswap_v3_0.3_ethusdc,100k+,0x8ad599c3a0ff1de082011efddc58f1908eb6e6d8,29,5480804.784434126,2687392.721961917,2781196.4342350233
2026-06-01 00:00:00.000 UTC,uniswap_v3_0.3_ethusdc,10k-100k,0x8ad599c3a0ff1de082011efddc58f1908eb6e6d8,967,22059525.373459235,11226148.848217769,10870940.995639306
2026-06-01 00:00:00.000 UTC,uniswap_v3_0.3_ethusdc,1k-10k,0x8ad599c3a0ff1de082011efddc58f1908eb6e6d8,2654,11465350.895048106,6236491.151411198,5251050.4069201425
2026-06-01 00:00:00.000 UTC,uniswap_v3_0.3_ethusdt,0.5k-1k,0x4e68ccd3e89f51c3074ca5072bbac773960dfa36,296,218543.296452646,91251.13054025525,127762.92047636397
2026-06-01 00:00:00.000 UTC,uniswap_v3_0.3_ethusdt,100k+,0x4e68ccd3e89f51c3074ca5072bbac773960dfa36,736,188784386.40040138,98708736.4335605,90179693.93852262
2026-06-01 00:00:00.000 UTC,uniswap_v3_0.3_ethusdt,10k-100k,0x4e68ccd3e89f51c3074ca5072bbac773960dfa36,3232,125690298.9078309,65856556.723914,60027036.855348326
2026-06-01 00:00:00.000 UTC,uniswap_v3_0.3_ethusdt,1k-10k,0x4e68ccd3e89f51c3074ca5072bbac773960dfa36,2016,9805287.469427599,6228986.003908567,3590672.9295037347
2026-06-01 00:00:00.000 UTC,uniswap_v3_1.0_ethusdc,0.5k-1k,0x7bea39867e4169dbe237d55c8242a8f2fcdcc387,141,96925.79075141647,57843.810012105845,39366.82393040379
2026-06-01 00:00:00.000 UTC,uniswap_v3_1.0_ethusdc,1k-10k,0x7bea39867e4169dbe237d55c8242a8f2fcdcc387,58,100751.96708285177,59307.53641427277,41895.95463287453
2026-06-08 00:00:00.000 UTC,curve_usdcwbtcweth,0.5k-1k,0x7f86bf177dd4f3494b841a37e810a34dd56c829b,3622,2620059.596833282,1215050.974882799,1095054.574693329
2026-06-08 00:00:00.000 UTC,curve_usdcwbtcweth,10k-100k,0x7f86bf177dd4f3494b841a37e810a34dd56c829b,69,910234.6765371597,436863.00174211577,462951.20077014936
2026-06-08 00:00:00.000 UTC,curve_usdcwbtcweth,1k-10k,0x7f86bf177dd4f3494b841a37e810a34dd56c829b,4787,10797815.218580836,4901991.818372528,5002331.116203876
2026-06-08 00:00:00.000 UTC,curve_usdt,0.5k-1k,0xf5f5b97624542d72a9e06f04804bf81baa15e2b4,11,8458.841679101723,3090.85103937,5388.422460938293
2026-06-08 00:00:00.000 UTC,curve_usdt,10k-100k,0xf5f5b97624542d72a9e06f04804bf81baa15e2b4,1,10158.1323825911,0.15676781,10191.496088
2026-06-08 00:00:00.000 UTC,curve_usdt,1k-10k,0xf5f5b97624542d72a9e06f04804bf81baa15e2b4,33,93502.67444628938,23468.04714315846,70583.79347412859
2026-06-08 00:00:00.000 UTC,curve_usdtwbtcweth,0.5k-1k,0xd51a44d3fae010294c616388b506acda1bfaae46,2390,1817202.3070998925,808761.1730930235,863637.8499567483
2026-06-08 00:00:00.000 UTC,curve_usdtwbtcweth,10k-100k,0xd51a44d3fae010294c616388b506acda1bfaae46,117,1686830.598776071,789004.80045026,900663.1795808472
2026-06-08 00:00:00.000 UTC,curve_usdtwbtcweth,1k-10k,0xd51a44d3fae010294c616388b506acda1bfaae46,5389,12968634.899486214,5990725.354563272,5875415.853440829
2026-06-08 00:00:00.000 UTC,sushiv2_ethusdt,0.5k-1k,0x06da0fd433c1a5d7a4faa01111c044910a184553,29,21409.5428721431,5377.890076021906,16135.494674555586
2026-06-08 00:00:00.000 UTC,sushiv2_ethusdt,1k-10k,0x06da0fd433c1a5d7a4faa01111c044910a184553,16,47980.38335586306,24911.710306689652,23650.31291898136
2026-06-08 00:00:00.000 UTC,sushiv2_usdceth,0.5k-1k,0x397ff1542f962076d0bfe58ea045ffa2d347aca0,12,10140.117748408198,7278.190240330035,2854.171427049218
2026-06-08 00:00:00.000 UTC,sushiv2_usdceth,1k-10k,0x397ff1542f962076d0bfe58ea045ffa2d347aca0,10,15734.599380004986,5388.360480416815,10377.429625712863
2026-06-08 00:00:00.000 UTC,uniswap_v3_0.01_ethusdc,0.5k-1k,0xe0554a476a092703abdb3ef35c80e0d76d32939f,17512,12804451.719903644,6325736.424412404,6487597.277994497
2026-06-08 00:00:00.000 UTC,uniswap_v3_0.01_ethusdc,100k+,0xe0554a476a092703abdb3ef35c80e0d76d32939f,123,29322583.730326463,14623135.799405998,14709498.757079765
2026-06-08 00:00:00.000 UTC,uniswap_v3_0.01_ethusdc,10k-100k,0xe0554a476a092703abdb3ef35c80e0d76d32939f,908,24781039.77973058,12098179.565939894,12699808.911152296
2026-06-08 00:00:00.000 UTC,uniswap_v3_0.01_ethusdc,1k-10k,0xe0554a476a092703abdb3ef35c80e0d76d32939f,35102,90255511.01549795,45650860.425718844,44691650.450022
2026-06-08 00:00:00.000 UTC,uniswap_v3_0.01_ethusdt,0.5k-1k,0xc7bbec68d12a0d1830360f8ec58fa599ba1b0e9b,16223,11772823.107534327,5510481.901811575,6279004.460233098
2026-06-08 00:00:00.000 UTC,uniswap_v3_0.01_ethusdt,100k+,0xc7bbec68d12a0d1830360f8ec58fa599ba1b0e9b,82,23143556.464547567,12077109.085878652,12152036.914309459
2026-06-08 00:00:00.000 UTC,uniswap_v3_0.01_ethusdt,10k-100k,0xc7bbec68d12a0d1830360f8ec58fa599ba1b0e9b,545,14640587.726593431,7258843.3185628485,7395179.706844439
2026-06-08 00:00:00.000 UTC,uniswap_v3_0.01_ethusdt,1k-10k,0xc7bbec68d12a0d1830360f8ec58fa599ba1b0e9b,18368,33888470.15650997,17579166.92113182,16365882.446812814
2026-06-08 00:00:00.000 UTC,uniswap_v3_0.05_ethusdc,0.5k-1k,0x88e6a0c2ddd26feeb64f039a2c41296fcb3f5640,2858,2083961.4247216526,1132593.450374997,953242.1772878676
2026-06-08 00:00:00.000 UTC,uniswap_v3_0.05_ethusdc,100k+,0x88e6a0c2ddd26feeb64f039a2c41296fcb3f5640,318,58382124.17979877,26513032.022489674,32001230.142990854
2026-06-08 00:00:00.000 UTC,uniswap_v3_0.05_ethusdc,10k-100k,0x88e6a0c2ddd26feeb64f039a2c41296fcb3f5640,9133,249424499.7387935,125436935.54780944,124295883.25743389
2026-06-08 00:00:00.000 UTC,uniswap_v3_0.05_ethusdc,1k-10k,0x88e6a0c2ddd26feeb64f039a2c41296fcb3f5640,13316,49358587.296298705,25430279.419072814,23979740.913782276
2026-06-08 00:00:00.000 UTC,uniswap_v3_0.05_ethusdt,0.5k-1k,0x11b815efb8f581194ae79006d24e0d814b7697f6,1671,1232090.5829526195,585772.3038758871,648028.0644324695
2026-06-08 00:00:00.000 UTC,uniswap_v3_0.05_ethusdt,100k+,0x11b815efb8f581194ae79006d24e0d814b7697f6,47,7220576.284581696,2835642.9604792753,4413503.22427946
2026-06-08 00:00:00.000 UTC,uniswap_v3_0.05_ethusdt,10k-100k,0x11b815efb8f581194ae79006d24e0d814b7697f6,4902,99566735.19173361,50648287.526773036,49109922.83307807
2026-06-08 00:00:00.000 UTC,uniswap_v3_0.05_ethusdt,1k-10k,0x11b815efb8f581194ae79006d24e0d814b7697f6,12282,51802697.41221042,25645260.255226605,26237839.77857182
2026-06-08 00:00:00.000 UTC,uniswap_v3_0.3_ethusdc,0.5k-1k,0x8ad599c3a0ff1de082011efddc58f1908eb6e6d8,95,73477.5254164541,40453.438298895904,33149.69693707923
2026-06-08 00:00:00.000 UTC,uniswap_v3_0.3_ethusdc,100k+,0x8ad599c3a0ff1de082011efddc58f1908eb6e6d8,6,727476.2470777873,437.8984630882841,733054.5908300001
2026-06-08 00:00:00.000 UTC,uniswap_v3_0.3_ethusdc,10k-100k,0x8ad599c3a0ff1de082011efddc58f1908eb6e6d8,758,17511538.466239527,8403823.18449902,9160732.552339755
2026-06-08 00:00:00.000 UTC,uniswap_v3_0.3_ethusdc,1k-10k,0x8ad599c3a0ff1de082011efddc58f1908eb6e6d8,1248,5885713.952404909,3353670.1399254934,2542549.4108794513
2026-06-08 00:00:00.000 UTC,uniswap_v3_0.3_ethusdt,0.5k-1k,0x4e68ccd3e89f51c3074ca5072bbac773960dfa36,404,348049.3339963851,60249.42305935615,289037.4131326604
2026-06-08 00:00:00.000 UTC,uniswap_v3_0.3_ethusdt,100k+,0x4e68ccd3e89f51c3074ca5072bbac773960dfa36,413,87405889.43583927,38619558.87668713,49096753.354934126
2026-06-08 00:00:00.000 UTC,uniswap_v3_0.3_ethusdt,10k-100k,0x4e68ccd3e89f51c3074ca5072bbac773960dfa36,1504,61278872.18829259,33993810.014958344,27435586.56210477
2026-06-08 00:00:00.000 UTC,uniswap_v3_0.3_ethusdt,1k-10k,0x4e68ccd3e89f51c3074ca5072bbac773960dfa36,915,3781358.0044635274,2006552.6496901293,1783883.9352670428
2026-06-08 00:00:00.000 UTC,uniswap_v3_1.0_ethusdc,0.5k-1k,0x7bea39867e4169dbe237d55c8242a8f2fcdcc387,34,22424.736968694706,9229.586922825707,13294.242660403641
2026-06-08 00:00:00.000 UTC,uniswap_v3_1.0_ethusdc,1k-10k,0x7bea39867e4169dbe237d55c8242a8f2fcdcc387,10,12186.192006902998,3297.3576914898017,8963.47367497659
2026-06-15 00:00:00.000 UTC,curve_usdcwbtcweth,0.5k-1k,0x7f86bf177dd4f3494b841a37e810a34dd56c829b,3254,2319430.9652495487,1021199.6142494312,932808.3201149879
2026-06-15 00:00:00.000 UTC,curve_usdcwbtcweth,10k-100k,0x7f86bf177dd4f3494b841a37e810a34dd56c829b,60,843041.1238732149,380620.37259807176,452768.4887676882
2026-06-15 00:00:00.000 UTC,curve_usdcwbtcweth,1k-10k,0x7f86bf177dd4f3494b841a37e810a34dd56c829b,3558,7811938.333078906,3560571.4328647917,3444938.9288612176
2026-06-15 00:00:00.000 UTC,curve_usdt,0.5k-1k,0xf5f5b97624542d72a9e06f04804bf81baa15e2b4,20,16134.38843468445,8901.493409700808,7266.410377918171
2026-06-15 00:00:00.000 UTC,curve_usdt,10k-100k,0xf5f5b97624542d72a9e06f04804bf81baa15e2b4,9,217832.25972194184,90346.9711299337,128036.33473757889
2026-06-15 00:00:00.000 UTC,curve_usdt,1k-10k,0xf5f5b97624542d72a9e06f04804bf81baa15e2b4,152,460135.57276979747,249909.56082394405,207652.53218960026
2026-06-15 00:00:00.000 UTC,curve_usdtwbtcweth,0.5k-1k,0xd51a44d3fae010294c616388b506acda1bfaae46,1945,1463410.842575757,668272.7582566838,601352.3125300896
2026-06-15 00:00:00.000 UTC,curve_usdtwbtcweth,10k-100k,0xd51a44d3fae010294c616388b506acda1bfaae46,66,860222.5390943099,435935.5183626222,415818.5378162295
2026-06-15 00:00:00.000 UTC,curve_usdtwbtcweth,1k-10k,0xd51a44d3fae010294c616388b506acda1bfaae46,3607,8006958.264236557,3566752.555998544,3591693.593850587
2026-06-15 00:00:00.000 UTC,sushiv2_ethusdt,0.5k-1k,0x06da0fd433c1a5d7a4faa01111c044910a184553,19,11224.115723017758,4602.642446979909,6680.062081017163
2026-06-15 00:00:00.000 UTC,sushiv2_ethusdt,1k-10k,0x06da0fd433c1a5d7a4faa01111c044910a184553,1,1015.547986114623,1016.738587,0.5720073043143423
2026-06-15 00:00:00.000 UTC,sushiv2_usdceth,0.5k-1k,0x397ff1542f962076d0bfe58ea045ffa2d347aca0,8,5382.5073186247055,3179.7955581810047,2215.1894093851593
2026-06-15 00:00:00.000 UTC,uniswap_v3_0.01_ethusdc,0.5k-1k,0xe0554a476a092703abdb3ef35c80e0d76d32939f,16130,11831331.377765361,6225522.9422484385,5614273.1067115655
2026-06-15 00:00:00.000 UTC,uniswap_v3_0.01_ethusdc,100k+,0xe0554a476a092703abdb3ef35c80e0d76d32939f,163,50258148.39644361,24829261.424871255,24736705.82993512
2026-06-15 00:00:00.000 UTC,uniswap_v3_0.01_ethusdc,10k-100k,0xe0554a476a092703abdb3ef35c80e0d76d32939f,1007,25505389.25570468,12658142.933429368,12857626.760580119
2026-06-15 00:00:00.000 UTC,uniswap_v3_0.01_ethusdc,1k-10k,0xe0554a476a092703abdb3ef35c80e0d76d32939f,34920,92671979.39223856,46065703.825092755,46699441.229467325
2026-06-15 00:00:00.000 UTC,uniswap_v3_0.01_ethusdt,0.5k-1k,0xc7bbec68d12a0d1830360f8ec58fa599ba1b0e9b,14544,10442183.664760945,5107170.325482504,5352608.084147116
2026-06-15 00:00:00.000 UTC,uniswap_v3_0.01_ethusdt,100k+,0xc7bbec68d12a0d1830360f8ec58fa599ba1b0e9b,100,23664046.52371832,11981339.499580393,12203372.38384607
2026-06-15 00:00:00.000 UTC,uniswap_v3_0.01_ethusdt,10k-100k,0xc7bbec68d12a0d1830360f8ec58fa599ba1b0e9b,593,15650761.913208874,7949741.635063764,7722921.180267328
2026-06-15 00:00:00.000 UTC,uniswap_v3_0.01_ethusdt,1k-10k,0xc7bbec68d12a0d1830360f8ec58fa599ba1b0e9b,13523,25162036.307107925,12806265.135999117,12401089.337382985
2026-06-15 00:00:00.000 UTC,uniswap_v3_0.05_ethusdc,0.5k-1k,0x88e6a0c2ddd26feeb64f039a2c41296fcb3f5640,2908,2112956.724896136,1302101.4051041757,812766.8291126937
2026-06-15 00:00:00.000 UTC,uniswap_v3_0.05_ethusdc,100k+,0x88e6a0c2ddd26feeb64f039a2c41296fcb3f5640,870,149483168.43990406,72589614.84762546,77131204.6516193
2026-06-15 00:00:00.000 UTC,uniswap_v3_0.05_ethusdc,10k-100k,0x88e6a0c2ddd26feeb64f039a2c41296fcb3f5640,9614,323517789.6064974,163346904.64561144,160567902.4500613
2026-06-15 00:00:00.000 UTC,uniswap_v3_0.05_ethusdc,1k-10k,0x88e6a0c2ddd26feeb64f039a2c41296fcb3f5640,9998,39851528.79122448,21294370.7393946,18598701.813325778
2026-06-15 00:00:00.000 UTC,uniswap_v3_0.05_ethusdt,0.5k-1k,0x11b815efb8f581194ae79006d24e0d814b7697f6,1494,1108541.596978794,613067.873839223,497147.4795812185
2026-06-15 00:00:00.000 UTC,uniswap_v3_0.05_ethusdt,100k+,0x11b815efb8f581194ae79006d24e0d814b7697f6,85,14495830.508354306,7261551.106948353,7267034.7923094435
2026-06-15 00:00:00.000 UTC,uniswap_v3_0.05_ethusdt,10k-100k,0x11b815efb8f581194ae79006d24e0d814b7697f6,4582,98361110.52780528,48962167.56963798,49595901.080854855
2026-06-15 00:00:00.000 UTC,uniswap_v3_0.05_ethusdt,1k-10k,0x11b815efb8f581194ae79006d24e0d814b7697f6,10830,45813484.21604647,23528708.096033342,22366100.84095914
2026-06-15 00:00:00.000 UTC,uniswap_v3_0.3_ethusdc,0.5k-1k,0x8ad599c3a0ff1de082011efddc58f1908eb6e6d8,71,55737.57128745952,45314.25597168669,10499.879543473844
2026-06-15 00:00:00.000 UTC,uniswap_v3_0.3_ethusdc,100k+,0x8ad599c3a0ff1de082011efddc58f1908eb6e6d8,13,1711043.2781353365,772452.2476591595,946810.6894793622
2026-06-15 00:00:00.000 UTC,uniswap_v3_0.3_ethusdc,10k-100k,0x8ad599c3a0ff1de082011efddc58f1908eb6e6d8,690,16813479.58759134,8502572.505789163,8355382.156320935
2026-06-15 00:00:00.000 UTC,uniswap_v3_0.3_ethusdc,1k-10k,0x8ad599c3a0ff1de082011efddc58f1908eb6e6d8,1057,4817246.1694339495,2509692.544960613,2316761.1732164077
2026-06-15 00:00:00.000 UTC,uniswap_v3_0.3_ethusdt,0.5k-1k,0x4e68ccd3e89f51c3074ca5072bbac773960dfa36,151,110570.51928134274,46510.5402885125,64386.631978874466
2026-06-15 00:00:00.000 UTC,uniswap_v3_0.3_ethusdt,100k+,0x4e68ccd3e89f51c3074ca5072bbac773960dfa36,462,95957088.20166263,47636070.8063968,48663638.537853494
2026-06-15 00:00:00.000 UTC,uniswap_v3_0.3_ethusdt,10k-100k,0x4e68ccd3e89f51c3074ca5072bbac773960dfa36,1202,49059554.527863525,26148151.16556523,23044518.983177055
2026-06-15 00:00:00.000 UTC,uniswap_v3_0.3_ethusdt,1k-10k,0x4e68ccd3e89f51c3074ca5072bbac773960dfa36,775,3463970.112559172,1853374.633999158,1619793.1588125334
2026-06-15 00:00:00.000 UTC,uniswap_v3_1.0_ethusdc,0.5k-1k,0x7bea39867e4169dbe237d55c8242a8f2fcdcc387,51,33910.46554343758,15096.329117585652,18935.599969202158
2026-06-15 00:00:00.000 UTC,uniswap_v3_1.0_ethusdc,1k-10k,0x7bea39867e4169dbe237d55c8242a8f2fcdcc387,10,13069.938930024959,4971.959742835145,8165.579383223827
2026-06-22 00:00:00.000 UTC,curve_usdcwbtcweth,0.5k-1k,0x7f86bf177dd4f3494b841a37e810a34dd56c829b,4027,2846790.976534652,1267612.06850119,1187509.5350571112
2026-06-22 00:00:00.000 UTC,curve_usdcwbtcweth,10k-100k,0x7f86bf177dd4f3494b841a37e810a34dd56c829b,92,1494196.3898734648,761866.0593152889,721467.0961219774
2026-06-22 00:00:00.000 UTC,curve_usdcwbtcweth,1k-10k,0x7f86bf177dd4f3494b841a37e810a34dd56c829b,4557,10544438.428540481,4815414.632767324,4698887.899073002
2026-06-22 00:00:00.000 UTC,curve_usdt,0.5k-1k,0xf5f5b97624542d72a9e06f04804bf81baa15e2b4,41,29657.945599687402,22767.299439861377,6979.06750902905
2026-06-22 00:00:00.000 UTC,curve_usdt,10k-100k,0xf5f5b97624542d72a9e06f04804bf81baa15e2b4,12,298357.2227648859,142214.0933430666,156824.96758772415
2026-06-22 00:00:00.000 UTC,curve_usdt,1k-10k,0xf5f5b97624542d72a9e06f04804bf81baa15e2b4,112,361392.1622377869,276433.8635980021,85884.94734310599
2026-06-22 00:00:00.000 UTC,curve_usdtwbtcweth,0.5k-1k,0xd51a44d3fae010294c616388b506acda1bfaae46,2375,1787090.339691891,805267.3308781172,771849.3285232069
2026-06-22 00:00:00.000 UTC,curve_usdtwbtcweth,10k-100k,0xd51a44d3fae010294c616388b506acda1bfaae46,124,1859377.3919974668,865026.2554085674,932533.2948254227
2026-06-22 00:00:00.000 UTC,curve_usdtwbtcweth,1k-10k,0xd51a44d3fae010294c616388b506acda1bfaae46,5426,13485438.261848,6188094.959232506,6032362.367275068
2026-06-22 00:00:00.000 UTC,sushiv2_ethusdt,0.5k-1k,0x06da0fd433c1a5d7a4faa01111c044910a184553,30,19405.304896923237,11975.57190191879,7514.30038698077
2026-06-22 00:00:00.000 UTC,sushiv2_ethusdt,1k-10k,0x06da0fd433c1a5d7a4faa01111c044910a184553,3,3304.9013963937186,2117.2641300173264,1205.844623481932
2026-06-22 00:00:00.000 UTC,sushiv2_usdceth,0.5k-1k,0x397ff1542f962076d0bfe58ea045ffa2d347aca0,9,5436.9424688090085,3065.1927133366576,2378.4848392305526
2026-06-22 00:00:00.000 UTC,sushiv2_usdceth,1k-10k,0x397ff1542f962076d0bfe58ea045ffa2d347aca0,2,2882.782209871534,1429.293411450629,1429.2925234149197
2026-06-22 00:00:00.000 UTC,uniswap_v3_0.01_ethusdc,0.5k-1k,0xe0554a476a092703abdb3ef35c80e0d76d32939f,15367,11249371.041324884,5743626.575547519,5513041.795171057
2026-06-22 00:00:00.000 UTC,uniswap_v3_0.01_ethusdc,100k+,0xe0554a476a092703abdb3ef35c80e0d76d32939f,183,46568915.378339365,23320095.72500483,23409594.326488994
2026-06-22 00:00:00.000 UTC,uniswap_v3_0.01_ethusdc,10k-100k,0xe0554a476a092703abdb3ef35c80e0d76d32939f,1376,29613676.6472778,14789850.513076086,14842307.963823406
2026-06-22 00:00:00.000 UTC,uniswap_v3_0.01_ethusdc,1k-10k,0xe0554a476a092703abdb3ef35c80e0d76d32939f,36726,104224674.31222346,52203142.18264891,52122473.08919651
2026-06-22 00:00:00.000 UTC,uniswap_v3_0.01_ethusdt,0.5k-1k,0xc7bbec68d12a0d1830360f8ec58fa599ba1b0e9b,9716,6896268.92078123,3377220.0923145255,3532645.199995727
2026-06-22 00:00:00.000 UTC,uniswap_v3_0.01_ethusdt,100k+,0xc7bbec68d12a0d1830360f8ec58fa599ba1b0e9b,42,8682085.396435251,4333403.583190055,4327344.982483103
2026-06-22 00:00:00.000 UTC,uniswap_v3_0.01_ethusdt,10k-100k,0xc7bbec68d12a0d1830360f8ec58fa599ba1b0e9b,369,10838262.381339544,5409978.662863778,5401853.052546828
2026-06-22 00:00:00.000 UTC,uniswap_v3_0.01_ethusdt,1k-10k,0xc7bbec68d12a0d1830360f8ec58fa599ba1b0e9b,8212,15563179.460876293,7987341.477324387,7606859.201608158
2026-06-22 00:00:00.000 UTC,uniswap_v3_0.05_ethusdc,0.5k-1k,0x88e6a0c2ddd26feeb64f039a2c41296fcb3f5640,2976,2214345.360256482,1210353.7739747467,1005754.7961374155
2026-06-22 00:00:00.000 UTC,uniswap_v3_0.05_ethusdc,100k+,0x88e6a0c2ddd26feeb64f039a2c41296fcb3f5640,443,76357895.3423421,38395177.84069165,38073752.70826537
2026-06-22 00:00:00.000 UTC,uniswap_v3_0.05_ethusdc,10k-100k,0x88e6a0c2ddd26feeb64f039a2c41296fcb3f5640,10017,290608266.56194496,146554948.26774168,144386508.723713
2026-06-22 00:00:00.000 UTC,uniswap_v3_0.05_ethusdc,1k-10k,0x88e6a0c2ddd26feeb64f039a2c41296fcb3f5640,11453,48361114.76532237,25191854.195790302,23220316.342211634
2026-06-22 00:00:00.000 UTC,uniswap_v3_0.05_ethusdt,0.5k-1k,0x11b815efb8f581194ae79006d24e0d814b7697f6,1557,1153057.7250544226,594203.4791016426,560910.8427288714
2026-06-22 00:00:00.000 UTC,uniswap_v3_0.05_ethusdt,100k+,0x11b815efb8f581194ae79006d24e0d814b7697f6,119,25984871.90059851,12348267.1114837,13855564.016361924
2026-06-22 00:00:00.000 UTC,uniswap_v3_0.05_ethusdt,10k-100k,0x11b815efb8f581194ae79006d24e0d814b7697f6,5656,130826992.85530531,66742935.008240536,64406555.99838413
2026-06-22 00:00:00.000 UTC,uniswap_v3_0.05_ethusdt,1k-10k,0x11b815efb8f581194ae79006d24e0d814b7697f6,11398,50138561.248535335,25510055.50804976,24738049.43943506
2026-06-22 00:00:00.000 UTC,uniswap_v3_0.3_ethusdc,0.5k-1k,0x8ad599c3a0ff1de082011efddc58f1908eb6e6d8,202,158543.7780621773,87621.57374544244,71223.5994737003
2026-06-22 00:00:00.000 UTC,uniswap_v3_0.3_ethusdc,100k+,0x8ad599c3a0ff1de082011efddc58f1908eb6e6d8,18,3708857.631920213,2033477.905645481,1674070.5629163724
2026-06-22 00:00:00.000 UTC,uniswap_v3_0.3_ethusdc,10k-100k,0x8ad599c3a0ff1de082011efddc58f1908eb6e6d8,939,23629901.527728233,12317109.858301511,11377667.876250328
2026-06-22 00:00:00.000 UTC,uniswap_v3_0.3_ethusdc,1k-10k,0x8ad599c3a0ff1de082011efddc58f1908eb6e6d8,1375,6231232.082602972,3617075.1693359083,2626450.958612998
2026-06-22 00:00:00.000 UTC,uniswap_v3_0.3_ethusdt,0.5k-1k,0x4e68ccd3e89f51c3074ca5072bbac773960dfa36,150,114935.97402637078,50397.6859891757,64899.11499927177
2026-06-22 00:00:00.000 UTC,uniswap_v3_0.3_ethusdt,100k+,0x4e68ccd3e89f51c3074ca5072bbac773960dfa36,604,136373914.15006354,70174061.09599967,66728956.070292145
2026-06-22 00:00:00.000 UTC,uniswap_v3_0.3_ethusdt,10k-100k,0x4e68ccd3e89f51c3074ca5072bbac773960dfa36,1563,64889893.04609254,37424081.618012995,27668059.677108184
2026-06-22 00:00:00.000 UTC,uniswap_v3_0.3_ethusdt,1k-10k,0x4e68ccd3e89f51c3074ca5072bbac773960dfa36,621,3088932.1719096536,2087257.5123986595,1010009.4321519858
2026-06-22 00:00:00.000 UTC,uniswap_v3_1.0_ethusdc,0.5k-1k,0x7bea39867e4169dbe237d55c8242a8f2fcdcc387,71,48440.304370314894,29281.546713568747,19281.590060821563
2026-06-22 00:00:00.000 UTC,uniswap_v3_1.0_ethusdc,1k-10k,0x7bea39867e4169dbe237d55c8242a8f2fcdcc387,22,30859.708224780796,20293.303249907036,10662.686481451718
2026-06-29 00:00:00.000 UTC,curve_usdcwbtcweth,0.5k-1k,0x7f86bf177dd4f3494b841a37e810a34dd56c829b,2987,2084301.476126498,958508.6086741464,839263.792867476
2026-06-29 00:00:00.000 UTC,curve_usdcwbtcweth,10k-100k,0x7f86bf177dd4f3494b841a37e810a34dd56c829b,50,822907.577677847,417529.83746067807,395661.37741268927
2026-06-29 00:00:00.000 UTC,curve_usdcwbtcweth,1k-10k,0x7f86bf177dd4f3494b841a37e810a34dd56c829b,3291,7438036.538901361,3257851.6002871683,3517467.549688657
2026-06-29 00:00:00.000 UTC,curve_usdt,0.5k-1k,0xf5f5b97624542d72a9e06f04804bf81baa15e2b4,36,25181.424107053288,13072.549400156602,12223.186091737109
2026-06-29 00:00:00.000 UTC,curve_usdt,10k-100k,0xf5f5b97624542d72a9e06f04804bf81baa15e2b4,9,294025.91419126285,69142.18925197326,227048.10657586082
2026-06-29 00:00:00.000 UTC,curve_usdt,1k-10k,0xf5f5b97624542d72a9e06f04804bf81baa15e2b4,136,392605.22741507227,67810.85954830806,327413.4067825034
2026-06-29 00:00:00.000 UTC,curve_usdtwbtcweth,0.5k-1k,0xd51a44d3fae010294c616388b506acda1bfaae46,2199,1587134.8215416227,729147.9021508775,674628.185736023
2026-06-29 00:00:00.000 UTC,curve_usdtwbtcweth,10k-100k,0xd51a44d3fae010294c616388b506acda1bfaae46,43,655545.3724247625,320596.57683017105,314752.0072450529
2026-06-29 00:00:00.000 UTC,curve_usdtwbtcweth,1k-10k,0xd51a44d3fae010294c616388b506acda1bfaae46,2558,5412657.459613958,2349131.5017636144,2574289.2453690963
2026-06-29 00:00:00.000 UTC,sushiv2_ethusdt,0.5k-1k,0x06da0fd433c1a5d7a4faa01111c044910a184553,14,9715.914890796603,1715.2466449892256,8073.193338179479
2026-06-29 00:00:00.000 UTC,uniswap_v3_0.01_ethusdc,0.5k-1k,0xe0554a476a092703abdb3ef35c80e0d76d32939f,15373,11247744.32611819,6013125.938561531,5243864.37367206
2026-06-29 00:00:00.000 UTC,uniswap_v3_0.01_ethusdc,100k+,0xe0554a476a092703abdb3ef35c80e0d76d32939f,228,57473285.090480246,29288599.212175146,28962609.928682428
2026-06-29 00:00:00.000 UTC,uniswap_v3_0.01_ethusdc,10k-100k,0xe0554a476a092703abdb3ef35c80e0d76d32939f,1246,26735933.59584466,12443995.849742996,14324003.024177322
2026-06-29 00:00:00.000 UTC,uniswap_v3_0.01_ethusdc,1k-10k,0xe0554a476a092703abdb3ef35c80e0d76d32939f,35958,100013741.57718474,49625608.29558353,50506997.621273205
2026-06-29 00:00:00.000 UTC,uniswap_v3_0.01_ethusdt,0.5k-1k,0xc7bbec68d12a0d1830360f8ec58fa599ba1b0e9b,11334,7966889.860714642,4023693.313594138,3960659.3778650695
2026-06-29 00:00:00.000 UTC,uniswap_v3_0.01_ethusdt,100k+,0xc7bbec68d12a0d1830360f8ec58fa599ba1b0e9b,96,22688666.618113354,11422421.311366418,11600279.620737616
2026-06-29 00:00:00.000 UTC,uniswap_v3_0.01_ethusdt,10k-100k,0xc7bbec68d12a0d1830360f8ec58fa599ba1b0e9b,452,12372535.725849515,6226646.195853203,6143723.319896426
2026-06-29 00:00:00.000 UTC,uniswap_v3_0.01_ethusdt,1k-10k,0xc7bbec68d12a0d1830360f8ec58fa599ba1b0e9b,7900,14533271.187076544,6995340.5689239185,7571526.018380986
2026-06-29 00:00:00.000 UTC,uniswap_v3_0.05_ethusdc,0.5k-1k,0x88e6a0c2ddd26feeb64f039a2c41296fcb3f5640,2177,1619734.0874641486,891878.8944521998,729541.2369444384
2026-06-29 00:00:00.000 UTC,uniswap_v3_0.05_ethusdc,100k+,0x88e6a0c2ddd26feeb64f039a2c41296fcb3f5640,448,75497427.25833075,31977740.601751104,43682572.8566362
2026-06-29 00:00:00.000 UTC,uniswap_v3_0.05_ethusdc,10k-100k,0x88e6a0c2ddd26feeb64f039a2c41296fcb3f5640,9247,271021193.8637297,134436484.7837165,136966184.75672945
2026-06-29 00:00:00.000 UTC,uniswap_v3_0.05_ethusdc,1k-10k,0x88e6a0c2ddd26feeb64f039a2c41296fcb3f5640,9917,42610574.987775564,23181898.567061335,19477993.120606754
2026-06-29 00:00:00.000 UTC,uniswap_v3_0.05_ethusdt,0.5k-1k,0x11b815efb8f581194ae79006d24e0d814b7697f6,1520,1120629.9601805296,585304.1043916258,537630.146405097
2026-06-29 00:00:00.000 UTC,uniswap_v3_0.05_ethusdt,100k+,0x11b815efb8f581194ae79006d24e0d814b7697f6,67,8998677.134815704,4266284.606117183,4760565.81988473
2026-06-29 00:00:00.000 UTC,uniswap_v3_0.05_ethusdt,10k-100k,0x11b815efb8f581194ae79006d24e0d814b7697f6,4528,96361283.93048489,45848250.188392855,50768117.68832837
2026-06-29 00:00:00.000 UTC,uniswap_v3_0.05_ethusdt,1k-10k,0x11b815efb8f581194ae79006d24e0d814b7697f6,10803,46058717.16773641,24116387.441886596,22045011.743323147
2026-06-29 00:00:00.000 UTC,uniswap_v3_0.3_ethusdc,0.5k-1k,0x8ad599c3a0ff1de082011efddc58f1908eb6e6d8,138,112319.79490390193,70588.71207604697,41962.64501802528
2026-06-29 00:00:00.000 UTC,uniswap_v3_0.3_ethusdc,100k+,0x8ad599c3a0ff1de082011efddc58f1908eb6e6d8,11,1540333.2117834503,110838.84888820058,1440997.78248003
2026-06-29 00:00:00.000 UTC,uniswap_v3_0.3_ethusdc,10k-100k,0x8ad599c3a0ff1de082011efddc58f1908eb6e6d8,726,16930058.861398734,6870559.393126391,10113362.523734586
2026-06-29 00:00:00.000 UTC,uniswap_v3_0.3_ethusdc,1k-10k,0x8ad599c3a0ff1de082011efddc58f1908eb6e6d8,1228,5426728.054811881,3116621.885189091,2321146.182681063
2026-06-29 00:00:00.000 UTC,uniswap_v3_0.3_ethusdt,0.5k-1k,0x4e68ccd3e89f51c3074ca5072bbac773960dfa36,138,108185.37256979183,49031.43504401061,59545.917058218176
2026-06-29 00:00:00.000 UTC,uniswap_v3_0.3_ethusdt,100k+,0x4e68ccd3e89f51c3074ca5072bbac773960dfa36,514,108697802.38658576,39255874.48278011,69940446.03718232
2026-06-29 00:00:00.000 UTC,uniswap_v3_0.3_ethusdt,10k-100k,0x4e68ccd3e89f51c3074ca5072bbac773960dfa36,1379,56707336.07183704,30178035.43911257,26713183.992195062
2026-06-29 00:00:00.000 UTC,uniswap_v3_0.3_ethusdt,1k-10k,0x4e68ccd3e89f51c3074ca5072bbac773960dfa36,587,2784559.2139564864,1762373.2077106037,1030358.2257479634
2026-06-29 00:00:00.000 UTC,uniswap_v3_1.0_ethusdc,0.5k-1k,0x7bea39867e4169dbe237d55c8242a8f2fcdcc387,39,25125.041073944853,2805.1213745193513,22446.470066507994
2026-06-29 00:00:00.000 UTC,uniswap_v3_1.0_ethusdc,1k-10k,0x7bea39867e4169dbe237d55c8242a8f2fcdcc387,9,12411.0133747057,7.4080226546626236,12511.926402000001
2026-07-06 00:00:00.000 UTC,curve_usdcwbtcweth,0.5k-1k,0x7f86bf177dd4f3494b841a37e810a34dd56c829b,3407,2396007.0674555176,1093595.5521728704,1005565.9969102857
2026-07-06 00:00:00.000 UTC,curve_usdcwbtcweth,10k-100k,0x7f86bf177dd4f3494b841a37e810a34dd56c829b,67,1104420.4663907078,565830.1679550789,529430.3074845043
2026-07-06 00:00:00.000 UTC,curve_usdcwbtcweth,1k-10k,0x7f86bf177dd4f3494b841a37e810a34dd56c829b,3316,7486904.1726763435,3394313.773573746,3471761.491638954
2026-07-06 00:00:00.000 UTC,curve_usdt,0.5k-1k,0xf5f5b97624542d72a9e06f04804bf81baa15e2b4,8,5712.001888978264,2377.8368691135047,3350.814501767558
2026-07-06 00:00:00.000 UTC,curve_usdt,1k-10k,0xf5f5b97624542d72a9e06f04804bf81baa15e2b4,16,51347.36470462935,13372.022798311857,38408.080004341464
2026-07-06 00:00:00.000 UTC,curve_usdtwbtcweth,0.5k-1k,0xd51a44d3fae010294c616388b506acda1bfaae46,2528,1854231.2871649307,838878.7272600122,812211.4922472525
2026-07-06 00:00:00.000 UTC,curve_usdtwbtcweth,10k-100k,0xd51a44d3fae010294c616388b506acda1bfaae46,57,911597.1011074896,420623.9719304133,469875.9068399255
2026-07-06 00:00:00.000 UTC,curve_usdtwbtcweth,1k-10k,0xd51a44d3fae010294c616388b506acda1bfaae46,3000,6373325.059915815,2851808.002771643,2866053.4086671583
2026-07-06 00:00:00.000 UTC,sushiv2_ethusdt,0.5k-1k,0x06da0fd433c1a5d7a4faa01111c044910a184553,8,4976.348584961044,1974.0645271521962,3029.4738155358045
2026-07-06 00:00:00.000 UTC,sushiv2_ethusdt,1k-10k,0x06da0fd433c1a5d7a4faa01111c044910a184553,2,2650.472363451612,1.4978672849788235,2672.073072
2026-07-06 00:00:00.000 UTC,sushiv2_usdceth,0.5k-1k,0x397ff1542f962076d0bfe58ea045ffa2d347aca0,2,1156.687948435075,0.653218728411618,1165.80762
2026-07-06 00:00:00.000 UTC,uniswap_v3_0.01_ethusdc,0.5k-1k,0xe0554a476a092703abdb3ef35c80e0d76d32939f,15947,11742770.620974971,6121777.8886544015,5629514.1360677155
2026-07-06 00:00:00.000 UTC,uniswap_v3_0.01_ethusdc,100k+,0xe0554a476a092703abdb3ef35c80e0d76d32939f,231,54510543.88350068,27293529.522922486,27215564.381725706
2026-07-06 00:00:00.000 UTC,uniswap_v3_0.01_ethusdc,10k-100k,0xe0554a476a092703abdb3ef35c80e0d76d32939f,1569,33874392.98540891,17127328.95216014,16778048.04510171
2026-07-06 00:00:00.000 UTC,uniswap_v3_0.01_ethusdc,1k-10k,0xe0554a476a092703abdb3ef35c80e0d76d32939f,39163,114140799.01412892,56338695.195336476,57909952.44478447
2026-07-06 00:00:00.000 UTC,uniswap_v3_0.01_ethusdt,0.5k-1k,0xc7bbec68d12a0d1830360f8ec58fa599ba1b0e9b,15360,10955601.79318957,5555087.835802225,5418604.873786813
2026-07-06 00:00:00.000 UTC,uniswap_v3_0.01_ethusdt,100k+,0xc7bbec68d12a0d1830360f8ec58fa599ba1b0e9b,140,32018703.00787656,16265341.055797616,16030746.757726809
2026-07-06 00:00:00.000 UTC,uniswap_v3_0.01_ethusdt,10k-100k,0xc7bbec68d12a0d1830360f8ec58fa599ba1b0e9b,515,16567493.619136777,8125799.44725463,8482916.659758354
2026-07-06 00:00:00.000 UTC,uniswap_v3_0.01_ethusdt,1k-10k,0xc7bbec68d12a0d1830360f8ec58fa599ba1b0e9b,10990,19780647.869372502,9700767.968277482,10115823.640379986
2026-07-06 00:00:00.000 UTC,uniswap_v3_0.05_ethusdc,0.5k-1k,0x88e6a0c2ddd26feeb64f039a2c41296fcb3f5640,2002,1518428.3993408687,915929.4409992581,603746.292042781
2026-07-06 00:00:00.000 UTC,uniswap_v3_0.05_ethusdc,100k+,0x88e6a0c2ddd26feeb64f039a2c41296fcb3f5640,725,123088206.99572513,62749242.32989184,60566944.45337645
2026-07-06 00:00:00.000 UTC,uniswap_v3_0.05_ethusdc,10k-100k,0x88e6a0c2ddd26feeb64f039a2c41296fcb3f5640,9560,310612853.8013387,151402002.02774295,159555557.33909595
2026-07-06 00:00:00.000 UTC,uniswap_v3_0.05_ethusdc,1k-10k,0x88e6a0c2ddd26feeb64f039a2c41296fcb3f5640,8562,37795977.547080725,20775459.703660905,17058554.91083645
2026-07-06 00:00:00.000 UTC,uniswap_v3_0.05_ethusdt,0.5k-1k,0x11b815efb8f581194ae79006d24e0d814b7697f6,1591,1187603.8807845577,682881.2884986979,506564.5094755603
2026-07-06 00:00:00.000 UTC,uniswap_v3_0.05_ethusdt,100k+,0x11b815efb8f581194ae79006d24e0d814b7697f6,57,9841894.284125285,4608078.012384888,5265696.492744809
2026-07-06 00:00:00.000 UTC,uniswap_v3_0.05_ethusdt,10k-100k,0x11b815efb8f581194ae79006d24e0d814b7697f6,3471,69714146.86332741,34478649.8991391,35376692.92506037
2026-07-06 00:00:00.000 UTC,uniswap_v3_0.05_ethusdt,1k-10k,0x11b815efb8f581194ae79006d24e0d814b7697f6,10430,43414938.579813115,22217418.415123247,21271004.52703768
2026-07-06 00:00:00.000 UTC,uniswap_v3_0.3_ethusdc,0.5k-1k,0x8ad599c3a0ff1de082011efddc58f1908eb6e6d8,65,53747.24978097764,35216.98898141812,18618.688848871174
2026-07-06 00:00:00.000 UTC,uniswap_v3_0.3_ethusdc,100k+,0x8ad599c3a0ff1de082011efddc58f1908eb6e6d8,12,1958172.7513108877,549875.6892746931,1420696.8521710206
2026-07-06 00:00:00.000 UTC,uniswap_v3_0.3_ethusdc,10k-100k,0x8ad599c3a0ff1de082011efddc58f1908eb6e6d8,551,12366791.396942314,6293935.461756263,6102272.07864337
2026-07-06 00:00:00.000 UTC,uniswap_v3_0.3_ethusdc,1k-10k,0x8ad599c3a0ff1de082011efddc58f1908eb6e6d8,939,4229168.465715879,2293937.4533814965,1942341.156490374
2026-07-06 00:00:00.000 UTC,uniswap_v3_0.3_ethusdt,0.5k-1k,0x4e68ccd3e89f51c3074ca5072bbac773960dfa36,102,72585.47922266729,38248.53101199225,34514.55547140104
2026-07-06 00:00:00.000 UTC,uniswap_v3_0.3_ethusdt,100k+,0x4e68ccd3e89f51c3074ca5072bbac773960dfa36,421,103659035.914853,50329368.407099724,53686745.29307625
2026-07-06 00:00:00.000 UTC,uniswap_v3_0.3_ethusdt,10k-100k,0x4e68ccd3e89f51c3074ca5072bbac773960dfa36,1086,44734605.88966424,23808602.062885642,21034384.707154993
2026-07-06 00:00:00.000 UTC,uniswap_v3_0.3_ethusdt,1k-10k,0x4e68ccd3e89f51c3074ca5072bbac773960dfa36,480,2237295.5382906436,1190081.5763246925,1052242.9753663377
2026-07-06 00:00:00.000 UTC,uniswap_v3_1.0_ethusdc,0.5k-1k,0x7bea39867e4169dbe237d55c8242a8f2fcdcc387,22,13918.341421630428,6178.948005649426,7786.183544394958
2026-07-06 00:00:00.000 UTC,uniswap_v3_1.0_ethusdc,1k-10k,0x7bea39867e4169dbe237d55c8242a8f2fcdcc387,8,11053.719342984952,1610.9617734470773,9539.488596662475
2026-07-13 00:00:00.000 UTC,curve_usdcwbtcweth,0.5k-1k,0x7f86bf177dd4f3494b841a37e810a34dd56c829b,2687,1835603.45312062,808162.6905176928,742617.4666443863
2026-07-13 00:00:00.000 UTC,curve_usdcwbtcweth,10k-100k,0x7f86bf177dd4f3494b841a37e810a34dd56c829b,35,479707.22671070066,278144.3582500996,201464.81980815888
2026-07-13 00:00:00.000 UTC,curve_usdcwbtcweth,1k-10k,0x7f86bf177dd4f3494b841a37e810a34dd56c829b,2137,4718242.8773423415,2024342.9019302563,2165991.345209226
2026-07-13 00:00:00.000 UTC,curve_usdt,0.5k-1k,0xf5f5b97624542d72a9e06f04804bf81baa15e2b4,16,11561.94843512094,4488.347714951665,7127.173722758262
2026-07-13 00:00:00.000 UTC,curve_usdt,10k-100k,0xf5f5b97624542d72a9e06f04804bf81baa15e2b4,1,11972.590070814691,11982.823402,6.642376650171499
2026-07-13 00:00:00.000 UTC,curve_usdt,1k-10k,0xf5f5b97624542d72a9e06f04804bf81baa15e2b4,54,127202.37674836771,23350.929664302897,104771.18638496286
2026-07-13 00:00:00.000 UTC,curve_usdtwbtcweth,0.5k-1k,0xd51a44d3fae010294c616388b506acda1bfaae46,2125,1552888.9660883339,684517.8813121767,674923.4610222443
2026-07-13 00:00:00.000 UTC,curve_usdtwbtcweth,10k-100k,0xd51a44d3fae010294c616388b506acda1bfaae46,44,577389.2644595539,242175.33012650005,241186.9123155654
2026-07-13 00:00:00.000 UTC,curve_usdtwbtcweth,1k-10k,0xd51a44d3fae010294c616388b506acda1bfaae46,2460,5038181.951295808,2133833.015918713,2190766.9929318163
2026-07-13 00:00:00.000 UTC,sushiv2_ethusdt,0.5k-1k,0x06da0fd433c1a5d7a4faa01111c044910a184553,10,6602.749361614067,1085.786872086828,5570.5370580053495
2026-07-13 00:00:00.000 UTC,uniswap_v3_0.01_ethusdc,0.5k-1k,0xe0554a476a092703abdb3ef35c80e0d76d32939f,12960,9585593.041423207,5151580.149430334,4439604.817376729
2026-07-13 00:00:00.000 UTC,uniswap_v3_0.01_ethusdc,100k+,0xe0554a476a092703abdb3ef35c80e0d76d32939f,235,83153615.9986094,41980257.37197672,41977788.13096549
2026-07-13 00:00:00.000 UTC,uniswap_v3_0.01_ethusdc,10k-100k,0xe0554a476a092703abdb3ef35c80e0d76d32939f,3366,61703753.92457294,30463066.63945259,31302053.862187196
2026-07-13 00:00:00.000 UTC,uniswap_v3_0.01_ethusdc,1k-10k,0xe0554a476a092703abdb3ef35c80e0d76d32939f,41237,141525714.13071314,70693994.75080162,70949254.60609744
2026-07-13 00:00:00.000 UTC,uniswap_v3_0.01_ethusdt,0.5k-1k,0xc7bbec68d12a0d1830360f8ec58fa599ba1b0e9b,14333,10302351.200820662,5163422.796466575,5154671.501520554
2026-07-13 00:00:00.000 UTC,uniswap_v3_0.01_ethusdt,100k+,0xc7bbec68d12a0d1830360f8ec58fa599ba1b0e9b,186,40264926.59347941,19956506.828730352,20006497.070216835
2026-07-13 00:00:00.000 UTC,uniswap_v3_0.01_ethusdt,10k-100k,0xc7bbec68d12a0d1830360f8ec58fa599ba1b0e9b,336,10103889.412401974,4984106.912224439,5139466.797309706
2026-07-13 00:00:00.000 UTC,uniswap_v3_0.01_ethusdt,1k-10k,0xc7bbec68d12a0d1830360f8ec58fa599ba1b0e9b,12324,23187700.168609746,11490624.940275598,11738705.994904585
2026-07-13 00:00:00.000 UTC,uniswap_v3_0.05_ethusdc,0.5k-1k,0x88e6a0c2ddd26feeb64f039a2c41296fcb3f5640,1627,1272572.0115152616,665041.6694054119,608495.4003011797
2026-07-13 00:00:00.000 UTC,uniswap_v3_0.05_ethusdc,100k+,0x88e6a0c2ddd26feeb64f039a2c41296fcb3f5640,1087,206659584.58998245,105072296.02529737,101907553.4957363
2026-07-13 00:00:00.000 UTC,uniswap_v3_0.05_ethusdc,10k-100k,0x88e6a0c2ddd26feeb64f039a2c41296fcb3f5640,9514,320524999.7376248,155068182.4216056,165803074.34862208
2026-07-13 00:00:00.000 UTC,uniswap_v3_0.05_ethusdc,1k-10k,0x88e6a0c2ddd26feeb64f039a2c41296fcb3f5640,7026,32108361.637055393,17817556.760567423,14319843.626168227
2026-07-13 00:00:00.000 UTC,uniswap_v3_0.05_ethusdt,0.5k-1k,0x11b815efb8f581194ae79006d24e0d814b7697f6,1263,941843.493706774,531735.9707728208,411570.8100484007
2026-07-13 00:00:00.000 UTC,uniswap_v3_0.05_ethusdt,100k+,0x11b815efb8f581194ae79006d24e0d814b7697f6,68,11955477.39764003,5313434.088406641,6667029.257165587
2026-07-13 00:00:00.000 UTC,uniswap_v3_0.05_ethusdt,10k-100k,0x11b815efb8f581194ae79006d24e0d814b7697f6,3152,65779179.11692301,31426542.785483323,34503528.60504521
2026-07-13 00:00:00.000 UTC,uniswap_v3_0.05_ethusdt,1k-10k,0x11b815efb8f581194ae79006d24e0d814b7697f6,10024,42260620.64229137,22162139.063625168,20170420.345378444
2026-07-13 00:00:00.000 UTC,uniswap_v3_0.3_ethusdc,0.5k-1k,0x8ad599c3a0ff1de082011efddc58f1908eb6e6d8,59,46516.38085243934,26933.39945737873,19651.35142003204
2026-07-13 00:00:00.000 UTC,uniswap_v3_0.3_ethusdc,100k+,0x8ad599c3a0ff1de082011efddc58f1908eb6e6d8,5,664902.170675835,118151.70671114023,550973.8298376224
2026-07-13 00:00:00.000 UTC,uniswap_v3_0.3_ethusdc,10k-100k,0x8ad599c3a0ff1de082011efddc58f1908eb6e6d8,514,11274324.010448994,5265879.954858638,6038291.880540155
2026-07-13 00:00:00.000 UTC,uniswap_v3_0.3_ethusdc,1k-10k,0x8ad599c3a0ff1de082011efddc58f1908eb6e6d8,1007,4420182.173619052,2233234.1250297157,2194679.068477583
2026-07-13 00:00:00.000 UTC,uniswap_v3_0.3_ethusdt,0.5k-1k,0x4e68ccd3e89f51c3074ca5072bbac773960dfa36,82,62909.92045691921,30925.33062251247,32157.843413134644
2026-07-13 00:00:00.000 UTC,uniswap_v3_0.3_ethusdt,100k+,0x4e68ccd3e89f51c3074ca5072bbac773960dfa36,431,91337571.33598587,43299130.25738159,48358853.94273904
2026-07-13 00:00:00.000 UTC,uniswap_v3_0.3_ethusdt,10k-100k,0x4e68ccd3e89f51c3074ca5072bbac773960dfa36,1131,47551835.79315525,23457037.982960224,24212492.021163046
2026-07-13 00:00:00.000 UTC,uniswap_v3_0.3_ethusdt,1k-10k,0x4e68ccd3e89f51c3074ca5072bbac773960dfa36,545,2581690.296254746,1439712.4638534903,1148395.5680078452
2026-07-13 00:00:00.000 UTC,uniswap_v3_1.0_ethusdc,0.5k-1k,0x7bea39867e4169dbe237d55c8242a8f2fcdcc387,33,19976.940527501945,8336.656785154933,11710.820971785204
2026-07-13 00:00:00.000 UTC,uniswap_v3_1.0_ethusdc,1k-10k,0x7bea39867e4169dbe237d55c8242a8f2fcdcc387,8,11723.46321311198,1508.5407598878917,10308.614902668323
2026-07-20 00:00:00.000 UTC,curve_usdcwbtcweth,0.5k-1k,0x7f86bf177dd4f3494b841a37e810a34dd56c829b,2700,1892317.331182719,853608.0560988457,743160.2878681995
2026-07-20 00:00:00.000 UTC,curve_usdcwbtcweth,10k-100k,0x7f86bf177dd4f3494b841a37e810a34dd56c829b,63,848090.8242008304,477287.8829038892,338937.230867435
2026-07-20 00:00:00.000 UTC,curve_usdcwbtcweth,1k-10k,0x7f86bf177dd4f3494b841a37e810a34dd56c829b,2426,5379265.496842889,2333253.8864379553,2526364.979490989
2026-07-20 00:00:00.000 UTC,curve_usdt,0.5k-1k,0xf5f5b97624542d72a9e06f04804bf81baa15e2b4,17,13567.741235093277,7.026464329348738,13615.882686999998
2026-07-20 00:00:00.000 UTC,curve_usdt,1k-10k,0xf5f5b97624542d72a9e06f04804bf81baa15e2b4,23,47741.21581267316,24.007424423024865,47957.27043800001
2026-07-20 00:00:00.000 UTC,curve_usdtwbtcweth,0.5k-1k,0xd51a44d3fae010294c616388b506acda1bfaae46,1764,1302117.8624618722,582589.7432808073,580755.1794428714
2026-07-20 00:00:00.000 UTC,curve_usdtwbtcweth,10k-100k,0xd51a44d3fae010294c616388b506acda1bfaae46,39,522344.98406318884,266528.67280284676,183044.56075650736
2026-07-20 00:00:00.000 UTC,curve_usdtwbtcweth,1k-10k,0xd51a44d3fae010294c616388b506acda1bfaae46,2100,4299147.584636347,1849974.2330263439,1992662.1043260458
2026-07-20 00:00:00.000 UTC,sushiv2_ethusdt,0.5k-1k,0x06da0fd433c1a5d7a4faa01111c044910a184553,4,2210.3689410562934,1.149702432685851,2222.481471
2026-07-20 00:00:00.000 UTC,sushiv2_usdceth,0.5k-1k,0x397ff1542f962076d0bfe58ea045ffa2d347aca0,1,963.482646875957,963.984883,0.4918172640088048
2026-07-20 00:00:00.000 UTC,sushiv2_usdceth,1k-10k,0x397ff1542f962076d0bfe58ea045ffa2d347aca0,1,1270.87583854049,1271.53831,0.6469052669914923
2026-07-20 00:00:00.000 UTC,uniswap_v3_0.01_ethusdc,0.5k-1k,0xe0554a476a092703abdb3ef35c80e0d76d32939f,12918,9595887.384921491,4739322.783606246,4861028.1289527835
2026-07-20 00:00:00.000 UTC,uniswap_v3_0.01_ethusdc,100k+,0xe0554a476a092703abdb3ef35c80e0d76d32939f,179,61605403.64211264,31000016.969732806,30843082.94418931
2026-07-20 00:00:00.000 UTC,uniswap_v3_0.01_ethusdc,10k-100k,0xe0554a476a092703abdb3ef35c80e0d76d32939f,1534,29849836.386572935,14775187.010567944,15098619.02214691
2026-07-20 00:00:00.000 UTC,uniswap_v3_0.01_ethusdc,1k-10k,0xe0554a476a092703abdb3ef35c80e0d76d32939f,33869,102171191.46839178,51044833.828541294,51197525.288963966
2026-07-20 00:00:00.000 UTC,uniswap_v3_0.01_ethusdt,0.5k-1k,0xc7bbec68d12a0d1830360f8ec58fa599ba1b0e9b,14208,10258565.780057035,4946618.609287071,5326263.4379011355
2026-07-20 00:00:00.000 UTC,uniswap_v3_0.01_ethusdt,100k+,0xc7bbec68d12a0d1830360f8ec58fa599ba1b0e9b,104,22717677.50218702,11320841.937435418,11307469.870843384
2026-07-20 00:00:00.000 UTC,uniswap_v3_0.01_ethusdt,10k-100k,0xc7bbec68d12a0d1830360f8ec58fa599ba1b0e9b,415,11421586.533205807,5801544.221492222,5623592.327698348
2026-07-20 00:00:00.000 UTC,uniswap_v3_0.01_ethusdt,1k-10k,0xc7bbec68d12a0d1830360f8ec58fa599ba1b0e9b,12176,24206570.9098681,12159267.226352237,12084229.577664305
2026-07-20 00:00:00.000 UTC,uniswap_v3_0.05_ethusdc,0.5k-1k,0x88e6a0c2ddd26feeb64f039a2c41296fcb3f5640,1417,1078736.4624472042,498759.1004314661,580684.0294163387
2026-07-20 00:00:00.000 UTC,uniswap_v3_0.05_ethusdc,100k+,0x88e6a0c2ddd26feeb64f039a2c41296fcb3f5640,1552,291704499.80491114,144643645.30607408,147419664.08721995
2026-07-20 00:00:00.000 UTC,uniswap_v3_0.05_ethusdc,10k-100k,0x88e6a0c2ddd26feeb64f039a2c41296fcb3f5640,8245,307369106.1940859,149496876.82258505,158155907.23022097
2026-07-20 00:00:00.000 UTC,uniswap_v3_0.05_ethusdc,1k-10k,0x88e6a0c2ddd26feeb64f039a2c41296fcb3f5640,5873,25822379.527934514,13189441.28094313,12653935.498867586
2026-07-20 00:00:00.000 UTC,uniswap_v3_0.05_ethusdt,0.5k-1k,0x11b815efb8f581194ae79006d24e0d814b7697f6,1329,1019264.6774806872,507425.21359504806,513322.78419669834
2026-07-20 00:00:00.000 UTC,uniswap_v3_0.05_ethusdt,100k+,0x11b815efb8f581194ae79006d24e0d814b7697f6,5,574284.8545849471,309554.94970616465,265900.94684494846
2026-07-20 00:00:00.000 UTC,uniswap_v3_0.05_ethusdt,10k-100k,0x11b815efb8f581194ae79006d24e0d814b7697f6,1700,33474842.120824035,16833121.369882453,16704374.899162214
2026-07-20 00:00:00.000 UTC,uniswap_v3_0.05_ethusdt,1k-10k,0x11b815efb8f581194ae79006d24e0d814b7697f6,8777,33559374.72702269,16335052.59508562,17278207.62948097
2026-07-20 00:00:00.000 UTC,uniswap_v3_0.3_ethusdc,0.5k-1k,0x8ad599c3a0ff1de082011efddc58f1908eb6e6d8,89,69970.4976330426,43428.33213928025,26642.0134369103
2026-07-20 00:00:00.000 UTC,uniswap_v3_0.3_ethusdc,100k+,0x8ad599c3a0ff1de082011efddc58f1908eb6e6d8,2,202855.0370305944,202847.477342,108.36323261307896
2026-07-20 00:00:00.000 UTC,uniswap_v3_0.3_ethusdc,10k-100k,0x8ad599c3a0ff1de082011efddc58f1908eb6e6d8,340,7377699.827591549,3380912.0490763187,4013174.5157632567
2026-07-20 00:00:00.000 UTC,uniswap_v3_0.3_ethusdc,1k-10k,0x8ad599c3a0ff1de082011efddc58f1908eb6e6d8,948,3984730.843105723,1777181.4060371176,2214333.5345469476
2026-07-20 00:00:00.000 UTC,uniswap_v3_0.3_ethusdt,0.5k-1k,0x4e68ccd3e89f51c3074ca5072bbac773960dfa36,129,95075.26825861362,57361.60406826751,37921.218878041014
2026-07-20 00:00:00.000 UTC,uniswap_v3_0.3_ethusdt,100k+,0x4e68ccd3e89f51c3074ca5072bbac773960dfa36,347,67892090.78425118,30589734.01755424,37507358.7040024
2026-07-20 00:00:00.000 UTC,uniswap_v3_0.3_ethusdt,10k-100k,0x4e68ccd3e89f51c3074ca5072bbac773960dfa36,1025,41019848.06888198,18686445.844643474,22431933.63974098
2026-07-20 00:00:00.000 UTC,uniswap_v3_0.3_ethusdt,1k-10k,0x4e68ccd3e89f51c3074ca5072bbac773960dfa36,453,2049311.0506411074,1012760.2205030873,1041158.3031282964
2026-07-20 00:00:00.000 UTC,uniswap_v3_1.0_ethusdc,0.5k-1k,0x7bea39867e4169dbe237d55c8242a8f2fcdcc387,30,18704.36673438939,6408.686834351462,12345.378716379935
2026-07-20 00:00:00.000 UTC,uniswap_v3_1.0_ethusdc,1k-10k,0x7bea39867e4169dbe237d55c8242a8f2fcdcc387,4,5081.109462944113,1058.4883405268024,4044.920102351166
2026-07-27 00:00:00.000 UTC,curve_usdcwbtcweth,0.5k-1k,0x7f86bf177dd4f3494b841a37e810a34dd56c829b,2138,1478339.5638776962,672058.7668413523,586412.6714170936
2026-07-27 00:00:00.000 UTC,curve_usdcwbtcweth,10k-100k,0x7f86bf177dd4f3494b841a37e810a34dd56c829b,26,352482.79879064765,160079.50622481309,192704.55331076967
2026-07-27 00:00:00.000 UTC,curve_usdcwbtcweth,1k-10k,0x7f86bf177dd4f3494b841a37e810a34dd56c829b,1940,4249603.84950343,1911868.0588205247,1889663.4039986217
2026-07-27 00:00:00.000 UTC,curve_usdt,0.5k-1k,0xf5f5b97624542d72a9e06f04804bf81baa15e2b4,3,2573.0591923098027,1853.4031893860936,0.537635265500182
2026-07-27 00:00:00.000 UTC,curve_usdt,1k-10k,0xf5f5b97624542d72a9e06f04804bf81baa15e2b4,22,65326.57299908537,58841.94918634607,6587.861723737765
2026-07-27 00:00:00.000 UTC,curve_usdtwbtcweth,0.5k-1k,0xd51a44d3fae010294c616388b506acda1bfaae46,1620,1162278.9382312214,551437.1901561335,457691.3626523823
2026-07-27 00:00:00.000 UTC,curve_usdtwbtcweth,10k-100k,0xd51a44d3fae010294c616388b506acda1bfaae46,36,497283.98358468624,221768.03095452592,264216.5850774523
2026-07-27 00:00:00.000 UTC,curve_usdtwbtcweth,1k-10k,0xd51a44d3fae010294c616388b506acda1bfaae46,2261,5065541.191299573,2267625.6831040224,2269388.471652604
2026-07-27 00:00:00.000 UTC,sushiv2_ethusdt,0.5k-1k,0x06da0fd433c1a5d7a4faa01111c044910a184553,12,7343.193444584268,3672.2331967691944,3706.1781840180665
2026-07-27 00:00:00.000 UTC,sushiv2_ethusdt,1k-10k,0x06da0fd433c1a5d7a4faa01111c044910a184553,2,2486.987853626675,1291.533065845266,1211.1384863252806
2026-07-27 00:00:00.000 UTC,sushiv2_usdceth,0.5k-1k,0x397ff1542f962076d0bfe58ea045ffa2d347aca0,1,644.547916467546,644.724571,0.3483608038466541
2026-07-27 00:00:00.000 UTC,uniswap_v3_0.01_ethusdc,0.5k-1k,0xe0554a476a092703abdb3ef35c80e0d76d32939f,14228,10576445.572267335,5286966.849916961,5296322.678053776
2026-07-27 00:00:00.000 UTC,uniswap_v3_0.01_ethusdc,100k+,0xe0554a476a092703abdb3ef35c80e0d76d32939f,222,82771606.83857019,42135604.03884284,42021312.937124185
2026-07-27 00:00:00.000 UTC,uniswap_v3_0.01_ethusdc,10k-100k,0xe0554a476a092703abdb3ef35c80e0d76d32939f,1634,30687587.507173013,16074288.215573892,14639958.433283743
2026-07-27 00:00:00.000 UTC,uniswap_v3_0.01_ethusdc,1k-10k,0xe0554a476a092703abdb3ef35c80e0d76d32939f,35484,109976341.55405201,54583196.98360968,55490963.827571645
2026-07-27 00:00:00.000 UTC,uniswap_v3_0.01_ethusdt,0.5k-1k,0xc7bbec68d12a0d1830360f8ec58fa599ba1b0e9b,13628,9955842.3678214,4946341.6996655455,5026177.322061375
2026-07-27 00:00:00.000 UTC,uniswap_v3_0.01_ethusdt,100k+,0xc7bbec68d12a0d1830360f8ec58fa599ba1b0e9b,116,26007574.493049975,13008787.512166958,12978908.73079292
2026-07-27 00:00:00.000 UTC,uniswap_v3_0.01_ethusdt,10k-100k,0xc7bbec68d12a0d1830360f8ec58fa599ba1b0e9b,556,15474336.839384124,7689690.123728251,7788910.051539248
2026-07-27 00:00:00.000 UTC,uniswap_v3_0.01_ethusdt,1k-10k,0xc7bbec68d12a0d1830360f8ec58fa599ba1b0e9b,18797,42903327.436857544,21580737.64088516,21405329.640918367
2026-07-27 00:00:00.000 UTC,uniswap_v3_0.05_ethusdc,0.5k-1k,0x88e6a0c2ddd26feeb64f039a2c41296fcb3f5640,2052,1516016.9948405134,754074.1135765867,763118.8457643586
2026-07-27 00:00:00.000 UTC,uniswap_v3_0.05_ethusdc,100k+,0x88e6a0c2ddd26feeb64f039a2c41296fcb3f5640,2024,384238709.6208983,196156393.24503112,188624934.32600132
2026-07-27 00:00:00.000 UTC,uniswap_v3_0.05_ethusdc,10k-100k,0x88e6a0c2ddd26feeb64f039a2c41296fcb3f5640,8294,310866145.4082632,156569068.8166781,154636137.75781137
2026-07-27 00:00:00.000 UTC,uniswap_v3_0.05_ethusdc,1k-10k,0x88e6a0c2ddd26feeb64f039a2c41296fcb3f5640,5806,24495807.33889619,12893178.722194163,11625601.403427947
2026-07-27 00:00:00.000 UTC,uniswap_v3_0.05_ethusdt,0.5k-1k,0x11b815efb8f581194ae79006d24e0d814b7697f6,1271,965945.486335832,509822.45097601326,457870.62763142993
2026-07-27 00:00:00.000 UTC,uniswap_v3_0.05_ethusdt,100k+,0x11b815efb8f581194ae79006d24e0d814b7697f6,27,3884085.4426636402,1965656.934292057,1929259.2904551972
2026-07-27 00:00:00.000 UTC,uniswap_v3_0.05_ethusdt,10k-100k,0x11b815efb8f581194ae79006d24e0d814b7697f6,2562,54604918.18210703,28659874.42948257,26055899.55393796
2026-07-27 00:00:00.000 UTC,uniswap_v3_0.05_ethusdt,1k-10k,0x11b815efb8f581194ae79006d24e0d814b7697f6,8619,36125334.80219464,17458947.493109003,18738097.818830416
2026-07-27 00:00:00.000 UTC,uniswap_v3_0.3_ethusdc,0.5k-1k,0x8ad599c3a0ff1de082011efddc58f1908eb6e6d8,211,167880.4476886138,115950.6782085079,52180.61881163314
2026-07-27 00:00:00.000 UTC,uniswap_v3_0.3_ethusdc,100k+,0x8ad599c3a0ff1de082011efddc58f1908eb6e6d8,5,577623.3887929018,234394.50119884967,346205.2276228403
2026-07-27 00:00:00.000 UTC,uniswap_v3_0.3_ethusdc,10k-100k,0x8ad599c3a0ff1de082011efddc58f1908eb6e6d8,353,7840119.3239386305,4297681.288993449,3558959.5891700815
2026-07-27 00:00:00.000 UTC,uniswap_v3_0.3_ethusdc,1k-10k,0x8ad599c3a0ff1de082011efddc58f1908eb6e6d8,999,4199352.975153461,2091515.2350072572,2115644.7667484106
2026-07-27 00:00:00.000 UTC,uniswap_v3_0.3_ethusdt,0.5k-1k,0x4e68ccd3e89f51c3074ca5072bbac773960dfa36,185,140211.57315770304,60869.28803002414,79781.81192140316
2026-07-27 00:00:00.000 UTC,uniswap_v3_0.3_ethusdt,100k+,0x4e68ccd3e89f51c3074ca5072bbac773960dfa36,407,87024392.75286245,45741914.10473649,41573966.02166956
2026-07-27 00:00:00.000 UTC,uniswap_v3_0.3_ethusdt,10k-100k,0x4e68ccd3e89f51c3074ca5072bbac773960dfa36,1154,46606197.20864216,25063995.01495018,21669089.65954242
2026-07-27 00:00:00.000 UTC,uniswap_v3_0.3_ethusdt,1k-10k,0x4e68ccd3e89f51c3074ca5072bbac773960dfa36,449,1942283.7179227336,1184995.6825057599,762080.2971738061
2026-07-27 00:00:00.000 UTC,uniswap_v3_1.0_ethusdc,0.5k-1k,0x7bea39867e4169dbe237d55c8242a8f2fcdcc387,41,28749.18881408839,17334.354544356887,11499.020816504155
2026-07-27 00:00:00.000 UTC,uniswap_v3_1.0_ethusdc,1k-10k,0x7bea39867e4169dbe237d55c8242a8f2fcdcc387,5,5773.405841707722,3368.2406826577153,2433.8522026573755
2026-08-03 00:00:00.000 UTC,curve_usdcwbtcweth,0.5k-1k,0x7f86bf177dd4f3494b841a37e810a34dd56c829b,2503,1808845.3097780626,780622.326389277,744790.6477188538
2026-08-03 00:00:00.000 UTC,curve_usdcwbtcweth,10k-100k,0x7f86bf177dd4f3494b841a37e810a34dd56c829b,38,591522.1662299453,285763.49797552865,295345.94325631246
2026-08-03 00:00:00.000 UTC,curve_usdcwbtcweth,1k-10k,0x7f86bf177dd4f3494b841a37e810a34dd56c829b,3310,7442830.239207626,3207775.876135419,3200499.581477353
2026-08-03 00:00:00.000 UTC,curve_usdt,0.5k-1k,0xf5f5b97624542d72a9e06f04804bf81baa15e2b4,84,57472.84028360767,34792.239548379745,14649.289730662349
2026-08-03 00:00:00.000 UTC,curve_usdt,10k-100k,0xf5f5b97624542d72a9e06f04804bf81baa15e2b4,2,33426.56139916555,20453.502590594006,13213.144431068786
2026-08-03 00:00:00.000 UTC,curve_usdt,1k-10k,0xf5f5b97624542d72a9e06f04804bf81baa15e2b4,71,175249.11227160427,75854.74099650576,96300.87049760051
2026-08-03 00:00:00.000 UTC,curve_usdtwbtcweth,0.5k-1k,0xd51a44d3fae010294c616388b506acda1bfaae46,1409,1085096.737748034,503351.05606558773,412696.0403656153
2026-08-03 00:00:00.000 UTC,curve_usdtwbtcweth,10k-100k,0xd51a44d3fae010294c616388b506acda1bfaae46,41,586427.6380384329,249264.84152541452,316743.90496528265
2026-08-03 00:00:00.000 UTC,curve_usdtwbtcweth,1k-10k,0xd51a44d3fae010294c616388b506acda1bfaae46,3222,7346557.90494951,3134443.5715447543,3219310.814646742
2026-08-03 00:00:00.000 UTC,sushiv2_ethusdt,0.5k-1k,0x06da0fd433c1a5d7a4faa01111c044910a184553,4,2750.748346898495,510.5446214919912,2254.5893422857143
2026-08-03 00:00:00.000 UTC,sushiv2_usdceth,0.5k-1k,0x397ff1542f962076d0bfe58ea045ffa2d347aca0,1,593.2581093775801,593.293707,0.3199999992872773
2026-08-03 00:00:00.000 UTC,uniswap_v3_0.01_ethusdc,0.5k-1k,0xe0554a476a092703abdb3ef35c80e0d76d32939f,10932,8132893.0993573265,4078482.064847143,4058975.3403301835
2026-08-03 00:00:00.000 UTC,uniswap_v3_0.01_ethusdc,100k+,0xe0554a476a092703abdb3ef35c80e0d76d32939f,110,28934782.071940303,14484572.662006523,14659724.868912583
2026-08-03 00:00:00.000 UTC,uniswap_v3_0.01_ethusdc,10k-100k,0xe0554a476a092703abdb3ef35c80e0d76d32939f,1469,29316404.08025878,14492493.27263563,14844168.173412293
2026-08-03 00:00:00.000 UTC,uniswap_v3_0.01_ethusdc,1k-10k,0xe0554a476a092703abdb3ef35c80e0d76d32939f,30248,92192709.3154082,46392669.2076972,45865650.30694502
2026-08-03 00:00:00.000 UTC,uniswap_v3_0.01_ethusdt,0.5k-1k,0xc7bbec68d12a0d1830360f8ec58fa599ba1b0e9b,11746,8624418.55922999,4316475.115582819,4320113.561621774
2026-08-03 00:00:00.000 UTC,uniswap_v3_0.01_ethusdt,100k+,0xc7bbec68d12a0d1830360f8ec58fa599ba1b0e9b,122,32168644.933287315,16174440.857301189,16114917.075919913
2026-08-03 00:00:00.000 UTC,uniswap_v3_0.01_ethusdt,10k-100k,0xc7bbec68d12a0d1830360f8ec58fa599ba1b0e9b,377,10942073.81138832,5572664.169009563,5376546.175065455
2026-08-03 00:00:00.000 UTC,uniswap_v3_0.01_ethusdt,1k-10k,0xc7bbec68d12a0d1830360f8ec58fa599ba1b0e9b,14198,29193788.315893188,14508398.597942099,14733875.583892092
2026-08-03 00:00:00.000 UTC,uniswap_v3_0.05_ethusdc,0.5k-1k,0x88e6a0c2ddd26feeb64f039a2c41296fcb3f5640,1258,939664.2081639088,478034.20222977427,462375.4325717993
2026-08-03 00:00:00.000 UTC,uniswap_v3_0.05_ethusdc,100k+,0x88e6a0c2ddd26feeb64f039a2c41296fcb3f5640,1018,189742342.0038878,91066100.39526045,98922335.24758326
2026-08-03 00:00:00.000 UTC,uniswap_v3_0.05_ethusdc,10k-100k,0x88e6a0c2ddd26feeb64f039a2c41296fcb3f5640,6368,228734293.84495753,115773950.47054744,113178011.97903009
2026-08-03 00:00:00.000 UTC,uniswap_v3_0.05_ethusdc,1k-10k,0x88e6a0c2ddd26feeb64f039a2c41296fcb3f5640,4320,18780820.10063615,10130182.74889261,8666407.213925136
2026-08-03 00:00:00.000 UTC,uniswap_v3_0.05_ethusdt,0.5k-1k,0x11b815efb8f581194ae79006d24e0d814b7697f6,858,643978.2717113764,330001.0926454839,314991.0180424353
2026-08-03 00:00:00.000 UTC,uniswap_v3_0.05_ethusdt,100k+,0x11b815efb8f581194ae79006d24e0d814b7697f6,20,2857983.514271837,1223707.3595349605,1641374.0209714505
2026-08-03 00:00:00.000 UTC,uniswap_v3_0.05_ethusdt,10k-100k,0x11b815efb8f581194ae79006d24e0d814b7697f6,2422,53035801.922827296,25996773.411244046,27143596.14395315
2026-08-03 00:00:00.000 UTC,uniswap_v3_0.05_ethusdt,1k-10k,0x11b815efb8f581194ae79006d24e0d814b7697f6,6155,26621205.568418447,13912411.243886398,12754522.3841547
2026-08-03 00:00:00.000 UTC,uniswap_v3_0.3_ethusdc,0.5k-1k,0x8ad599c3a0ff1de082011efddc58f1908eb6e6d8,93,75479.85427619918,43068.48911673829,32515.56864961211
2026-08-03 00:00:00.000 UTC,uniswap_v3_0.3_ethusdc,100k+,0x8ad599c3a0ff1de082011efddc58f1908eb6e6d8,1,112220.4353966746,59.33570671538566,112746.230344
2026-08-03 00:00:00.000 UTC,uniswap_v3_0.3_ethusdc,10k-100k,0x8ad599c3a0ff1de082011efddc58f1908eb6e6d8,191,4375530.453050955,1945546.2597410427,2439566.727388326
2026-08-03 00:00:00.000 UTC,uniswap_v3_0.3_ethusdc,1k-10k,0x8ad599c3a0ff1de082011efddc58f1908eb6e6d8,537,2113106.129552145,1150172.0552600801,966319.8510096244
2026-08-03 00:00:00.000 UTC,uniswap_v3_0.3_ethusdt,0.5k-1k,0x4e68ccd3e89f51c3074ca5072bbac773960dfa36,157,117026.7814874217,52264.74355011089,65120.1002810328
2026-08-03 00:00:00.000 UTC,uniswap_v3_0.3_ethusdt,100k+,0x4e68ccd3e89f51c3074ca5072bbac773960dfa36,200,43579326.526139885,18714821.2516329,25000174.613456722
2026-08-03 00:00:00.000 UTC,uniswap_v3_0.3_ethusdt,10k-100k,0x4e68ccd3e89f51c3074ca5072bbac773960dfa36,625,24232309.28486517,13092727.906738931,11197029.278141346
2026-08-03 00:00:00.000 UTC,uniswap_v3_0.3_ethusdt,1k-10k,0x4e68ccd3e89f51c3074ca5072bbac773960dfa36,302,1338845.4899949995,824341.1286096214,517687.9474113519
2026-08-03 00:00:00.000 UTC,uniswap_v3_1.0_ethusdc,0.5k-1k,0x7bea39867e4169dbe237d55c8242a8f2fcdcc387,12,8413.7073237809,2427.93614548663,6009.133665971627
2026-08-10 00:00:00.000 UTC,curve_usdcwbtcweth,0.5k-1k,0x7f86bf177dd4f3494b841a37e810a34dd56c829b,2406,1685732.4737521347,729039.4506839939,642779.9759046688
2026-08-10 00:00:00.000 UTC,curve_usdcwbtcweth,10k-100k,0x7f86bf177dd4f3494b841a37e810a34dd56c829b,19,248846.4891192813,120672.89397644716,103233.2051448165
2026-08-10 00:00:00.000 UTC,curve_usdcwbtcweth,1k-10k,0x7f86bf177dd4f3494b841a37e810a34dd56c829b,2015,4180382.052374056,1801021.2843205913,1873751.6992695928
2026-08-10 00:00:00.000 UTC,curve_usdt,0.5k-1k,0xf5f5b97624542d72a9e06f04804bf81baa15e2b4,118,82361.8305927518,57386.38122910804,15399.261214771774
2026-08-10 00:00:00.000 UTC,curve_usdt,10k-100k,0xf5f5b97624542d72a9e06f04804bf81baa15e2b4,3,37283.427037945075,19.83466643425639,37777.68063
2026-08-10 00:00:00.000 UTC,curve_usdt,1k-10k,0xf5f5b97624542d72a9e06f04804bf81baa15e2b4,87,195660.2754915613,135575.21155575814,49675.18111767415
2026-08-10 00:00:00.000 UTC,curve_usdtwbtcweth,0.5k-1k,0xd51a44d3fae010294c616388b506acda1bfaae46,1549,1167646.0120265875,503898.7354693014,475550.21960810816
2026-08-10 00:00:00.000 UTC,curve_usdtwbtcweth,10k-100k,0xd51a44d3fae010294c616388b506acda1bfaae46,33,401975.7324611555,219093.24951759854,160320.4392985035
2026-08-10 00:00:00.000 UTC,curve_usdtwbtcweth,1k-10k,0xd51a44d3fae010294c616388b506acda1bfaae46,2132,4713339.830618285,1977082.8160740172,2071075.377252854
2026-08-10 00:00:00.000 UTC,sushiv2_ethusdt,0.5k-1k,0x06da0fd433c1a5d7a4faa01111c044910a184553,3,1865.7250834096437,1296.2453314010777,573.8533919025637
2026-08-10 00:00:00.000 UTC,uniswap_v3_0.01_ethusdc,0.5k-1k,0xe0554a476a092703abdb3ef35c80e0d76d32939f,11731,8713968.740445752,4573553.59256568,4145335.717914415
2026-08-10 00:00:00.000 UTC,uniswap_v3_0.01_ethusdc,100k+,0xe0554a476a092703abdb3ef35c80e0d76d32939f,139,62892528.68651456,31847814.288548145,31669876.750944152
2026-08-10 00:00:00.000 UTC,uniswap_v3_0.01_ethusdc,10k-100k,0xe0554a476a092703abdb3ef35c80e0d76d32939f,1659,29607301.003486406,15330747.15744906,14294227.145812627
2026-08-10 00:00:00.000 UTC,uniswap_v3_0.01_ethusdc,1k-10k,0xe0554a476a092703abdb3ef35c80e0d76d32939f,31979,99314164.57856545,48885633.688948914,50497201.29813352
2026-08-10 00:00:00.000 UTC,uniswap_v3_0.01_ethusdt,0.5k-1k,0xc7bbec68d12a0d1830360f8ec58fa599ba1b0e9b,13460,9813691.177368822,4973030.248718323,4855764.40088591
2026-08-10 00:00:00.000 UTC,uniswap_v3_0.01_ethusdt,100k+,0xc7bbec68d12a0d1830360f8ec58fa599ba1b0e9b,97,21166028.641033057,10520380.43689603,10377174.766196158
2026-08-10 00:00:00.000 UTC,uniswap_v3_0.01_ethusdt,10k-100k,0xc7bbec68d12a0d1830360f8ec58fa599ba1b0e9b,304,10823931.705998398,5427043.612565632,5398208.100152125
2026-08-10 00:00:00.000 UTC,uniswap_v3_0.01_ethusdt,1k-10k,0xc7bbec68d12a0d1830360f8ec58fa599ba1b0e9b,14668,29580836.934001263,14511901.558244139,15117862.281746142
2026-08-10 00:00:00.000 UTC,uniswap_v3_0.05_ethusdc,0.5k-1k,0x88e6a0c2ddd26feeb64f039a2c41296fcb3f5640,1118,842183.0508677359,433094.8771657614,409651.7524300687
2026-08-10 00:00:00.000 UTC,uniswap_v3_0.05_ethusdc,100k+,0x88e6a0c2ddd26feeb64f039a2c41296fcb3f5640,671,138103378.87023544,74674173.0610698,63602801.97874212
2026-08-10 00:00:00.000 UTC,uniswap_v3_0.05_ethusdc,10k-100k,0x88e6a0c2ddd26feeb64f039a2c41296fcb3f5640,5397,181642994.76036918,88036641.44036292,93775900.58278209
2026-08-10 00:00:00.000 UTC,uniswap_v3_0.05_ethusdc,1k-10k,0x88e6a0c2ddd26feeb64f039a2c41296fcb3f5640,4205,18584983.161423627,9422226.550946914,9178328.133671213
2026-08-10 00:00:00.000 UTC,uniswap_v3_0.05_ethusdt,0.5k-1k,0x11b815efb8f581194ae79006d24e0d814b7697f6,857,649594.3632138387,353446.24170675484,297258.3421608002
2026-08-10 00:00:00.000 UTC,uniswap_v3_0.05_ethusdt,100k+,0x11b815efb8f581194ae79006d24e0d814b7697f6,11,1826106.4007198177,1194803.030452797,635346.2310686882
2026-08-10 00:00:00.000 UTC,uniswap_v3_0.05_ethusdt,10k-100k,0x11b815efb8f581194ae79006d24e0d814b7697f6,1347,26488711.17654015,13496472.543609738,13041976.343938764
2026-08-10 00:00:00.000 UTC,uniswap_v3_0.05_ethusdt,1k-10k,0x11b815efb8f581194ae79006d24e0d814b7697f6,6481,25775340.315111686,12739560.181027956,13081761.812615253
2026-08-10 00:00:00.000 UTC,uniswap_v3_0.3_ethusdc,0.5k-1k,0x8ad599c3a0ff1de082011efddc58f1908eb6e6d8,68,53544.961682235975,33978.3146781895,19634.545400427443
2026-08-10 00:00:00.000 UTC,uniswap_v3_0.3_ethusdc,10k-100k,0x8ad599c3a0ff1de082011efddc58f1908eb6e6d8,60,1077342.4077250278,671651.9610822764,407692.8502872198
2026-08-10 00:00:00.000 UTC,uniswap_v3_0.3_ethusdc,1k-10k,0x8ad599c3a0ff1de082011efddc58f1908eb6e6d8,465,1611679.020823374,798240.9649120336,815970.8137385204
2026-08-10 00:00:00.000 UTC,uniswap_v3_0.3_ethusdt,0.5k-1k,0x4e68ccd3e89f51c3074ca5072bbac773960dfa36,85,61326.08030498499,30907.07417749131,30581.971675662622
2026-08-10 00:00:00.000 UTC,uniswap_v3_0.3_ethusdt,100k+,0x4e68ccd3e89f51c3074ca5072bbac773960dfa36,155,33611088.78132763,18432407.88263064,15267485.37664632
2026-08-10 00:00:00.000 UTC,uniswap_v3_0.3_ethusdt,10k-100k,0x4e68ccd3e89f51c3074ca5072bbac773960dfa36,492,19535208.40585155,10093189.761467779,9488044.334726395
2026-08-10 00:00:00.000 UTC,uniswap_v3_0.3_ethusdt,1k-10k,0x4e68ccd3e89f51c3074ca5072bbac773960dfa36,256,1183640.4119168483,687969.5929115814,498341.1399156418
2026-08-10 00:00:00.000 UTC,uniswap_v3_1.0_ethusdc,0.5k-1k,0x7bea39867e4169dbe237d55c8242a8f2fcdcc387,12,7790.63001252849,5800.2316983443525,2003.702427503709
2026-08-10 00:00:00.000 UTC,uniswap_v3_1.0_ethusdc,1k-10k,0x7bea39867e4169dbe237d55c8242a8f2fcdcc387,1,1387.5449218124127,0.7325190563941762,1391.451666
2026-08-17 00:00:00.000 UTC,curve_usdcwbtcweth,0.5k-1k,0x7f86bf177dd4f3494b841a37e810a34dd56c829b,1973,1332695.6390497042,585946.9951247214,550670.4652415755
2026-08-17 00:00:00.000 UTC,curve_usdcwbtcweth,10k-100k,0x7f86bf177dd4f3494b841a37e810a34dd56c829b,9,109585.09837810036,41622.243330964506,69049.77907730236
2026-08-17 00:00:00.000 UTC,curve_usdcwbtcweth,1k-10k,0x7f86bf177dd4f3494b841a37e810a34dd56c829b,1289,2639374.0697676777,1143919.2789679226,1246756.3279319196
2026-08-17 00:00:00.000 UTC,curve_usdt,0.5k-1k,0xf5f5b97624542d72a9e06f04804bf81baa15e2b4,141,100937.57306939377,17505.370748586705,60205.835399188734
2026-08-17 00:00:00.000 UTC,curve_usdt,10k-100k,0xf5f5b97624542d72a9e06f04804bf81baa15e2b4,28,512226.45038586936,126569.56243975455,309353.9089886094
2026-08-17 00:00:00.000 UTC,curve_usdt,1k-10k,0xf5f5b97624542d72a9e06f04804bf81baa15e2b4,419,1239672.4214088062,328014.1356821854,789875.7444638596
2026-08-17 00:00:00.000 UTC,curve_usdtwbtcweth,0.5k-1k,0xd51a44d3fae010294c616388b506acda1bfaae46,1517,1132003.3050179721,500139.4917563904,483854.6100107729
2026-08-17 00:00:00.000 UTC,curve_usdtwbtcweth,10k-100k,0xd51a44d3fae010294c616388b506acda1bfaae46,149,2461328.0043557095,1126257.9061541304,1076469.7829546265
2026-08-17 00:00:00.000 UTC,curve_usdtwbtcweth,1k-10k,0xd51a44d3fae010294c616388b506acda1bfaae46,4000,10443447.250605898,4218027.665190241,4891593.0676020365
2026-08-17 00:00:00.000 UTC,sushiv2_ethusdt,0.5k-1k,0x06da0fd433c1a5d7a4faa01111c044910a184553,68,44294.60675456241,18842.306450192147,25649.838312439086
2026-08-17 00:00:00.000 UTC,sushiv2_ethusdt,1k-10k,0x06da0fd433c1a5d7a4faa01111c044910a184553,22,36682.62008996435,14569.198027191256,22460.69772736583
2026-08-17 00:00:00.000 UTC,sushiv2_usdceth,0.5k-1k,0x397ff1542f962076d0bfe58ea045ffa2d347aca0,27,18102.666289586567,6823.5608517337605,11401.11297926152
2026-08-17 00:00:00.000 UTC,sushiv2_usdceth,1k-10k,0x397ff1542f962076d0bfe58ea045ffa2d347aca0,7,8001.314325932242,3381.73793663714,4670.52528265274
2026-08-17 00:00:00.000 UTC,uniswap_v3_0.01_ethusdc,0.5k-1k,0xe0554a476a092703abdb3ef35c80e0d76d32939f,16765,12393397.172188554,6950188.492512037,5450839.950324179
2026-08-17 00:00:00.000 UTC,uniswap_v3_0.01_ethusdc,100k+,0xe0554a476a092703abdb3ef35c80e0d76d32939f,391,117237557.71436699,57884163.76334064,58459076.58826229
2026-08-17 00:00:00.000 UTC,uniswap_v3_0.01_ethusdc,10k-100k,0xe0554a476a092703abdb3ef35c80e0d76d32939f,8124,154855319.08825734,73540687.58257546,81496981.79251291
2026-08-17 00:00:00.000 UTC,uniswap_v3_0.01_ethusdc,1k-10k,0xe0554a476a092703abdb3ef35c80e0d76d32939f,57257,202714517.14400718,102716952.7810908,100178473.6455476
2026-08-17 00:00:00.000 UTC,uniswap_v3_0.01_ethusdt,0.5k-1k,0xc7bbec68d12a0d1830360f8ec58fa599ba1b0e9b,16828,12444819.186535545,6485643.438304195,5974575.3100933945
2026-08-17 00:00:00.000 UTC,uniswap_v3_0.01_ethusdt,100k+,0xc7bbec68d12a0d1830360f8ec58fa599ba1b0e9b,202,53186080.22242057,25233496.161644284,24963833.068238903
2026-08-17 00:00:00.000 UTC,uniswap_v3_0.01_ethusdt,10k-100k,0xc7bbec68d12a0d1830360f8ec58fa599ba1b0e9b,2035,41485598.81571938,19615923.783740103,21970777.59279628
2026-08-17 00:00:00.000 UTC,uniswap_v3_0.01_ethusdt,1k-10k,0xc7bbec68d12a0d1830360f8ec58fa599ba1b0e9b,32348,83917187.10389411,41611225.70068579,42432759.26991157
2026-08-17 00:00:00.000 UTC,uniswap_v3_0.05_ethusdc,0.5k-1k,0x88e6a0c2ddd26feeb64f039a2c41296fcb3f5640,2375,1738376.5020019964,964325.1015956397,775167.2832325246
2026-08-17 00:00:00.000 UTC,uniswap_v3_0.05_ethusdc,100k+,0x88e6a0c2ddd26feeb64f039a2c41296fcb3f5640,2096,451343591.2543799,201408872.07302958,251365779.39857623
2026-08-17 00:00:00.000 UTC,uniswap_v3_0.05_ethusdc,10k-100k,0x88e6a0c2ddd26feeb64f039a2c41296fcb3f5640,13484,473794110.445842,230077769.07136893,244299910.16036046
2026-08-17 00:00:00.000 UTC,uniswap_v3_0.05_ethusdc,1k-10k,0x88e6a0c2ddd26feeb64f039a2c41296fcb3f5640,10787,48079115.11528909,26526870.906582672,21598551.212475646
2026-08-17 00:00:00.000 UTC,uniswap_v3_0.05_ethusdt,0.5k-1k,0x11b815efb8f581194ae79006d24e0d814b7697f6,2211,1676758.1163332206,903871.7961889233,775163.0904939375
2026-08-17 00:00:00.000 UTC,uniswap_v3_0.05_ethusdt,100k+,0x11b815efb8f581194ae79006d24e0d814b7697f6,32,6453006.778352095,2562076.1573582524,3902697.833669142
2026-08-17 00:00:00.000 UTC,uniswap_v3_0.05_ethusdt,10k-100k,0x11b815efb8f581194ae79006d24e0d814b7697f6,2718,61128303.23338717,28217264.42926643,33087950.134263664
2026-08-17 00:00:00.000 UTC,uniswap_v3_0.05_ethusdt,1k-10k,0x11b815efb8f581194ae79006d24e0d814b7697f6,15268,58341322.076314844,29690728.30584148,28746208.552408382
2026-08-17 00:00:00.000 UTC,uniswap_v3_0.3_ethusdc,0.5k-1k,0x8ad599c3a0ff1de082011efddc58f1908eb6e6d8,139,112166.89850694573,59625.40436061407,52748.73100693188
2026-08-17 00:00:00.000 UTC,uniswap_v3_0.3_ethusdc,100k+,0x8ad599c3a0ff1de082011efddc58f1908eb6e6d8,113,23113002.13619772,11571918.928781057,11640582.893701887
2026-08-17 00:00:00.000 UTC,uniswap_v3_0.3_ethusdc,10k-100k,0x8ad599c3a0ff1de082011efddc58f1908eb6e6d8,1083,32340816.382078156,13349407.93774606,19079744.52369085
2026-08-17 00:00:00.000 UTC,uniswap_v3_0.3_ethusdc,1k-10k,0x8ad599c3a0ff1de082011efddc58f1908eb6e6d8,1056,4876602.082936874,2061446.9585428326,2826068.543142461
2026-08-17 00:00:00.000 UTC,uniswap_v3_0.3_ethusdt,0.5k-1k,0x4e68ccd3e89f51c3074ca5072bbac773960dfa36,288,209313.95802811874,86101.7238945223,123744.258237396
2026-08-17 00:00:00.000 UTC,uniswap_v3_0.3_ethusdt,100k+,0x4e68ccd3e89f51c3074ca5072bbac773960dfa36,1067,363315849.65187716,161471891.04261267,203135352.18281844
2026-08-17 00:00:00.000 UTC,uniswap_v3_0.3_ethusdt,10k-100k,0x4e68ccd3e89f51c3074ca5072bbac773960dfa36,1728,74113726.4971186,29692289.689189613,44614315.3358765
2026-08-17 00:00:00.000 UTC,uniswap_v3_0.3_ethusdt,1k-10k,0x4e68ccd3e89f51c3074ca5072bbac773960dfa36,1064,4761785.901421295,2428607.6024808837,2344216.872681265
2026-08-17 00:00:00.000 UTC,uniswap_v3_1.0_ethusdc,0.5k-1k,0x7bea39867e4169dbe237d55c8242a8f2fcdcc387,70,49790.46039339447,8617.319344030555,41399.10217590364
2026-08-17 00:00:00.000 UTC,uniswap_v3_1.0_ethusdc,1k-10k,0x7bea39867e4169dbe237d55c8242a8f2fcdcc387,57,130495.41171686468,40515.780170669634,91445.46181396062
2026-08-24 00:00:00.000 UTC,curve_usdcwbtcweth,0.5k-1k,0x7f86bf177dd4f3494b841a37e810a34dd56c829b,2700,1816853.9324269963,804625.4263924666,753647.0667988705
2026-08-24 00:00:00.000 UTC,curve_usdcwbtcweth,10k-100k,0x7f86bf177dd4f3494b841a37e810a34dd56c829b,5,62581.70936542165,36631.76830782192,25861.466809489357
2026-08-24 00:00:00.000 UTC,curve_usdcwbtcweth,1k-10k,0x7f86bf177dd4f3494b841a37e810a34dd56c829b,1787,3498081.6662067096,1624191.2175499045,1552121.0978681813
2026-08-24 00:00:00.000 UTC,curve_usdt,0.5k-1k,0xf5f5b97624542d72a9e06f04804bf81baa15e2b4,224,161408.43521850524,63019.39987129569,86073.46756933013
2026-08-24 00:00:00.000 UTC,curve_usdt,10k-100k,0xf5f5b97624542d72a9e06f04804bf81baa15e2b4,38,832620.7668496033,535797.0582607624,265464.2291612975
2026-08-24 00:00:00.000 UTC,curve_usdt,1k-10k,0xf5f5b97624542d72a9e06f04804bf81baa15e2b4,534,1566974.2557661843,669675.4945038783,793614.1529236747
2026-08-24 00:00:00.000 UTC,curve_usdtwbtcweth,0.5k-1k,0xd51a44d3fae010294c616388b506acda1bfaae46,1987,1516875.3960212588,699505.200090486,649947.9456953811
2026-08-24 00:00:00.000 UTC,curve_usdtwbtcweth,10k-100k,0xd51a44d3fae010294c616388b506acda1bfaae46,136,1910403.874242444,946194.0204676143,868241.1596690913
2026-08-24 00:00:00.000 UTC,curve_usdtwbtcweth,1k-10k,0xd51a44d3fae010294c616388b506acda1bfaae46,5209,12643434.665984973,5492089.62734619,5589281.325057917
2026-08-24 00:00:00.000 UTC,sushiv2_ethusdt,0.5k-1k,0x06da0fd433c1a5d7a4faa01111c044910a184553,34,21725.256476635866,11323.997809240016,10456.904363753662
2026-08-24 00:00:00.000 UTC,sushiv2_ethusdt,1k-10k,0x06da0fd433c1a5d7a4faa01111c044910a184553,3,3727.2353429497657,2704.829522524033,1030.0680560911933
2026-08-24 00:00:00.000 UTC,sushiv2_usdceth,0.5k-1k,0x397ff1542f962076d0bfe58ea045ffa2d347aca0,3,1892.961375915677,1892.6195630000002,0.7654809340380881
2026-08-24 00:00:00.000 UTC,uniswap_v3_0.01_ethusdc,0.5k-1k,0xe0554a476a092703abdb3ef35c80e0d76d32939f,18719,13837056.870490858,7025267.299715343,6816281.993415379
2026-08-24 00:00:00.000 UTC,uniswap_v3_0.01_ethusdc,100k+,0xe0554a476a092703abdb3ef35c80e0d76d32939f,285,86588280.73108956,43096761.01460789,42953882.505869925
2026-08-24 00:00:00.000 UTC,uniswap_v3_0.01_ethusdc,10k-100k,0xe0554a476a092703abdb3ef35c80e0d76d32939f,2880,53812230.9620933,26971261.165597424,26857452.134706296
2026-08-24 00:00:00.000 UTC,uniswap_v3_0.01_ethusdc,1k-10k,0xe0554a476a092703abdb3ef35c80e0d76d32939f,51298,157735097.8477921,78846667.34500338,78966193.37513936
2026-08-24 00:00:00.000 UTC,uniswap_v3_0.01_ethusdt,0.5k-1k,0xc7bbec68d12a0d1830360f8ec58fa599ba1b0e9b,17422,12692370.550262641,6271465.687749643,6426288.087868017
2026-08-24 00:00:00.000 UTC,uniswap_v3_0.01_ethusdt,100k+,0xc7bbec68d12a0d1830360f8ec58fa599ba1b0e9b,90,22684259.289508358,11029625.025571901,10989937.04660736
2026-08-24 00:00:00.000 UTC,uniswap_v3_0.01_ethusdt,10k-100k,0xc7bbec68d12a0d1830360f8ec58fa599ba1b0e9b,483,13718131.52952335,6998679.168405937,6711610.695226249
2026-08-24 00:00:00.000 UTC,uniswap_v3_0.01_ethusdt,1k-10k,0xc7bbec68d12a0d1830360f8ec58fa599ba1b0e9b,24226,51479650.640726924,25737179.230680667,25768535.451833636
2026-08-24 00:00:00.000 UTC,uniswap_v3_0.05_ethusdc,0.5k-1k,0x88e6a0c2ddd26feeb64f039a2c41296fcb3f5640,1900,1415842.2491414933,691934.7427183847,724327.5835093842
2026-08-24 00:00:00.000 UTC,uniswap_v3_0.05_ethusdc,100k+,0x88e6a0c2ddd26feeb64f039a2c41296fcb3f5640,819,148683891.779728,82046270.95510243,66747636.832100995
2026-08-24 00:00:00.000 UTC,uniswap_v3_0.05_ethusdc,10k-100k,0x88e6a0c2ddd26feeb64f039a2c41296fcb3f5640,10571,332044196.5538133,159201946.52168238,173084869.43646783
2026-08-24 00:00:00.000 UTC,uniswap_v3_0.05_ethusdc,1k-10k,0x88e6a0c2ddd26feeb64f039a2c41296fcb3f5640,10092,45937833.03611483,24146464.90320831,21818601.892891377
2026-08-24 00:00:00.000 UTC,uniswap_v3_0.05_ethusdt,0.5k-1k,0x11b815efb8f581194ae79006d24e0d814b7697f6,1903,1441657.0266343572,769851.7624495209,672585.763748703
2026-08-24 00:00:00.000 UTC,uniswap_v3_0.05_ethusdt,100k+,0x11b815efb8f581194ae79006d24e0d814b7697f6,14,2041589.6409594489,1205902.975067696,838986.3580058257
2026-08-24 00:00:00.000 UTC,uniswap_v3_0.05_ethusdt,10k-100k,0x11b815efb8f581194ae79006d24e0d814b7697f6,1861,35058277.32272436,17835602.564569898,17247925.32974673
2026-08-24 00:00:00.000 UTC,uniswap_v3_0.05_ethusdt,1k-10k,0x11b815efb8f581194ae79006d24e0d814b7697f6,12555,47062300.01179979,23181559.32010813,23915818.793500282
2026-08-24 00:00:00.000 UTC,uniswap_v3_0.3_ethusdc,0.5k-1k,0x8ad599c3a0ff1de082011efddc58f1908eb6e6d8,60,45343.97954836785,20540.987167704876,24874.168026541913
2026-08-24 00:00:00.000 UTC,uniswap_v3_0.3_ethusdc,100k+,0x8ad599c3a0ff1de082011efddc58f1908eb6e6d8,90,15387753.91803968,9679767.15099214,5738909.318948926
2026-08-24 00:00:00.000 UTC,uniswap_v3_0.3_ethusdc,10k-100k,0x8ad599c3a0ff1de082011efddc58f1908eb6e6d8,1133,34638079.387197666,15950523.698052656,18749598.317625716
2026-08-24 00:00:00.000 UTC,uniswap_v3_0.3_ethusdc,1k-10k,0x8ad599c3a0ff1de082011efddc58f1908eb6e6d8,691,3555047.7188809244,1824396.886224283,1735394.767194115
2026-08-24 00:00:00.000 UTC,uniswap_v3_0.3_ethusdt,0.5k-1k,0x4e68ccd3e89f51c3074ca5072bbac773960dfa36,140,101658.6720832502,32822.45945517913,69035.23599240696
2026-08-24 00:00:00.000 UTC,uniswap_v3_0.3_ethusdt,100k+,0x4e68ccd3e89f51c3074ca5072bbac773960dfa36,905,300080104.1250761,156499259.61201325,144039811.63432726
2026-08-24 00:00:00.000 UTC,uniswap_v3_0.3_ethusdt,10k-100k,0x4e68ccd3e89f51c3074ca5072bbac773960dfa36,1338,58229505.72135982,26425914.919440545,31886607.026956715
2026-08-24 00:00:00.000 UTC,uniswap_v3_0.3_ethusdt,1k-10k,0x4e68ccd3e89f51c3074ca5072bbac773960dfa36,622,2972677.510343338,1540521.6205489328,1436436.1726884288
2026-08-24 00:00:00.000 UTC,uniswap_v3_1.0_ethusdc,0.5k-1k,0x7bea39867e4169dbe237d55c8242a8f2fcdcc387,48,32803.029090372445,14375.009635125969,18518.90506683441
2026-08-24 00:00:00.000 UTC,uniswap_v3_1.0_ethusdc,1k-10k,0x7bea39867e4169dbe237d55c8242a8f2fcdcc387,23,36416.7035652305,25657.610627631155,10823.577182813606
2026-08-31 00:00:00.000 UTC,curve_usdcwbtcweth,0.5k-1k,0x7f86bf177dd4f3494b841a37e810a34dd56c829b,2410,1621228.6681832979,745669.0212218582,662915.9701579371
2026-08-31 00:00:00.000 UTC,curve_usdcwbtcweth,10k-100k,0x7f86bf177dd4f3494b841a37e810a34dd56c829b,6,97131.3389139961,30717.408789768077,25044.632034944483
2026-08-31 00:00:00.000 UTC,curve_usdcwbtcweth,1k-10k,0x7f86bf177dd4f3494b841a37e810a34dd56c829b,1446,2806016.3784097075,1270854.3535232923,1317881.2186238558
2026-08-31 00:00:00.000 UTC,curve_usdt,0.5k-1k,0xf5f5b97624542d72a9e06f04804bf81baa15e2b4,167,122474.75839572713,46481.02078375199,63089.51494822794
2026-08-31 00:00:00.000 UTC,curve_usdt,10k-100k,0xf5f5b97624542d72a9e06f04804bf81baa15e2b4,41,827243.6026414465,429463.7125657503,374110.58441806457
2026-08-31 00:00:00.000 UTC,curve_usdt,1k-10k,0xf5f5b97624542d72a9e06f04804bf81baa15e2b4,398,1037561.1853504252,382418.76370549336,580477.9451870372
2026-08-31 00:00:00.000 UTC,curve_usdtwbtcweth,0.5k-1k,0xd51a44d3fae010294c616388b506acda1bfaae46,1716,1312966.971616113,587076.2269061711,602165.9957175745
2026-08-31 00:00:00.000 UTC,curve_usdtwbtcweth,10k-100k,0xd51a44d3fae010294c616388b506acda1bfaae46,87,1295994.3762869653,583086.3906852523,606872.6138185326
2026-08-31 00:00:00.000 UTC,curve_usdtwbtcweth,1k-10k,0xd51a44d3fae010294c616388b506acda1bfaae46,4029,9395282.138795543,4174365.259419968,4273415.927631291
2026-08-31 00:00:00.000 UTC,sushiv2_ethusdt,0.5k-1k,0x06da0fd433c1a5d7a4faa01111c044910a184553,20,13563.53323836523,5606.736974222725,7998.1894185546425
2026-08-31 00:00:00.000 UTC,sushiv2_ethusdt,1k-10k,0x06da0fd433c1a5d7a4faa01111c044910a184553,44,101864.47597054025,53844.02268859801,47670.05437642774
2026-08-31 00:00:00.000 UTC,sushiv2_usdceth,0.5k-1k,0x397ff1542f962076d0bfe58ea045ffa2d347aca0,1,583.28265817854,583.262244,0.23273164711049352
2026-08-31 00:00:00.000 UTC,sushiv2_usdceth,1k-10k,0x397ff1542f962076d0bfe58ea045ffa2d347aca0,1,1028.100987275175,1028.065005,0.4181455502848718
2026-08-31 00:00:00.000 UTC,uniswap_v3_0.01_ethusdc,0.5k-1k,0xe0554a476a092703abdb3ef35c80e0d76d32939f,16444,12049602.316570617,5933892.0709938,6118513.416893456
2026-08-31 00:00:00.000 UTC,uniswap_v3_0.01_ethusdc,100k+,0xe0554a476a092703abdb3ef35c80e0d76d32939f,194,54702585.17898412,27535922.09582048,27011132.391943235
2026-08-31 00:00:00.000 UTC,uniswap_v3_0.01_ethusdc,10k-100k,0xe0554a476a092703abdb3ef35c80e0d76d32939f,2415,48220787.21666464,24387315.07442516,23843687.724561464
2026-08-31 00:00:00.000 UTC,uniswap_v3_0.01_ethusdc,1k-10k,0xe0554a476a092703abdb3ef35c80e0d76d32939f,48057,148537842.20779622,73852415.52789803,74741184.73067799
2026-08-31 00:00:00.000 UTC,uniswap_v3_0.01_ethusdt,0.5k-1k,0xc7bbec68d12a0d1830360f8ec58fa599ba1b0e9b,16375,11790831.822562557,5972354.636509858,5823812.154990271
2026-08-31 00:00:00.000 UTC,uniswap_v3_0.01_ethusdt,100k+,0xc7bbec68d12a0d1830360f8ec58fa599ba1b0e9b,107,24652532.76812858,11935830.626495501,12039925.492016217
2026-08-31 00:00:00.000 UTC,uniswap_v3_0.01_ethusdt,10k-100k,0xc7bbec68d12a0d1830360f8ec58fa599ba1b0e9b,453,13727378.406578368,6987972.413689237,6723794.3080817005
2026-08-31 00:00:00.000 UTC,uniswap_v3_0.01_ethusdt,1k-10k,0xc7bbec68d12a0d1830360f8ec58fa599ba1b0e9b,18952,38498047.279987305,19153541.24731442,19363894.983085804
2026-08-31 00:00:00.000 UTC,uniswap_v3_0.05_ethusdc,0.5k-1k,0x88e6a0c2ddd26feeb64f039a2c41296fcb3f5640,2364,1755474.477481118,764588.2477657102,991762.1853218529
2026-08-31 00:00:00.000 UTC,uniswap_v3_0.05_ethusdc,100k+,0x88e6a0c2ddd26feeb64f039a2c41296fcb3f5640,656,116287030.97131757,61506233.67717427,54849738.21990171
2026-08-31 00:00:00.000 UTC,uniswap_v3_0.05_ethusdc,10k-100k,0x88e6a0c2ddd26feeb64f039a2c41296fcb3f5640,9859,302112500.797113,144561442.52907518,157734974.61038098
2026-08-31 00:00:00.000 UTC,uniswap_v3_0.05_ethusdc,1k-10k,0x88e6a0c2ddd26feeb64f039a2c41296fcb3f5640,10679,47927330.99948965,24475763.72849539,23476169.258909285
2026-08-31 00:00:00.000 UTC,uniswap_v3_0.05_ethusdt,0.5k-1k,0x11b815efb8f581194ae79006d24e0d814b7697f6,1985,1494528.2222605026,727041.2938992897,768272.7306332035
2026-08-31 00:00:00.000 UTC,uniswap_v3_0.05_ethusdt,100k+,0x11b815efb8f581194ae79006d24e0d814b7697f6,31,23761551.514913566,12233702.94118921,11356137.702207807
2026-08-31 00:00:00.000 UTC,uniswap_v3_0.05_ethusdt,10k-100k,0x11b815efb8f581194ae79006d24e0d814b7697f6,1052,20863910.74716418,10045849.129880406,10825017.164164644
2026-08-31 00:00:00.000 UTC,uniswap_v3_0.05_ethusdt,1k-10k,0x11b815efb8f581194ae79006d24e0d814b7697f6,11123,37708892.90286633,18635529.126067247,19098166.777505368
2026-08-31 00:00:00.000 UTC,uniswap_v3_0.3_ethusdc,0.5k-1k,0x8ad599c3a0ff1de082011efddc58f1908eb6e6d8,70,50514.82481921816,25380.76797037422,25197.25217770972
2026-08-31 00:00:00.000 UTC,uniswap_v3_0.3_ethusdc,100k+,0x8ad599c3a0ff1de082011efddc58f1908eb6e6d8,46,8150856.784984703,4155133.6862389427,4014500.1579078296
2026-08-31 00:00:00.000 UTC,uniswap_v3_0.3_ethusdc,10k-100k,0x8ad599c3a0ff1de082011efddc58f1908eb6e6d8,835,22439606.015283704,9928427.673288736,12546797.433149738
2026-08-31 00:00:00.000 UTC,uniswap_v3_0.3_ethusdc,1k-10k,0x8ad599c3a0ff1de082011efddc58f1908eb6e6d8,853,4115953.5293140137,1829294.8662755415,2292125.5574984625
2026-08-31 00:00:00.000 UTC,uniswap_v3_0.3_ethusdt,0.5k-1k,0x4e68ccd3e89f51c3074ca5072bbac773960dfa36,158,118513.3757878698,42657.13777950644,76052.06140777754
2026-08-31 00:00:00.000 UTC,uniswap_v3_0.3_ethusdt,100k+,0x4e68ccd3e89f51c3074ca5072bbac773960dfa36,705,193526050.36177263,91444585.97633044,102461517.9279315
2026-08-31 00:00:00.000 UTC,uniswap_v3_0.3_ethusdt,10k-100k,0x4e68ccd3e89f51c3074ca5072bbac773960dfa36,1206,52277188.9557385,22951182.220370345,29403373.092428513
2026-08-31 00:00:00.000 UTC,uniswap_v3_0.3_ethusdt,1k-10k,0x4e68ccd3e89f51c3074ca5072bbac773960dfa36,699,3285911.7160712564,1717095.2874064366,1573230.100688373
2026-08-31 00:00:00.000 UTC,uniswap_v3_1.0_ethusdc,0.5k-1k,0x7bea39867e4169dbe237d55c8242a8f2fcdcc387,36,24839.99749911306,10137.970731720729,14776.355426632737
2026-08-31 00:00:00.000 UTC,uniswap_v3_1.0_ethusdc,1k-10k,0x7bea39867e4169dbe237d55c8242a8f2fcdcc387,7,11353.532853491932,6463.5470462316725,4920.639983916946
2026-09-07 00:00:00.000 UTC,curve_usdcwbtcweth,0.5k-1k,0x7f86bf177dd4f3494b841a37e810a34dd56c829b,2412,1616127.7908654981,752984.598989379,642426.4520825164
2026-09-07 00:00:00.000 UTC,curve_usdcwbtcweth,10k-100k,0x7f86bf177dd4f3494b841a37e810a34dd56c829b,6,94532.14220665679,50500.67939741601,43974.35496814005
2026-09-07 00:00:00.000 UTC,curve_usdcwbtcweth,1k-10k,0x7f86bf177dd4f3494b841a37e810a34dd56c829b,1486,2940896.626145055,1342908.9047002182,1335684.1418118498
2026-09-07 00:00:00.000 UTC,curve_usdt,0.5k-1k,0xf5f5b97624542d72a9e06f04804bf81baa15e2b4,224,159370.40333627397,78884.22846534498,65796.16544374602
2026-09-07 00:00:00.000 UTC,curve_usdt,10k-100k,0xf5f5b97624542d72a9e06f04804bf81baa15e2b4,35,831908.2783029304,423968.8736552812,390360.67194120405
2026-09-07 00:00:00.000 UTC,curve_usdt,1k-10k,0xf5f5b97624542d72a9e06f04804bf81baa15e2b4,405,1148645.7378457715,570677.9061184418,494551.41189656086
2026-09-07 00:00:00.000 UTC,curve_usdtwbtcweth,0.5k-1k,0xd51a44d3fae010294c616388b506acda1bfaae46,1760,1338279.296117571,628109.0923513601,570937.1230279593
2026-09-07 00:00:00.000 UTC,curve_usdtwbtcweth,10k-100k,0xd51a44d3fae010294c616388b506acda1bfaae46,116,1986165.6708736387,912698.5334966015,811499.6721459293
2026-09-07 00:00:00.000 UTC,curve_usdtwbtcweth,1k-10k,0xd51a44d3fae010294c616388b506acda1bfaae46,4084,9840866.160079401,4328794.679690765,4394676.777581467
2026-09-07 00:00:00.000 UTC,sushiv2_ethusdt,0.5k-1k,0x06da0fd433c1a5d7a4faa01111c044910a184553,25,16339.765528170628,9228.60973314193,7201.759129790664
2026-09-07 00:00:00.000 UTC,sushiv2_ethusdt,1k-10k,0x06da0fd433c1a5d7a4faa01111c044910a184553,6,14501.296584536653,7265.308332420287,7207.826834302972
2026-09-07 00:00:00.000 UTC,sushiv2_usdceth,0.5k-1k,0x397ff1542f962076d0bfe58ea045ffa2d347aca0,10,7943.998912225502,2994.501950477138,5008.9711997741
2026-09-07 00:00:00.000 UTC,sushiv2_usdceth,1k-10k,0x397ff1542f962076d0bfe58ea045ffa2d347aca0,2,5709.054285052737,2903.418389268386,2747.14889184
2026-09-07 00:00:00.000 UTC,uniswap_v3_0.01_ethusdc,0.5k-1k,0xe0554a476a092703abdb3ef35c80e0d76d32939f,15850,11629649.491226813,5933033.088466618,5698555.312847159
2026-09-07 00:00:00.000 UTC,uniswap_v3_0.01_ethusdc,100k+,0xe0554a476a092703abdb3ef35c80e0d76d32939f,175,51969995.51259947,25989060.59400247,26022156.091427743
2026-09-07 00:00:00.000 UTC,uniswap_v3_0.01_ethusdc,10k-100k,0xe0554a476a092703abdb3ef35c80e0d76d32939f,2381,44269317.980507806,22357133.871908206,21933101.51434011
2026-09-07 00:00:00.000 UTC,uniswap_v3_0.01_ethusdc,1k-10k,0xe0554a476a092703abdb3ef35c80e0d76d32939f,40897,124716593.08941965,62410071.93924807,62348030.460568935
2026-09-07 00:00:00.000 UTC,uniswap_v3_0.01_ethusdt,0.5k-1k,0xc7bbec68d12a0d1830360f8ec58fa599ba1b0e9b,15282,11072576.468516162,5549876.627161708,5527651.382503999
2026-09-07 00:00:00.000 UTC,uniswap_v3_0.01_ethusdt,100k+,0xc7bbec68d12a0d1830360f8ec58fa599ba1b0e9b,137,30582375.08551525,15028014.284623835,15277048.709513813
2026-09-07 00:00:00.000 UTC,uniswap_v3_0.01_ethusdt,10k-100k,0xc7bbec68d12a0d1830360f8ec58fa599ba1b0e9b,427,12749124.772513535,6442205.906034475,6299973.114254262
2026-09-07 00:00:00.000 UTC,uniswap_v3_0.01_ethusdt,1k-10k,0xc7bbec68d12a0d1830360f8ec58fa599ba1b0e9b,16972,34532996.69931113,17396624.786725525,17158316.11911097
2026-09-07 00:00:00.000 UTC,uniswap_v3_0.05_ethusdc,0.5k-1k,0x88e6a0c2ddd26feeb64f039a2c41296fcb3f5640,2844,2067364.9698549917,968926.6846950045,1099116.1122037796
2026-09-07 00:00:00.000 UTC,uniswap_v3_0.05_ethusdc,100k+,0x88e6a0c2ddd26feeb64f039a2c41296fcb3f5640,807,160074313.96425796,80578815.20335348,79658274.48522425
2026-09-07 00:00:00.000 UTC,uniswap_v3_0.05_ethusdc,10k-100k,0x88e6a0c2ddd26feeb64f039a2c41296fcb3f5640,8716,277279151.76037526,138499486.8801359,138948042.60611966
2026-09-07 00:00:00.000 UTC,uniswap_v3_0.05_ethusdc,1k-10k,0x88e6a0c2ddd26feeb64f039a2c41296fcb3f5640,9503,40294884.71100218,21124012.973553613,19192525.546148766
2026-09-07 00:00:00.000 UTC,uniswap_v3_0.05_ethusdt,0.5k-1k,0x11b815efb8f581194ae79006d24e0d814b7697f6,1873,1413846.231243332,729681.302683888,684932.9501159177
2026-09-07 00:00:00.000 UTC,uniswap_v3_0.05_ethusdt,100k+,0x11b815efb8f581194ae79006d24e0d814b7697f6,7,802575.168580567,459335.9642551006,344060.53131088224
2026-09-07 00:00:00.000 UTC,uniswap_v3_0.05_ethusdt,10k-100k,0x11b815efb8f581194ae79006d24e0d814b7697f6,1206,23849015.991358098,11649233.441778198,12229501.82389659
2026-09-07 00:00:00.000 UTC,uniswap_v3_0.05_ethusdt,1k-10k,0x11b815efb8f581194ae79006d24e0d814b7697f6,9991,34590046.317085385,17732195.51085555,16882894.23224365
2026-09-07 00:00:00.000 UTC,uniswap_v3_0.3_ethusdc,0.5k-1k,0x8ad599c3a0ff1de082011efddc58f1908eb6e6d8,94,67706.1472266893,34587.10144059156,33232.127831295315
2026-09-07 00:00:00.000 UTC,uniswap_v3_0.3_ethusdc,100k+,0x8ad599c3a0ff1de082011efddc58f1908eb6e6d8,54,10791754.195966594,5122630.996215758,5717793.928702065
2026-09-07 00:00:00.000 UTC,uniswap_v3_0.3_ethusdc,10k-100k,0x8ad599c3a0ff1de082011efddc58f1908eb6e6d8,941,28196542.77163612,14958811.483694091,13283234.258064628
2026-09-07 00:00:00.000 UTC,uniswap_v3_0.3_ethusdc,1k-10k,0x8ad599c3a0ff1de082011efddc58f1908eb6e6d8,733,3808840.1091147587,1882945.8800014814,1929625.2011213577
2026-09-07 00:00:00.000 UTC,uniswap_v3_0.3_ethusdt,0.5k-1k,0x4e68ccd3e89f51c3074ca5072bbac773960dfa36,198,147539.70109827016,65181.905875064935,82628.47467312058
2026-09-07 00:00:00.000 UTC,uniswap_v3_0.3_ethusdt,100k+,0x4e68ccd3e89f51c3074ca5072bbac773960dfa36,700,207540873.83565146,106814636.95277429,101273346.07224832
2026-09-07 00:00:00.000 UTC,uniswap_v3_0.3_ethusdt,10k-100k,0x4e68ccd3e89f51c3074ca5072bbac773960dfa36,1235,51896532.56592518,26420899.1758161,25537761.41347406
2026-09-07 00:00:00.000 UTC,uniswap_v3_0.3_ethusdt,1k-10k,0x4e68ccd3e89f51c3074ca5072bbac773960dfa36,906,4461198.254645209,2550463.3198044826,1914414.741620183
2026-09-07 00:00:00.000 UTC,uniswap_v3_1.0_ethusdc,0.5k-1k,0x7bea39867e4169dbe237d55c8242a8f2fcdcc387,40,26633.703812123786,16420.17978720121,10287.859814098869
2026-09-07 00:00:00.000 UTC,uniswap_v3_1.0_ethusdc,1k-10k,0x7bea39867e4169dbe237d55c8242a8f2fcdcc387,17,24523.252388329107,6772.881005678495,17960.67269020245
2026-09-14 00:00:00.000 UTC,curve_usdcwbtcweth,0.5k-1k,0x7f86bf177dd4f3494b841a37e810a34dd56c829b,1258,861845.129788896,386441.881255343,331101.2198214881
2026-09-14 00:00:00.000 UTC,curve_usdcwbtcweth,10k-100k,0x7f86bf177dd4f3494b841a37e810a34dd56c829b,12,163561.799099435,103157.23669776,59950.62193006782
2026-09-14 00:00:00.000 UTC,curve_usdcwbtcweth,1k-10k,0x7f86bf177dd4f3494b841a37e810a34dd56c829b,1071,2356904.3131466354,1058700.7860484296,1078727.0757018416
2026-09-14 00:00:00.000 UTC,curve_usdt,0.5k-1k,0xf5f5b97624542d72a9e06f04804bf81baa15e2b4,75,56671.74467620886,45870.046007328565,8225.890867073793
2026-09-14 00:00:00.000 UTC,curve_usdt,10k-100k,0xf5f5b97624542d72a9e06f04804bf81baa15e2b4,4,96801.26014549125,66765.01069687585,30224.30166319723
2026-09-14 00:00:00.000 UTC,curve_usdt,1k-10k,0xf5f5b97624542d72a9e06f04804bf81baa15e2b4,202,514146.0098403322,227994.85526503468,227071.8544489898
2026-09-14 00:00:00.000 UTC,curve_usdtwbtcweth,0.5k-1k,0xd51a44d3fae010294c616388b506acda1bfaae46,772,562048.0565153381,276210.73180496704,217928.94854595757
2026-09-14 00:00:00.000 UTC,curve_usdtwbtcweth,10k-100k,0xd51a44d3fae010294c616388b506acda1bfaae46,9,131285.93824698418,41479.66405476026,79124.89882631264
2026-09-14 00:00:00.000 UTC,curve_usdtwbtcweth,1k-10k,0xd51a44d3fae010294c616388b506acda1bfaae46,972,1951174.6257655048,884973.5402409808,838604.709045937
2026-09-14 00:00:00.000 UTC,sushiv2_ethusdt,0.5k-1k,0x06da0fd433c1a5d7a4faa01111c044910a184553,17,9656.17882701084,4658.139441437437,5026.302046591743
2026-09-14 00:00:00.000 UTC,sushiv2_ethusdt,1k-10k,0x06da0fd433c1a5d7a4faa01111c044910a184553,1,2652.961992340528,2652.410291,1.1044459933154511
2026-09-14 00:00:00.000 UTC,sushiv2_usdceth,0.5k-1k,0x397ff1542f962076d0bfe58ea045ffa2d347aca0,1,556.909566772059,556.870029,0.2321276360267173
2026-09-14 00:00:00.000 UTC,sushiv2_usdceth,1k-10k,0x397ff1542f962076d0bfe58ea045ffa2d347aca0,1,1240.1330843865271,1239.378303,0.5161227488009094
2026-09-14 00:00:00.000 UTC,uniswap_v3_0.01_ethusdc,0.5k-1k,0xe0554a476a092703abdb3ef35c80e0d76d32939f,6246,4551481.532308987,2340980.7943905797,2211208.701092137
2026-09-14 00:00:00.000 UTC,uniswap_v3_0.01_ethusdc,100k+,0xe0554a476a092703abdb3ef35c80e0d76d32939f,77,24773318.523896664,12331575.875004457,12109017.586831613
2026-09-14 00:00:00.000 UTC,uniswap_v3_0.01_ethusdc,10k-100k,0xe0554a476a092703abdb3ef35c80e0d76d32939f,1126,19970481.205878135,10235246.599973284,9743790.196626121
2026-09-14 00:00:00.000 UTC,uniswap_v3_0.01_ethusdc,1k-10k,0xe0554a476a092703abdb3ef35c80e0d76d32939f,17725,57314791.94600343,28442640.476431582,28896451.010507405
2026-09-14 00:00:00.000 UTC,uniswap_v3_0.01_ethusdt,0.5k-1k,0xc7bbec68d12a0d1830360f8ec58fa599ba1b0e9b,6147,4500068.068924984,2323400.9020932144,2180062.7332190843
2026-09-14 00:00:00.000 UTC,uniswap_v3_0.01_ethusdt,100k+,0xc7bbec68d12a0d1830360f8ec58fa599ba1b0e9b,54,14307945.072442215,7029776.049045127,7027570.745327789
2026-09-14 00:00:00.000 UTC,uniswap_v3_0.01_ethusdt,10k-100k,0xc7bbec68d12a0d1830360f8ec58fa599ba1b0e9b,208,5885348.266467104,2969010.525570377,2910448.975962786
2026-09-14 00:00:00.000 UTC,uniswap_v3_0.01_ethusdt,1k-10k,0xc7bbec68d12a0d1830360f8ec58fa599ba1b0e9b,8826,19131422.038742132,9576283.560083818,9572671.57734342
2026-09-14 00:00:00.000 UTC,uniswap_v3_0.05_ethusdc,0.5k-1k,0x88e6a0c2ddd26feeb64f039a2c41296fcb3f5640,760,555529.0627255475,273198.2749336013,282450.48645467294
2026-09-14 00:00:00.000 UTC,uniswap_v3_0.05_ethusdc,100k+,0x88e6a0c2ddd26feeb64f039a2c41296fcb3f5640,450,80158987.69243363,43573739.862226695,36629411.43687356
2026-09-14 00:00:00.000 UTC,uniswap_v3_0.05_ethusdc,10k-100k,0x88e6a0c2ddd26feeb64f039a2c41296fcb3f5640,4463,150894137.6767966,74177790.08935802,76829077.90173006
2026-09-14 00:00:00.000 UTC,uniswap_v3_0.05_ethusdc,1k-10k,0x88e6a0c2ddd26feeb64f039a2c41296fcb3f5640,3677,16491483.805146536,8212928.96739189,8288778.469198943
2026-09-14 00:00:00.000 UTC,uniswap_v3_0.05_ethusdt,0.5k-1k,0x11b815efb8f581194ae79006d24e0d814b7697f6,691,526758.308959137,291912.1142009151,235312.65649938703
2026-09-14 00:00:00.000 UTC,uniswap_v3_0.05_ethusdt,100k+,0x11b815efb8f581194ae79006d24e0d814b7697f6,20,2363906.5580660705,737618.1732718452,1637634.9470733786
2026-09-14 00:00:00.000 UTC,uniswap_v3_0.05_ethusdt,10k-100k,0x11b815efb8f581194ae79006d24e0d814b7697f6,559,10766690.100869944,5823341.041652578,4956359.55556917
2026-09-14 00:00:00.000 UTC,uniswap_v3_0.05_ethusdt,1k-10k,0x11b815efb8f581194ae79006d24e0d814b7697f6,4619,16389321.084199682,8372358.259968823,8034979.985169412
2026-09-14 00:00:00.000 UTC,uniswap_v3_0.3_ethusdc,0.5k-1k,0x8ad599c3a0ff1de082011efddc58f1908eb6e6d8,21,14891.345876560294,7939.040767363439,6975.6296587406805
2026-09-14 00:00:00.000 UTC,uniswap_v3_0.3_ethusdc,100k+,0x8ad599c3a0ff1de082011efddc58f1908eb6e6d8,26,4973074.39671538,2982563.978656424,2002543.1858044171
2026-09-14 00:00:00.000 UTC,uniswap_v3_0.3_ethusdc,10k-100k,0x8ad599c3a0ff1de082011efddc58f1908eb6e6d8,522,15683613.77190021,8449328.734129287,7261875.920577361
2026-09-14 00:00:00.000 UTC,uniswap_v3_0.3_ethusdc,1k-10k,0x8ad599c3a0ff1de082011efddc58f1908eb6e6d8,424,2257014.254792712,1205608.9415069355,1054421.9288935894
2026-09-14 00:00:00.000 UTC,uniswap_v3_0.3_ethusdt,0.5k-1k,0x4e68ccd3e89f51c3074ca5072bbac773960dfa36,69,54888.42422822797,28132.046498211395,26843.669870882175
2026-09-14 00:00:00.000 UTC,uniswap_v3_0.3_ethusdt,100k+,0x4e68ccd3e89f51c3074ca5072bbac773960dfa36,428,116752085.12508094,63559907.58817143,53489277.45398723
2026-09-14 00:00:00.000 UTC,uniswap_v3_0.3_ethusdt,10k-100k,0x4e68ccd3e89f51c3074ca5072bbac773960dfa36,636,28350060.999147423,15910300.710618664,12486997.719870565
2026-09-14 00:00:00.000 UTC,uniswap_v3_0.3_ethusdt,1k-10k,0x4e68ccd3e89f51c3074ca5072bbac773960dfa36,286,1341194.9009560712,856821.1758410085,486212.9817611148
2026-09-14 00:00:00.000 UTC,uniswap_v3_1.0_ethusdc,0.5k-1k,0x7bea39867e4169dbe237d55c8242a8f2fcdcc387,34,21882.847928618237,13958.431989796596,7966.9246963936985
2026-09-14 00:00:00.000 UTC,uniswap_v3_1.0_ethusdc,1k-10k,0x7bea39867e4169dbe237d55c8242a8f2fcdcc387,6,9516.563297658684,5108.35763893494,4435.707268042135
