week,venue,size_bucket,swap_count,total_volume_usd,total_eth_volume,project_contract_address
2025-07-14 00:00:00.000 UTC,curve_usdcwbtcweth,0.5k-1k,104,77741.36188788745,18.85393902315538,0x7f86bf177dd4f3494b841a37e810a34dd56c829b
2025-07-14 00:00:00.000 UTC,curve_usdcwbtcweth,100k+,4,727262.4685390661,197.99344146946692,0x7f86bf177dd4f3494b841a37e810a34dd56c829b
2025-07-14 00:00:00.000 UTC,curve_usdcwbtcweth,10k-100k,471,8054658.118910768,2112.02351960719,0x7f86bf177dd4f3494b841a37e810a34dd56c829b
2025-07-14 00:00:00.000 UTC,curve_usdcwbtcweth,1k-10k,2026,10121506.590298047,2544.1494244590504,0x7f86bf177dd4f3494b841a37e810a34dd56c829b
2025-07-14 00:00:00.000 UTC,curve_usdt,0.5k-1k,4,3155.8251288510683,0.9311117331336893,0xf5f5b97624542d72a9e06f04804bf81baa15e2b4
2025-07-14 00:00:00.000 UTC,curve_usdt,10k-100k,64,836419.3470371357,231.9983833136427,0xf5f5b97624542d72a9e06f04804bf81baa15e2b4
2025-07-14 00:00:00.000 UTC,curve_usdt,1k-10k,269,1515845.3948172901,405.6436025869077,0xf5f5b97624542d72a9e06f04804bf81baa15e2b4
2025-07-14 00:00:00.000 UTC,curve_usdtwbtcweth,0.5k-1k,81,58426.20895443611,13.671768881340553,0xd51a44d3fae010294c616388b506acda1bfaae46
2025-07-14 00:00:00.000 UTC,curve_usdtwbtcweth,100k+,3,805528.7017546487,219.01971298909658,0xd51a44d3fae010294c616388b506acda1bfaae46
2025-07-14 00:00:00.000 UTC,curve_usdtwbtcweth,10k-100k,607,10834531.762719119,2754.988538582721,0xd51a44d3fae010294c616388b506acda1bfaae46
2025-07-14 00:00:00.000 UTC,curve_usdtwbtcweth,1k-10k,1709,8938597.262252793,2274.364462456554,0xd51a44d3fae010294c616388b506acda1bfaae46
2025-07-14 00:00:00.000 UTC,sushiv2_ethusdt,0.5k-1k,237,175557.10101171065,50.416470921437046,0x06da0fd433c1a5d7a4faa01111c044910a184553
2025-07-14 00:00:00.000 UTC,sushiv2_ethusdt,1k-10k,197,356271.6401684872,101.27978057246278,0x06da0fd433c1a5d7a4faa01111c044910a184553
2025-07-14 00:00:00.000 UTC,sushiv2_usdceth,0.5k-1k,259,192054.97172172237,55.167139854544814,0x397ff1542f962076d0bfe58ea045ffa2d347aca0
2025-07-14 00:00:00.000 UTC,sushiv2_usdceth,1k-10k,289,526227.1691663247,150.56973637407043,0x397ff1542f962076d0bfe58ea045ffa2d347aca0
2025-07-14 00:00:00.000 UTC,uniswap_v3_0.01_ethusdc,0.5k-1k,5405,4003883.559372846,1146.0460856914804,0xe0554a476a092703abdb3ef35c80e0d76d32939f
2025-07-14 00:00:00.000 UTC,uniswap_v3_0.01_ethusdc,100k+,1039,321912213.2356747,92296.5291979868,0xe0554a476a092703abdb3ef35c80e0d76d32939f
2025-07-14 00:00:00.000 UTC,uniswap_v3_0.01_ethusdc,10k-100k,9309,183811558.54918733,52725.911246052616,0xe0554a476a092703abdb3ef35c80e0d76d32939f
2025-07-14 00:00:00.000 UTC,uniswap_v3_0.01_ethusdc,1k-10k,19863,87082734.60827038,24893.595280681642,0xe0554a476a092703abdb3ef35c80e0d76d32939f
2025-07-14 00:00:00.000 UTC,uniswap_v3_0.01_ethusdt,0.5k-1k,5110,3777847.0472024977,1085.5554364339403,0xc7bbec68d12a0d1830360f8ec58fa599ba1b0e9b
2025-07-14 00:00:00.000 UTC,uniswap_v3_0.01_ethusdt,100k+,1401,471792288.5098355,136209.82439001085,0xc7bbec68d12a0d1830360f8ec58fa599ba1b0e9b
2025-07-14 00:00:00.000 UTC,uniswap_v3_0.01_ethusdt,10k-100k,11382,240918690.61733642,69257.99774295738,0xc7bbec68d12a0d1830360f8ec58fa599ba1b0e9b
2025-07-14 00:00:00.000 UTC,uniswap_v3_0.01_ethusdt,1k-10k,19570,85719535.8158298,24553.23598106915,0xc7bbec68d12a0d1830360f8ec58fa599ba1b0e9b
2025-07-14 00:00:00.000 UTC,uniswap_v3_0.05_ethusdc,0.5k-1k,2254,1631774.900692279,468.27898634851226,0x88e6a0c2ddd26feeb64f039a2c41296fcb3f5640
2025-07-14 00:00:00.000 UTC,uniswap_v3_0.05_ethusdc,100k+,1080,216367140.50678265,60494.17919550375,0x88e6a0c2ddd26feeb64f039a2c41296fcb3f5640
2025-07-14 00:00:00.000 UTC,uniswap_v3_0.05_ethusdc,10k-100k,10390,369532331.14752096,105172.39800876842,0x88e6a0c2ddd26feeb64f039a2c41296fcb3f5640
2025-07-14 00:00:00.000 UTC,uniswap_v3_0.05_ethusdc,1k-10k,6025,24097684.010187503,6904.895865995218,0x88e6a0c2ddd26feeb64f039a2c41296fcb3f5640
2025-07-14 00:00:00.000 UTC,uniswap_v3_0.05_ethusdt,0.5k-1k,1034,780350.667851876,223.7317492435278,0x11b815efb8f581194ae79006d24e0d814b7697f6
2025-07-14 00:00:00.000 UTC,uniswap_v3_0.05_ethusdt,100k+,945,176176898.15434834,50065.73851006808,0x11b815efb8f581194ae79006d24e0d814b7697f6
2025-07-14 00:00:00.000 UTC,uniswap_v3_0.05_ethusdt,10k-100k,9525,344712404.527876,98650.51454154021,0x11b815efb8f581194ae79006d24e0d814b7697f6
2025-07-14 00:00:00.000 UTC,uniswap_v3_0.05_ethusdt,1k-10k,3430,14624239.267635947,4183.408254106473,0x11b815efb8f581194ae79006d24e0d814b7697f6
2025-07-14 00:00:00.000 UTC,uniswap_v3_0.3_ethusdc,0.5k-1k,86,64016.46857198067,18.438148702348087,0x8ad599c3a0ff1de082011efddc58f1908eb6e6d8
2025-07-14 00:00:00.000 UTC,uniswap_v3_0.3_ethusdc,100k+,51,8352137.139094714,2407.7418364623513,0x8ad599c3a0ff1de082011efddc58f1908eb6e6d8
2025-07-14 00:00:00.000 UTC,uniswap_v3_0.3_ethusdc,10k-100k,1310,38142902.25500736,10935.345721977725,0x8ad599c3a0ff1de082011efddc58f1908eb6e6d8
2025-07-14 00:00:00.000 UTC,uniswap_v3_0.3_ethusdc,1k-10k,439,2413345.042814476,689.4953889356217,0x8ad599c3a0ff1de082011efddc58f1908eb6e6d8
2025-07-14 00:00:00.000 UTC,uniswap_v3_0.3_ethusdt,0.5k-1k,285,194833.01709768813,56.34649291058758,0x4e68ccd3e89f51c3074ca5072bbac773960dfa36
2025-07-14 00:00:00.000 UTC,uniswap_v3_0.3_ethusdt,100k+,474,105745736.04681063,30003.104265821836,0x4e68ccd3e89f51c3074ca5072bbac773960dfa36
2025-07-14 00:00:00.000 UTC,uniswap_v3_0.3_ethusdt,10k-100k,1615,70651560.87800883,20131.551114716807,0x4e68ccd3e89f51c3074ca5072bbac773960dfa36
2025-07-14 00:00:00.000 UTC,uniswap_v3_0.3_ethusdt,1k-10k,359,1354898.5519909516,391.0776202285387,0x4e68ccd3e89f51c3074ca5072bbac773960dfa36
2025-07-14 00:00:00.000 UTC,uniswap_v3_1.0_ethusdc,0.5k-1k,44,34329.76247296146,9.774047430764188,0x7bea39867e4169dbe237d55c8242a8f2fcdcc387
2025-07-14 00:00:00.000 UTC,uniswap_v3_1.0_ethusdc,1k-10k,69,128638.40145397655,37.534121817647694,0x7bea39867e4169dbe237d55c8242a8f2fcdcc387
2025-07-21 00:00:00.000 UTC,curve_usdcwbtcweth,0.5k-1k,363,278397.81846511015,66.57627395132464,0x7f86bf177dd4f3494b841a37e810a34dd56c829b
2025-07-21 00:00:00.000 UTC,curve_usdcwbtcweth,100k+,4,480656.8093623492,129.55944082595914,0x7f86bf177dd4f3494b841a37e810a34dd56c829b
2025-07-21 00:00:00.000 UTC,curve_usdcwbtcweth,10k-100k,575,10292939.982336298,2421.1904947213384,0x7f86bf177dd4f3494b841a37e810a34dd56c829b
2025-07-21 00:00:00.000 UTC,curve_usdcwbtcweth,1k-10k,5610,22118338.14749153,5089.875117925093,0x7f86bf177dd4f3494b841a37e810a34dd56c829b
2025-07-21 00:00:00.000 UTC,curve_usdt,0.5k-1k,44,36356.767172924425,8.391476015002903,0xf5f5b97624542d72a9e06f04804bf81baa15e2b4
2025-07-21 00:00:00.000 UTC,curve_usdt,10k-100k,290,5813774.30138358,1419.8871429283074,0xf5f5b97624542d72a9e06f04804bf81baa15e2b4
2025-07-21 00:00:00.000 UTC,curve_usdt,1k-10k,1113,5552799.332299722,1293.5663710008441,0xf5f5b97624542d72a9e06f04804bf81baa15e2b4
2025-07-21 00:00:00.000 UTC,curve_usdtwbtcweth,0.5k-1k,151,115688.42801362573,25.556038404388655,0xd51a44d3fae010294c616388b506acda1bfaae46
2025-07-21 00:00:00.000 UTC,curve_usdtwbtcweth,10k-100k,269,4407957.038697619,1063.4021886798566,0xd51a44d3fae010294c616388b506acda1bfaae46
2025-07-21 00:00:00.000 UTC,curve_usdtwbtcweth,1k-10k,4261,15753469.51403511,3816.2945762998747,0xd51a44d3fae010294c616388b506acda1bfaae46
2025-07-21 00:00:00.000 UTC,sushiv2_ethusdt,0.5k-1k,388,272693.66904138203,74.03178445426965,0x06da0fd433c1a5d7a4faa01111c044910a184553
2025-07-21 00:00:00.000 UTC,sushiv2_ethusdt,1k-10k,136,181775.97229134373,49.2772653713687,0x06da0fd433c1a5d7a4faa01111c044910a184553
2025-07-21 00:00:00.000 UTC,sushiv2_usdceth,0.5k-1k,441,325763.12459790905,88.28224224077272,0x397ff1542f962076d0bfe58ea045ffa2d347aca0
2025-07-21 00:00:00.000 UTC,sushiv2_usdceth,1k-10k,304,459644.819672666,124.5577307327567,0x397ff1542f962076d0bfe58ea045ffa2d347aca0
2025-07-21 00:00:00.000 UTC,uniswap_v3_0.01_ethusdc,0.5k-1k,11392,8374028.121882072,2257.377366700933,0xe0554a476a092703abdb3ef35c80e0d76d32939f
2025-07-21 00:00:00.000 UTC,uniswap_v3_0.01_ethusdc,100k+,1185,407794421.3274565,110221.90556980995,0xe0554a476a092703abdb3ef35c80e0d76d32939f
2025-07-21 00:00:00.000 UTC,uniswap_v3_0.01_ethusdc,10k-100k,12205,229739027.00233775,62193.03096184566,0xe0554a476a092703abdb3ef35c80e0d76d32939f
2025-07-21 00:00:00.000 UTC,uniswap_v3_0.01_ethusdc,1k-10k,38535,162892987.06794164,43928.780602420906,0xe0554a476a092703abdb3ef35c80e0d76d32939f
2025-07-21 00:00:00.000 UTC,uniswap_v3_0.01_ethusdt,0.5k-1k,10287,7592667.979698577,2045.768563435168,0xc7bbec68d12a0d1830360f8ec58fa599ba1b0e9b
2025-07-21 00:00:00.000 UTC,uniswap_v3_0.01_ethusdt,100k+,1559,532573934.17514503,144042.21227843635,0xc7bbec68d12a0d1830360f8ec58fa599ba1b0e9b
2025-07-21 00:00:00.000 UTC,uniswap_v3_0.01_ethusdt,10k-100k,13188,260014778.4200778,70185.2060690398,0xc7bbec68d12a0d1830360f8ec58fa599ba1b0e9b
2025-07-21 00:00:00.000 UTC,uniswap_v3_0.01_ethusdt,1k-10k,40892,175600724.15294817,47347.06987802275,0xc7bbec68d12a0d1830360f8ec58fa599ba1b0e9b
2025-07-21 00:00:00.000 UTC,uniswap_v3_0.05_ethusdc,0.5k-1k,3395,2452118.6686841515,660.9647286302769,0x88e6a0c2ddd26feeb64f039a2c41296fcb3f5640
2025-07-21 00:00:00.000 UTC,uniswap_v3_0.05_ethusdc,100k+,1637,323012847.8107573,87127.90164591561,0x88e6a0c2ddd26feeb64f039a2c41296fcb3f5640
2025-07-21 00:00:00.000 UTC,uniswap_v3_0.05_ethusdc,10k-100k,13876,500387632.85175794,134891.32721035348,0x88e6a0c2ddd26feeb64f039a2c41296fcb3f5640
2025-07-21 00:00:00.000 UTC,uniswap_v3_0.05_ethusdc,1k-10k,8380,34171483.27830624,9228.93335613592,0x88e6a0c2ddd26feeb64f039a2c41296fcb3f5640
2025-07-21 00:00:00.000 UTC,uniswap_v3_0.05_ethusdt,0.5k-1k,1208,880566.1010526693,237.5417395616611,0x11b815efb8f581194ae79006d24e0d814b7697f6
2025-07-21 00:00:00.000 UTC,uniswap_v3_0.05_ethusdt,100k+,654,115073698.23447601,31023.761004978365,0x11b815efb8f581194ae79006d24e0d814b7697f6
2025-07-21 00:00:00.000 UTC,uniswap_v3_0.05_ethusdt,10k-100k,12492,396565937.30680436,107118.85479830683,0x11b815efb8f581194ae79006d24e0d814b7697f6
2025-07-21 00:00:00.000 UTC,uniswap_v3_0.05_ethusdt,1k-10k,4937,24814845.377452902,6699.095725368219,0x11b815efb8f581194ae79006d24e0d814b7697f6
2025-07-21 00:00:00.000 UTC,uniswap_v3_0.3_ethusdc,0.5k-1k,97,73413.94193388331,19.843684426912088,0x8ad599c3a0ff1de082011efddc58f1908eb6e6d8
2025-07-21 00:00:00.000 UTC,uniswap_v3_0.3_ethusdc,100k+,29,6461180.881556237,1704.303577796765,0x8ad599c3a0ff1de082011efddc58f1908eb6e6d8
2025-07-21 00:00:00.000 UTC,uniswap_v3_0.3_ethusdc,10k-100k,1655,42573402.19882606,11531.582673718825,0x8ad599c3a0ff1de082011efddc58f1908eb6e6d8
2025-07-21 00:00:00.000 UTC,uniswap_v3_0.3_ethusdc,1k-10k,1091,6441056.256802794,1742.6359436812784,0x8ad599c3a0ff1de082011efddc58f1908eb6e6d8
2025-07-21 00:00:00.000 UTC,uniswap_v3_0.3_ethusdt,0.5k-1k,310,221391.4653586564,59.90646418018041,0x4e68ccd3e89f51c3074ca5072bbac773960dfa36
2025-07-21 00:00:00.000 UTC,uniswap_v3_0.3_ethusdt,100k+,889,190992159.16592765,51600.08603061091,0x4e68ccd3e89f51c3074ca5072bbac773960dfa36
2025-07-21 00:00:00.000 UTC,uniswap_v3_0.3_ethusdt,10k-100k,2450,108774049.14535105,29457.537201134695,0x4e68ccd3e89f51c3074ca5072bbac773960dfa36
2025-07-21 00:00:00.000 UTC,uniswap_v3_0.3_ethusdt,1k-10k,712,2776547.8362284214,753.769649713932,0x4e68ccd3e89f51c3074ca5072bbac773960dfa36
2025-07-21 00:00:00.000 UTC,uniswap_v3_1.0_ethusdc,0.5k-1k,89,62136.004397311655,16.94563434918085,0x7bea39867e4169dbe237d55c8242a8f2fcdcc387
2025-07-21 00:00:00.000 UTC,uniswap_v3_1.0_ethusdc,1k-10k,31,39955.8742251043,10.870964675454273,0x7bea39867e4169dbe237d55c8242a8f2fcdcc387
2025-07-28 00:00:00.000 UTC,curve_usdcwbtcweth,0.5k-1k,366,280705.8502684974,68.74275090011287,0x7f86bf177dd4f3494b841a37e810a34dd56c829b
2025-07-28 00:00:00.000 UTC,curve_usdcwbtcweth,100k+,5,701600.0473813532,152.08594122661054,0x7f86bf177dd4f3494b841a37e810a34dd56c829b
2025-07-28 00:00:00.000 UTC,curve_usdcwbtcweth,10k-100k,776,14648918.305366125,3449.451427789697,0x7f86bf177dd4f3494b841a37e810a34dd56c829b
2025-07-28 00:00:00.000 UTC,curve_usdcwbtcweth,1k-10k,5472,22552813.8400675,5272.558955481452,0x7f86bf177dd4f3494b841a37e810a34dd56c829b
2025-07-28 00:00:00.000 UTC,curve_usdt,0.5k-1k,39,30808.576490492815,7.96288291596529,0xf5f5b97624542d72a9e06f04804bf81baa15e2b4
2025-07-28 00:00:00.000 UTC,curve_usdt,10k-100k,730,15699536.097597934,3932.156899944709,0xf5f5b97624542d72a9e06f04804bf81baa15e2b4
2025-07-28 00:00:00.000 UTC,curve_usdt,1k-10k,1312,6747429.664728309,1653.845251539278,0xf5f5b97624542d72a9e06f04804bf81baa15e2b4
2025-07-28 00:00:00.000 UTC,curve_usdtwbtcweth,0.5k-1k,143,111504.58795628474,26.50489155175561,0xd51a44d3fae010294c616388b506acda1bfaae46
2025-07-28 00:00:00.000 UTC,curve_usdtwbtcweth,10k-100k,382,6476323.333211235,1502.9196785435893,0xd51a44d3fae010294c616388b506acda1bfaae46
2025-07-28 00:00:00.000 UTC,curve_usdtwbtcweth,1k-10k,4490,16570861.58654693,4071.298686074236,0xd51a44d3fae010294c616388b506acda1bfaae46
2025-07-28 00:00:00.000 UTC,sushiv2_ethusdt,0.5k-1k,353,247428.33543888637,67.83273670161097,0x06da0fd433c1a5d7a4faa01111c044910a184553
2025-07-28 00:00:00.000 UTC,sushiv2_ethusdt,10k-100k,3,35849.05156763054,9.42139599452825,0x06da0fd433c1a5d7a4faa01111c044910a184553
2025-07-28 00:00:00.000 UTC,sushiv2_ethusdt,1k-10k,139,214202.056609743,57.98528821686223,0x06da0fd433c1a5d7a4faa01111c044910a184553
2025-07-28 00:00:00.000 UTC,sushiv2_usdceth,0.5k-1k,439,310526.8663513084,85.60698080690486,0x397ff1542f962076d0bfe58ea045ffa2d347aca0
2025-07-28 00:00:00.000 UTC,sushiv2_usdceth,1k-10k,316,485185.2623702005,132.02728883909896,0x397ff1542f962076d0bfe58ea045ffa2d347aca0
2025-07-28 00:00:00.000 UTC,uniswap_v3_0.01_ethusdc,0.5k-1k,9762,7126127.045729145,1947.0808140211384,0xe0554a476a092703abdb3ef35c80e0d76d32939f
2025-07-28 00:00:00.000 UTC,uniswap_v3_0.01_ethusdc,100k+,987,383444518.4982592,104763.56398067104,0xe0554a476a092703abdb3ef35c80e0d76d32939f
2025-07-28 00:00:00.000 UTC,uniswap_v3_0.01_ethusdc,10k-100k,13851,269489949.90642583,73031.09214472488,0xe0554a476a092703abdb3ef35c80e0d76d32939f
2025-07-28 00:00:00.000 UTC,uniswap_v3_0.01_ethusdc,1k-10k,34505,145108427.0886733,39676.69720761699,0xe0554a476a092703abdb3ef35c80e0d76d32939f
2025-07-28 00:00:00.000 UTC,uniswap_v3_0.01_ethusdt,0.5k-1k,8624,6311707.303847351,1716.2212826074428,0xc7bbec68d12a0d1830360f8ec58fa599ba1b0e9b
2025-07-28 00:00:00.000 UTC,uniswap_v3_0.01_ethusdt,100k+,1090,375936673.08078426,101532.3523574084,0xc7bbec68d12a0d1830360f8ec58fa599ba1b0e9b
2025-07-28 00:00:00.000 UTC,uniswap_v3_0.01_ethusdt,10k-100k,13455,271130784.9642598,73042.19898410671,0xc7bbec68d12a0d1830360f8ec58fa599ba1b0e9b
2025-07-28 00:00:00.000 UTC,uniswap_v3_0.01_ethusdt,1k-10k,35177,147431288.8808476,40225.89253145301,0xc7bbec68d12a0d1830360f8ec58fa599ba1b0e9b
2025-07-28 00:00:00.000 UTC,uniswap_v3_0.05_ethusdc,0.5k-1k,2699,1945655.8736601695,528.0151620472337,0x88e6a0c2ddd26feeb64f039a2c41296fcb3f5640
2025-07-28 00:00:00.000 UTC,uniswap_v3_0.05_ethusdc,100k+,917,167162347.174727,45050.67292087602,0x88e6a0c2ddd26feeb64f039a2c41296fcb3f5640
2025-07-28 00:00:00.000 UTC,uniswap_v3_0.05_ethusdc,10k-100k,12562,421311935.3301594,113773.87904708066,0x88e6a0c2ddd26feeb64f039a2c41296fcb3f5640
2025-07-28 00:00:00.000 UTC,uniswap_v3_0.05_ethusdc,1k-10k,8248,35561383.04525335,9792.85259336235,0x88e6a0c2ddd26feeb64f039a2c41296fcb3f5640
2025-07-28 00:00:00.000 UTC,uniswap_v3_0.05_ethusdt,0.5k-1k,1353,990744.9278508,270.78053416294097,0x11b815efb8f581194ae79006d24e0d814b7697f6
2025-07-28 00:00:00.000 UTC,uniswap_v3_0.05_ethusdt,100k+,1462,266779070.59762943,72274.90206993831,0x11b815efb8f581194ae79006d24e0d814b7697f6
2025-07-28 00:00:00.000 UTC,uniswap_v3_0.05_ethusdt,10k-100k,12959,476418851.24254584,128969.08413129419,0x11b815efb8f581194ae79006d24e0d814b7697f6
2025-07-28 00:00:00.000 UTC,uniswap_v3_0.05_ethusdt,1k-10k,5308,25453635.217906404,7069.7633618123455,0x11b815efb8f581194ae79006d24e0d814b7697f6
2025-07-28 00:00:00.000 UTC,uniswap_v3_0.3_ethusdc,0.5k-1k,92,66780.60297669162,18.1808445623424,0x8ad599c3a0ff1de082011efddc58f1908eb6e6d8
2025-07-28 00:00:00.000 UTC,uniswap_v3_0.3_ethusdc,100k+,27,5389412.718145306,1519.6460615283627,0x8ad599c3a0ff1de082011efddc58f1908eb6e6d8
2025-07-28 00:00:00.000 UTC,uniswap_v3_0.3_ethusdc,10k-100k,1493,37843576.20787575,10319.5757420397,0x8ad599c3a0ff1de082011efddc58f1908eb6e6d8
2025-07-28 00:00:00.000 UTC,uniswap_v3_0.3_ethusdc,1k-10k,1112,6331030.007867621,1742.8996486681733,0x8ad599c3a0ff1de082011efddc58f1908eb6e6d8
2025-07-28 00:00:00.000 UTC,uniswap_v3_0.3_ethusdt,0.5k-1k,221,154428.5623091828,41.6046032540377,0x4e68ccd3e89f51c3074ca5072bbac773960dfa36
2025-07-28 00:00:00.000 UTC,uniswap_v3_0.3_ethusdt,100k+,904,205149367.36254618,55864.96133597,0x4e68ccd3e89f51c3074ca5072bbac773960dfa36
2025-07-28 00:00:00.000 UTC,uniswap_v3_0.3_ethusdt,10k-100k,2216,99404342.3483566,27124.35383708163,0x4e68ccd3e89f51c3074ca5072bbac773960dfa36
2025-07-28 00:00:00.000 UTC,uniswap_v3_0.3_ethusdt,1k-10k,561,2429566.8677526596,668.4433020280757,0x4e68ccd3e89f51c3074ca5072bbac773960dfa36
2025-07-28 00:00:00.000 UTC,uniswap_v3_1.0_ethusdc,0.5k-1k,79,56589.40628107758,15.478379344299187,0x7bea39867e4169dbe237d55c8242a8f2fcdcc387
2025-07-28 00:00:00.000 UTC,uniswap_v3_1.0_ethusdc,1k-10k,26,33761.01203122285,9.228217632659199,0x7bea39867e4169dbe237d55c8242a8f2fcdcc387
2025-08-04 00:00:00.000 UTC,curve_usdcwbtcweth,0.5k-1k,236,188852.4447119822,43.85464791758078,0x7f86bf177dd4f3494b841a37e810a34dd56c829b
2025-08-04 00:00:00.000 UTC,curve_usdcwbtcweth,100k+,2,231297.67471637152,55.954804570478935,0x7f86bf177dd4f3494b841a37e810a34dd56c829b
2025-08-04 00:00:00.000 UTC,curve_usdcwbtcweth,10k-100k,300,5960110.427235648,1418.989364767153,0x7f86bf177dd4f3494b841a37e810a34dd56c829b
2025-08-04 00:00:00.000 UTC,curve_usdcwbtcweth,1k-10k,3422,12587621.615137307,2869.9082628842125,0x7f86bf177dd4f3494b841a37e810a34dd56c829b
2025-08-04 00:00:00.000 UTC,curve_usdt,0.5k-1k,26,19024.504582460686,4.841037110557826,0xf5f5b97624542d72a9e06f04804bf81baa15e2b4
2025-08-04 00:00:00.000 UTC,curve_usdt,10k-100k,215,4475264.859885797,1086.0416613215064,0xf5f5b97624542d72a9e06f04804bf81baa15e2b4
2025-08-04 00:00:00.000 UTC,curve_usdt,1k-10k,720,3494776.347428129,844.4038751813307,0xf5f5b97624542d72a9e06f04804bf81baa15e2b4
2025-08-04 00:00:00.000 UTC,curve_usdtwbtcweth,0.5k-1k,80,60171.17717642041,13.474800449065997,0xd51a44d3fae010294c616388b506acda1bfaae46
2025-08-04 00:00:00.000 UTC,curve_usdtwbtcweth,10k-100k,163,2670556.1761017437,595.0608935201717,0xd51a44d3fae010294c616388b506acda1bfaae46
2025-08-04 00:00:00.000 UTC,curve_usdtwbtcweth,1k-10k,3014,10353596.169854071,2412.923188197751,0xd51a44d3fae010294c616388b506acda1bfaae46
2025-08-04 00:00:00.000 UTC,sushiv2_ethusdt,0.5k-1k,265,182873.06760349713,47.68731582521247,0x06da0fd433c1a5d7a4faa01111c044910a184553
2025-08-04 00:00:00.000 UTC,sushiv2_ethusdt,10k-100k,4,101972.45185828485,28.11883092635184,0x06da0fd433c1a5d7a4faa01111c044910a184553
2025-08-04 00:00:00.000 UTC,sushiv2_ethusdt,1k-10k,105,167017.10966558394,42.854337142404376,0x06da0fd433c1a5d7a4faa01111c044910a184553
2025-08-04 00:00:00.000 UTC,sushiv2_usdceth,0.5k-1k,349,253484.05511872814,65.90640090070161,0x397ff1542f962076d0bfe58ea045ffa2d347aca0
2025-08-04 00:00:00.000 UTC,sushiv2_usdceth,10k-100k,1,11710.014954207545,3.155598270542365,0x397ff1542f962076d0bfe58ea045ffa2d347aca0
2025-08-04 00:00:00.000 UTC,sushiv2_usdceth,1k-10k,219,365478.709316545,94.13429426530134,0x397ff1542f962076d0bfe58ea045ffa2d347aca0
2025-08-04 00:00:00.000 UTC,uniswap_v3_0.01_ethusdc,0.5k-1k,9841,7145004.042100977,1856.3588529590747,0xe0554a476a092703abdb3ef35c80e0d76d32939f
2025-08-04 00:00:00.000 UTC,uniswap_v3_0.01_ethusdc,100k+,1125,454469888.89730024,116370.56134379875,0xe0554a476a092703abdb3ef35c80e0d76d32939f
2025-08-04 00:00:00.000 UTC,uniswap_v3_0.01_ethusdc,10k-100k,13570,269309241.05478793,70488.78264309467,0xe0554a476a092703abdb3ef35c80e0d76d32939f
2025-08-04 00:00:00.000 UTC,uniswap_v3_0.01_ethusdc,1k-10k,38056,162292476.61526987,41932.310585086096,0xe0554a476a092703abdb3ef35c80e0d76d32939f
2025-08-04 00:00:00.000 UTC,uniswap_v3_0.01_ethusdt,0.5k-1k,8726,6426976.747671402,1665.7247699134814,0xc7bbec68d12a0d1830360f8ec58fa599ba1b0e9b
2025-08-04 00:00:00.000 UTC,uniswap_v3_0.01_ethusdt,100k+,1302,478716212.7489492,121494.34690926837,0xc7bbec68d12a0d1830360f8ec58fa599ba1b0e9b
2025-08-04 00:00:00.000 UTC,uniswap_v3_0.01_ethusdt,10k-100k,11749,227562430.3059711,58276.41276463124,0xc7bbec68d12a0d1830360f8ec58fa599ba1b0e9b
2025-08-04 00:00:00.000 UTC,uniswap_v3_0.01_ethusdt,1k-10k,37991,164294190.65060997,42389.354856188875,0xc7bbec68d12a0d1830360f8ec58fa599ba1b0e9b
2025-08-04 00:00:00.000 UTC,uniswap_v3_0.05_ethusdc,0.5k-1k,2765,1972846.1915228528,508.3873563976528,0x88e6a0c2ddd26feeb64f039a2c41296fcb3f5640
2025-08-04 00:00:00.000 UTC,uniswap_v3_0.05_ethusdc,100k+,532,103403557.42786822,26004.079328465155,0x88e6a0c2ddd26feeb64f039a2c41296fcb3f5640
2025-08-04 00:00:00.000 UTC,uniswap_v3_0.05_ethusdc,10k-100k,11126,302434839.04840916,78142.11453575888,0x88e6a0c2ddd26feeb64f039a2c41296fcb3f5640
2025-08-04 00:00:00.000 UTC,uniswap_v3_0.05_ethusdc,1k-10k,9751,43993770.304505095,11323.613568595367,0x88e6a0c2ddd26feeb64f039a2c41296fcb3f5640
2025-08-04 00:00:00.000 UTC,uniswap_v3_0.05_ethusdt,0.5k-1k,1738,1257136.4466963524,326.04633560755985,0x11b815efb8f581194ae79006d24e0d814b7697f6
2025-08-04 00:00:00.000 UTC,uniswap_v3_0.05_ethusdt,100k+,1620,348241213.03598905,89417.44505751354,0x11b815efb8f581194ae79006d24e0d814b7697f6
2025-08-04 00:00:00.000 UTC,uniswap_v3_0.05_ethusdt,10k-100k,13529,477726778.1882901,124571.75758639287,0x11b815efb8f581194ae79006d24e0d814b7697f6
2025-08-04 00:00:00.000 UTC,uniswap_v3_0.05_ethusdt,1k-10k,6685,31655726.61965416,8151.188293376475,0x11b815efb8f581194ae79006d24e0d814b7697f6
2025-08-04 00:00:00.000 UTC,uniswap_v3_0.3_ethusdc,0.5k-1k,72,53197.88437701763,13.600409643840644,0x8ad599c3a0ff1de082011efddc58f1908eb6e6d8
2025-08-04 00:00:00.000 UTC,uniswap_v3_0.3_ethusdc,100k+,32,6445774.173538519,1659.9957239662867,0x8ad599c3a0ff1de082011efddc58f1908eb6e6d8
2025-08-04 00:00:00.000 UTC,uniswap_v3_0.3_ethusdc,10k-100k,998,25437529.908880703,6690.182495321106,0x8ad599c3a0ff1de082011efddc58f1908eb6e6d8
2025-08-04 00:00:00.000 UTC,uniswap_v3_0.3_ethusdc,1k-10k,1039,5842762.666836694,1517.1217062808419,0x8ad599c3a0ff1de082011efddc58f1908eb6e6d8
2025-08-04 00:00:00.000 UTC,uniswap_v3_0.3_ethusdt,0.5k-1k,167,115696.92105653298,29.392466070504817,0x4e68ccd3e89f51c3074ca5072bbac773960dfa36
2025-08-04 00:00:00.000 UTC,uniswap_v3_0.3_ethusdt,100k+,706,189624021.9469993,48388.88014257002,0x4e68ccd3e89f51c3074ca5072bbac773960dfa36
2025-08-04 00:00:00.000 UTC,uniswap_v3_0.3_ethusdt,10k-100k,2032,90059472.84668198,23340.480418448,0x4e68ccd3e89f51c3074ca5072bbac773960dfa36
2025-08-04 00:00:00.000 UTC,uniswap_v3_0.3_ethusdt,1k-10k,468,2235642.1954072397,579.3448661938477,0x4e68ccd3e89f51c3074ca5072bbac773960dfa36
2025-08-04 00:00:00.000 UTC,uniswap_v3_1.0_ethusdc,0.5k-1k,67,47877.99623938469,12.637000987900384,0x7bea39867e4169dbe237d55c8242a8f2fcdcc387
2025-08-04 00:00:00.000 UTC,uniswap_v3_1.0_ethusdc,1k-10k,34,50452.48224537511,13.133288542854046,0x7bea39867e4169dbe237d55c8242a8f2fcdcc387
2025-08-11 00:00:00.000 UTC,curve_usdcwbtcweth,0.5k-1k,284,219254.11703722266,40.52640083390295,0x7f86bf177dd4f3494b841a37e810a34dd56c829b
2025-08-11 00:00:00.000 UTC,curve_usdcwbtcweth,100k+,3,563144.3391430115,129.14384840976214,0x7f86bf177dd4f3494b841a37e810a34dd56c829b
2025-08-11 00:00:00.000 UTC,curve_usdcwbtcweth,10k-100k,902,16886368.075136714,3479.3094838247657,0x7f86bf177dd4f3494b841a37e810a34dd56c829b
2025-08-11 00:00:00.000 UTC,curve_usdcwbtcweth,1k-10k,5225,22768610.45600241,4367.028930992842,0x7f86bf177dd4f3494b841a37e810a34dd56c829b
2025-08-11 00:00:00.000 UTC,curve_usdt,0.5k-1k,21,15721.441200098468,2.4144571806600057,0xf5f5b97624542d72a9e06f04804bf81baa15e2b4
2025-08-11 00:00:00.000 UTC,curve_usdt,100k+,1,109131.55813830112,25.54284694365607,0xf5f5b97624542d72a9e06f04804bf81baa15e2b4
2025-08-11 00:00:00.000 UTC,curve_usdt,10k-100k,338,7049235.405175511,1507.548761170196,0xf5f5b97624542d72a9e06f04804bf81baa15e2b4
2025-08-11 00:00:00.000 UTC,curve_usdt,1k-10k,827,4295200.758375249,836.4550540119069,0xf5f5b97624542d72a9e06f04804bf81baa15e2b4
2025-08-11 00:00:00.000 UTC,curve_usdtwbtcweth,0.5k-1k,71,53663.96858771926,10.68556024413015,0xd51a44d3fae010294c616388b506acda1bfaae46
2025-08-11 00:00:00.000 UTC,curve_usdtwbtcweth,100k+,1,129667.73424259071,0,0xd51a44d3fae010294c616388b506acda1bfaae46
2025-08-11 00:00:00.000 UTC,curve_usdtwbtcweth,10k-100k,305,4994333.615314908,1000.885388019255,0xd51a44d3fae010294c616388b506acda1bfaae46
2025-08-11 00:00:00.000 UTC,curve_usdtwbtcweth,1k-10k,3519,13765958.564509388,2792.312355420998,0xd51a44d3fae010294c616388b506acda1bfaae46
2025-08-11 00:00:00.000 UTC,sushiv2_ethusdt,0.5k-1k,329,233806.57258562619,52.10968874288793,0x06da0fd433c1a5d7a4faa01111c044910a184553
2025-08-11 00:00:00.000 UTC,sushiv2_ethusdt,10k-100k,2,31751.46876636945,6.952394699854912,0x06da0fd433c1a5d7a4faa01111c044910a184553
2025-08-11 00:00:00.000 UTC,sushiv2_ethusdt,1k-10k,247,418478.9549354096,92.88303732661898,0x06da0fd433c1a5d7a4faa01111c044910a184553
2025-08-11 00:00:00.000 UTC,sushiv2_usdceth,0.5k-1k,389,284649.8901946448,63.57384304142803,0x397ff1542f962076d0bfe58ea045ffa2d347aca0
2025-08-11 00:00:00.000 UTC,sushiv2_usdceth,1k-10k,416,803276.9646119565,178.34954172750375,0x397ff1542f962076d0bfe58ea045ffa2d347aca0
2025-08-11 00:00:00.000 UTC,uniswap_v3_0.01_ethusdc,0.5k-1k,8374,6140126.690860287,1369.9079230662855,0xe0554a476a092703abdb3ef35c80e0d76d32939f
2025-08-11 00:00:00.000 UTC,uniswap_v3_0.01_ethusdc,100k+,1288,469275914.42283195,104829.96666377579,0xe0554a476a092703abdb3ef35c80e0d76d32939f
2025-08-11 00:00:00.000 UTC,uniswap_v3_0.01_ethusdc,10k-100k,17780,387529170.26362115,86297.37351637064,0xe0554a476a092703abdb3ef35c80e0d76d32939f
2025-08-11 00:00:00.000 UTC,uniswap_v3_0.01_ethusdc,1k-10k,36660,163334752.52643907,36365.72004843077,0xe0554a476a092703abdb3ef35c80e0d76d32939f
2025-08-11 00:00:00.000 UTC,uniswap_v3_0.01_ethusdt,0.5k-1k,7868,5806803.518138457,1293.5473983580202,0xc7bbec68d12a0d1830360f8ec58fa599ba1b0e9b
2025-08-11 00:00:00.000 UTC,uniswap_v3_0.01_ethusdt,100k+,1608,629977390.1854442,141072.93939738692,0xc7bbec68d12a0d1830360f8ec58fa599ba1b0e9b
2025-08-11 00:00:00.000 UTC,uniswap_v3_0.01_ethusdt,10k-100k,18506,396166488.6629178,87633.08451717583,0xc7bbec68d12a0d1830360f8ec58fa599ba1b0e9b
2025-08-11 00:00:00.000 UTC,uniswap_v3_0.01_ethusdt,1k-10k,37623,167313417.728491,37239.28994296742,0xc7bbec68d12a0d1830360f8ec58fa599ba1b0e9b
2025-08-11 00:00:00.000 UTC,uniswap_v3_0.05_ethusdc,0.5k-1k,2877,2056363.4452335269,457.5334620874717,0x88e6a0c2ddd26feeb64f039a2c41296fcb3f5640
2025-08-11 00:00:00.000 UTC,uniswap_v3_0.05_ethusdc,100k+,2021,578712683.6368526,127249.28172640713,0x88e6a0c2ddd26feeb64f039a2c41296fcb3f5640
2025-08-11 00:00:00.000 UTC,uniswap_v3_0.05_ethusdc,10k-100k,15952,518227606.35628724,114729.57585082913,0x88e6a0c2ddd26feeb64f039a2c41296fcb3f5640
2025-08-11 00:00:00.000 UTC,uniswap_v3_0.05_ethusdc,1k-10k,9273,41864881.70264814,9321.100762171203,0x88e6a0c2ddd26feeb64f039a2c41296fcb3f5640
2025-08-11 00:00:00.000 UTC,uniswap_v3_0.05_ethusdt,0.5k-1k,1419,1048747.883356325,233.30868865177223,0x11b815efb8f581194ae79006d24e0d814b7697f6
2025-08-11 00:00:00.000 UTC,uniswap_v3_0.05_ethusdt,100k+,705,149719497.7873426,33746.31970153443,0x11b815efb8f581194ae79006d24e0d814b7697f6
2025-08-11 00:00:00.000 UTC,uniswap_v3_0.05_ethusdt,10k-100k,10890,319859911.7727464,71323.54923741445,0x11b815efb8f581194ae79006d24e0d814b7697f6
2025-08-11 00:00:00.000 UTC,uniswap_v3_0.05_ethusdt,1k-10k,8426,41477873.28057824,9217.430914713914,0x11b815efb8f581194ae79006d24e0d814b7697f6
2025-08-11 00:00:00.000 UTC,uniswap_v3_0.3_ethusdc,0.5k-1k,85,67016.80184885401,14.892053436809519,0x8ad599c3a0ff1de082011efddc58f1908eb6e6d8
2025-08-11 00:00:00.000 UTC,uniswap_v3_0.3_ethusdc,100k+,593,162319820.41275296,36689.99870935898,0x8ad599c3a0ff1de082011efddc58f1908eb6e6d8
2025-08-11 00:00:00.000 UTC,uniswap_v3_0.3_ethusdc,10k-100k,1797,64107472.867652,14295.957097863486,0x8ad599c3a0ff1de082011efddc58f1908eb6e6d8
2025-08-11 00:00:00.000 UTC,uniswap_v3_0.3_ethusdc,1k-10k,827,4708003.505899122,1045.5008309644759,0x8ad599c3a0ff1de082011efddc58f1908eb6e6d8
2025-08-11 00:00:00.000 UTC,uniswap_v3_0.3_ethusdt,0.5k-1k,213,154358.63929779074,34.47298457205293,0x4e68ccd3e89f51c3074ca5072bbac773960dfa36
2025-08-11 00:00:00.000 UTC,uniswap_v3_0.3_ethusdt,100k+,998,276871711.8051578,61798.95130796699,0x4e68ccd3e89f51c3074ca5072bbac773960dfa36
2025-08-11 00:00:00.000 UTC,uniswap_v3_0.3_ethusdt,10k-100k,2600,112150410.56294876,24922.015065966025,0x4e68ccd3e89f51c3074ca5072bbac773960dfa36
2025-08-11 00:00:00.000 UTC,uniswap_v3_0.3_ethusdt,1k-10k,511,2309170.501450409,514.1540502579041,0x4e68ccd3e89f51c3074ca5072bbac773960dfa36
2025-08-11 00:00:00.000 UTC,uniswap_v3_1.0_ethusdc,0.5k-1k,74,53407.07624750884,12.022659381478224,0x7bea39867e4169dbe237d55c8242a8f2fcdcc387
2025-08-11 00:00:00.000 UTC,uniswap_v3_1.0_ethusdc,1k-10k,65,104156.46713330885,23.22516622258325,0x7bea39867e4169dbe237d55c8242a8f2fcdcc387
2025-08-18 00:00:00.000 UTC,curve_usdcwbtcweth,0.5k-1k,464,357013.0706286067,59.64282446010015,0x7f86bf177dd4f3494b841a37e810a34dd56c829b
2025-08-18 00:00:00.000 UTC,curve_usdcwbtcweth,100k+,4,438127.9887385741,98.32735509646507,0x7f86bf177dd4f3494b841a37e810a34dd56c829b
2025-08-18 00:00:00.000 UTC,curve_usdcwbtcweth,10k-100k,1169,21436339.52107002,4238.1384167528995,0x7f86bf177dd4f3494b841a37e810a34dd56c829b
2025-08-18 00:00:00.000 UTC,curve_usdcwbtcweth,1k-10k,7205,29242005.458434444,5574.9646002691625,0x7f86bf177dd4f3494b841a37e810a34dd56c829b
2025-08-18 00:00:00.000 UTC,curve_usdt,0.5k-1k,26,20333.52431405181,4.617992075068093,0xf5f5b97624542d72a9e06f04804bf81baa15e2b4
2025-08-18 00:00:00.000 UTC,curve_usdt,10k-100k,362,7419252.86537242,1582.820561932301,0xf5f5b97624542d72a9e06f04804bf81baa15e2b4
2025-08-18 00:00:00.000 UTC,curve_usdt,1k-10k,1081,5100012.758730694,1051.9557112256675,0xf5f5b97624542d72a9e06f04804bf81baa15e2b4
2025-08-18 00:00:00.000 UTC,curve_usdtwbtcweth,0.5k-1k,93,70165.4582599204,13.902754368463961,0xd51a44d3fae010294c616388b506acda1bfaae46
2025-08-18 00:00:00.000 UTC,curve_usdtwbtcweth,100k+,2,217634.42612214247,0,0xd51a44d3fae010294c616388b506acda1bfaae46
2025-08-18 00:00:00.000 UTC,curve_usdtwbtcweth,10k-100k,383,6474543.938308586,1348.6002032392803,0xd51a44d3fae010294c616388b506acda1bfaae46
2025-08-18 00:00:00.000 UTC,curve_usdtwbtcweth,1k-10k,4838,16755816.445067499,3424.4900773145373,0xd51a44d3fae010294c616388b506acda1bfaae46
2025-08-18 00:00:00.000 UTC,sushiv2_ethusdt,0.5k-1k,414,288751.6307898526,65.56515398928153,0x06da0fd433c1a5d7a4faa01111c044910a184553
2025-08-18 00:00:00.000 UTC,sushiv2_ethusdt,1k-10k,228,397662.8005144153,89.59153183388392,0x06da0fd433c1a5d7a4faa01111c044910a184553
2025-08-18 00:00:00.000 UTC,sushiv2_usdceth,0.5k-1k,585,408117.0602277949,93.028646815351,0x397ff1542f962076d0bfe58ea045ffa2d347aca0
2025-08-18 00:00:00.000 UTC,sushiv2_usdceth,1k-10k,394,729829.760295525,164.37979792202978,0x397ff1542f962076d0bfe58ea045ffa2d347aca0
2025-08-18 00:00:00.000 UTC,uniswap_v3_0.01_ethusdc,0.5k-1k,8163,5919531.073338264,1340.3164007513667,0xe0554a476a092703abdb3ef35c80e0d76d32939f
2025-08-18 00:00:00.000 UTC,uniswap_v3_0.01_ethusdc,100k+,960,281819692.786623,64918.546830089916,0xe0554a476a092703abdb3ef35c80e0d76d32939f
2025-08-18 00:00:00.000 UTC,uniswap_v3_0.01_ethusdc,10k-100k,11842,248462958.45649076,57041.62538266273,0xe0554a476a092703abdb3ef35c80e0d76d32939f
2025-08-18 00:00:00.000 UTC,uniswap_v3_0.01_ethusdc,1k-10k,40644,171685402.30664137,39156.30544802903,0xe0554a476a092703abdb3ef35c80e0d76d32939f
2025-08-18 00:00:00.000 UTC,uniswap_v3_0.01_ethusdt,0.5k-1k,8323,6066953.997506652,1370.6982817961475,0xc7bbec68d12a0d1830360f8ec58fa599ba1b0e9b
2025-08-18 00:00:00.000 UTC,uniswap_v3_0.01_ethusdt,100k+,1577,542155368.8158386,121049.7771080624,0xc7bbec68d12a0d1830360f8ec58fa599ba1b0e9b
2025-08-18 00:00:00.000 UTC,uniswap_v3_0.01_ethusdt,10k-100k,15776,326378639.5811411,72969.79719505143,0xc7bbec68d12a0d1830360f8ec58fa599ba1b0e9b
2025-08-18 00:00:00.000 UTC,uniswap_v3_0.01_ethusdt,1k-10k,43314,192012806.87037054,43318.724424300315,0xc7bbec68d12a0d1830360f8ec58fa599ba1b0e9b
2025-08-18 00:00:00.000 UTC,uniswap_v3_0.05_ethusdc,0.5k-1k,2796,2010875.1987380339,452.13272370580574,0x88e6a0c2ddd26feeb64f039a2c41296fcb3f5640
2025-08-18 00:00:00.000 UTC,uniswap_v3_0.05_ethusdc,100k+,2559,645702523.0667372,144709.03890680108,0x88e6a0c2ddd26feeb64f039a2c41296fcb3f5640
2025-08-18 00:00:00.000 UTC,uniswap_v3_0.05_ethusdc,10k-100k,16592,568083147.2229346,127745.76867788562,0x88e6a0c2ddd26feeb64f039a2c41296fcb3f5640
2025-08-18 00:00:00.000 UTC,uniswap_v3_0.05_ethusdc,1k-10k,9752,44808793.05370728,10086.882885392135,0x88e6a0c2ddd26feeb64f039a2c41296fcb3f5640
2025-08-18 00:00:00.000 UTC,uniswap_v3_0.05_ethusdt,0.5k-1k,1465,1055115.6435423132,236.58820411540393,0x11b815efb8f581194ae79006d24e0d814b7697f6
2025-08-18 00:00:00.000 UTC,uniswap_v3_0.05_ethusdt,100k+,840,192823901.85327867,41565.29173893891,0x11b815efb8f581194ae79006d24e0d814b7697f6
2025-08-18 00:00:00.000 UTC,uniswap_v3_0.05_ethusdt,10k-100k,12501,356905674.1909602,78948.82280054956,0x11b815efb8f581194ae79006d24e0d814b7697f6
2025-08-18 00:00:00.000 UTC,uniswap_v3_0.05_ethusdt,1k-10k,9297,48127429.634322785,10963.75372653413,0x11b815efb8f581194ae79006d24e0d814b7697f6
2025-08-18 00:00:00.000 UTC,uniswap_v3_0.3_ethusdc,0.5k-1k,108,80082.14283211439,18.15225187071038,0x8ad599c3a0ff1de082011efddc58f1908eb6e6d8
2025-08-18 00:00:00.000 UTC,uniswap_v3_0.3_ethusdc,100k+,195,40594136.11681387,9083.343154832015,0x8ad599c3a0ff1de082011efddc58f1908eb6e6d8
2025-08-18 00:00:00.000 UTC,uniswap_v3_0.3_ethusdc,10k-100k,2132,63050644.04086989,14243.65112426414,0x8ad599c3a0ff1de082011efddc58f1908eb6e6d8
2025-08-18 00:00:00.000 UTC,uniswap_v3_0.3_ethusdc,1k-10k,1211,6960177.716248614,1596.2099287160386,0x8ad599c3a0ff1de082011efddc58f1908eb6e6d8
2025-08-18 00:00:00.000 UTC,uniswap_v3_0.3_ethusdt,0.5k-1k,243,181371.60693840348,40.95291319648351,0x4e68ccd3e89f51c3074ca5072bbac773960dfa36
2025-08-18 00:00:00.000 UTC,uniswap_v3_0.3_ethusdt,100k+,1435,415013231.56009406,93519.69287672816,0x4e68ccd3e89f51c3074ca5072bbac773960dfa36
2025-08-18 00:00:00.000 UTC,uniswap_v3_0.3_ethusdt,10k-100k,3024,132336285.19321623,30120.96055601124,0x4e68ccd3e89f51c3074ca5072bbac773960dfa36
2025-08-18 00:00:00.000 UTC,uniswap_v3_0.3_ethusdt,1k-10k,661,3085945.0492149354,701.3692477015762,0x4e68ccd3e89f51c3074ca5072bbac773960dfa36
2025-08-18 00:00:00.000 UTC,uniswap_v3_1.0_ethusdc,0.5k-1k,89,63859.628663114156,14.507149099420493,0x7bea39867e4169dbe237d55c8242a8f2fcdcc387
2025-08-18 00:00:00.000 UTC,uniswap_v3_1.0_ethusdc,1k-10k,69,119269.5579431094,26.75272778868103,0x7bea39867e4169dbe237d55c8242a8f2fcdcc387
2025-08-25 00:00:00.000 UTC,curve_usdcwbtcweth,0.5k-1k,289,215939.5210292151,30.57170295913087,0x7f86bf177dd4f3494b841a37e810a34dd56c829b
2025-08-25 00:00:00.000 UTC,curve_usdcwbtcweth,100k+,4,684357.5577582765,25.029067498457195,0x7f86bf177dd4f3494b841a37e810a34dd56c829b
2025-08-25 00:00:00.000 UTC,curve_usdcwbtcweth,10k-100k,613,10794188.751660272,2072.7704668037277,0x7f86bf177dd4f3494b841a37e810a34dd56c829b
2025-08-25 00:00:00.000 UTC,curve_usdcwbtcweth,1k-10k,6364,23081153.21633626,4384.917906259098,0x7f86bf177dd4f3494b841a37e810a34dd56c829b
2025-08-25 00:00:00.000 UTC,curve_usdt,0.5k-1k,26,19826.677475000317,2.951029757941673,0xf5f5b97624542d72a9e06f04804bf81baa15e2b4
2025-08-25 00:00:00.000 UTC,curve_usdt,100k+,3,431425.2654919914,93.43639854809194,0xf5f5b97624542d72a9e06f04804bf81baa15e2b4
2025-08-25 00:00:00.000 UTC,curve_usdt,10k-100k,604,12156626.790370645,2431.556691467533,0xf5f5b97624542d72a9e06f04804bf81baa15e2b4
2025-08-25 00:00:00.000 UTC,curve_usdt,1k-10k,1481,6838682.878224115,1332.8499014660933,0xf5f5b97624542d72a9e06f04804bf81baa15e2b4
2025-08-25 00:00:00.000 UTC,curve_usdtwbtcweth,0.5k-1k,77,59518.91455502223,11.270017304579214,0xd51a44d3fae010294c616388b506acda1bfaae46
2025-08-25 00:00:00.000 UTC,curve_usdtwbtcweth,10k-100k,413,6848065.71273835,1311.2698944515655,0xd51a44d3fae010294c616388b506acda1bfaae46
2025-08-25 00:00:00.000 UTC,curve_usdtwbtcweth,1k-10k,4921,17779911.60150248,3487.013466965443,0xd51a44d3fae010294c616388b506acda1bfaae46
2025-08-25 00:00:00.000 UTC,sushiv2_ethusdt,0.5k-1k,372,256395.5676138672,57.01166754081316,0x06da0fd433c1a5d7a4faa01111c044910a184553
2025-08-25 00:00:00.000 UTC,sushiv2_ethusdt,10k-100k,2,37465.31756171568,8.632827401474504,0x06da0fd433c1a5d7a4faa01111c044910a184553
2025-08-25 00:00:00.000 UTC,sushiv2_ethusdt,1k-10k,203,313257.21656147984,70.30108281313491,0x06da0fd433c1a5d7a4faa01111c044910a184553
2025-08-25 00:00:00.000 UTC,sushiv2_usdceth,0.5k-1k,460,327251.2443110552,73.05032199802594,0x397ff1542f962076d0bfe58ea045ffa2d347aca0
2025-08-25 00:00:00.000 UTC,sushiv2_usdceth,10k-100k,2,31469.163249300866,7.065115065374441,0x397ff1542f962076d0bfe58ea045ffa2d347aca0
2025-08-25 00:00:00.000 UTC,sushiv2_usdceth,1k-10k,388,675606.8894203082,151.1446437644592,0x397ff1542f962076d0bfe58ea045ffa2d347aca0
2025-08-25 00:00:00.000 UTC,uniswap_v3_0.01_ethusdc,0.5k-1k,6815,4904964.0817085225,1091.7528829323528,0xe0554a476a092703abdb3ef35c80e0d76d32939f
2025-08-25 00:00:00.000 UTC,uniswap_v3_0.01_ethusdc,100k+,772,234995056.97580734,52570.66621100752,0xe0554a476a092703abdb3ef35c80e0d76d32939f
2025-08-25 00:00:00.000 UTC,uniswap_v3_0.01_ethusdc,10k-100k,7776,143667848.474311,32121.48950008375,0xe0554a476a092703abdb3ef35c80e0d76d32939f
2025-08-25 00:00:00.000 UTC,uniswap_v3_0.01_ethusdc,1k-10k,39080,161478835.23282632,35976.33580393892,0xe0554a476a092703abdb3ef35c80e0d76d32939f
2025-08-25 00:00:00.000 UTC,uniswap_v3_0.01_ethusdt,0.5k-1k,7134,5199910.008190171,1158.1866641930555,0xc7bbec68d12a0d1830360f8ec58fa599ba1b0e9b
2025-08-25 00:00:00.000 UTC,uniswap_v3_0.01_ethusdt,100k+,1044,396878854.5649638,88755.59091088937,0xc7bbec68d12a0d1830360f8ec58fa599ba1b0e9b
2025-08-25 00:00:00.000 UTC,uniswap_v3_0.01_ethusdt,10k-100k,13481,263269656.14354733,58554.32499646786,0xc7bbec68d12a0d1830360f8ec58fa599ba1b0e9b
2025-08-25 00:00:00.000 UTC,uniswap_v3_0.01_ethusdt,1k-10k,42053,185340025.62247688,41260.340941190625,0xc7bbec68d12a0d1830360f8ec58fa599ba1b0e9b
2025-08-25 00:00:00.000 UTC,uniswap_v3_0.05_ethusdc,0.5k-1k,2239,1578910.5484793512,351.6674671230638,0x88e6a0c2ddd26feeb64f039a2c41296fcb3f5640
2025-08-25 00:00:00.000 UTC,uniswap_v3_0.05_ethusdc,100k+,2267,552952266.71708,120784.12599225303,0x88e6a0c2ddd26feeb64f039a2c41296fcb3f5640
2025-08-25 00:00:00.000 UTC,uniswap_v3_0.05_ethusdc,10k-100k,11459,362318994.26734465,80171.19868081559,0x88e6a0c2ddd26feeb64f039a2c41296fcb3f5640
2025-08-25 00:00:00.000 UTC,uniswap_v3_0.05_ethusdc,1k-10k,9043,43577096.94467487,9754.428623465043,0x88e6a0c2ddd26feeb64f039a2c41296fcb3f5640
2025-08-25 00:00:00.000 UTC,uniswap_v3_0.05_ethusdt,0.5k-1k,1171,842542.0125756738,187.72163997752423,0x11b815efb8f581194ae79006d24e0d814b7697f6
2025-08-25 00:00:00.000 UTC,uniswap_v3_0.05_ethusdt,100k+,225,41903360.99327847,9394.604139399686,0x11b815efb8f581194ae79006d24e0d814b7697f6
2025-08-25 00:00:00.000 UTC,uniswap_v3_0.05_ethusdt,10k-100k,7217,166805421.32364494,37089.13271545579,0x11b815efb8f581194ae79006d24e0d814b7697f6
2025-08-25 00:00:00.000 UTC,uniswap_v3_0.05_ethusdt,1k-10k,9447,50541280.53390922,11278.178681264564,0x11b815efb8f581194ae79006d24e0d814b7697f6
2025-08-25 00:00:00.000 UTC,uniswap_v3_0.3_ethusdc,0.5k-1k,79,55995.39753516766,12.506682247859866,0x8ad599c3a0ff1de082011efddc58f1908eb6e6d8
2025-08-25 00:00:00.000 UTC,uniswap_v3_0.3_ethusdc,100k+,112,26624639.981089205,6039.845789656739,0x8ad599c3a0ff1de082011efddc58f1908eb6e6d8
2025-08-25 00:00:00.000 UTC,uniswap_v3_0.3_ethusdc,10k-100k,1969,55843278.124734044,12459.124636347911,0x8ad599c3a0ff1de082011efddc58f1908eb6e6d8
2025-08-25 00:00:00.000 UTC,uniswap_v3_0.3_ethusdc,1k-10k,889,5378839.722786859,1200.370140550854,0x8ad599c3a0ff1de082011efddc58f1908eb6e6d8
2025-08-25 00:00:00.000 UTC,uniswap_v3_0.3_ethusdt,0.5k-1k,254,182795.106903883,40.87419119476278,0x4e68ccd3e89f51c3074ca5072bbac773960dfa36
2025-08-25 00:00:00.000 UTC,uniswap_v3_0.3_ethusdt,100k+,1411,417615927.3531123,93878.59438513672,0x4e68ccd3e89f51c3074ca5072bbac773960dfa36
2025-08-25 00:00:00.000 UTC,uniswap_v3_0.3_ethusdt,10k-100k,2572,115655605.53760365,25790.35055210893,0x4e68ccd3e89f51c3074ca5072bbac773960dfa36
2025-08-25 00:00:00.000 UTC,uniswap_v3_0.3_ethusdt,1k-10k,603,2544617.864691553,567.395481143336,0x4e68ccd3e89f51c3074ca5072bbac773960dfa36
2025-08-25 00:00:00.000 UTC,uniswap_v3_1.0_ethusdc,0.5k-1k,74,50762.15458932429,11.292032174071853,0x7bea39867e4169dbe237d55c8242a8f2fcdcc387
2025-08-25 00:00:00.000 UTC,uniswap_v3_1.0_ethusdc,1k-10k,41,59773.24914582251,13.423097775620384,0x7bea39867e4169dbe237d55c8242a8f2fcdcc387
2025-09-01 00:00:00.000 UTC,curve_usdcwbtcweth,0.5k-1k,218,164162.2962549879,26.66898126306254,0x7f86bf177dd4f3494b841a37e810a34dd56c829b
2025-09-01 00:00:00.000 UTC,curve_usdcwbtcweth,100k+,2,363305.7021268047,0,0x7f86bf177dd4f3494b841a37e810a34dd56c829b
2025-09-01 00:00:00.000 UTC,curve_usdcwbtcweth,10k-100k,351,6195631.434416597,1191.5021036766261,0x7f86bf177dd4f3494b841a37e810a34dd56c829b
2025-09-01 00:00:00.000 UTC,curve_usdcwbtcweth,1k-10k,5079,16402584.426164186,3121.9361182841385,0x7f86bf177dd4f3494b841a37e810a34dd56c829b
2025-09-01 00:00:00.000 UTC,curve_usdt,0.5k-1k,25,21298.236552879473,2.9200261424662877,0xf5f5b97624542d72a9e06f04804bf81baa15e2b4
2025-09-01 00:00:00.000 UTC,curve_usdt,10k-100k,583,12022150.383285541,2328.6548309165105,0xf5f5b97624542d72a9e06f04804bf81baa15e2b4
2025-09-01 00:00:00.000 UTC,curve_usdt,1k-10k,1948,8656031.753776558,1707.032256873407,0xf5f5b97624542d72a9e06f04804bf81baa15e2b4
2025-09-01 00:00:00.000 UTC,curve_usdtwbtcweth,0.5k-1k,106,82476.68829172656,15.634408880273536,0xd51a44d3fae010294c616388b506acda1bfaae46
2025-09-01 00:00:00.000 UTC,curve_usdtwbtcweth,10k-100k,237,4226873.343585116,676.3001084902587,0xd51a44d3fae010294c616388b506acda1bfaae46
2025-09-01 00:00:00.000 UTC,curve_usdtwbtcweth,1k-10k,3724,12749556.757809667,2437.3219155654224,0xd51a44d3fae010294c616388b506acda1bfaae46
2025-09-01 00:00:00.000 UTC,sushiv2_ethusdt,0.5k-1k,186,128414.82246633597,29.535636860865253,0x06da0fd433c1a5d7a4faa01111c044910a184553
2025-09-01 00:00:00.000 UTC,sushiv2_ethusdt,10k-100k,4,46241.084362456975,10.74594702705232,0x06da0fd433c1a5d7a4faa01111c044910a184553
2025-09-01 00:00:00.000 UTC,sushiv2_ethusdt,1k-10k,116,189994.53641348067,43.66464116715499,0x06da0fd433c1a5d7a4faa01111c044910a184553
2025-09-01 00:00:00.000 UTC,sushiv2_usdceth,0.5k-1k,269,188074.3921202776,43.27041296598794,0x397ff1542f962076d0bfe58ea045ffa2d347aca0
2025-09-01 00:00:00.000 UTC,sushiv2_usdceth,10k-100k,2,41926.943239714215,9.66531926398018,0x397ff1542f962076d0bfe58ea045ffa2d347aca0
2025-09-01 00:00:00.000 UTC,sushiv2_usdceth,1k-10k,192,324290.21856160735,74.45071987242947,0x397ff1542f962076d0bfe58ea045ffa2d347aca0
2025-09-01 00:00:00.000 UTC,uniswap_v3_0.01_ethusdc,0.5k-1k,6244,4556764.08395039,1049.0180449633615,0xe0554a476a092703abdb3ef35c80e0d76d32939f
2025-09-01 00:00:00.000 UTC,uniswap_v3_0.01_ethusdc,100k+,599,251828645.93662405,58630.16326012706,0xe0554a476a092703abdb3ef35c80e0d76d32939f
2025-09-01 00:00:00.000 UTC,uniswap_v3_0.01_ethusdc,10k-100k,7178,134549644.71054012,30917.167755094037,0xe0554a476a092703abdb3ef35c80e0d76d32939f
2025-09-01 00:00:00.000 UTC,uniswap_v3_0.01_ethusdc,1k-10k,33721,138603635.86635143,31876.24541349754,0xe0554a476a092703abdb3ef35c80e0d76d32939f
2025-09-01 00:00:00.000 UTC,uniswap_v3_0.01_ethusdt,0.5k-1k,6873,4990718.09250127,1149.1616434777527,0xc7bbec68d12a0d1830360f8ec58fa599ba1b0e9b
2025-09-01 00:00:00.000 UTC,uniswap_v3_0.01_ethusdt,100k+,846,386917250.8176708,89373.88338009539,0xc7bbec68d12a0d1830360f8ec58fa599ba1b0e9b
2025-09-01 00:00:00.000 UTC,uniswap_v3_0.01_ethusdt,10k-100k,10538,206114839.80141416,47323.493504213024,0xc7bbec68d12a0d1830360f8ec58fa599ba1b0e9b
2025-09-01 00:00:00.000 UTC,uniswap_v3_0.01_ethusdt,1k-10k,33307,144916801.59312025,33338.31953516804,0xc7bbec68d12a0d1830360f8ec58fa599ba1b0e9b
2025-09-01 00:00:00.000 UTC,uniswap_v3_0.05_ethusdc,0.5k-1k,2065,1460259.2688048892,335.5418062215438,0x88e6a0c2ddd26feeb64f039a2c41296fcb3f5640
2025-09-01 00:00:00.000 UTC,uniswap_v3_0.05_ethusdc,100k+,728,170481751.7539247,38698.80476433728,0x88e6a0c2ddd26feeb64f039a2c41296fcb3f5640
2025-09-01 00:00:00.000 UTC,uniswap_v3_0.05_ethusdc,10k-100k,8973,248857142.95302913,57103.15245788876,0x88e6a0c2ddd26feeb64f039a2c41296fcb3f5640
2025-09-01 00:00:00.000 UTC,uniswap_v3_0.05_ethusdc,1k-10k,7850,36962956.08939781,8506.117939896032,0x88e6a0c2ddd26feeb64f039a2c41296fcb3f5640
2025-09-01 00:00:00.000 UTC,uniswap_v3_0.05_ethusdt,0.5k-1k,1293,942314.8117461713,216.52953571590032,0x11b815efb8f581194ae79006d24e0d814b7697f6
2025-09-01 00:00:00.000 UTC,uniswap_v3_0.05_ethusdt,100k+,624,142816071.26506662,32708.782047243585,0x11b815efb8f581194ae79006d24e0d814b7697f6
2025-09-01 00:00:00.000 UTC,uniswap_v3_0.05_ethusdt,10k-100k,9137,260321729.78950003,59794.71140241262,0x11b815efb8f581194ae79006d24e0d814b7697f6
2025-09-01 00:00:00.000 UTC,uniswap_v3_0.05_ethusdt,1k-10k,5717,29397923.609387167,6766.013728426581,0x11b815efb8f581194ae79006d24e0d814b7697f6
2025-09-01 00:00:00.000 UTC,uniswap_v3_0.3_ethusdc,0.5k-1k,84,61921.79411295431,14.243915504843553,0x8ad599c3a0ff1de082011efddc58f1908eb6e6d8
2025-09-01 00:00:00.000 UTC,uniswap_v3_0.3_ethusdc,100k+,81,18298407.45210591,4226.714175145754,0x8ad599c3a0ff1de082011efddc58f1908eb6e6d8
2025-09-01 00:00:00.000 UTC,uniswap_v3_0.3_ethusdc,10k-100k,1319,40062519.006039634,9221.630113063184,0x8ad599c3a0ff1de082011efddc58f1908eb6e6d8
2025-09-01 00:00:00.000 UTC,uniswap_v3_0.3_ethusdc,1k-10k,544,3105538.231589118,714.8863450124347,0x8ad599c3a0ff1de082011efddc58f1908eb6e6d8
2025-09-01 00:00:00.000 UTC,uniswap_v3_0.3_ethusdt,0.5k-1k,207,150739.8263035897,34.6370569087276,0x4e68ccd3e89f51c3074ca5072bbac773960dfa36
2025-09-01 00:00:00.000 UTC,uniswap_v3_0.3_ethusdt,100k+,1090,392635230.04349375,90239.03145819498,0x4e68ccd3e89f51c3074ca5072bbac773960dfa36
2025-09-01 00:00:00.000 UTC,uniswap_v3_0.3_ethusdt,10k-100k,1509,70427525.352127,16221.064018151468,0x4e68ccd3e89f51c3074ca5072bbac773960dfa36
2025-09-01 00:00:00.000 UTC,uniswap_v3_0.3_ethusdt,1k-10k,460,1912181.9991882136,439.73906050832704,0x4e68ccd3e89f51c3074ca5072bbac773960dfa36
2025-09-01 00:00:00.000 UTC,uniswap_v3_1.0_ethusdc,0.5k-1k,62,43711.743146090754,10.019973984849285,0x7bea39867e4169dbe237d55c8242a8f2fcdcc387
2025-09-01 00:00:00.000 UTC,uniswap_v3_1.0_ethusdc,1k-10k,54,113875.83900057666,26.436982422401233,0x7bea39867e4169dbe237d55c8242a8f2fcdcc387
2025-09-08 00:00:00.000 UTC,curve_usdcwbtcweth,0.5k-1k,243,188697.69749025756,30.21562192217617,0x7f86bf177dd4f3494b841a37e810a34dd56c829b
2025-09-08 00:00:00.000 UTC,curve_usdcwbtcweth,100k+,1,114221.46789294052,25.840119258019822,0x7f86bf177dd4f3494b841a37e810a34dd56c829b
2025-09-08 00:00:00.000 UTC,curve_usdcwbtcweth,10k-100k,298,5247600.922649458,1013.8062723592708,0x7f86bf177dd4f3494b841a37e810a34dd56c829b
2025-09-08 00:00:00.000 UTC,curve_usdcwbtcweth,1k-10k,4353,13998686.488436077,2634.5702417144325,0x7f86bf177dd4f3494b841a37e810a34dd56c829b
2025-09-08 00:00:00.000 UTC,curve_usdt,0.5k-1k,29,22328.062258886923,4.659008925708896,0xf5f5b97624542d72a9e06f04804bf81baa15e2b4
2025-09-08 00:00:00.000 UTC,curve_usdt,100k+,1,157932.88324996724,35.83782826571123,0xf5f5b97624542d72a9e06f04804bf81baa15e2b4
2025-09-08 00:00:00.000 UTC,curve_usdt,10k-100k,488,10252454.336635457,1968.1343471354837,0xf5f5b97624542d72a9e06f04804bf81baa15e2b4
2025-09-08 00:00:00.000 UTC,curve_usdt,1k-10k,1666,7234474.946297338,1384.1740532841477,0xf5f5b97624542d72a9e06f04804bf81baa15e2b4
2025-09-08 00:00:00.000 UTC,curve_usdtwbtcweth,0.5k-1k,116,88815.30919115414,16.038661324566917,0xd51a44d3fae010294c616388b506acda1bfaae46
2025-09-08 00:00:00.000 UTC,curve_usdtwbtcweth,100k+,2,222402.11708304798,0,0xd51a44d3fae010294c616388b506acda1bfaae46
2025-09-08 00:00:00.000 UTC,curve_usdtwbtcweth,10k-100k,146,2470140.331610334,484.4613876373626,0xd51a44d3fae010294c616388b506acda1bfaae46
2025-09-08 00:00:00.000 UTC,curve_usdtwbtcweth,1k-10k,3116,9969744.178229433,1910.042144456361,0xd51a44d3fae010294c616388b506acda1bfaae46
2025-09-08 00:00:00.000 UTC,sushiv2_ethusdt,0.5k-1k,145,98685.29323105629,22.049009001436154,0x06da0fd433c1a5d7a4faa01111c044910a184553
2025-09-08 00:00:00.000 UTC,sushiv2_ethusdt,10k-100k,2,27004.56413274997,5.999375580575252,0x06da0fd433c1a5d7a4faa01111c044910a184553
2025-09-08 00:00:00.000 UTC,sushiv2_ethusdt,1k-10k,75,150911.7949978419,33.44265739634441,0x06da0fd433c1a5d7a4faa01111c044910a184553
2025-09-08 00:00:00.000 UTC,sushiv2_usdceth,0.5k-1k,178,127793.73072796695,28.595660237982916,0x397ff1542f962076d0bfe58ea045ffa2d347aca0
2025-09-08 00:00:00.000 UTC,sushiv2_usdceth,1k-10k,126,218004.6540969468,48.72555336806677,0x397ff1542f962076d0bfe58ea045ffa2d347aca0
2025-09-08 00:00:00.000 UTC,uniswap_v3_0.01_ethusdc,0.5k-1k,6825,5003951.221203557,1118.0599819941408,0xe0554a476a092703abdb3ef35c80e0d76d32939f
2025-09-08 00:00:00.000 UTC,uniswap_v3_0.01_ethusdc,100k+,487,200326566.12655944,44605.912756448466,0xe0554a476a092703abdb3ef35c80e0d76d32939f
2025-09-08 00:00:00.000 UTC,uniswap_v3_0.01_ethusdc,10k-100k,6560,117154885.98993851,26489.69238304477,0xe0554a476a092703abdb3ef35c80e0d76d32939f
2025-09-08 00:00:00.000 UTC,uniswap_v3_0.01_ethusdc,1k-10k,34489,136709979.2562431,30670.475927300955,0xe0554a476a092703abdb3ef35c80e0d76d32939f
2025-09-08 00:00:00.000 UTC,uniswap_v3_0.01_ethusdt,0.5k-1k,7675,5630664.195102146,1256.034566497405,0xc7bbec68d12a0d1830360f8ec58fa599ba1b0e9b
2025-09-08 00:00:00.000 UTC,uniswap_v3_0.01_ethusdt,100k+,787,346791684.1470707,78158.51396450323,0xc7bbec68d12a0d1830360f8ec58fa599ba1b0e9b
2025-09-08 00:00:00.000 UTC,uniswap_v3_0.01_ethusdt,10k-100k,11387,215242510.45957893,48075.7996686047,0xc7bbec68d12a0d1830360f8ec58fa599ba1b0e9b
2025-09-08 00:00:00.000 UTC,uniswap_v3_0.01_ethusdt,1k-10k,34924,150901996.86340302,33671.23669749165,0xc7bbec68d12a0d1830360f8ec58fa599ba1b0e9b
2025-09-08 00:00:00.000 UTC,uniswap_v3_0.05_ethusdc,0.5k-1k,2047,1518301.4636322788,338.58674856357703,0x88e6a0c2ddd26feeb64f039a2c41296fcb3f5640
2025-09-08 00:00:00.000 UTC,uniswap_v3_0.05_ethusdc,100k+,790,170807624.20550945,37203.829006569686,0x88e6a0c2ddd26feeb64f039a2c41296fcb3f5640
2025-09-08 00:00:00.000 UTC,uniswap_v3_0.05_ethusdc,10k-100k,8309,253968227.01945755,56327.11294723571,0x88e6a0c2ddd26feeb64f039a2c41296fcb3f5640
2025-09-08 00:00:00.000 UTC,uniswap_v3_0.05_ethusdc,1k-10k,6413,29815390.536806237,6680.661046734668,0x88e6a0c2ddd26feeb64f039a2c41296fcb3f5640
2025-09-08 00:00:00.000 UTC,uniswap_v3_0.05_ethusdt,0.5k-1k,1073,785909.8235263198,177.06245509362643,0x11b815efb8f581194ae79006d24e0d814b7697f6
2025-09-08 00:00:00.000 UTC,uniswap_v3_0.05_ethusdt,100k+,206,44875059.91841478,10160.287685694973,0x11b815efb8f581194ae79006d24e0d814b7697f6
2025-09-08 00:00:00.000 UTC,uniswap_v3_0.05_ethusdt,10k-100k,6025,148369947.10923076,33524.651989886086,0x11b815efb8f581194ae79006d24e0d814b7697f6
2025-09-08 00:00:00.000 UTC,uniswap_v3_0.05_ethusdt,1k-10k,5923,29536359.150168512,6598.256117997079,0x11b815efb8f581194ae79006d24e0d814b7697f6
2025-09-08 00:00:00.000 UTC,uniswap_v3_0.3_ethusdc,0.5k-1k,98,78173.4056578037,17.34146210759088,0x8ad599c3a0ff1de082011efddc58f1908eb6e6d8
2025-09-08 00:00:00.000 UTC,uniswap_v3_0.3_ethusdc,100k+,125,27958624.95898246,6200.0629193173,0x8ad599c3a0ff1de082011efddc58f1908eb6e6d8
2025-09-08 00:00:00.000 UTC,uniswap_v3_0.3_ethusdc,10k-100k,1232,40322974.6099571,9005.292774836427,0x8ad599c3a0ff1de082011efddc58f1908eb6e6d8
2025-09-08 00:00:00.000 UTC,uniswap_v3_0.3_ethusdc,1k-10k,378,1962190.054770467,440.16813303953506,0x8ad599c3a0ff1de082011efddc58f1908eb6e6d8
2025-09-08 00:00:00.000 UTC,uniswap_v3_0.3_ethusdt,0.5k-1k,182,131489.6492864358,29.4425977094447,0x4e68ccd3e89f51c3074ca5072bbac773960dfa36
2025-09-08 00:00:00.000 UTC,uniswap_v3_0.3_ethusdt,100k+,742,218796580.2597816,49044.71423967031,0x4e68ccd3e89f51c3074ca5072bbac773960dfa36
2025-09-08 00:00:00.000 UTC,uniswap_v3_0.3_ethusdt,10k-100k,1328,60286496.34775813,13470.606356141252,0x4e68ccd3e89f51c3074ca5072bbac773960dfa36
2025-09-08 00:00:00.000 UTC,uniswap_v3_0.3_ethusdt,1k-10k,428,1566241.2214094396,347.75279849799585,0x4e68ccd3e89f51c3074ca5072bbac773960dfa36
2025-09-08 00:00:00.000 UTC,uniswap_v3_1.0_ethusdc,0.5k-1k,32,22532.194070840203,5.014648304622764,0x7bea39867e4169dbe237d55c8242a8f2fcdcc387
2025-09-08 00:00:00.000 UTC,uniswap_v3_1.0_ethusdc,1k-10k,22,40617.79171645125,9.197510258139062,0x7bea39867e4169dbe237d55c8242a8f2fcdcc387
2025-09-15 00:00:00.000 UTC,curve_usdcwbtcweth,0.5k-1k,206,161186.20970081518,28.49047067285517,0x7f86bf177dd4f3494b841a37e810a34dd56c829b
2025-09-15 00:00:00.000 UTC,curve_usdcwbtcweth,100k+,2,428635.8033704199,96.41937226237224,0x7f86bf177dd4f3494b841a37e810a34dd56c829b
2025-09-15 00:00:00.000 UTC,curve_usdcwbtcweth,10k-100k,149,2398574.8930796315,475.26031044244763,0x7f86bf177dd4f3494b841a37e810a34dd56c829b
2025-09-15 00:00:00.000 UTC,curve_usdcwbtcweth,1k-10k,2937,9241290.589598319,1643.604483018641,0x7f86bf177dd4f3494b841a37e810a34dd56c829b
2025-09-15 00:00:00.000 UTC,curve_usdt,0.5k-1k,12,8533.654835425661,1.1855046658799628,0xf5f5b97624542d72a9e06f04804bf81baa15e2b4
2025-09-15 00:00:00.000 UTC,curve_usdt,10k-100k,207,4296761.403032687,812.4742412293471,0xf5f5b97624542d72a9e06f04804bf81baa15e2b4
2025-09-15 00:00:00.000 UTC,curve_usdt,1k-10k,618,2738028.5161585137,473.6535060586095,0xf5f5b97624542d72a9e06f04804bf81baa15e2b4
2025-09-15 00:00:00.000 UTC,curve_usdtwbtcweth,0.5k-1k,77,58236.46555280926,11.846803623628878,0xd51a44d3fae010294c616388b506acda1bfaae46
2025-09-15 00:00:00.000 UTC,curve_usdtwbtcweth,10k-100k,72,1139153.1053848881,193.4316317284133,0xd51a44d3fae010294c616388b506acda1bfaae46
2025-09-15 00:00:00.000 UTC,curve_usdtwbtcweth,1k-10k,1903,5724143.507152708,1050.5828848115943,0xd51a44d3fae010294c616388b506acda1bfaae46
2025-09-15 00:00:00.000 UTC,sushiv2_ethusdt,0.5k-1k,112,76509.50588894698,16.913915772487577,0x06da0fd433c1a5d7a4faa01111c044910a184553
2025-09-15 00:00:00.000 UTC,sushiv2_ethusdt,10k-100k,2,22910.437101809897,4.952008519221668,0x06da0fd433c1a5d7a4faa01111c044910a184553
2025-09-15 00:00:00.000 UTC,sushiv2_ethusdt,1k-10k,60,112128.61258116727,24.827932970400088,0x06da0fd433c1a5d7a4faa01111c044910a184553
2025-09-15 00:00:00.000 UTC,sushiv2_usdceth,0.5k-1k,149,102255.25447529272,22.516919953607268,0x397ff1542f962076d0bfe58ea045ffa2d347aca0
2025-09-15 00:00:00.000 UTC,sushiv2_usdceth,1k-10k,97,154043.65706599786,34.161418866983844,0x397ff1542f962076d0bfe58ea045ffa2d347aca0
2025-09-15 00:00:00.000 UTC,uniswap_v3_0.01_ethusdc,0.5k-1k,7522,5463745.6021155985,1208.645992697421,0xe0554a476a092703abdb3ef35c80e0d76d32939f
2025-09-15 00:00:00.000 UTC,uniswap_v3_0.01_ethusdc,100k+,448,221913876.5926158,49308.509096737114,0xe0554a476a092703abdb3ef35c80e0d76d32939f
2025-09-15 00:00:00.000 UTC,uniswap_v3_0.01_ethusdc,10k-100k,7497,137066702.90418115,30338.270481715965,0xe0554a476a092703abdb3ef35c80e0d76d32939f
2025-09-15 00:00:00.000 UTC,uniswap_v3_0.01_ethusdc,1k-10k,30391,123442727.10880496,27286.872580947118,0xe0554a476a092703abdb3ef35c80e0d76d32939f
2025-09-15 00:00:00.000 UTC,uniswap_v3_0.01_ethusdt,0.5k-1k,8279,5980146.983340239,1322.5052158050491,0xc7bbec68d12a0d1830360f8ec58fa599ba1b0e9b
2025-09-15 00:00:00.000 UTC,uniswap_v3_0.01_ethusdt,100k+,613,287458375.2673714,64188.922188589015,0xc7bbec68d12a0d1830360f8ec58fa599ba1b0e9b
2025-09-15 00:00:00.000 UTC,uniswap_v3_0.01_ethusdt,10k-100k,13976,293910713.29482484,64964.3967208937,0xc7bbec68d12a0d1830360f8ec58fa599ba1b0e9b
2025-09-15 00:00:00.000 UTC,uniswap_v3_0.01_ethusdt,1k-10k,30185,127055505.24894546,28074.549550975,0xc7bbec68d12a0d1830360f8ec58fa599ba1b0e9b
2025-09-15 00:00:00.000 UTC,uniswap_v3_0.05_ethusdc,0.5k-1k,1903,1378628.378941848,305.1182142903903,0x88e6a0c2ddd26feeb64f039a2c41296fcb3f5640
2025-09-15 00:00:00.000 UTC,uniswap_v3_0.05_ethusdc,100k+,490,176711042.54806465,38596.80545293928,0x88e6a0c2ddd26feeb64f039a2c41296fcb3f5640
2025-09-15 00:00:00.000 UTC,uniswap_v3_0.05_ethusdc,10k-100k,6837,190772011.65633473,42126.21973316255,0x88e6a0c2ddd26feeb64f039a2c41296fcb3f5640
2025-09-15 00:00:00.000 UTC,uniswap_v3_0.05_ethusdc,1k-10k,5864,26123807.89844338,5781.024478483043,0x88e6a0c2ddd26feeb64f039a2c41296fcb3f5640
2025-09-15 00:00:00.000 UTC,uniswap_v3_0.05_ethusdt,0.5k-1k,1057,763928.1392414914,168.91436995076572,0x11b815efb8f581194ae79006d24e0d814b7697f6
2025-09-15 00:00:00.000 UTC,uniswap_v3_0.05_ethusdt,100k+,236,41309024.89277011,9157.595047292774,0x11b815efb8f581194ae79006d24e0d814b7697f6
2025-09-15 00:00:00.000 UTC,uniswap_v3_0.05_ethusdt,10k-100k,5792,149908082.94666272,33124.28959173404,0x11b815efb8f581194ae79006d24e0d814b7697f6
2025-09-15 00:00:00.000 UTC,uniswap_v3_0.05_ethusdt,1k-10k,4637,22903051.11049231,5065.209283474478,0x11b815efb8f581194ae79006d24e0d814b7697f6
2025-09-15 00:00:00.000 UTC,uniswap_v3_0.3_ethusdc,0.5k-1k,83,62952.228212611735,13.952161005943681,0x8ad599c3a0ff1de082011efddc58f1908eb6e6d8
2025-09-15 00:00:00.000 UTC,uniswap_v3_0.3_ethusdc,100k+,297,79422272.58615345,17638.92390673758,0x8ad599c3a0ff1de082011efddc58f1908eb6e6d8
2025-09-15 00:00:00.000 UTC,uniswap_v3_0.3_ethusdc,10k-100k,1072,44995921.640777625,9941.900175335433,0x8ad599c3a0ff1de082011efddc58f1908eb6e6d8
2025-09-15 00:00:00.000 UTC,uniswap_v3_0.3_ethusdc,1k-10k,284,1355547.269928852,299.1900652165641,0x8ad599c3a0ff1de082011efddc58f1908eb6e6d8
2025-09-15 00:00:00.000 UTC,uniswap_v3_0.3_ethusdt,0.5k-1k,304,225687.3472758411,50.01241807462903,0x4e68ccd3e89f51c3074ca5072bbac773960dfa36
2025-09-15 00:00:00.000 UTC,uniswap_v3_0.3_ethusdt,100k+,673,201720493.9289532,44716.93253326588,0x4e68ccd3e89f51c3074ca5072bbac773960dfa36
2025-09-15 00:00:00.000 UTC,uniswap_v3_0.3_ethusdt,10k-100k,1035,46302245.39956365,10224.964098168692,0x4e68ccd3e89f51c3074ca5072bbac773960dfa36
2025-09-15 00:00:00.000 UTC,uniswap_v3_0.3_ethusdt,1k-10k,507,1753143.826229534,388.2503706895196,0x4e68ccd3e89f51c3074ca5072bbac773960dfa36
2025-09-15 00:00:00.000 UTC,uniswap_v3_1.0_ethusdc,0.5k-1k,22,14790.207838979151,3.2605428155953873,0x7bea39867e4169dbe237d55c8242a8f2fcdcc387
2025-09-15 00:00:00.000 UTC,uniswap_v3_1.0_ethusdc,1k-10k,8,10732.564491924943,2.3840255498783387,0x7bea39867e4169dbe237d55c8242a8f2fcdcc387
2025-09-22 00:00:00.000 UTC,curve_usdcwbtcweth,0.5k-1k,306,238387.12748505652,47.717194489383665,0x7f86bf177dd4f3494b841a37e810a34dd56c829b
2025-09-22 00:00:00.000 UTC,curve_usdcwbtcweth,10k-100k,603,11316876.338413425,2320.797305458892,0x7f86bf177dd4f3494b841a37e810a34dd56c829b
2025-09-22 00:00:00.000 UTC,curve_usdcwbtcweth,1k-10k,6477,22466032.44987149,4742.174512289975,0x7f86bf177dd4f3494b841a37e810a34dd56c829b
2025-09-22 00:00:00.000 UTC,curve_usdt,0.5k-1k,27,18908.839690156303,4.220945194102285,0xf5f5b97624542d72a9e06f04804bf81baa15e2b4
2025-09-22 00:00:00.000 UTC,curve_usdt,10k-100k,395,9004219.311241658,2052.451751222959,0xf5f5b97624542d72a9e06f04804bf81baa15e2b4
2025-09-22 00:00:00.000 UTC,curve_usdt,1k-10k,1284,5395572.335025967,1209.8970031621918,0xf5f5b97624542d72a9e06f04804bf81baa15e2b4
2025-09-22 00:00:00.000 UTC,curve_usdtwbtcweth,0.5k-1k,164,126634.60126964087,26.508437100832285,0xd51a44d3fae010294c616388b506acda1bfaae46
2025-09-22 00:00:00.000 UTC,curve_usdtwbtcweth,100k+,4,726369.6444374379,175.98277478103307,0xd51a44d3fae010294c616388b506acda1bfaae46
2025-09-22 00:00:00.000 UTC,curve_usdtwbtcweth,10k-100k,399,7507138.385246728,1508.8242690751504,0xd51a44d3fae010294c616388b506acda1bfaae46
2025-09-22 00:00:00.000 UTC,curve_usdtwbtcweth,1k-10k,4609,16507848.237461366,3563.193655254949,0xd51a44d3fae010294c616388b506acda1bfaae46
2025-09-22 00:00:00.000 UTC,sushiv2_ethusdt,0.5k-1k,250,173298.91653776844,42.7439878934156,0x06da0fd433c1a5d7a4faa01111c044910a184553
2025-09-22 00:00:00.000 UTC,sushiv2_ethusdt,1k-10k,128,246757.03004412394,60.5347845320584,0x06da0fd433c1a5d7a4faa01111c044910a184553
2025-09-22 00:00:00.000 UTC,sushiv2_usdceth,0.5k-1k,309,214157.64320316707,52.891591968321436,0x397ff1542f962076d0bfe58ea045ffa2d347aca0
2025-09-22 00:00:00.000 UTC,sushiv2_usdceth,10k-100k,3,33805.399745275485,8.068017959665475,0x397ff1542f962076d0bfe58ea045ffa2d347aca0
2025-09-22 00:00:00.000 UTC,sushiv2_usdceth,1k-10k,220,404449.49291459756,99.71185700798969,0x397ff1542f962076d0bfe58ea045ffa2d347aca0
2025-09-22 00:00:00.000 UTC,uniswap_v3_0.01_ethusdc,0.5k-1k,8772,6376302.070977376,1561.4243867053792,0xe0554a476a092703abdb3ef35c80e0d76d32939f
2025-09-22 00:00:00.000 UTC,uniswap_v3_0.01_ethusdc,100k+,601,179931757.78857365,43892.789634624256,0xe0554a476a092703abdb3ef35c80e0d76d32939f
2025-09-22 00:00:00.000 UTC,uniswap_v3_0.01_ethusdc,10k-100k,7498,140468287.7280485,34269.05163594052,0xe0554a476a092703abdb3ef35c80e0d76d32939f
2025-09-22 00:00:00.000 UTC,uniswap_v3_0.01_ethusdc,1k-10k,39538,155336643.26262605,38036.488005855856,0xe0554a476a092703abdb3ef35c80e0d76d32939f
2025-09-22 00:00:00.000 UTC,uniswap_v3_0.01_ethusdt,0.5k-1k,9954,7253884.68860916,1777.9773329332156,0xc7bbec68d12a0d1830360f8ec58fa599ba1b0e9b
2025-09-22 00:00:00.000 UTC,uniswap_v3_0.01_ethusdt,100k+,916,303000092.4449941,73908.9934885487,0xc7bbec68d12a0d1830360f8ec58fa599ba1b0e9b
2025-09-22 00:00:00.000 UTC,uniswap_v3_0.01_ethusdt,10k-100k,12459,250702866.70692506,61143.80496658129,0xc7bbec68d12a0d1830360f8ec58fa599ba1b0e9b
2025-09-22 00:00:00.000 UTC,uniswap_v3_0.01_ethusdt,1k-10k,41275,168829480.72519976,41388.68404465692,0xc7bbec68d12a0d1830360f8ec58fa599ba1b0e9b
2025-09-22 00:00:00.000 UTC,uniswap_v3_0.05_ethusdc,0.5k-1k,2120,1525298.0212961666,374.30231998624544,0x88e6a0c2ddd26feeb64f039a2c41296fcb3f5640
2025-09-22 00:00:00.000 UTC,uniswap_v3_0.05_ethusdc,100k+,621,125928748.33061777,30841.867978178976,0x88e6a0c2ddd26feeb64f039a2c41296fcb3f5640
2025-09-22 00:00:00.000 UTC,uniswap_v3_0.05_ethusdc,10k-100k,11072,313935374.5230706,77189.27858905868,0x88e6a0c2ddd26feeb64f039a2c41296fcb3f5640
2025-09-22 00:00:00.000 UTC,uniswap_v3_0.05_ethusdc,1k-10k,9587,45418250.99238544,11160.476377915722,0x88e6a0c2ddd26feeb64f039a2c41296fcb3f5640
2025-09-22 00:00:00.000 UTC,uniswap_v3_0.05_ethusdt,0.5k-1k,1349,976494.1926169998,239.73045081639808,0x11b815efb8f581194ae79006d24e0d814b7697f6
2025-09-22 00:00:00.000 UTC,uniswap_v3_0.05_ethusdt,100k+,77,18644258.104330774,4506.192130338317,0x11b815efb8f581194ae79006d24e0d814b7697f6
2025-09-22 00:00:00.000 UTC,uniswap_v3_0.05_ethusdt,10k-100k,4935,86635625.03328569,21119.698197175127,0x11b815efb8f581194ae79006d24e0d814b7697f6
2025-09-22 00:00:00.000 UTC,uniswap_v3_0.05_ethusdt,1k-10k,10542,47846029.82634221,11760.194342531511,0x11b815efb8f581194ae79006d24e0d814b7697f6
2025-09-22 00:00:00.000 UTC,uniswap_v3_0.3_ethusdc,0.5k-1k,87,66779.59693214027,16.249187088621348,0x8ad599c3a0ff1de082011efddc58f1908eb6e6d8
2025-09-22 00:00:00.000 UTC,uniswap_v3_0.3_ethusdc,100k+,207,55808211.93275757,13401.516023880327,0x8ad599c3a0ff1de082011efddc58f1908eb6e6d8
2025-09-22 00:00:00.000 UTC,uniswap_v3_0.3_ethusdc,10k-100k,1538,53404073.67767341,13088.354118127474,0x8ad599c3a0ff1de082011efddc58f1908eb6e6d8
2025-09-22 00:00:00.000 UTC,uniswap_v3_0.3_ethusdc,1k-10k,571,3182655.153005825,786.3924707685849,0x8ad599c3a0ff1de082011efddc58f1908eb6e6d8
2025-09-22 00:00:00.000 UTC,uniswap_v3_0.3_ethusdt,0.5k-1k,323,232270.16448015807,57.45287509200377,0x4e68ccd3e89f51c3074ca5072bbac773960dfa36
2025-09-22 00:00:00.000 UTC,uniswap_v3_0.3_ethusdt,100k+,1131,366289135.17543256,90313.75774997621,0x4e68ccd3e89f51c3074ca5072bbac773960dfa36
2025-09-22 00:00:00.000 UTC,uniswap_v3_0.3_ethusdt,10k-100k,1714,77759815.20860896,19159.40244692163,0x4e68ccd3e89f51c3074ca5072bbac773960dfa36
2025-09-22 00:00:00.000 UTC,uniswap_v3_0.3_ethusdt,1k-10k,744,3046275.4836972593,751.1880239109361,0x4e68ccd3e89f51c3074ca5072bbac773960dfa36
2025-09-22 00:00:00.000 UTC,uniswap_v3_1.0_ethusdc,0.5k-1k,50,36407.93723376318,8.928547959033109,0x7bea39867e4169dbe237d55c8242a8f2fcdcc387
2025-09-22 00:00:00.000 UTC,uniswap_v3_1.0_ethusdc,1k-10k,35,65266.31954512071,16.037394619129238,0x7bea39867e4169dbe237d55c8242a8f2fcdcc387
2025-09-29 00:00:00.000 UTC,curve_usdcwbtcweth,0.5k-1k,260,206135.9623877727,36.72620759885826,0x7f86bf177dd4f3494b841a37e810a34dd56c829b
2025-09-29 00:00:00.000 UTC,curve_usdcwbtcweth,10k-100k,283,4809790.521619544,851.8929285793956,0x7f86bf177dd4f3494b841a37e810a34dd56c829b
2025-09-29 00:00:00.000 UTC,curve_usdcwbtcweth,1k-10k,4962,15562713.221274763,2818.45951000737,0x7f86bf177dd4f3494b841a37e810a34dd56c829b
2025-09-29 00:00:00.000 UTC,curve_usdt,0.5k-1k,14,10513.03242484573,2.498457382970776,0xf5f5b97624542d72a9e06f04804bf81baa15e2b4
2025-09-29 00:00:00.000 UTC,curve_usdt,10k-100k,224,4588908.389971004,763.7599739980244,0xf5f5b97624542d72a9e06f04804bf81baa15e2b4
2025-09-29 00:00:00.000 UTC,curve_usdt,1k-10k,804,3473543.01011049,643.6355637574518,0xf5f5b97624542d72a9e06f04804bf81baa15e2b4
2025-09-29 00:00:00.000 UTC,curve_usdtwbtcweth,0.5k-1k,157,122202.92584112458,23.152282932692614,0xd51a44d3fae010294c616388b506acda1bfaae46
2025-09-29 00:00:00.000 UTC,curve_usdtwbtcweth,10k-100k,220,3562581.631095703,607.8202144038087,0xd51a44d3fae010294c616388b506acda1bfaae46
2025-09-29 00:00:00.000 UTC,curve_usdtwbtcweth,1k-10k,3582,11740506.911313415,2186.4327427576286,0xd51a44d3fae010294c616388b506acda1bfaae46
2025-09-29 00:00:00.000 UTC,sushiv2_ethusdt,0.5k-1k,158,111117.61777576218,25.630911198337348,0x06da0fd433c1a5d7a4faa01111c044910a184553
2025-09-29 00:00:00.000 UTC,sushiv2_ethusdt,10k-100k,1,10854.010220708113,2.668886819134367,0x06da0fd433c1a5d7a4faa01111c044910a184553
2025-09-29 00:00:00.000 UTC,sushiv2_ethusdt,1k-10k,90,138956.4924477371,31.983855442156884,0x06da0fd433c1a5d7a4faa01111c044910a184553
2025-09-29 00:00:00.000 UTC,sushiv2_usdceth,0.5k-1k,244,171808.53485735768,39.472478069572226,0x397ff1542f962076d0bfe58ea045ffa2d347aca0
2025-09-29 00:00:00.000 UTC,sushiv2_usdceth,1k-10k,161,268616.4121734061,61.80564247097132,0x397ff1542f962076d0bfe58ea045ffa2d347aca0
2025-09-29 00:00:00.000 UTC,uniswap_v3_0.01_ethusdc,0.5k-1k,8897,6475900.757015077,1488.1815138934264,0xe0554a476a092703abdb3ef35c80e0d76d32939f
2025-09-29 00:00:00.000 UTC,uniswap_v3_0.01_ethusdc,100k+,480,170375213.20390397,39515.43747979338,0xe0554a476a092703abdb3ef35c80e0d76d32939f
2025-09-29 00:00:00.000 UTC,uniswap_v3_0.01_ethusdc,10k-100k,6138,113639980.36878955,26205.122532729703,0xe0554a476a092703abdb3ef35c80e0d76d32939f
2025-09-29 00:00:00.000 UTC,uniswap_v3_0.01_ethusdc,1k-10k,36903,137328204.49162954,31525.145865748407,0xe0554a476a092703abdb3ef35c80e0d76d32939f
2025-09-29 00:00:00.000 UTC,uniswap_v3_0.01_ethusdt,0.5k-1k,9954,7311044.856085446,1674.6803787469767,0xc7bbec68d12a0d1830360f8ec58fa599ba1b0e9b
2025-09-29 00:00:00.000 UTC,uniswap_v3_0.01_ethusdt,100k+,887,386646973.23218024,88809.60986851768,0xc7bbec68d12a0d1830360f8ec58fa599ba1b0e9b
2025-09-29 00:00:00.000 UTC,uniswap_v3_0.01_ethusdt,10k-100k,19648,444931270.35444176,101388.2225386627,0xc7bbec68d12a0d1830360f8ec58fa599ba1b0e9b
2025-09-29 00:00:00.000 UTC,uniswap_v3_0.01_ethusdt,1k-10k,40112,160624875.99975595,36866.73172704857,0xc7bbec68d12a0d1830360f8ec58fa599ba1b0e9b
2025-09-29 00:00:00.000 UTC,uniswap_v3_0.05_ethusdc,0.5k-1k,2303,1661484.4974454262,381.9626280146885,0x88e6a0c2ddd26feeb64f039a2c41296fcb3f5640
2025-09-29 00:00:00.000 UTC,uniswap_v3_0.05_ethusdc,100k+,431,98457997.05005312,22539.150149128483,0x88e6a0c2ddd26feeb64f039a2c41296fcb3f5640
2025-09-29 00:00:00.000 UTC,uniswap_v3_0.05_ethusdc,10k-100k,8225,217905792.60655892,50077.60538734039,0x88e6a0c2ddd26feeb64f039a2c41296fcb3f5640
2025-09-29 00:00:00.000 UTC,uniswap_v3_0.05_ethusdc,1k-10k,8568,39291927.52820135,9036.152798182118,0x88e6a0c2ddd26feeb64f039a2c41296fcb3f5640
2025-09-29 00:00:00.000 UTC,uniswap_v3_0.05_ethusdt,0.5k-1k,914,670222.0239023302,155.73279289175966,0x11b815efb8f581194ae79006d24e0d814b7697f6
2025-09-29 00:00:00.000 UTC,uniswap_v3_0.05_ethusdt,100k+,46,18430395.355421066,4286.361346903591,0x11b815efb8f581194ae79006d24e0d814b7697f6
2025-09-29 00:00:00.000 UTC,uniswap_v3_0.05_ethusdt,10k-100k,3647,66020610.375338525,15032.375425203078,0x11b815efb8f581194ae79006d24e0d814b7697f6
2025-09-29 00:00:00.000 UTC,uniswap_v3_0.05_ethusdt,1k-10k,8242,40330047.23901022,9289.69570483918,0x11b815efb8f581194ae79006d24e0d814b7697f6
2025-09-29 00:00:00.000 UTC,uniswap_v3_0.3_ethusdc,0.5k-1k,103,76654.5543523978,17.788485736277153,0x8ad599c3a0ff1de082011efddc58f1908eb6e6d8
2025-09-29 00:00:00.000 UTC,uniswap_v3_0.3_ethusdc,100k+,241,49686182.878103234,11267.329596992442,0x8ad599c3a0ff1de082011efddc58f1908eb6e6d8
2025-09-29 00:00:00.000 UTC,uniswap_v3_0.3_ethusdc,10k-100k,1439,52313362.11169911,11970.645162570083,0x8ad599c3a0ff1de082011efddc58f1908eb6e6d8
2025-09-29 00:00:00.000 UTC,uniswap_v3_0.3_ethusdc,1k-10k,513,2582305.2430387107,597.5364596074477,0x8ad599c3a0ff1de082011efddc58f1908eb6e6d8
2025-09-29 00:00:00.000 UTC,uniswap_v3_0.3_ethusdt,0.5k-1k,363,265376.12954190496,61.500523221319305,0x4e68ccd3e89f51c3074ca5072bbac773960dfa36
2025-09-29 00:00:00.000 UTC,uniswap_v3_0.3_ethusdt,100k+,1041,295264278.5214066,67863.36756920282,0x4e68ccd3e89f51c3074ca5072bbac773960dfa36
2025-09-29 00:00:00.000 UTC,uniswap_v3_0.3_ethusdt,10k-100k,1423,65390761.39172268,15076.853394305075,0x4e68ccd3e89f51c3074ca5072bbac773960dfa36
2025-09-29 00:00:00.000 UTC,uniswap_v3_0.3_ethusdt,1k-10k,644,2479277.663726035,574.5929045700958,0x4e68ccd3e89f51c3074ca5072bbac773960dfa36
2025-09-29 00:00:00.000 UTC,uniswap_v3_1.0_ethusdc,0.5k-1k,41,28765.63718784498,6.599085062458395,0x7bea39867e4169dbe237d55c8242a8f2fcdcc387
2025-09-29 00:00:00.000 UTC,uniswap_v3_1.0_ethusdc,1k-10k,25,35967.22622721357,8.233627437447204,0x7bea39867e4169dbe237d55c8242a8f2fcdcc387
2025-10-06 00:00:00.000 UTC,curve_usdcwbtcweth,0.5k-1k,356,278381.6250088835,50.67443262819099,0x7f86bf177dd4f3494b841a37e810a34dd56c829b
2025-10-06 00:00:00.000 UTC,curve_usdcwbtcweth,100k+,39,6702774.625323106,917.9952936576236,0x7f86bf177dd4f3494b841a37e810a34dd56c829b
2025-10-06 00:00:00.000 UTC,curve_usdcwbtcweth,10k-100k,1043,21223409.305977516,4543.721005692098,0x7f86bf177dd4f3494b841a37e810a34dd56c829b
2025-10-06 00:00:00.000 UTC,curve_usdcwbtcweth,1k-10k,7974,29832616.613389738,5626.4677206213455,0x7f86bf177dd4f3494b841a37e810a34dd56c829b
2025-10-06 00:00:00.000 UTC,curve_usdt,0.5k-1k,35,26612.109074946795,3.830976670810795,0xf5f5b97624542d72a9e06f04804bf81baa15e2b4
2025-10-06 00:00:00.000 UTC,curve_usdt,100k+,21,3671480.934169187,409.29015843913896,0xf5f5b97624542d72a9e06f04804bf81baa15e2b4
2025-10-06 00:00:00.000 UTC,curve_usdt,10k-100k,934,22457620.959354237,4799.219494050298,0xf5f5b97624542d72a9e06f04804bf81baa15e2b4
2025-10-06 00:00:00.000 UTC,curve_usdt,1k-10k,2190,10125960.68500304,2041.3631988119503,0xf5f5b97624542d72a9e06f04804bf81baa15e2b4
2025-10-06 00:00:00.000 UTC,curve_usdtwbtcweth,0.5k-1k,236,180606.14999841552,35.066900761745515,0xd51a44d3fae010294c616388b506acda1bfaae46
2025-10-06 00:00:00.000 UTC,curve_usdtwbtcweth,100k+,9,1207018.0028439574,178.81619152733634,0xd51a44d3fae010294c616388b506acda1bfaae46
2025-10-06 00:00:00.000 UTC,curve_usdtwbtcweth,10k-100k,612,11818629.984479733,2580.9360830698874,0xd51a44d3fae010294c616388b506acda1bfaae46
2025-10-06 00:00:00.000 UTC,curve_usdtwbtcweth,1k-10k,5698,21240010.065633994,4068.6788263819362,0xd51a44d3fae010294c616388b506acda1bfaae46
2025-10-06 00:00:00.000 UTC,sushiv2_ethusdt,0.5k-1k,356,255656.85436504375,62.59657088682719,0x06da0fd433c1a5d7a4faa01111c044910a184553
2025-10-06 00:00:00.000 UTC,sushiv2_ethusdt,10k-100k,26,787891.6938332467,222.80380155896904,0x06da0fd433c1a5d7a4faa01111c044910a184553
2025-10-06 00:00:00.000 UTC,sushiv2_ethusdt,1k-10k,328,722429.4141633916,183.20277066507091,0x06da0fd433c1a5d7a4faa01111c044910a184553
2025-10-06 00:00:00.000 UTC,sushiv2_usdceth,0.5k-1k,412,295878.78748833993,71.70959181139891,0x397ff1542f962076d0bfe58ea045ffa2d347aca0
2025-10-06 00:00:00.000 UTC,sushiv2_usdceth,10k-100k,51,1668693.2085897939,459.6126374059756,0x397ff1542f962076d0bfe58ea045ffa2d347aca0
2025-10-06 00:00:00.000 UTC,sushiv2_usdceth,1k-10k,506,1115868.4185141313,279.1080112679185,0x397ff1542f962076d0bfe58ea045ffa2d347aca0
2025-10-06 00:00:00.000 UTC,uniswap_v3_0.01_ethusdc,0.5k-1k,10230,7535861.384582325,1775.4686297093774,0xe0554a476a092703abdb3ef35c80e0d76d32939f
2025-10-06 00:00:00.000 UTC,uniswap_v3_0.01_ethusdc,100k+,649,204218634.38835767,47374.02607025572,0xe0554a476a092703abdb3ef35c80e0d76d32939f
2025-10-06 00:00:00.000 UTC,uniswap_v3_0.01_ethusdc,10k-100k,8884,176374745.6842066,41830.50778742305,0xe0554a476a092703abdb3ef35c80e0d76d32939f
2025-10-06 00:00:00.000 UTC,uniswap_v3_0.01_ethusdc,1k-10k,45759,171225087.26128873,40268.89782304099,0xe0554a476a092703abdb3ef35c80e0d76d32939f
2025-10-06 00:00:00.000 UTC,uniswap_v3_0.01_ethusdt,0.5k-1k,10986,8125061.59728222,1909.8858404472069,0xc7bbec68d12a0d1830360f8ec58fa599ba1b0e9b
2025-10-06 00:00:00.000 UTC,uniswap_v3_0.01_ethusdt,100k+,1516,524427164.3103671,124225.65880001958,0xc7bbec68d12a0d1830360f8ec58fa599ba1b0e9b
2025-10-06 00:00:00.000 UTC,uniswap_v3_0.01_ethusdt,10k-100k,30683,748912780.6941372,176199.3937763471,0xc7bbec68d12a0d1830360f8ec58fa599ba1b0e9b
2025-10-06 00:00:00.000 UTC,uniswap_v3_0.01_ethusdt,1k-10k,49862,202419879.5167485,47965.79293723823,0xc7bbec68d12a0d1830360f8ec58fa599ba1b0e9b
2025-10-06 00:00:00.000 UTC,uniswap_v3_0.05_ethusdc,0.5k-1k,3224,2374844.039226861,564.246656472474,0x88e6a0c2ddd26feeb64f039a2c41296fcb3f5640
2025-10-06 00:00:00.000 UTC,uniswap_v3_0.05_ethusdc,100k+,1017,243798772.64988804,59987.5355137334,0x88e6a0c2ddd26feeb64f039a2c41296fcb3f5640
2025-10-06 00:00:00.000 UTC,uniswap_v3_0.05_ethusdc,10k-100k,13808,396405150.3572973,95271.5122063606,0x88e6a0c2ddd26feeb64f039a2c41296fcb3f5640
2025-10-06 00:00:00.000 UTC,uniswap_v3_0.05_ethusdc,1k-10k,12567,56630238.39462059,13539.630438146769,0x88e6a0c2ddd26feeb64f039a2c41296fcb3f5640
2025-10-06 00:00:00.000 UTC,uniswap_v3_0.05_ethusdt,0.5k-1k,983,723279.8469831558,174.1164260295746,0x11b815efb8f581194ae79006d24e0d814b7697f6
2025-10-06 00:00:00.000 UTC,uniswap_v3_0.05_ethusdt,100k+,92,13457372.798786797,3417.442514436046,0x11b815efb8f581194ae79006d24e0d814b7697f6
2025-10-06 00:00:00.000 UTC,uniswap_v3_0.05_ethusdt,10k-100k,6741,134094593.60072586,31788.845205950973,0x11b815efb8f581194ae79006d24e0d814b7697f6
2025-10-06 00:00:00.000 UTC,uniswap_v3_0.05_ethusdt,1k-10k,10385,51333382.09405114,12309.939422449876,0x11b815efb8f581194ae79006d24e0d814b7697f6
2025-10-06 00:00:00.000 UTC,uniswap_v3_0.3_ethusdc,0.5k-1k,167,126685.38425909527,30.369551672227903,0x8ad599c3a0ff1de082011efddc58f1908eb6e6d8
2025-10-06 00:00:00.000 UTC,uniswap_v3_0.3_ethusdc,100k+,648,165020119.89535028,42262.0630838791,0x8ad599c3a0ff1de082011efddc58f1908eb6e6d8
2025-10-06 00:00:00.000 UTC,uniswap_v3_0.3_ethusdc,10k-100k,2585,102121783.00330763,24758.990053980437,0x8ad599c3a0ff1de082011efddc58f1908eb6e6d8
2025-10-06 00:00:00.000 UTC,uniswap_v3_0.3_ethusdc,1k-10k,812,3973986.668534305,947.3943082113439,0x8ad599c3a0ff1de082011efddc58f1908eb6e6d8
2025-10-06 00:00:00.000 UTC,uniswap_v3_0.3_ethusdt,0.5k-1k,513,364686.6035836767,85.7494134726987,0x4e68ccd3e89f51c3074ca5072bbac773960dfa36
2025-10-06 00:00:00.000 UTC,uniswap_v3_0.3_ethusdt,100k+,2156,704532856.3569169,170859.16874670968,0x4e68ccd3e89f51c3074ca5072bbac773960dfa36
2025-10-06 00:00:00.000 UTC,uniswap_v3_0.3_ethusdt,10k-100k,2600,124952900.62395248,30158.478874624787,0x4e68ccd3e89f51c3074ca5072bbac773960dfa36
2025-10-06 00:00:00.000 UTC,uniswap_v3_0.3_ethusdt,1k-10k,1016,4042361.727966553,965.6635173959311,0x4e68ccd3e89f51c3074ca5072bbac773960dfa36
2025-10-06 00:00:00.000 UTC,uniswap_v3_1.0_ethusdc,0.5k-1k,74,53511.57787667963,13.077595378823828,0x7bea39867e4169dbe237d55c8242a8f2fcdcc387
2025-10-06 00:00:00.000 UTC,uniswap_v3_1.0_ethusdc,10k-100k,16,339657.5862752275,93.77522117591523,0x7bea39867e4169dbe237d55c8242a8f2fcdcc387
2025-10-06 00:00:00.000 UTC,uniswap_v3_1.0_ethusdc,1k-10k,104,260500.17412245658,68.4831614990826,0x7bea39867e4169dbe237d55c8242a8f2fcdcc387
2025-10-13 00:00:00.000 UTC,curve_usdcwbtcweth,0.5k-1k,537,416021.0887017644,77.515044705812,0x7f86bf177dd4f3494b841a37e810a34dd56c829b
2025-10-13 00:00:00.000 UTC,curve_usdcwbtcweth,100k+,4,464083.40254882036,78.29484831538207,0x7f86bf177dd4f3494b841a37e810a34dd56c829b
2025-10-13 00:00:00.000 UTC,curve_usdcwbtcweth,10k-100k,1388,26553801.914394885,5087.860298144353,0x7f86bf177dd4f3494b841a37e810a34dd56c829b
2025-10-13 00:00:00.000 UTC,curve_usdcwbtcweth,1k-10k,11462,42279477.73024731,8229.99249892599,0x7f86bf177dd4f3494b841a37e810a34dd56c829b
2025-10-13 00:00:00.000 UTC,curve_usdt,0.5k-1k,85,66579.45084941923,12.110528099181966,0xf5f5b97624542d72a9e06f04804bf81baa15e2b4
2025-10-13 00:00:00.000 UTC,curve_usdt,100k+,17,1823941.6681155479,30.0096,0xf5f5b97624542d72a9e06f04804bf81baa15e2b4
2025-10-13 00:00:00.000 UTC,curve_usdt,10k-100k,2067,46830867.7378644,9386.649569618055,0xf5f5b97624542d72a9e06f04804bf81baa15e2b4
2025-10-13 00:00:00.000 UTC,curve_usdt,1k-10k,4912,22216492.629591793,4479.018388818086,0xf5f5b97624542d72a9e06f04804bf81baa15e2b4
2025-10-13 00:00:00.000 UTC,curve_usdtwbtcweth,0.5k-1k,266,208852.32660371275,41.48638852887621,0xd51a44d3fae010294c616388b506acda1bfaae46
2025-10-13 00:00:00.000 UTC,curve_usdtwbtcweth,10k-100k,663,11820852.494270964,2111.4521211659135,0xd51a44d3fae010294c616388b506acda1bfaae46
2025-10-13 00:00:00.000 UTC,curve_usdtwbtcweth,1k-10k,6992,24723170.572002117,4914.850714251878,0xd51a44d3fae010294c616388b506acda1bfaae46
2025-10-13 00:00:00.000 UTC,sushiv2_ethusdt,0.5k-1k,412,289207.99279352743,72.44700272138698,0x06da0fd433c1a5d7a4faa01111c044910a184553
2025-10-13 00:00:00.000 UTC,sushiv2_ethusdt,1k-10k,300,474247.44996637595,119.73800116945634,0x06da0fd433c1a5d7a4faa01111c044910a184553
2025-10-13 00:00:00.000 UTC,sushiv2_usdceth,0.5k-1k,429,305952.42701583385,76.58148676760766,0x397ff1542f962076d0bfe58ea045ffa2d347aca0
2025-10-13 00:00:00.000 UTC,sushiv2_usdceth,10k-100k,3,62474.296838001545,15.535300334173963,0x397ff1542f962076d0bfe58ea045ffa2d347aca0
2025-10-13 00:00:00.000 UTC,sushiv2_usdceth,1k-10k,491,837019.314147464,210.69689267938833,0x397ff1542f962076d0bfe58ea045ffa2d347aca0
2025-10-13 00:00:00.000 UTC,uniswap_v3_0.01_ethusdc,0.5k-1k,11212,8167556.33477582,2041.7770464935888,0xe0554a476a092703abdb3ef35c80e0d76d32939f
2025-10-13 00:00:00.000 UTC,uniswap_v3_0.01_ethusdc,100k+,464,137386048.30816776,34216.282119207324,0xe0554a476a092703abdb3ef35c80e0d76d32939f
2025-10-13 00:00:00.000 UTC,uniswap_v3_0.01_ethusdc,10k-100k,6046,116951424.74610417,29357.92452912312,0xe0554a476a092703abdb3ef35c80e0d76d32939f
2025-10-13 00:00:00.000 UTC,uniswap_v3_0.01_ethusdc,1k-10k,45328,162263712.50779894,40572.95514394421,0xe0554a476a092703abdb3ef35c80e0d76d32939f
2025-10-13 00:00:00.000 UTC,uniswap_v3_0.01_ethusdt,0.5k-1k,11905,8814061.77054484,2205.0944289427107,0xc7bbec68d12a0d1830360f8ec58fa599ba1b0e9b
2025-10-13 00:00:00.000 UTC,uniswap_v3_0.01_ethusdt,100k+,1049,341284525.4455059,85809.11649301664,0xc7bbec68d12a0d1830360f8ec58fa599ba1b0e9b
2025-10-13 00:00:00.000 UTC,uniswap_v3_0.01_ethusdt,10k-100k,25505,581031405.2075176,145107.76393712478,0xc7bbec68d12a0d1830360f8ec58fa599ba1b0e9b
2025-10-13 00:00:00.000 UTC,uniswap_v3_0.01_ethusdt,1k-10k,52561,217958387.16483375,54555.73557725076,0xc7bbec68d12a0d1830360f8ec58fa599ba1b0e9b
2025-10-13 00:00:00.000 UTC,uniswap_v3_0.05_ethusdc,0.5k-1k,2550,1822616.3141352097,457.0307436488058,0x88e6a0c2ddd26feeb64f039a2c41296fcb3f5640
2025-10-13 00:00:00.000 UTC,uniswap_v3_0.05_ethusdc,100k+,760,193026498.5398016,47431.94178125473,0x88e6a0c2ddd26feeb64f039a2c41296fcb3f5640
2025-10-13 00:00:00.000 UTC,uniswap_v3_0.05_ethusdc,10k-100k,12342,340260227.3580844,85242.20785528304,0x88e6a0c2ddd26feeb64f039a2c41296fcb3f5640
2025-10-13 00:00:00.000 UTC,uniswap_v3_0.05_ethusdc,1k-10k,12479,58950626.38280982,14806.027284913842,0x88e6a0c2ddd26feeb64f039a2c41296fcb3f5640
2025-10-13 00:00:00.000 UTC,uniswap_v3_0.05_ethusdt,0.5k-1k,1049,762876.9085478905,191.9235680139926,0x11b815efb8f581194ae79006d24e0d814b7697f6
2025-10-13 00:00:00.000 UTC,uniswap_v3_0.05_ethusdt,100k+,1,175672.23537500002,42.47409264876713,0x11b815efb8f581194ae79006d24e0d814b7697f6
2025-10-13 00:00:00.000 UTC,uniswap_v3_0.05_ethusdt,10k-100k,4628,74136522.82902724,18448.665028976742,0x11b815efb8f581194ae79006d24e0d814b7697f6
2025-10-13 00:00:00.000 UTC,uniswap_v3_0.05_ethusdt,1k-10k,12539,55105750.59246182,13811.229150009545,0x11b815efb8f581194ae79006d24e0d814b7697f6
2025-10-13 00:00:00.000 UTC,uniswap_v3_0.3_ethusdc,0.5k-1k,81,58055.107067508216,14.563631043928634,0x8ad599c3a0ff1de082011efddc58f1908eb6e6d8
2025-10-13 00:00:00.000 UTC,uniswap_v3_0.3_ethusdc,100k+,652,124407828.5469591,31628.1525169557,0x8ad599c3a0ff1de082011efddc58f1908eb6e6d8
2025-10-13 00:00:00.000 UTC,uniswap_v3_0.3_ethusdc,10k-100k,2466,99410292.44255354,25045.58846120874,0x8ad599c3a0ff1de082011efddc58f1908eb6e6d8
2025-10-13 00:00:00.000 UTC,uniswap_v3_0.3_ethusdc,1k-10k,617,3417710.7242844785,854.7317750021308,0x8ad599c3a0ff1de082011efddc58f1908eb6e6d8
2025-10-13 00:00:00.000 UTC,uniswap_v3_0.3_ethusdt,0.5k-1k,300,203830.89692716848,51.125809475501434,0x4e68ccd3e89f51c3074ca5072bbac773960dfa36
2025-10-13 00:00:00.000 UTC,uniswap_v3_0.3_ethusdt,100k+,1548,418336508.40117025,104087.34374718678,0x4e68ccd3e89f51c3074ca5072bbac773960dfa36
2025-10-13 00:00:00.000 UTC,uniswap_v3_0.3_ethusdt,10k-100k,2502,114476165.19823891,28818.605927409237,0x4e68ccd3e89f51c3074ca5072bbac773960dfa36
2025-10-13 00:00:00.000 UTC,uniswap_v3_0.3_ethusdt,1k-10k,610,2674490.703251994,675.0145899032464,0x4e68ccd3e89f51c3074ca5072bbac773960dfa36
2025-10-13 00:00:00.000 UTC,uniswap_v3_1.0_ethusdc,0.5k-1k,99,68506.44490470667,17.1233847882472,0x7bea39867e4169dbe237d55c8242a8f2fcdcc387
2025-10-13 00:00:00.000 UTC,uniswap_v3_1.0_ethusdc,1k-10k,68,100075.53069108255,25.322028366491796,0x7bea39867e4169dbe237d55c8242a8f2fcdcc387
2025-10-20 00:00:00.000 UTC,curve_usdcwbtcweth,0.5k-1k,683,559965.0375868567,110.64980045839414,0x7f86bf177dd4f3494b841a37e810a34dd56c829b
2025-10-20 00:00:00.000 UTC,curve_usdcwbtcweth,10k-100k,409,7270160.37099542,1286.2365265379044,0x7f86bf177dd4f3494b841a37e810a34dd56c829b
2025-10-20 00:00:00.000 UTC,curve_usdcwbtcweth,1k-10k,7416,21614578.153502706,4088.817395352663,0x7f86bf177dd4f3494b841a37e810a34dd56c829b
2025-10-20 00:00:00.000 UTC,curve_usdt,0.5k-1k,46,38170.83568386561,8.86717631260075,0xf5f5b97624542d72a9e06f04804bf81baa15e2b4
2025-10-20 00:00:00.000 UTC,curve_usdt,10k-100k,351,6821467.335243882,1358.912308106813,0xf5f5b97624542d72a9e06f04804bf81baa15e2b4
2025-10-20 00:00:00.000 UTC,curve_usdt,1k-10k,1934,7248561.808188945,1433.6631491467933,0xf5f5b97624542d72a9e06f04804bf81baa15e2b4
2025-10-20 00:00:00.000 UTC,curve_usdtwbtcweth,0.5k-1k,320,258593.7468206981,53.15854069967842,0xd51a44d3fae010294c616388b506acda1bfaae46
2025-10-20 00:00:00.000 UTC,curve_usdtwbtcweth,10k-100k,212,3559478.0131891626,588.6942553620778,0xd51a44d3fae010294c616388b506acda1bfaae46
2025-10-20 00:00:00.000 UTC,curve_usdtwbtcweth,1k-10k,5172,14292494.93234714,2766.169374247138,0xd51a44d3fae010294c616388b506acda1bfaae46
2025-10-20 00:00:00.000 UTC,sushiv2_ethusdt,0.5k-1k,230,159166.36016607325,40.72842749359323,0x06da0fd433c1a5d7a4faa01111c044910a184553
2025-10-20 00:00:00.000 UTC,sushiv2_ethusdt,1k-10k,116,184003.21648451488,46.90948427402827,0x06da0fd433c1a5d7a4faa01111c044910a184553
2025-10-20 00:00:00.000 UTC,sushiv2_usdceth,0.5k-1k,336,232351.44718646514,59.44214617825493,0x397ff1542f962076d0bfe58ea045ffa2d347aca0
2025-10-20 00:00:00.000 UTC,sushiv2_usdceth,1k-10k,220,364399.73995019105,93.04894256581254,0x397ff1542f962076d0bfe58ea045ffa2d347aca0
2025-10-20 00:00:00.000 UTC,uniswap_v3_0.01_ethusdc,0.5k-1k,10580,7721832.957094162,1966.2633480344352,0xe0554a476a092703abdb3ef35c80e0d76d32939f
2025-10-20 00:00:00.000 UTC,uniswap_v3_0.01_ethusdc,100k+,410,160342470.28960842,41655.92271325887,0xe0554a476a092703abdb3ef35c80e0d76d32939f
2025-10-20 00:00:00.000 UTC,uniswap_v3_0.01_ethusdc,10k-100k,3141,63552169.80599257,16171.65868051386,0xe0554a476a092703abdb3ef35c80e0d76d32939f
2025-10-20 00:00:00.000 UTC,uniswap_v3_0.01_ethusdc,1k-10k,38748,126252534.2600868,32129.283822544563,0xe0554a476a092703abdb3ef35c80e0d76d32939f
2025-10-20 00:00:00.000 UTC,uniswap_v3_0.01_ethusdt,0.5k-1k,11936,8763991.47249789,2232.0631998548024,0xc7bbec68d12a0d1830360f8ec58fa599ba1b0e9b
2025-10-20 00:00:00.000 UTC,uniswap_v3_0.01_ethusdt,100k+,968,328077889.60494626,84229.6796611987,0xc7bbec68d12a0d1830360f8ec58fa599ba1b0e9b
2025-10-20 00:00:00.000 UTC,uniswap_v3_0.01_ethusdt,10k-100k,13952,296019478.21454,75116.95495004523,0xc7bbec68d12a0d1830360f8ec58fa599ba1b0e9b
2025-10-20 00:00:00.000 UTC,uniswap_v3_0.01_ethusdt,1k-10k,48262,187356620.09436643,47683.89195674578,0xc7bbec68d12a0d1830360f8ec58fa599ba1b0e9b
2025-10-20 00:00:00.000 UTC,uniswap_v3_0.05_ethusdc,0.5k-1k,1740,1253211.6169997852,318.8175021394161,0x88e6a0c2ddd26feeb64f039a2c41296fcb3f5640
2025-10-20 00:00:00.000 UTC,uniswap_v3_0.05_ethusdc,100k+,311,60303394.66184878,15250.892386286114,0x88e6a0c2ddd26feeb64f039a2c41296fcb3f5640
2025-10-20 00:00:00.000 UTC,uniswap_v3_0.05_ethusdc,10k-100k,8313,222028001.73846385,56503.00445866615,0x88e6a0c2ddd26feeb64f039a2c41296fcb3f5640
2025-10-20 00:00:00.000 UTC,uniswap_v3_0.05_ethusdc,1k-10k,9698,45549848.10164687,11606.47836356143,0x88e6a0c2ddd26feeb64f039a2c41296fcb3f5640
2025-10-20 00:00:00.000 UTC,uniswap_v3_0.05_ethusdt,0.5k-1k,900,669871.2455522044,170.6072264725529,0x11b815efb8f581194ae79006d24e0d814b7697f6
2025-10-20 00:00:00.000 UTC,uniswap_v3_0.05_ethusdt,100k+,3,361243.34059562953,91.69841331657105,0x11b815efb8f581194ae79006d24e0d814b7697f6
2025-10-20 00:00:00.000 UTC,uniswap_v3_0.05_ethusdt,10k-100k,1711,27796985.06914574,7035.433255622282,0x11b815efb8f581194ae79006d24e0d814b7697f6
2025-10-20 00:00:00.000 UTC,uniswap_v3_0.05_ethusdt,1k-10k,10434,39997556.65775741,10180.745561922415,0x11b815efb8f581194ae79006d24e0d814b7697f6
2025-10-20 00:00:00.000 UTC,uniswap_v3_0.3_ethusdc,0.5k-1k,113,85256.20117980614,21.65223111964006,0x8ad599c3a0ff1de082011efddc58f1908eb6e6d8
2025-10-20 00:00:00.000 UTC,uniswap_v3_0.3_ethusdc,100k+,446,88953546.96224347,22761.561527938076,0x8ad599c3a0ff1de082011efddc58f1908eb6e6d8
2025-10-20 00:00:00.000 UTC,uniswap_v3_0.3_ethusdc,10k-100k,1671,64879867.11218339,16552.69912666691,0x8ad599c3a0ff1de082011efddc58f1908eb6e6d8
2025-10-20 00:00:00.000 UTC,uniswap_v3_0.3_ethusdc,1k-10k,615,3099236.3080545785,789.8776654876831,0x8ad599c3a0ff1de082011efddc58f1908eb6e6d8
2025-10-20 00:00:00.000 UTC,uniswap_v3_0.3_ethusdt,0.5k-1k,264,187807.0253804611,47.88648223045522,0x4e68ccd3e89f51c3074ca5072bbac773960dfa36
2025-10-20 00:00:00.000 UTC,uniswap_v3_0.3_ethusdt,100k+,867,238203129.3111766,60248.98525058157,0x4e68ccd3e89f51c3074ca5072bbac773960dfa36
2025-10-20 00:00:00.000 UTC,uniswap_v3_0.3_ethusdt,10k-100k,1766,74221446.87558973,18924.115890966772,0x4e68ccd3e89f51c3074ca5072bbac773960dfa36
2025-10-20 00:00:00.000 UTC,uniswap_v3_0.3_ethusdt,1k-10k,583,2620525.527969402,668.6065907872353,0x4e68ccd3e89f51c3074ca5072bbac773960dfa36
2025-10-20 00:00:00.000 UTC,uniswap_v3_1.0_ethusdc,0.5k-1k,58,40662.49490261344,10.330671816909067,0x7bea39867e4169dbe237d55c8242a8f2fcdcc387
2025-10-20 00:00:00.000 UTC,uniswap_v3_1.0_ethusdc,10k-100k,2,33838.80799529746,8.602389303406285,0x7bea39867e4169dbe237d55c8242a8f2fcdcc387
2025-10-20 00:00:00.000 UTC,uniswap_v3_1.0_ethusdc,1k-10k,54,107594.6792216277,27.432673919797224,0x7bea39867e4169dbe237d55c8242a8f2fcdcc387
2025-10-27 00:00:00.000 UTC,curve_usdcwbtcweth,0.5k-1k,587,481565.0174372612,92.33926833928594,0x7f86bf177dd4f3494b841a37e810a34dd56c829b
2025-10-27 00:00:00.000 UTC,curve_usdcwbtcweth,10k-100k,409,6942085.794238444,1398.7097355713145,0x7f86bf177dd4f3494b841a37e810a34dd56c829b
2025-10-27 00:00:00.000 UTC,curve_usdcwbtcweth,1k-10k,6945,20771293.7839537,3978.3521422141225,0x7f86bf177dd4f3494b841a37e810a34dd56c829b
2025-10-27 00:00:00.000 UTC,curve_usdt,0.5k-1k,57,46173.04349756925,10.74116680461059,0xf5f5b97624542d72a9e06f04804bf81baa15e2b4
2025-10-27 00:00:00.000 UTC,curve_usdt,100k+,1,107762.76527973429,28.0833084,0xf5f5b97624542d72a9e06f04804bf81baa15e2b4
2025-10-27 00:00:00.000 UTC,curve_usdt,10k-100k,547,11378716.028800903,2177.223871514233,0xf5f5b97624542d72a9e06f04804bf81baa15e2b4
2025-10-27 00:00:00.000 UTC,curve_usdt,1k-10k,2481,9673220.110468738,1895.0882756449246,0xf5f5b97624542d72a9e06f04804bf81baa15e2b4
2025-10-27 00:00:00.000 UTC,curve_usdtwbtcweth,0.5k-1k,326,258349.6958501336,49.05178930659265,0xd51a44d3fae010294c616388b506acda1bfaae46
2025-10-27 00:00:00.000 UTC,curve_usdtwbtcweth,10k-100k,257,4203317.332186954,793.654764136209,0xd51a44d3fae010294c616388b506acda1bfaae46
2025-10-27 00:00:00.000 UTC,curve_usdtwbtcweth,1k-10k,5434,16241763.342717467,3166.7714195033955,0xd51a44d3fae010294c616388b506acda1bfaae46
2025-10-27 00:00:00.000 UTC,sushiv2_ethusdt,0.5k-1k,250,173450.7710839626,44.008041540062926,0x06da0fd433c1a5d7a4faa01111c044910a184553
2025-10-27 00:00:00.000 UTC,sushiv2_ethusdt,1k-10k,110,176326.92718040055,45.10101240412977,0x06da0fd433c1a5d7a4faa01111c044910a184553
2025-10-27 00:00:00.000 UTC,sushiv2_usdceth,0.5k-1k,309,218701.40880989717,55.43794308967864,0x397ff1542f962076d0bfe58ea045ffa2d347aca0
2025-10-27 00:00:00.000 UTC,sushiv2_usdceth,10k-100k,1,12721.002272343478,3.226812698282316,0x397ff1542f962076d0bfe58ea045ffa2d347aca0
2025-10-27 00:00:00.000 UTC,sushiv2_usdceth,1k-10k,213,328889.8929212023,83.21705979107625,0x397ff1542f962076d0bfe58ea045ffa2d347aca0
2025-10-27 00:00:00.000 UTC,uniswap_v3_0.01_ethusdc,0.5k-1k,10112,7384095.344459554,1867.2748636050808,0xe0554a476a092703abdb3ef35c80e0d76d32939f
2025-10-27 00:00:00.000 UTC,uniswap_v3_0.01_ethusdc,100k+,398,138769254.2856483,35188.774446811374,0xe0554a476a092703abdb3ef35c80e0d76d32939f
2025-10-27 00:00:00.000 UTC,uniswap_v3_0.01_ethusdc,10k-100k,3784,68837616.5598042,17429.048292264742,0xe0554a476a092703abdb3ef35c80e0d76d32939f
2025-10-27 00:00:00.000 UTC,uniswap_v3_0.01_ethusdc,1k-10k,38660,130212435.71873836,32913.36838091636,0xe0554a476a092703abdb3ef35c80e0d76d32939f
2025-10-27 00:00:00.000 UTC,uniswap_v3_0.01_ethusdt,0.5k-1k,11677,8503317.967817046,2143.9153728065507,0xc7bbec68d12a0d1830360f8ec58fa599ba1b0e9b
2025-10-27 00:00:00.000 UTC,uniswap_v3_0.01_ethusdt,100k+,1007,388806003.5545552,97724.36818516298,0xc7bbec68d12a0d1830360f8ec58fa599ba1b0e9b
2025-10-27 00:00:00.000 UTC,uniswap_v3_0.01_ethusdt,10k-100k,15209,328996184.7036564,82903.1833556109,0xc7bbec68d12a0d1830360f8ec58fa599ba1b0e9b
2025-10-27 00:00:00.000 UTC,uniswap_v3_0.01_ethusdt,1k-10k,46349,185291399.90763068,46771.5152525566,0xc7bbec68d12a0d1830360f8ec58fa599ba1b0e9b
2025-10-27 00:00:00.000 UTC,uniswap_v3_0.05_ethusdc,0.5k-1k,1865,1326056.8643956073,334.0707550730652,0x88e6a0c2ddd26feeb64f039a2c41296fcb3f5640
2025-10-27 00:00:00.000 UTC,uniswap_v3_0.05_ethusdc,100k+,244,48820868.45344371,12459.121766921256,0x88e6a0c2ddd26feeb64f039a2c41296fcb3f5640
2025-10-27 00:00:00.000 UTC,uniswap_v3_0.05_ethusdc,10k-100k,8095,209463257.30797175,53110.032802811766,0x88e6a0c2ddd26feeb64f039a2c41296fcb3f5640
2025-10-27 00:00:00.000 UTC,uniswap_v3_0.05_ethusdc,1k-10k,9736,45594409.56934729,11537.009402003481,0x88e6a0c2ddd26feeb64f039a2c41296fcb3f5640
2025-10-27 00:00:00.000 UTC,uniswap_v3_0.05_ethusdt,0.5k-1k,900,679792.1325867448,171.85658690970251,0x11b815efb8f581194ae79006d24e0d814b7697f6
2025-10-27 00:00:00.000 UTC,uniswap_v3_0.05_ethusdt,100k+,25,5554232.938424462,1430.7083118801424,0x11b815efb8f581194ae79006d24e0d814b7697f6
2025-10-27 00:00:00.000 UTC,uniswap_v3_0.05_ethusdt,10k-100k,2218,38688304.50588817,9819.291384711541,0x11b815efb8f581194ae79006d24e0d814b7697f6
2025-10-27 00:00:00.000 UTC,uniswap_v3_0.05_ethusdt,1k-10k,10297,41126557.35235229,10409.14291150515,0x11b815efb8f581194ae79006d24e0d814b7697f6
2025-10-27 00:00:00.000 UTC,uniswap_v3_0.3_ethusdc,0.5k-1k,102,73182.67378453631,18.622903561076672,0x8ad599c3a0ff1de082011efddc58f1908eb6e6d8
2025-10-27 00:00:00.000 UTC,uniswap_v3_0.3_ethusdc,100k+,581,136604404.12135926,35079.46556995858,0x8ad599c3a0ff1de082011efddc58f1908eb6e6d8
2025-10-27 00:00:00.000 UTC,uniswap_v3_0.3_ethusdc,10k-100k,1729,69518779.05463885,17673.49706579492,0x8ad599c3a0ff1de082011efddc58f1908eb6e6d8
2025-10-27 00:00:00.000 UTC,uniswap_v3_0.3_ethusdc,1k-10k,511,2668237.6132400692,674.0836495861345,0x8ad599c3a0ff1de082011efddc58f1908eb6e6d8
2025-10-27 00:00:00.000 UTC,uniswap_v3_0.3_ethusdt,0.5k-1k,267,183047.1499945228,46.28458589139286,0x4e68ccd3e89f51c3074ca5072bbac773960dfa36
2025-10-27 00:00:00.000 UTC,uniswap_v3_0.3_ethusdt,100k+,905,245482981.13826036,61513.26846401757,0x4e68ccd3e89f51c3074ca5072bbac773960dfa36
2025-10-27 00:00:00.000 UTC,uniswap_v3_0.3_ethusdt,10k-100k,1768,76451721.99757461,19362.892792360417,0x4e68ccd3e89f51c3074ca5072bbac773960dfa36
2025-10-27 00:00:00.000 UTC,uniswap_v3_0.3_ethusdt,1k-10k,526,2487127.7809168776,633.1338210878654,0x4e68ccd3e89f51c3074ca5072bbac773960dfa36
2025-10-27 00:00:00.000 UTC,uniswap_v3_1.0_ethusdc,0.5k-1k,40,27017.031043120765,6.8546785267761745,0x7bea39867e4169dbe237d55c8242a8f2fcdcc387
2025-10-27 00:00:00.000 UTC,uniswap_v3_1.0_ethusdc,1k-10k,26,34218.23123372244,8.70590832355441,0x7bea39867e4169dbe237d55c8242a8f2fcdcc387
2025-11-03 00:00:00.000 UTC,curve_usdcwbtcweth,0.5k-1k,665,527630.5015192743,114.99472688884889,0x7f86bf177dd4f3494b841a37e810a34dd56c829b
2025-11-03 00:00:00.000 UTC,curve_usdcwbtcweth,100k+,5,1021899.5864066563,31.69406011199447,0x7f86bf177dd4f3494b841a37e810a34dd56c829b
2025-11-03 00:00:00.000 UTC,curve_usdcwbtcweth,10k-100k,817,15774341.801693087,3513.4556090978303,0x7f86bf177dd4f3494b841a37e810a34dd56c829b
2025-11-03 00:00:00.000 UTC,curve_usdcwbtcweth,1k-10k,8317,28926522.42928483,6434.242079880677,0x7f86bf177dd4f3494b841a37e810a34dd56c829b
2025-11-03 00:00:00.000 UTC,curve_usdt,0.5k-1k,58,48609.55228360244,12.255144576290215,0xf5f5b97624542d72a9e06f04804bf81baa15e2b4
2025-11-03 00:00:00.000 UTC,curve_usdt,100k+,1,102023.38060187765,29.834908182377468,0xf5f5b97624542d72a9e06f04804bf81baa15e2b4
2025-11-03 00:00:00.000 UTC,curve_usdt,10k-100k,433,8963735.484820329,2279.430518887535,0xf5f5b97624542d72a9e06f04804bf81baa15e2b4
2025-11-03 00:00:00.000 UTC,curve_usdt,1k-10k,1774,7021758.461036323,1749.7921399002257,0xf5f5b97624542d72a9e06f04804bf81baa15e2b4
2025-11-03 00:00:00.000 UTC,curve_usdtwbtcweth,0.5k-1k,249,193666.13822125306,46.87653444245847,0xd51a44d3fae010294c616388b506acda1bfaae46
2025-11-03 00:00:00.000 UTC,curve_usdtwbtcweth,10k-100k,449,7808136.318779395,1804.2082291134034,0xd51a44d3fae010294c616388b506acda1bfaae46
2025-11-03 00:00:00.000 UTC,curve_usdtwbtcweth,1k-10k,5576,18481360.34408635,4257.725149959867,0xd51a44d3fae010294c616388b506acda1bfaae46
2025-11-03 00:00:00.000 UTC,sushiv2_ethusdt,0.5k-1k,433,306026.6409669396,89.5125405041529,0x06da0fd433c1a5d7a4faa01111c044910a184553
2025-11-03 00:00:00.000 UTC,sushiv2_ethusdt,1k-10k,319,512020.13533065247,153.04828475875095,0x06da0fd433c1a5d7a4faa01111c044910a184553
2025-11-03 00:00:00.000 UTC,sushiv2_usdceth,0.5k-1k,524,376823.8648840819,110.1276363748567,0x397ff1542f962076d0bfe58ea045ffa2d347aca0
2025-11-03 00:00:00.000 UTC,sushiv2_usdceth,10k-100k,6,111313.93691817216,33.51334307804159,0x397ff1542f962076d0bfe58ea045ffa2d347aca0
2025-11-03 00:00:00.000 UTC,sushiv2_usdceth,1k-10k,544,978357.6759089456,290.20588286302814,0x397ff1542f962076d0bfe58ea045ffa2d347aca0
2025-11-03 00:00:00.000 UTC,uniswap_v3_0.01_ethusdc,0.5k-1k,13695,9998375.010837575,2893.834413383077,0xe0554a476a092703abdb3ef35c80e0d76d32939f
2025-11-03 00:00:00.000 UTC,uniswap_v3_0.01_ethusdc,100k+,324,89933705.78795095,25949.46901496112,0xe0554a476a092703abdb3ef35c80e0d76d32939f
2025-11-03 00:00:00.000 UTC,uniswap_v3_0.01_ethusdc,10k-100k,2815,74382826.93616383,21417.355063137835,0xe0554a476a092703abdb3ef35c80e0d76d32939f
2025-11-03 00:00:00.000 UTC,uniswap_v3_0.01_ethusdc,1k-10k,37653,109852290.55527003,31619.07604210225,0xe0554a476a092703abdb3ef35c80e0d76d32939f
2025-11-03 00:00:00.000 UTC,uniswap_v3_0.01_ethusdt,0.5k-1k,12798,9370497.43121548,2711.5718714736204,0xc7bbec68d12a0d1830360f8ec58fa599ba1b0e9b
2025-11-03 00:00:00.000 UTC,uniswap_v3_0.01_ethusdt,100k+,894,250053286.64762205,73037.5559464169,0xc7bbec68d12a0d1830360f8ec58fa599ba1b0e9b
2025-11-03 00:00:00.000 UTC,uniswap_v3_0.01_ethusdt,10k-100k,13601,260939094.39875558,75994.84650811192,0xc7bbec68d12a0d1830360f8ec58fa599ba1b0e9b
2025-11-03 00:00:00.000 UTC,uniswap_v3_0.01_ethusdt,1k-10k,53756,211636627.58739525,61530.00774651108,0xc7bbec68d12a0d1830360f8ec58fa599ba1b0e9b
2025-11-03 00:00:00.000 UTC,uniswap_v3_0.05_ethusdc,0.5k-1k,2822,2036415.9491697717,592.4409421473385,0x88e6a0c2ddd26feeb64f039a2c41296fcb3f5640
2025-11-03 00:00:00.000 UTC,uniswap_v3_0.05_ethusdc,100k+,522,95317314.86241025,27927.743449282614,0x88e6a0c2ddd26feeb64f039a2c41296fcb3f5640
2025-11-03 00:00:00.000 UTC,uniswap_v3_0.05_ethusdc,10k-100k,13757,364859222.08607966,106725.08255272883,0x88e6a0c2ddd26feeb64f039a2c41296fcb3f5640
2025-11-03 00:00:00.000 UTC,uniswap_v3_0.05_ethusdc,1k-10k,14394,67018588.07874895,19501.89201731681,0x88e6a0c2ddd26feeb64f039a2c41296fcb3f5640
2025-11-03 00:00:00.000 UTC,uniswap_v3_0.05_ethusdt,0.5k-1k,1771,1310297.6561286352,381.62035758240523,0x11b815efb8f581194ae79006d24e0d814b7697f6
2025-11-03 00:00:00.000 UTC,uniswap_v3_0.05_ethusdt,100k+,833,159854356.48718172,48262.448060252165,0x11b815efb8f581194ae79006d24e0d814b7697f6
2025-11-03 00:00:00.000 UTC,uniswap_v3_0.05_ethusdt,10k-100k,13921,430452771.83075035,127966.63801899101,0x11b815efb8f581194ae79006d24e0d814b7697f6
2025-11-03 00:00:00.000 UTC,uniswap_v3_0.05_ethusdt,1k-10k,12763,61311764.912116945,17823.362380432394,0x11b815efb8f581194ae79006d24e0d814b7697f6
2025-11-03 00:00:00.000 UTC,uniswap_v3_0.3_ethusdc,0.5k-1k,140,101705.76872677196,29.511469325873378,0x8ad599c3a0ff1de082011efddc58f1908eb6e6d8
2025-11-03 00:00:00.000 UTC,uniswap_v3_0.3_ethusdc,100k+,807,195812176.5811547,56529.95993742345,0x8ad599c3a0ff1de082011efddc58f1908eb6e6d8
2025-11-03 00:00:00.000 UTC,uniswap_v3_0.3_ethusdc,10k-100k,3252,125935672.06261991,36896.80153845341,0x8ad599c3a0ff1de082011efddc58f1908eb6e6d8
2025-11-03 00:00:00.000 UTC,uniswap_v3_0.3_ethusdc,1k-10k,1006,5187140.704629264,1511.2997852177482,0x8ad599c3a0ff1de082011efddc58f1908eb6e6d8
2025-11-03 00:00:00.000 UTC,uniswap_v3_0.3_ethusdt,0.5k-1k,496,330800.7385084016,95.54362032103194,0x4e68ccd3e89f51c3074ca5072bbac773960dfa36
2025-11-03 00:00:00.000 UTC,uniswap_v3_0.3_ethusdt,100k+,1441,330348663.4474448,97024.75234427504,0x4e68ccd3e89f51c3074ca5072bbac773960dfa36
2025-11-03 00:00:00.000 UTC,uniswap_v3_0.3_ethusdt,10k-100k,3316,144491278.06582385,42431.92128640858,0x4e68ccd3e89f51c3074ca5072bbac773960dfa36
2025-11-03 00:00:00.000 UTC,uniswap_v3_0.3_ethusdt,1k-10k,974,4277409.883325929,1249.0460193428987,0x4e68ccd3e89f51c3074ca5072bbac773960dfa36
2025-11-03 00:00:00.000 UTC,uniswap_v3_1.0_ethusdc,0.5k-1k,108,74706.21605384626,21.907265109803465,0x7bea39867e4169dbe237d55c8242a8f2fcdcc387
2025-11-03 00:00:00.000 UTC,uniswap_v3_1.0_ethusdc,10k-100k,1,10115.858464599032,3.0924091126773825,0x7bea39867e4169dbe237d55c8242a8f2fcdcc387
2025-11-03 00:00:00.000 UTC,uniswap_v3_1.0_ethusdc,1k-10k,83,128335.70485705449,38.30360340362652,0x7bea39867e4169dbe237d55c8242a8f2fcdcc387
2025-11-10 00:00:00.000 UTC,curve_usdcwbtcweth,0.5k-1k,1563,1219912.286589499,274.95823275356304,0x7f86bf177dd4f3494b841a37e810a34dd56c829b
2025-11-10 00:00:00.000 UTC,curve_usdcwbtcweth,100k+,5,669231.4408543535,169.47553471561605,0x7f86bf177dd4f3494b841a37e810a34dd56c829b
2025-11-10 00:00:00.000 UTC,curve_usdcwbtcweth,10k-100k,440,7779793.554880439,1702.8780393470693,0x7f86bf177dd4f3494b841a37e810a34dd56c829b
2025-11-10 00:00:00.000 UTC,curve_usdcwbtcweth,1k-10k,10106,29131056.235128384,6505.172956447955,0x7f86bf177dd4f3494b841a37e810a34dd56c829b
2025-11-10 00:00:00.000 UTC,curve_usdt,0.5k-1k,138,111748.07614070694,25.438526233983538,0xf5f5b97624542d72a9e06f04804bf81baa15e2b4
2025-11-10 00:00:00.000 UTC,curve_usdt,10k-100k,468,9322987.162560733,2133.1645241618717,0xf5f5b97624542d72a9e06f04804bf81baa15e2b4
2025-11-10 00:00:00.000 UTC,curve_usdt,1k-10k,2328,8532518.845849968,2019.3536413049758,0xf5f5b97624542d72a9e06f04804bf81baa15e2b4
2025-11-10 00:00:00.000 UTC,curve_usdtwbtcweth,0.5k-1k,959,741882.9556150216,197.07606247520968,0xd51a44d3fae010294c616388b506acda1bfaae46
2025-11-10 00:00:00.000 UTC,curve_usdtwbtcweth,10k-100k,282,4710924.672176892,983.9615642470201,0xd51a44d3fae010294c616388b506acda1bfaae46
2025-11-10 00:00:00.000 UTC,curve_usdtwbtcweth,1k-10k,7356,20678248.2745065,4703.882573802285,0xd51a44d3fae010294c616388b506acda1bfaae46
2025-11-10 00:00:00.000 UTC,sushiv2_ethusdt,0.5k-1k,457,320474.0085042243,97.40367378879013,0x06da0fd433c1a5d7a4faa01111c044910a184553
2025-11-10 00:00:00.000 UTC,sushiv2_ethusdt,10k-100k,2,29405.630398763242,9.489892137274179,0x06da0fd433c1a5d7a4faa01111c044910a184553
2025-11-10 00:00:00.000 UTC,sushiv2_ethusdt,1k-10k,236,328793.17558509385,101.27555693730517,0x06da0fd433c1a5d7a4faa01111c044910a184553
2025-11-10 00:00:00.000 UTC,sushiv2_usdceth,0.5k-1k,538,378318.32336558023,114.05683104771896,0x397ff1542f962076d0bfe58ea045ffa2d347aca0
2025-11-10 00:00:00.000 UTC,sushiv2_usdceth,1k-10k,448,669472.4911807693,204.44304055208852,0x397ff1542f962076d0bfe58ea045ffa2d347aca0
2025-11-10 00:00:00.000 UTC,uniswap_v3_0.01_ethusdc,0.5k-1k,18540,13201994.339722749,3979.771656392432,0xe0554a476a092703abdb3ef35c80e0d76d32939f
2025-11-10 00:00:00.000 UTC,uniswap_v3_0.01_ethusdc,100k+,374,133232993.15537249,36018.14639114808,0xe0554a476a092703abdb3ef35c80e0d76d32939f
2025-11-10 00:00:00.000 UTC,uniswap_v3_0.01_ethusdc,10k-100k,2126,66005381.434494935,19988.416521793035,0xe0554a476a092703abdb3ef35c80e0d76d32939f
2025-11-10 00:00:00.000 UTC,uniswap_v3_0.01_ethusdc,1k-10k,40355,107349940.7982194,32091.634386641894,0xe0554a476a092703abdb3ef35c80e0d76d32939f
2025-11-10 00:00:00.000 UTC,uniswap_v3_0.01_ethusdt,0.5k-1k,19622,14201122.877902716,4287.61046368395,0xc7bbec68d12a0d1830360f8ec58fa599ba1b0e9b
2025-11-10 00:00:00.000 UTC,uniswap_v3_0.01_ethusdt,100k+,753,214326384.97742307,64992.26895931678,0xc7bbec68d12a0d1830360f8ec58fa599ba1b0e9b
2025-11-10 00:00:00.000 UTC,uniswap_v3_0.01_ethusdt,10k-100k,11225,208420117.3917669,62607.31072257734,0xc7bbec68d12a0d1830360f8ec58fa599ba1b0e9b
2025-11-10 00:00:00.000 UTC,uniswap_v3_0.01_ethusdt,1k-10k,61880,222766764.41799632,66944.05484397989,0xc7bbec68d12a0d1830360f8ec58fa599ba1b0e9b
2025-11-10 00:00:00.000 UTC,uniswap_v3_0.05_ethusdc,0.5k-1k,2869,2043506.23569288,619.2211083078205,0x88e6a0c2ddd26feeb64f039a2c41296fcb3f5640
2025-11-10 00:00:00.000 UTC,uniswap_v3_0.05_ethusdc,100k+,411,74309233.28909853,23108.49214132212,0x88e6a0c2ddd26feeb64f039a2c41296fcb3f5640
2025-11-10 00:00:00.000 UTC,uniswap_v3_0.05_ethusdc,10k-100k,13365,379482331.5929815,115036.63216972497,0x88e6a0c2ddd26feeb64f039a2c41296fcb3f5640
2025-11-10 00:00:00.000 UTC,uniswap_v3_0.05_ethusdc,1k-10k,14271,63994985.86706343,19245.15580779822,0x88e6a0c2ddd26feeb64f039a2c41296fcb3f5640
2025-11-10 00:00:00.000 UTC,uniswap_v3_0.05_ethusdt,0.5k-1k,2279,1649053.1251561376,500.33852706679227,0x11b815efb8f581194ae79006d24e0d814b7697f6
2025-11-10 00:00:00.000 UTC,uniswap_v3_0.05_ethusdt,100k+,950,212509412.48201728,66882.17869273578,0x11b815efb8f581194ae79006d24e0d814b7697f6
2025-11-10 00:00:00.000 UTC,uniswap_v3_0.05_ethusdt,10k-100k,14603,460736004.20208085,139674.96974608456,0x11b815efb8f581194ae79006d24e0d814b7697f6
2025-11-10 00:00:00.000 UTC,uniswap_v3_0.05_ethusdt,1k-10k,12857,62015180.99917311,18678.32360589142,0x11b815efb8f581194ae79006d24e0d814b7697f6
2025-11-10 00:00:00.000 UTC,uniswap_v3_0.3_ethusdc,0.5k-1k,101,75115.17016229102,22.510524484979825,0x8ad599c3a0ff1de082011efddc58f1908eb6e6d8
2025-11-10 00:00:00.000 UTC,uniswap_v3_0.3_ethusdc,100k+,566,99890925.23139638,30591.608190907937,0x8ad599c3a0ff1de082011efddc58f1908eb6e6d8
2025-11-10 00:00:00.000 UTC,uniswap_v3_0.3_ethusdc,10k-100k,2862,108587611.16159175,32815.15379070276,0x8ad599c3a0ff1de082011efddc58f1908eb6e6d8
2025-11-10 00:00:00.000 UTC,uniswap_v3_0.3_ethusdc,1k-10k,1004,5422865.130697907,1630.0897100101383,0x8ad599c3a0ff1de082011efddc58f1908eb6e6d8
2025-11-10 00:00:00.000 UTC,uniswap_v3_0.3_ethusdt,0.5k-1k,380,260032.26506107842,77.66820574362126,0x4e68ccd3e89f51c3074ca5072bbac773960dfa36
2025-11-10 00:00:00.000 UTC,uniswap_v3_0.3_ethusdt,100k+,1427,342191428.43738323,102035.07816450197,0x4e68ccd3e89f51c3074ca5072bbac773960dfa36
2025-11-10 00:00:00.000 UTC,uniswap_v3_0.3_ethusdt,10k-100k,2846,120477866.58981633,36274.689231422155,0x4e68ccd3e89f51c3074ca5072bbac773960dfa36
2025-11-10 00:00:00.000 UTC,uniswap_v3_0.3_ethusdt,1k-10k,859,4272749.757256909,1284.9543735427815,0x4e68ccd3e89f51c3074ca5072bbac773960dfa36
2025-11-10 00:00:00.000 UTC,uniswap_v3_1.0_ethusdc,0.5k-1k,146,100241.45924180151,30.539543633961703,0x7bea39867e4169dbe237d55c8242a8f2fcdcc387
2025-11-10 00:00:00.000 UTC,uniswap_v3_1.0_ethusdc,1k-10k,48,63214.9226010502,19.378280246275843,0x7bea39867e4169dbe237d55c8242a8f2fcdcc387
2025-11-17 00:00:00.000 UTC,curve_usdcwbtcweth,0.5k-1k,1957,1500819.406127443,346.8443228519275,0x7f86bf177dd4f3494b841a37e810a34dd56c829b
2025-11-17 00:00:00.000 UTC,curve_usdcwbtcweth,100k+,8,1505441.4198477308,295.0631016782396,0x7f86bf177dd4f3494b841a37e810a34dd56c829b
2025-11-17 00:00:00.000 UTC,curve_usdcwbtcweth,10k-100k,1297,23514734.473474197,5738.701630370966,0x7f86bf177dd4f3494b841a37e810a34dd56c829b
2025-11-17 00:00:00.000 UTC,curve_usdcwbtcweth,1k-10k,14361,46318655.557139605,11589.934911601535,0x7f86bf177dd4f3494b841a37e810a34dd56c829b
2025-11-17 00:00:00.000 UTC,curve_usdt,0.5k-1k,279,225305.81794747335,57.7795785709613,0xf5f5b97624542d72a9e06f04804bf81baa15e2b4
2025-11-17 00:00:00.000 UTC,curve_usdt,100k+,2,228684.73568382603,80.55647672019835,0xf5f5b97624542d72a9e06f04804bf81baa15e2b4
2025-11-17 00:00:00.000 UTC,curve_usdt,10k-100k,1150,23777423.13837739,6498.783752985542,0xf5f5b97624542d72a9e06f04804bf81baa15e2b4
2025-11-17 00:00:00.000 UTC,curve_usdt,1k-10k,4397,17051127.211318493,4452.812582518584,0xf5f5b97624542d72a9e06f04804bf81baa15e2b4
2025-11-17 00:00:00.000 UTC,curve_usdtwbtcweth,0.5k-1k,1996,1528699.7688109104,467.4202065680984,0xd51a44d3fae010294c616388b506acda1bfaae46
2025-11-17 00:00:00.000 UTC,curve_usdtwbtcweth,100k+,1,108383.01627239761,42.21399962545973,0xd51a44d3fae010294c616388b506acda1bfaae46
2025-11-17 00:00:00.000 UTC,curve_usdtwbtcweth,10k-100k,489,8517201.909425922,2099.5418930334786,0xd51a44d3fae010294c616388b506acda1bfaae46
2025-11-17 00:00:00.000 UTC,curve_usdtwbtcweth,1k-10k,8602,26163905.909065057,6294.966844826109,0xd51a44d3fae010294c616388b506acda1bfaae46
2025-11-17 00:00:00.000 UTC,sushiv2_ethusdt,0.5k-1k,597,414448.5190190409,142.23441833867145,0x06da0fd433c1a5d7a4faa01111c044910a184553
2025-11-17 00:00:00.000 UTC,sushiv2_ethusdt,10k-100k,2,30650.914965158576,10.912503036876528,0x06da0fd433c1a5d7a4faa01111c044910a184553
2025-11-17 00:00:00.000 UTC,sushiv2_ethusdt,1k-10k,255,390281.11056993966,135.39107004808275,0x06da0fd433c1a5d7a4faa01111c044910a184553
2025-11-17 00:00:00.000 UTC,sushiv2_usdceth,0.5k-1k,593,415664.617658206,142.7826031147901,0x397ff1542f962076d0bfe58ea045ffa2d347aca0
2025-11-17 00:00:00.000 UTC,sushiv2_usdceth,10k-100k,8,119194.81591577819,41.702757868564284,0x397ff1542f962076d0bfe58ea045ffa2d347aca0
2025-11-17 00:00:00.000 UTC,sushiv2_usdceth,1k-10k,263,423531.7265453273,147.0711379237035,0x397ff1542f962076d0bfe58ea045ffa2d347aca0
2025-11-17 00:00:00.000 UTC,uniswap_v3_0.01_ethusdc,0.5k-1k,20388,14926345.684755208,5085.080041330141,0xe0554a476a092703abdb3ef35c80e0d76d32939f
2025-11-17 00:00:00.000 UTC,uniswap_v3_0.01_ethusdc,100k+,381,95508330.65751606,32606.10941723559,0xe0554a476a092703abdb3ef35c80e0d76d32939f
2025-11-17 00:00:00.000 UTC,uniswap_v3_0.01_ethusdc,10k-100k,2977,92931299.92519763,31285.42301448067,0xe0554a476a092703abdb3ef35c80e0d76d32939f
2025-11-17 00:00:00.000 UTC,uniswap_v3_0.01_ethusdc,1k-10k,43177,111694055.48169327,37972.2243276846,0xe0554a476a092703abdb3ef35c80e0d76d32939f
2025-11-17 00:00:00.000 UTC,uniswap_v3_0.01_ethusdt,0.5k-1k,29226,21949572.30138792,7388.808934631099,0xc7bbec68d12a0d1830360f8ec58fa599ba1b0e9b
2025-11-17 00:00:00.000 UTC,uniswap_v3_0.01_ethusdt,100k+,685,194643187.75390118,65942.61658117537,0xc7bbec68d12a0d1830360f8ec58fa599ba1b0e9b
2025-11-17 00:00:00.000 UTC,uniswap_v3_0.01_ethusdt,10k-100k,7769,191873250.9990651,64801.807206250916,0xc7bbec68d12a0d1830360f8ec58fa599ba1b0e9b
2025-11-17 00:00:00.000 UTC,uniswap_v3_0.01_ethusdt,1k-10k,72151,236373183.70011777,80239.89459605483,0xc7bbec68d12a0d1830360f8ec58fa599ba1b0e9b
2025-11-17 00:00:00.000 UTC,uniswap_v3_0.05_ethusdc,0.5k-1k,3525,2580381.4075959907,883.1517937353993,0x88e6a0c2ddd26feeb64f039a2c41296fcb3f5640
2025-11-17 00:00:00.000 UTC,uniswap_v3_0.05_ethusdc,100k+,575,118928011.33445084,41351.07403694224,0x88e6a0c2ddd26feeb64f039a2c41296fcb3f5640
2025-11-17 00:00:00.000 UTC,uniswap_v3_0.05_ethusdc,10k-100k,14236,366527687.47323424,124970.4410900005,0x88e6a0c2ddd26feeb64f039a2c41296fcb3f5640
2025-11-17 00:00:00.000 UTC,uniswap_v3_0.05_ethusdc,1k-10k,20544,89646356.359252,30868.180294371134,0x88e6a0c2ddd26feeb64f039a2c41296fcb3f5640
2025-11-17 00:00:00.000 UTC,uniswap_v3_0.05_ethusdt,0.5k-1k,4022,3045330.011777821,1030.6864598745603,0x11b815efb8f581194ae79006d24e0d814b7697f6
2025-11-17 00:00:00.000 UTC,uniswap_v3_0.05_ethusdt,100k+,426,83638516.22065616,27441.76624463299,0x11b815efb8f581194ae79006d24e0d814b7697f6
2025-11-17 00:00:00.000 UTC,uniswap_v3_0.05_ethusdt,10k-100k,10991,288484368.67762774,96164.6751120992,0x11b815efb8f581194ae79006d24e0d814b7697f6
2025-11-17 00:00:00.000 UTC,uniswap_v3_0.05_ethusdt,1k-10k,21508,93054029.83106507,32003.861067444494,0x11b815efb8f581194ae79006d24e0d814b7697f6
2025-11-17 00:00:00.000 UTC,uniswap_v3_0.3_ethusdc,0.5k-1k,121,93056.53264950328,32.013272374414875,0x8ad599c3a0ff1de082011efddc58f1908eb6e6d8
2025-11-17 00:00:00.000 UTC,uniswap_v3_0.3_ethusdc,100k+,397,89362827.70159255,30655.980860767526,0x8ad599c3a0ff1de082011efddc58f1908eb6e6d8
2025-11-17 00:00:00.000 UTC,uniswap_v3_0.3_ethusdc,10k-100k,3149,103945844.51213466,35458.44077707255,0x8ad599c3a0ff1de082011efddc58f1908eb6e6d8
2025-11-17 00:00:00.000 UTC,uniswap_v3_0.3_ethusdc,1k-10k,1570,8560168.294296443,2976.1586866444695,0x8ad599c3a0ff1de082011efddc58f1908eb6e6d8
2025-11-17 00:00:00.000 UTC,uniswap_v3_0.3_ethusdt,0.5k-1k,486,348761.14036856906,118.19554552992915,0x4e68ccd3e89f51c3074ca5072bbac773960dfa36
2025-11-17 00:00:00.000 UTC,uniswap_v3_0.3_ethusdt,100k+,841,207779188.51871854,70085.20117010758,0x4e68ccd3e89f51c3074ca5072bbac773960dfa36
2025-11-17 00:00:00.000 UTC,uniswap_v3_0.3_ethusdt,10k-100k,3614,136936488.6837157,46977.800083029266,0x4e68ccd3e89f51c3074ca5072bbac773960dfa36
2025-11-17 00:00:00.000 UTC,uniswap_v3_0.3_ethusdt,1k-10k,1635,8138609.604904797,2825.382740006491,0x4e68ccd3e89f51c3074ca5072bbac773960dfa36
2025-11-17 00:00:00.000 UTC,uniswap_v3_1.0_ethusdc,0.5k-1k,129,90253.45787122835,30.855392880565297,0x7bea39867e4169dbe237d55c8242a8f2fcdcc387
2025-11-17 00:00:00.000 UTC,uniswap_v3_1.0_ethusdc,1k-10k,76,131979.02526748867,47.14562296112193,0x7bea39867e4169dbe237d55c8242a8f2fcdcc387
2025-11-24 00:00:00.000 UTC,curve_usdcwbtcweth,0.5k-1k,2710,2022356.6069877811,449.4573638707011,0x7f86bf177dd4f3494b841a37e810a34dd56c829b
2025-11-24 00:00:00.000 UTC,curve_usdcwbtcweth,10k-100k,267,4246011.590570456,1110.0503130352668,0x7f86bf177dd4f3494b841a37e810a34dd56c829b
2025-11-24 00:00:00.000 UTC,curve_usdcwbtcweth,1k-10k,7623,19646357.100472525,4613.9114250324665,0x7f86bf177dd4f3494b841a37e810a34dd56c829b
2025-11-24 00:00:00.000 UTC,curve_usdt,0.5k-1k,283,221385.93027362134,48.70913442208492,0xf5f5b97624542d72a9e06f04804bf81baa15e2b4
2025-11-24 00:00:00.000 UTC,curve_usdt,10k-100k,320,6478294.327497826,1777.7696186881576,0xf5f5b97624542d72a9e06f04804bf81baa15e2b4
2025-11-24 00:00:00.000 UTC,curve_usdt,1k-10k,2028,6700590.440414211,1704.0317178749774,0xf5f5b97624542d72a9e06f04804bf81baa15e2b4
2025-11-24 00:00:00.000 UTC,curve_usdtwbtcweth,0.5k-1k,1482,1122898.8822745504,292.17413681895465,0xd51a44d3fae010294c616388b506acda1bfaae46
2025-11-24 00:00:00.000 UTC,curve_usdtwbtcweth,10k-100k,172,2605760.30224983,718.2716921829077,0xd51a44d3fae010294c616388b506acda1bfaae46
2025-11-24 00:00:00.000 UTC,curve_usdtwbtcweth,1k-10k,6072,14101786.368199093,3414.450759625656,0xd51a44d3fae010294c616388b506acda1bfaae46
2025-11-24 00:00:00.000 UTC,sushiv2_ethusdt,0.5k-1k,206,137353.77728387222,47.00922411247517,0x06da0fd433c1a5d7a4faa01111c044910a184553
2025-11-24 00:00:00.000 UTC,sushiv2_ethusdt,10k-100k,4,55083.43675709641,18.238081419203912,0x06da0fd433c1a5d7a4faa01111c044910a184553
2025-11-24 00:00:00.000 UTC,sushiv2_ethusdt,1k-10k,72,106031.81549892592,36.059586268328246,0x06da0fd433c1a5d7a4faa01111c044910a184553
2025-11-24 00:00:00.000 UTC,sushiv2_usdceth,0.5k-1k,197,130804.69929269841,44.83343904490074,0x397ff1542f962076d0bfe58ea045ffa2d347aca0
2025-11-24 00:00:00.000 UTC,sushiv2_usdceth,1k-10k,77,115434.96086828191,39.17185096430701,0x397ff1542f962076d0bfe58ea045ffa2d347aca0
2025-11-24 00:00:00.000 UTC,uniswap_v3_0.01_ethusdc,0.5k-1k,17325,12471788.705437481,4201.728106212176,0xe0554a476a092703abdb3ef35c80e0d76d32939f
2025-11-24 00:00:00.000 UTC,uniswap_v3_0.01_ethusdc,100k+,268,70821760.55188164,24270.758141748163,0xe0554a476a092703abdb3ef35c80e0d76d32939f
2025-11-24 00:00:00.000 UTC,uniswap_v3_0.01_ethusdc,10k-100k,1234,41044169.73774556,13846.882530067549,0xe0554a476a092703abdb3ef35c80e0d76d32939f
2025-11-24 00:00:00.000 UTC,uniswap_v3_0.01_ethusdc,1k-10k,26077,57082382.745489374,19304.790490007745,0xe0554a476a092703abdb3ef35c80e0d76d32939f
2025-11-24 00:00:00.000 UTC,uniswap_v3_0.01_ethusdt,0.5k-1k,18343,13383340.72011992,4503.516790080055,0xc7bbec68d12a0d1830360f8ec58fa599ba1b0e9b
2025-11-24 00:00:00.000 UTC,uniswap_v3_0.01_ethusdt,100k+,610,153853780.0154229,51969.35587484657,0xc7bbec68d12a0d1830360f8ec58fa599ba1b0e9b
2025-11-24 00:00:00.000 UTC,uniswap_v3_0.01_ethusdt,10k-100k,3855,92722285.04759167,31234.99326237152,0xc7bbec68d12a0d1830360f8ec58fa599ba1b0e9b
2025-11-24 00:00:00.000 UTC,uniswap_v3_0.01_ethusdt,1k-10k,48901,148756467.9713385,50151.616803670186,0xc7bbec68d12a0d1830360f8ec58fa599ba1b0e9b
2025-11-24 00:00:00.000 UTC,uniswap_v3_0.05_ethusdc,0.5k-1k,2320,1706152.5401755143,575.5184512113851,0x88e6a0c2ddd26feeb64f039a2c41296fcb3f5640
2025-11-24 00:00:00.000 UTC,uniswap_v3_0.05_ethusdc,100k+,181,34427062.949660465,11608.589112087895,0x88e6a0c2ddd26feeb64f039a2c41296fcb3f5640
2025-11-24 00:00:00.000 UTC,uniswap_v3_0.05_ethusdc,10k-100k,6225,150768107.12186944,51025.81923139551,0x88e6a0c2ddd26feeb64f039a2c41296fcb3f5640
2025-11-24 00:00:00.000 UTC,uniswap_v3_0.05_ethusdc,1k-10k,13865,57955690.97607809,19559.347628064297,0x88e6a0c2ddd26feeb64f039a2c41296fcb3f5640
2025-11-24 00:00:00.000 UTC,uniswap_v3_0.05_ethusdt,0.5k-1k,2005,1500906.6376509585,505.2795399275137,0x11b815efb8f581194ae79006d24e0d814b7697f6
2025-11-24 00:00:00.000 UTC,uniswap_v3_0.05_ethusdt,100k+,25,4872927.331911287,1630.791450277437,0x11b815efb8f581194ae79006d24e0d814b7697f6
2025-11-24 00:00:00.000 UTC,uniswap_v3_0.05_ethusdt,10k-100k,2568,49656882.85215235,16827.331248520015,0x11b815efb8f581194ae79006d24e0d814b7697f6
2025-11-24 00:00:00.000 UTC,uniswap_v3_0.05_ethusdt,1k-10k,13665,51172133.41917867,17308.430113806935,0x11b815efb8f581194ae79006d24e0d814b7697f6
2025-11-24 00:00:00.000 UTC,uniswap_v3_0.3_ethusdc,0.5k-1k,64,47790.95721466604,16.084068168419826,0x8ad599c3a0ff1de082011efddc58f1908eb6e6d8
2025-11-24 00:00:00.000 UTC,uniswap_v3_0.3_ethusdc,100k+,61,10731336.326449193,3627.8286243473003,0x8ad599c3a0ff1de082011efddc58f1908eb6e6d8
2025-11-24 00:00:00.000 UTC,uniswap_v3_0.3_ethusdc,10k-100k,1129,35328607.484796666,12055.715291967223,0x8ad599c3a0ff1de082011efddc58f1908eb6e6d8
2025-11-24 00:00:00.000 UTC,uniswap_v3_0.3_ethusdc,1k-10k,938,4764295.9476382155,1617.2726665656046,0x8ad599c3a0ff1de082011efddc58f1908eb6e6d8
2025-11-24 00:00:00.000 UTC,uniswap_v3_0.3_ethusdt,0.5k-1k,234,167196.0170780324,56.57231441710396,0x4e68ccd3e89f51c3074ca5072bbac773960dfa36
2025-11-24 00:00:00.000 UTC,uniswap_v3_0.3_ethusdt,100k+,208,40978199.47751691,13846.261102058821,0x4e68ccd3e89f51c3074ca5072bbac773960dfa36
2025-11-24 00:00:00.000 UTC,uniswap_v3_0.3_ethusdt,10k-100k,1479,54231810.72354148,18460.716653417734,0x4e68ccd3e89f51c3074ca5072bbac773960dfa36
2025-11-24 00:00:00.000 UTC,uniswap_v3_0.3_ethusdt,1k-10k,914,4261633.312696741,1449.1906584788373,0x4e68ccd3e89f51c3074ca5072bbac773960dfa36
2025-11-24 00:00:00.000 UTC,uniswap_v3_1.0_ethusdc,0.5k-1k,58,38622.09623768352,13.308535957114234,0x7bea39867e4169dbe237d55c8242a8f2fcdcc387
2025-11-24 00:00:00.000 UTC,uniswap_v3_1.0_ethusdc,1k-10k,15,17810.90578952057,5.9752991617062,0x7bea39867e4169dbe237d55c8242a8f2fcdcc387
2025-12-01 00:00:00.000 UTC,curve_usdcwbtcweth,0.5k-1k,3022,2206471.9039570782,508.9353230221584,0x7f86bf177dd4f3494b841a37e810a34dd56c829b
2025-12-01 00:00:00.000 UTC,curve_usdcwbtcweth,10k-100k,253,4530315.76696572,1064.232607464635,0x7f86bf177dd4f3494b841a37e810a34dd56c829b
2025-12-01 00:00:00.000 UTC,curve_usdcwbtcweth,1k-10k,6696,17501165.497444734,3985.630392375608,0x7f86bf177dd4f3494b841a37e810a34dd56c829b
2025-12-01 00:00:00.000 UTC,curve_usdt,0.5k-1k,217,162711.81340938577,35.27254134929915,0xf5f5b97624542d72a9e06f04804bf81baa15e2b4
2025-12-01 00:00:00.000 UTC,curve_usdt,10k-100k,151,3068965.4136007703,820.1224209236245,0xf5f5b97624542d72a9e06f04804bf81baa15e2b4
2025-12-01 00:00:00.000 UTC,curve_usdt,1k-10k,1089,3739096.4501747545,898.2519315568375,0xf5f5b97624542d72a9e06f04804bf81baa15e2b4
2025-12-01 00:00:00.000 UTC,curve_usdtwbtcweth,0.5k-1k,2238,1635621.903599286,419.43279964965626,0xd51a44d3fae010294c616388b506acda1bfaae46
2025-12-01 00:00:00.000 UTC,curve_usdtwbtcweth,10k-100k,147,2561880.2186563085,592.5830780221696,0xd51a44d3fae010294c616388b506acda1bfaae46
2025-12-01 00:00:00.000 UTC,curve_usdtwbtcweth,1k-10k,5056,12799009.069179315,3104.8624942586544,0xd51a44d3fae010294c616388b506acda1bfaae46
2025-12-01 00:00:00.000 UTC,sushiv2_ethusdt,0.5k-1k,299,206041.87512486702,68.25704163405231,0x06da0fd433c1a5d7a4faa01111c044910a184553
2025-12-01 00:00:00.000 UTC,sushiv2_ethusdt,1k-10k,112,192684.23147052247,64.59019516861638,0x06da0fd433c1a5d7a4faa01111c044910a184553
2025-12-01 00:00:00.000 UTC,sushiv2_usdceth,0.5k-1k,308,211147.42783919186,69.94263882822216,0x397ff1542f962076d0bfe58ea045ffa2d347aca0
2025-12-01 00:00:00.000 UTC,sushiv2_usdceth,10k-100k,3,37805.176436293405,13.037918072323997,0x397ff1542f962076d0bfe58ea045ffa2d347aca0
2025-12-01 00:00:00.000 UTC,sushiv2_usdceth,1k-10k,111,200471.157026655,67.41298430233238,0x397ff1542f962076d0bfe58ea045ffa2d347aca0
2025-12-01 00:00:00.000 UTC,uniswap_v3_0.01_ethusdc,0.5k-1k,19387,13831316.064412795,4586.982275768679,0xe0554a476a092703abdb3ef35c80e0d76d32939f
2025-12-01 00:00:00.000 UTC,uniswap_v3_0.01_ethusdc,100k+,271,98752662.93109077,32426.65949834397,0xe0554a476a092703abdb3ef35c80e0d76d32939f
2025-12-01 00:00:00.000 UTC,uniswap_v3_0.01_ethusdc,10k-100k,1266,38275288.495699495,12804.631473499816,0xe0554a476a092703abdb3ef35c80e0d76d32939f
2025-12-01 00:00:00.000 UTC,uniswap_v3_0.01_ethusdc,1k-10k,29012,69962459.36795624,23104.960677317496,0xe0554a476a092703abdb3ef35c80e0d76d32939f
2025-12-01 00:00:00.000 UTC,uniswap_v3_0.01_ethusdt,0.5k-1k,20907,15057345.430188932,4998.692149447741,0xc7bbec68d12a0d1830360f8ec58fa599ba1b0e9b
2025-12-01 00:00:00.000 UTC,uniswap_v3_0.01_ethusdt,100k+,650,190864151.13602453,63309.146759355484,0xc7bbec68d12a0d1830360f8ec58fa599ba1b0e9b
2025-12-01 00:00:00.000 UTC,uniswap_v3_0.01_ethusdt,10k-100k,6617,141591627.6326892,47098.57922150285,0xc7bbec68d12a0d1830360f8ec58fa599ba1b0e9b
2025-12-01 00:00:00.000 UTC,uniswap_v3_0.01_ethusdt,1k-10k,54390,177635722.20172983,58977.26712468738,0xc7bbec68d12a0d1830360f8ec58fa599ba1b0e9b
2025-12-01 00:00:00.000 UTC,uniswap_v3_0.05_ethusdc,0.5k-1k,2706,1982600.5876458487,658.8818704089398,0x88e6a0c2ddd26feeb64f039a2c41296fcb3f5640
2025-12-01 00:00:00.000 UTC,uniswap_v3_0.05_ethusdc,100k+,277,53866250.22046436,18165.66097325383,0x88e6a0c2ddd26feeb64f039a2c41296fcb3f5640
2025-12-01 00:00:00.000 UTC,uniswap_v3_0.05_ethusdc,10k-100k,8160,204614863.39537942,67883.63446219827,0x88e6a0c2ddd26feeb64f039a2c41296fcb3f5640
2025-12-01 00:00:00.000 UTC,uniswap_v3_0.05_ethusdc,1k-10k,14745,63131843.602991104,21047.059222018474,0x88e6a0c2ddd26feeb64f039a2c41296fcb3f5640
2025-12-01 00:00:00.000 UTC,uniswap_v3_0.05_ethusdt,0.5k-1k,2769,2058830.8499127198,686.5471792954314,0x11b815efb8f581194ae79006d24e0d814b7697f6
2025-12-01 00:00:00.000 UTC,uniswap_v3_0.05_ethusdt,100k+,92,25008709.731993563,8874.192898798701,0x11b815efb8f581194ae79006d24e0d814b7697f6
2025-12-01 00:00:00.000 UTC,uniswap_v3_0.05_ethusdt,10k-100k,3097,61852682.51006433,20506.740382801454,0x11b815efb8f581194ae79006d24e0d814b7697f6
2025-12-01 00:00:00.000 UTC,uniswap_v3_0.05_ethusdt,1k-10k,14618,57462463.05368071,19110.25244285535,0x11b815efb8f581194ae79006d24e0d814b7697f6
2025-12-01 00:00:00.000 UTC,uniswap_v3_0.3_ethusdc,0.5k-1k,66,50791.57304869645,16.965736812020225,0x8ad599c3a0ff1de082011efddc58f1908eb6e6d8
2025-12-01 00:00:00.000 UTC,uniswap_v3_0.3_ethusdc,100k+,145,34153394.14912897,11633.139275277317,0x8ad599c3a0ff1de082011efddc58f1908eb6e6d8
2025-12-01 00:00:00.000 UTC,uniswap_v3_0.3_ethusdc,10k-100k,1611,53327673.70310778,17745.150194365375,0x8ad599c3a0ff1de082011efddc58f1908eb6e6d8
2025-12-01 00:00:00.000 UTC,uniswap_v3_0.3_ethusdc,1k-10k,1087,5550333.667992618,1845.1396509319088,0x8ad599c3a0ff1de082011efddc58f1908eb6e6d8
2025-12-01 00:00:00.000 UTC,uniswap_v3_0.3_ethusdt,0.5k-1k,219,154913.10802385863,52.11561464188223,0x4e68ccd3e89f51c3074ca5072bbac773960dfa36
2025-12-01 00:00:00.000 UTC,uniswap_v3_0.3_ethusdt,100k+,615,142941829.27694833,47132.56737265108,0x4e68ccd3e89f51c3074ca5072bbac773960dfa36
2025-12-01 00:00:00.000 UTC,uniswap_v3_0.3_ethusdt,10k-100k,1948,78820958.4885233,26153.915778419414,0x4e68ccd3e89f51c3074ca5072bbac773960dfa36
2025-12-01 00:00:00.000 UTC,uniswap_v3_0.3_ethusdt,1k-10k,823,3836621.5928835776,1282.9634506787638,0x4e68ccd3e89f51c3074ca5072bbac773960dfa36
2025-12-01 00:00:00.000 UTC,uniswap_v3_1.0_ethusdc,0.5k-1k,98,67662.7232407826,22.679435441655734,0x7bea39867e4169dbe237d55c8242a8f2fcdcc387
2025-12-01 00:00:00.000 UTC,uniswap_v3_1.0_ethusdc,10k-100k,2,21185.47156481639,7.108795836762254,0x7bea39867e4169dbe237d55c8242a8f2fcdcc387
2025-12-01 00:00:00.000 UTC,uniswap_v3_1.0_ethusdc,1k-10k,90,210332.34897477133,71.5484335200663,0x7bea39867e4169dbe237d55c8242a8f2fcdcc387
2025-12-08 00:00:00.000 UTC,curve_usdcwbtcweth,0.5k-1k,1650,1259867.746702288,302.4388919776414,0x7f86bf177dd4f3494b841a37e810a34dd56c829b
2025-12-08 00:00:00.000 UTC,curve_usdcwbtcweth,10k-100k,336,5440470.731291648,1420.2786733051914,0x7f86bf177dd4f3494b841a37e810a34dd56c829b
2025-12-08 00:00:00.000 UTC,curve_usdcwbtcweth,1k-10k,7485,20742719.797552127,4950.463892446649,0x7f86bf177dd4f3494b841a37e810a34dd56c829b
2025-12-08 00:00:00.000 UTC,curve_usdt,0.5k-1k,92,72873.8268644943,17.538854115559975,0xf5f5b97624542d72a9e06f04804bf81baa15e2b4
2025-12-08 00:00:00.000 UTC,curve_usdt,10k-100k,289,5761512.617921953,1412.5752679672066,0xf5f5b97624542d72a9e06f04804bf81baa15e2b4
2025-12-08 00:00:00.000 UTC,curve_usdt,1k-10k,1579,5844494.777075952,1316.4550700146274,0xf5f5b97624542d72a9e06f04804bf81baa15e2b4
2025-12-08 00:00:00.000 UTC,curve_usdtwbtcweth,0.5k-1k,1223,939734.5976499768,246.2484708604413,0xd51a44d3fae010294c616388b506acda1bfaae46
2025-12-08 00:00:00.000 UTC,curve_usdtwbtcweth,10k-100k,321,5411635.926872641,1459.1990613646562,0xd51a44d3fae010294c616388b506acda1bfaae46
2025-12-08 00:00:00.000 UTC,curve_usdtwbtcweth,1k-10k,6128,17157007.82586625,4225.929328425195,0xd51a44d3fae010294c616388b506acda1bfaae46
2025-12-08 00:00:00.000 UTC,sushiv2_ethusdt,0.5k-1k,332,224205.08286677554,69.83072157025543,0x06da0fd433c1a5d7a4faa01111c044910a184553
2025-12-08 00:00:00.000 UTC,sushiv2_ethusdt,1k-10k,109,199048.73174678956,61.375876443453485,0x06da0fd433c1a5d7a4faa01111c044910a184553
2025-12-08 00:00:00.000 UTC,sushiv2_usdceth,0.5k-1k,309,206920.7146952803,64.49247297042228,0x397ff1542f962076d0bfe58ea045ffa2d347aca0
2025-12-08 00:00:00.000 UTC,sushiv2_usdceth,1k-10k,94,141005.38898010016,43.79161111928052,0x397ff1542f962076d0bfe58ea045ffa2d347aca0
2025-12-08 00:00:00.000 UTC,uniswap_v3_0.01_ethusdc,0.5k-1k,15806,11398000.085069947,3579.8684915820363,0xe0554a476a092703abdb3ef35c80e0d76d32939f
2025-12-08 00:00:00.000 UTC,uniswap_v3_0.01_ethusdc,100k+,207,59682404.44964141,19078.274323474037,0xe0554a476a092703abdb3ef35c80e0d76d32939f
2025-12-08 00:00:00.000 UTC,uniswap_v3_0.01_ethusdc,10k-100k,1023,33893730.377009794,10618.201614056266,0xe0554a476a092703abdb3ef35c80e0d76d32939f
2025-12-08 00:00:00.000 UTC,uniswap_v3_0.01_ethusdc,1k-10k,27944,67618089.22395389,21196.366080490952,0xe0554a476a092703abdb3ef35c80e0d76d32939f
2025-12-08 00:00:00.000 UTC,uniswap_v3_0.01_ethusdt,0.5k-1k,15247,11007496.223513048,3457.4003739546883,0xc7bbec68d12a0d1830360f8ec58fa599ba1b0e9b
2025-12-08 00:00:00.000 UTC,uniswap_v3_0.01_ethusdt,100k+,525,114526924.68320738,35905.99676125613,0xc7bbec68d12a0d1830360f8ec58fa599ba1b0e9b
2025-12-08 00:00:00.000 UTC,uniswap_v3_0.01_ethusdt,10k-100k,5990,124160479.82529332,38227.92438450993,0xc7bbec68d12a0d1830360f8ec58fa599ba1b0e9b
2025-12-08 00:00:00.000 UTC,uniswap_v3_0.01_ethusdt,1k-10k,47645,157326952.21564567,49185.60477904511,0xc7bbec68d12a0d1830360f8ec58fa599ba1b0e9b
2025-12-08 00:00:00.000 UTC,uniswap_v3_0.05_ethusdc,0.5k-1k,1909,1383007.5406081823,432.5822761789191,0x88e6a0c2ddd26feeb64f039a2c41296fcb3f5640
2025-12-08 00:00:00.000 UTC,uniswap_v3_0.05_ethusdc,100k+,256,48708974.38480147,15167.596814135555,0x88e6a0c2ddd26feeb64f039a2c41296fcb3f5640
2025-12-08 00:00:00.000 UTC,uniswap_v3_0.05_ethusdc,10k-100k,8053,207574657.7905725,64591.73725034349,0x88e6a0c2ddd26feeb64f039a2c41296fcb3f5640
2025-12-08 00:00:00.000 UTC,uniswap_v3_0.05_ethusdc,1k-10k,11624,52408509.9931539,16400.606798982713,0x88e6a0c2ddd26feeb64f039a2c41296fcb3f5640
2025-12-08 00:00:00.000 UTC,uniswap_v3_0.05_ethusdt,0.5k-1k,1762,1301542.7092114473,409.7494312418697,0x11b815efb8f581194ae79006d24e0d814b7697f6
2025-12-08 00:00:00.000 UTC,uniswap_v3_0.05_ethusdt,100k+,23,4067991.1108274776,1280.6327421165427,0x11b815efb8f581194ae79006d24e0d814b7697f6
2025-12-08 00:00:00.000 UTC,uniswap_v3_0.05_ethusdt,10k-100k,3183,61400717.400788605,19046.692845393296,0x11b815efb8f581194ae79006d24e0d814b7697f6
2025-12-08 00:00:00.000 UTC,uniswap_v3_0.05_ethusdt,1k-10k,12407,51878572.655205876,16218.011852459791,0x11b815efb8f581194ae79006d24e0d814b7697f6
2025-12-08 00:00:00.000 UTC,uniswap_v3_0.3_ethusdc,0.5k-1k,62,48024.073402779395,15.08588710540474,0x8ad599c3a0ff1de082011efddc58f1908eb6e6d8
2025-12-08 00:00:00.000 UTC,uniswap_v3_0.3_ethusdc,100k+,87,15160587.652260492,4759.441530679809,0x8ad599c3a0ff1de082011efddc58f1908eb6e6d8
2025-12-08 00:00:00.000 UTC,uniswap_v3_0.3_ethusdc,10k-100k,1479,46508246.353512734,14554.193191843508,0x8ad599c3a0ff1de082011efddc58f1908eb6e6d8
2025-12-08 00:00:00.000 UTC,uniswap_v3_0.3_ethusdc,1k-10k,967,5282773.911588193,1654.8697611580956,0x8ad599c3a0ff1de082011efddc58f1908eb6e6d8
2025-12-08 00:00:00.000 UTC,uniswap_v3_0.3_ethusdt,0.5k-1k,295,202914.5393497038,63.96547815152466,0x4e68ccd3e89f51c3074ca5072bbac773960dfa36
2025-12-08 00:00:00.000 UTC,uniswap_v3_0.3_ethusdt,100k+,796,219121887.42098862,68330.1714017159,0x4e68ccd3e89f51c3074ca5072bbac773960dfa36
2025-12-08 00:00:00.000 UTC,uniswap_v3_0.3_ethusdt,10k-100k,1889,79886013.78935578,24997.05801192556,0x4e68ccd3e89f51c3074ca5072bbac773960dfa36
2025-12-08 00:00:00.000 UTC,uniswap_v3_0.3_ethusdt,1k-10k,639,3297368.9411763856,1030.9635598276666,0x4e68ccd3e89f51c3074ca5072bbac773960dfa36
2025-12-08 00:00:00.000 UTC,uniswap_v3_1.0_ethusdc,0.5k-1k,82,57146.92740033401,17.727331002032084,0x7bea39867e4169dbe237d55c8242a8f2fcdcc387
2025-12-08 00:00:00.000 UTC,uniswap_v3_1.0_ethusdc,1k-10k,14,19922.80021017043,6.287593923869848,0x7bea39867e4169dbe237d55c8242a8f2fcdcc387
2025-12-15 00:00:00.000 UTC,curve_usdcwbtcweth,0.5k-1k,3386,2459944.8031447507,601.4806183686688,0x7f86bf177dd4f3494b841a37e810a34dd56c829b
2025-12-15 00:00:00.000 UTC,curve_usdcwbtcweth,10k-100k,328,5411015.204256605,1259.0040565109814,0x7f86bf177dd4f3494b841a37e810a34dd56c829b
2025-12-15 00:00:00.000 UTC,curve_usdcwbtcweth,1k-10k,7344,19903918.386286575,4718.230185069753,0x7f86bf177dd4f3494b841a37e810a34dd56c829b
2025-12-15 00:00:00.000 UTC,curve_usdt,0.5k-1k,238,176100.61800403515,45.73126186078219,0xf5f5b97624542d72a9e06f04804bf81baa15e2b4
2025-12-15 00:00:00.000 UTC,curve_usdt,10k-100k,157,2987934.4466286763,724.1143195471552,0xf5f5b97624542d72a9e06f04804bf81baa15e2b4
2025-12-15 00:00:00.000 UTC,curve_usdt,1k-10k,1016,3433517.5923453616,800.643513068734,0xf5f5b97624542d72a9e06f04804bf81baa15e2b4
2025-12-15 00:00:00.000 UTC,curve_usdtwbtcweth,0.5k-1k,2708,1973249.989307067,526.0110166885935,0xd51a44d3fae010294c616388b506acda1bfaae46
2025-12-15 00:00:00.000 UTC,curve_usdtwbtcweth,10k-100k,391,7354900.308771135,2149.0053831503824,0xd51a44d3fae010294c616388b506acda1bfaae46
2025-12-15 00:00:00.000 UTC,curve_usdtwbtcweth,1k-10k,6479,17640957.510007154,4396.869399312687,0xd51a44d3fae010294c616388b506acda1bfaae46
2025-12-15 00:00:00.000 UTC,sushiv2_ethusdt,0.5k-1k,326,222026.77107038995,75.54014787786492,0x06da0fd433c1a5d7a4faa01111c044910a184553
2025-12-15 00:00:00.000 UTC,sushiv2_ethusdt,1k-10k,124,183153.5198899191,62.56202060075627,0x06da0fd433c1a5d7a4faa01111c044910a184553
2025-12-15 00:00:00.000 UTC,sushiv2_usdceth,0.5k-1k,311,212236.9602985648,72.31041187441335,0x397ff1542f962076d0bfe58ea045ffa2d347aca0
2025-12-15 00:00:00.000 UTC,sushiv2_usdceth,1k-10k,116,163712.1051506329,55.791236111862005,0x397ff1542f962076d0bfe58ea045ffa2d347aca0
2025-12-15 00:00:00.000 UTC,uniswap_v3_0.01_ethusdc,0.5k-1k,19220,13648332.743322708,4632.713709524281,0xe0554a476a092703abdb3ef35c80e0d76d32939f
2025-12-15 00:00:00.000 UTC,uniswap_v3_0.01_ethusdc,100k+,180,40387886.425003916,13832.986032978879,0xe0554a476a092703abdb3ef35c80e0d76d32939f
2025-12-15 00:00:00.000 UTC,uniswap_v3_0.01_ethusdc,10k-100k,974,29532755.140145995,10039.82534997954,0xe0554a476a092703abdb3ef35c80e0d76d32939f
2025-12-15 00:00:00.000 UTC,uniswap_v3_0.01_ethusdc,1k-10k,24951,59918074.26603827,20323.842334563622,0xe0554a476a092703abdb3ef35c80e0d76d32939f
2025-12-15 00:00:00.000 UTC,uniswap_v3_0.01_ethusdt,0.5k-1k,21255,15314763.256345667,5203.290067610926,0xc7bbec68d12a0d1830360f8ec58fa599ba1b0e9b
2025-12-15 00:00:00.000 UTC,uniswap_v3_0.01_ethusdt,100k+,470,131288806.46665706,44859.53890828186,0xc7bbec68d12a0d1830360f8ec58fa599ba1b0e9b
2025-12-15 00:00:00.000 UTC,uniswap_v3_0.01_ethusdt,10k-100k,5828,124475338.51579025,42448.2773165175,0xc7bbec68d12a0d1830360f8ec58fa599ba1b0e9b
2025-12-15 00:00:00.000 UTC,uniswap_v3_0.01_ethusdt,1k-10k,49837,159396627.08376262,54201.71764523229,0xc7bbec68d12a0d1830360f8ec58fa599ba1b0e9b
2025-12-15 00:00:00.000 UTC,uniswap_v3_0.05_ethusdc,0.5k-1k,2699,2013397.9712840314,686.1187015539002,0x88e6a0c2ddd26feeb64f039a2c41296fcb3f5640
2025-12-15 00:00:00.000 UTC,uniswap_v3_0.05_ethusdc,100k+,120,20471157.26641255,6960.574779931251,0x88e6a0c2ddd26feeb64f039a2c41296fcb3f5640
2025-12-15 00:00:00.000 UTC,uniswap_v3_0.05_ethusdc,10k-100k,5641,130656874.43426153,44428.061823447715,0x88e6a0c2ddd26feeb64f039a2c41296fcb3f5640
2025-12-15 00:00:00.000 UTC,uniswap_v3_0.05_ethusdc,1k-10k,13201,53182583.17106156,18103.45037721336,0x88e6a0c2ddd26feeb64f039a2c41296fcb3f5640
2025-12-15 00:00:00.000 UTC,uniswap_v3_0.05_ethusdt,0.5k-1k,2708,2019901.702079906,687.4077226867128,0x11b815efb8f581194ae79006d24e0d814b7697f6
2025-12-15 00:00:00.000 UTC,uniswap_v3_0.05_ethusdt,100k+,11,2835609.3811078826,968.7867430608115,0x11b815efb8f581194ae79006d24e0d814b7697f6
2025-12-15 00:00:00.000 UTC,uniswap_v3_0.05_ethusdt,10k-100k,2578,49952829.48651865,16988.64265386112,0x11b815efb8f581194ae79006d24e0d814b7697f6
2025-12-15 00:00:00.000 UTC,uniswap_v3_0.05_ethusdt,1k-10k,12951,50478760.02508488,17162.535133385027,0x11b815efb8f581194ae79006d24e0d814b7697f6
2025-12-15 00:00:00.000 UTC,uniswap_v3_0.3_ethusdc,0.5k-1k,67,50776.23253083239,17.32091350149813,0x8ad599c3a0ff1de082011efddc58f1908eb6e6d8
2025-12-15 00:00:00.000 UTC,uniswap_v3_0.3_ethusdc,100k+,111,17581850.572227243,5946.686421841326,0x8ad599c3a0ff1de082011efddc58f1908eb6e6d8
2025-12-15 00:00:00.000 UTC,uniswap_v3_0.3_ethusdc,10k-100k,1430,46030089.37264151,15670.556187150058,0x8ad599c3a0ff1de082011efddc58f1908eb6e6d8
2025-12-15 00:00:00.000 UTC,uniswap_v3_0.3_ethusdc,1k-10k,1061,5133075.534937152,1747.7350292879853,0x8ad599c3a0ff1de082011efddc58f1908eb6e6d8
2025-12-15 00:00:00.000 UTC,uniswap_v3_0.3_ethusdt,0.5k-1k,236,167421.02798105445,56.918030578403005,0x4e68ccd3e89f51c3074ca5072bbac773960dfa36
2025-12-15 00:00:00.000 UTC,uniswap_v3_0.3_ethusdt,100k+,847,246998018.6370224,83860.89040959108,0x4e68ccd3e89f51c3074ca5072bbac773960dfa36
2025-12-15 00:00:00.000 UTC,uniswap_v3_0.3_ethusdt,10k-100k,1887,79950604.48480392,27202.207128218357,0x4e68ccd3e89f51c3074ca5072bbac773960dfa36
2025-12-15 00:00:00.000 UTC,uniswap_v3_0.3_ethusdt,1k-10k,797,3701066.19130706,1259.4802333063078,0x4e68ccd3e89f51c3074ca5072bbac773960dfa36
2025-12-15 00:00:00.000 UTC,uniswap_v3_1.0_ethusdc,0.5k-1k,107,75282.74450164875,25.75579005842274,0x7bea39867e4169dbe237d55c8242a8f2fcdcc387
2025-12-15 00:00:00.000 UTC,uniswap_v3_1.0_ethusdc,1k-10k,30,41672.714000944296,14.136553171203225,0x7bea39867e4169dbe237d55c8242a8f2fcdcc387
2025-12-22 00:00:00.000 UTC,curve_usdcwbtcweth,0.5k-1k,3460,2515806.4384718346,607.9989171752201,0x7f86bf177dd4f3494b841a37e810a34dd56c829b
2025-12-22 00:00:00.000 UTC,curve_usdcwbtcweth,100k+,2,283681.77252079756,98.21071279163081,0x7f86bf177dd4f3494b841a37e810a34dd56c829b
2025-12-22 00:00:00.000 UTC,curve_usdcwbtcweth,10k-100k,324,5201255.113987199,1218.0321851037013,0x7f86bf177dd4f3494b841a37e810a34dd56c829b
2025-12-22 00:00:00.000 UTC,curve_usdcwbtcweth,1k-10k,7095,18939150.45406957,4124.767154117598,0x7f86bf177dd4f3494b841a37e810a34dd56c829b
2025-12-22 00:00:00.000 UTC,curve_usdt,0.5k-1k,574,436371.45944262,113.80931306667054,0xf5f5b97624542d72a9e06f04804bf81baa15e2b4
2025-12-22 00:00:00.000 UTC,curve_usdt,10k-100k,434,8023748.83510101,2098.156013808727,0xf5f5b97624542d72a9e06f04804bf81baa15e2b4
2025-12-22 00:00:00.000 UTC,curve_usdt,1k-10k,2397,8017441.030603069,2011.4650664672247,0xf5f5b97624542d72a9e06f04804bf81baa15e2b4
2025-12-22 00:00:00.000 UTC,curve_usdtwbtcweth,0.5k-1k,2628,1936430.3301902325,521.5614095467691,0xd51a44d3fae010294c616388b506acda1bfaae46
2025-12-22 00:00:00.000 UTC,curve_usdtwbtcweth,10k-100k,335,5644154.354848629,1593.0080746916415,0xd51a44d3fae010294c616388b506acda1bfaae46
2025-12-22 00:00:00.000 UTC,curve_usdtwbtcweth,1k-10k,5965,16183152.541937206,3963.950629358527,0xd51a44d3fae010294c616388b506acda1bfaae46
2025-12-22 00:00:00.000 UTC,sushiv2_ethusdt,0.5k-1k,106,70627.91230643107,23.86555764093295,0x06da0fd433c1a5d7a4faa01111c044910a184553
2025-12-22 00:00:00.000 UTC,sushiv2_ethusdt,1k-10k,48,65326.13276579265,21.99026364578463,0x06da0fd433c1a5d7a4faa01111c044910a184553
2025-12-22 00:00:00.000 UTC,sushiv2_usdceth,0.5k-1k,85,56767.696241410325,19.18809633329272,0x397ff1542f962076d0bfe58ea045ffa2d347aca0
2025-12-22 00:00:00.000 UTC,sushiv2_usdceth,1k-10k,42,57904.75878094563,19.50567397125961,0x397ff1542f962076d0bfe58ea045ffa2d347aca0
2025-12-22 00:00:00.000 UTC,uniswap_v3_0.01_ethusdc,0.5k-1k,17040,11984835.005175032,4048.462538897852,0xe0554a476a092703abdb3ef35c80e0d76d32939f
2025-12-22 00:00:00.000 UTC,uniswap_v3_0.01_ethusdc,100k+,115,30929327.091547027,10840.812270662316,0xe0554a476a092703abdb3ef35c80e0d76d32939f
2025-12-22 00:00:00.000 UTC,uniswap_v3_0.01_ethusdc,10k-100k,492,18205166.125309497,6169.906617566728,0xe0554a476a092703abdb3ef35c80e0d76d32939f
2025-12-22 00:00:00.000 UTC,uniswap_v3_0.01_ethusdc,1k-10k,16122,33469925.831224516,11284.287821225824,0xe0554a476a092703abdb3ef35c80e0d76d32939f
2025-12-22 00:00:00.000 UTC,uniswap_v3_0.01_ethusdt,0.5k-1k,17750,12863256.5574828,4344.955607133064,0xc7bbec68d12a0d1830360f8ec58fa599ba1b0e9b
2025-12-22 00:00:00.000 UTC,uniswap_v3_0.01_ethusdt,100k+,336,81707012.17017815,28174.79700344442,0xc7bbec68d12a0d1830360f8ec58fa599ba1b0e9b
2025-12-22 00:00:00.000 UTC,uniswap_v3_0.01_ethusdt,10k-100k,2889,63820982.933060884,21575.548866636345,0xc7bbec68d12a0d1830360f8ec58fa599ba1b0e9b
2025-12-22 00:00:00.000 UTC,uniswap_v3_0.01_ethusdt,1k-10k,37585,112880693.99461135,38106.476844532284,0xc7bbec68d12a0d1830360f8ec58fa599ba1b0e9b
2025-12-22 00:00:00.000 UTC,uniswap_v3_0.05_ethusdc,0.5k-1k,1823,1368769.1629961317,462.58905241123466,0x88e6a0c2ddd26feeb64f039a2c41296fcb3f5640
2025-12-22 00:00:00.000 UTC,uniswap_v3_0.05_ethusdc,100k+,62,12345915.748927627,4155.695237582583,0x88e6a0c2ddd26feeb64f039a2c41296fcb3f5640
2025-12-22 00:00:00.000 UTC,uniswap_v3_0.05_ethusdc,10k-100k,3220,72953531.57105099,24557.303476123707,0x88e6a0c2ddd26feeb64f039a2c41296fcb3f5640
2025-12-22 00:00:00.000 UTC,uniswap_v3_0.05_ethusdc,1k-10k,9495,37056422.99813408,12509.300759465565,0x88e6a0c2ddd26feeb64f039a2c41296fcb3f5640
2025-12-22 00:00:00.000 UTC,uniswap_v3_0.05_ethusdt,0.5k-1k,1815,1372334.2206427539,463.4837772456066,0x11b815efb8f581194ae79006d24e0d814b7697f6
2025-12-22 00:00:00.000 UTC,uniswap_v3_0.05_ethusdt,100k+,15,2440929.363623811,824.7119653747322,0x11b815efb8f581194ae79006d24e0d814b7697f6
2025-12-22 00:00:00.000 UTC,uniswap_v3_0.05_ethusdt,10k-100k,1732,33283333.29802719,11232.005218822334,0x11b815efb8f581194ae79006d24e0d814b7697f6
2025-12-22 00:00:00.000 UTC,uniswap_v3_0.05_ethusdt,1k-10k,9609,35196418.17599886,11868.346026658834,0x11b815efb8f581194ae79006d24e0d814b7697f6
2025-12-22 00:00:00.000 UTC,uniswap_v3_0.3_ethusdc,0.5k-1k,65,50706.30101984838,17.186948723936403,0x8ad599c3a0ff1de082011efddc58f1908eb6e6d8
2025-12-22 00:00:00.000 UTC,uniswap_v3_0.3_ethusdc,100k+,63,9617685.152483076,3259.9951704691466,0x8ad599c3a0ff1de082011efddc58f1908eb6e6d8
2025-12-22 00:00:00.000 UTC,uniswap_v3_0.3_ethusdc,10k-100k,713,22520715.725541122,7618.2769176639595,0x8ad599c3a0ff1de082011efddc58f1908eb6e6d8
2025-12-22 00:00:00.000 UTC,uniswap_v3_0.3_ethusdc,1k-10k,633,2832686.9571713763,955.4020382450557,0x8ad599c3a0ff1de082011efddc58f1908eb6e6d8
2025-12-22 00:00:00.000 UTC,uniswap_v3_0.3_ethusdt,0.5k-1k,175,122188.63615247593,41.338617765165054,0x4e68ccd3e89f51c3074ca5072bbac773960dfa36
2025-12-22 00:00:00.000 UTC,uniswap_v3_0.3_ethusdt,100k+,477,148630547.40604693,50168.59765051027,0x4e68ccd3e89f51c3074ca5072bbac773960dfa36
2025-12-22 00:00:00.000 UTC,uniswap_v3_0.3_ethusdt,10k-100k,943,40024000.15719036,13515.14030664974,0x4e68ccd3e89f51c3074ca5072bbac773960dfa36
2025-12-22 00:00:00.000 UTC,uniswap_v3_0.3_ethusdt,1k-10k,438,1874814.8923014489,633.9692168088241,0x4e68ccd3e89f51c3074ca5072bbac773960dfa36
2025-12-22 00:00:00.000 UTC,uniswap_v3_1.0_ethusdc,0.5k-1k,32,22454.331771988043,7.613286120258429,0x7bea39867e4169dbe237d55c8242a8f2fcdcc387
2025-12-22 00:00:00.000 UTC,uniswap_v3_1.0_ethusdc,1k-10k,11,14808.942950969682,4.972135415409049,0x7bea39867e4169dbe237d55c8242a8f2fcdcc387
2025-12-29 00:00:00.000 UTC,curve_usdcwbtcweth,0.5k-1k,2650,1959323.1003258566,464.186639859767,0x7f86bf177dd4f3494b841a37e810a34dd56c829b
2025-12-29 00:00:00.000 UTC,curve_usdcwbtcweth,10k-100k,216,3267169.6895466154,851.074954493029,0x7f86bf177dd4f3494b841a37e810a34dd56c829b
2025-12-29 00:00:00.000 UTC,curve_usdcwbtcweth,1k-10k,6003,15607958.945960239,3726.269961255178,0x7f86bf177dd4f3494b841a37e810a34dd56c829b
2025-12-29 00:00:00.000 UTC,curve_usdt,0.5k-1k,385,295663.0460303464,67.09357851776971,0xf5f5b97624542d72a9e06f04804bf81baa15e2b4
2025-12-29 00:00:00.000 UTC,curve_usdt,10k-100k,379,7422195.674508583,1807.59728166846,0xf5f5b97624542d72a9e06f04804bf81baa15e2b4
2025-12-29 00:00:00.000 UTC,curve_usdt,1k-10k,2187,7584702.829016172,1788.179743221472,0xf5f5b97624542d72a9e06f04804bf81baa15e2b4
2025-12-29 00:00:00.000 UTC,curve_usdtwbtcweth,0.5k-1k,2020,1502971.4120731894,391.9062440547591,0xd51a44d3fae010294c616388b506acda1bfaae46
2025-12-29 00:00:00.000 UTC,curve_usdtwbtcweth,10k-100k,126,2072102.9559524737,554.8837142798131,0xd51a44d3fae010294c616388b506acda1bfaae46
2025-12-29 00:00:00.000 UTC,curve_usdtwbtcweth,1k-10k,4416,10997896.31254916,2803.085330325446,0xd51a44d3fae010294c616388b506acda1bfaae46
2025-12-29 00:00:00.000 UTC,sushiv2_ethusdt,0.5k-1k,111,76590.56813679196,25.38831313441888,0x06da0fd433c1a5d7a4faa01111c044910a184553
2025-12-29 00:00:00.000 UTC,sushiv2_ethusdt,1k-10k,46,96442.87864528853,31.755876162654108,0x06da0fd433c1a5d7a4faa01111c044910a184553
2025-12-29 00:00:00.000 UTC,sushiv2_usdceth,0.5k-1k,98,64402.94808690798,21.356582247184463,0x397ff1542f962076d0bfe58ea045ffa2d347aca0
2025-12-29 00:00:00.000 UTC,sushiv2_usdceth,1k-10k,31,45145.98707778685,14.935027904774305,0x397ff1542f962076d0bfe58ea045ffa2d347aca0
2025-12-29 00:00:00.000 UTC,uniswap_v3_0.01_ethusdc,0.5k-1k,16279,11582154.994753445,3829.8774730574487,0xe0554a476a092703abdb3ef35c80e0d76d32939f
2025-12-29 00:00:00.000 UTC,uniswap_v3_0.01_ethusdc,100k+,122,38122023.70650845,12872.180834017241,0xe0554a476a092703abdb3ef35c80e0d76d32939f
2025-12-29 00:00:00.000 UTC,uniswap_v3_0.01_ethusdc,10k-100k,562,17960358.23896808,5945.4470119514,0xe0554a476a092703abdb3ef35c80e0d76d32939f
2025-12-29 00:00:00.000 UTC,uniswap_v3_0.01_ethusdc,1k-10k,17622,36636069.14015097,12100.689234000041,0xe0554a476a092703abdb3ef35c80e0d76d32939f
2025-12-29 00:00:00.000 UTC,uniswap_v3_0.01_ethusdt,0.5k-1k,16055,11619163.527276907,3844.3732863079495,0xc7bbec68d12a0d1830360f8ec58fa599ba1b0e9b
2025-12-29 00:00:00.000 UTC,uniswap_v3_0.01_ethusdt,100k+,339,91058737.0451308,30260.887334577077,0xc7bbec68d12a0d1830360f8ec58fa599ba1b0e9b
2025-12-29 00:00:00.000 UTC,uniswap_v3_0.01_ethusdt,10k-100k,3567,73032145.04816045,24128.872172504543,0xc7bbec68d12a0d1830360f8ec58fa599ba1b0e9b
2025-12-29 00:00:00.000 UTC,uniswap_v3_0.01_ethusdt,1k-10k,41187,128941555.88607436,42567.608073325384,0xc7bbec68d12a0d1830360f8ec58fa599ba1b0e9b
2025-12-29 00:00:00.000 UTC,uniswap_v3_0.05_ethusdc,0.5k-1k,1682,1239895.370312047,410.07823448812445,0x88e6a0c2ddd26feeb64f039a2c41296fcb3f5640
2025-12-29 00:00:00.000 UTC,uniswap_v3_0.05_ethusdc,100k+,197,48656083.05993504,16317.732323168326,0x88e6a0c2ddd26feeb64f039a2c41296fcb3f5640
2025-12-29 00:00:00.000 UTC,uniswap_v3_0.05_ethusdc,10k-100k,3782,91424978.73091827,30329.89214652204,0x88e6a0c2ddd26feeb64f039a2c41296fcb3f5640
2025-12-29 00:00:00.000 UTC,uniswap_v3_0.05_ethusdc,1k-10k,9614,39148814.47748813,12931.550040535738,0x88e6a0c2ddd26feeb64f039a2c41296fcb3f5640
2025-12-29 00:00:00.000 UTC,uniswap_v3_0.05_ethusdt,0.5k-1k,1310,980663.8936631008,323.95731259673477,0x11b815efb8f581194ae79006d24e0d814b7697f6
2025-12-29 00:00:00.000 UTC,uniswap_v3_0.05_ethusdt,100k+,23,14638769.974163244,5429.135019691866,0x11b815efb8f581194ae79006d24e0d814b7697f6
2025-12-29 00:00:00.000 UTC,uniswap_v3_0.05_ethusdt,10k-100k,2009,40781444.1308827,13408.72584943445,0x11b815efb8f581194ae79006d24e0d814b7697f6
2025-12-29 00:00:00.000 UTC,uniswap_v3_0.05_ethusdt,1k-10k,8911,34680835.696319886,11464.48814878275,0x11b815efb8f581194ae79006d24e0d814b7697f6
2025-12-29 00:00:00.000 UTC,uniswap_v3_0.3_ethusdc,0.5k-1k,39,28476.70203921287,9.436412342205612,0x8ad599c3a0ff1de082011efddc58f1908eb6e6d8
2025-12-29 00:00:00.000 UTC,uniswap_v3_0.3_ethusdc,100k+,54,9502914.361540958,3158.3784176334116,0x8ad599c3a0ff1de082011efddc58f1908eb6e6d8
2025-12-29 00:00:00.000 UTC,uniswap_v3_0.3_ethusdc,10k-100k,584,18394453.551482946,6114.164259176799,0x8ad599c3a0ff1de082011efddc58f1908eb6e6d8
2025-12-29 00:00:00.000 UTC,uniswap_v3_0.3_ethusdc,1k-10k,521,2423889.4043318834,799.3782436702136,0x8ad599c3a0ff1de082011efddc58f1908eb6e6d8
2025-12-29 00:00:00.000 UTC,uniswap_v3_0.3_ethusdt,0.5k-1k,178,124425.17803900664,40.98777817501935,0x4e68ccd3e89f51c3074ca5072bbac773960dfa36
2025-12-29 00:00:00.000 UTC,uniswap_v3_0.3_ethusdt,100k+,411,127476666.67100959,42176.6283465639,0x4e68ccd3e89f51c3074ca5072bbac773960dfa36
2025-12-29 00:00:00.000 UTC,uniswap_v3_0.3_ethusdt,10k-100k,738,32925272.820578903,10893.458330665246,0x4e68ccd3e89f51c3074ca5072bbac773960dfa36
2025-12-29 00:00:00.000 UTC,uniswap_v3_0.3_ethusdt,1k-10k,381,1618861.1573558021,534.4834066480457,0x4e68ccd3e89f51c3074ca5072bbac773960dfa36
2025-12-29 00:00:00.000 UTC,uniswap_v3_1.0_ethusdc,0.5k-1k,22,15028.158171052348,5.005226595781737,0x7bea39867e4169dbe237d55c8242a8f2fcdcc387
2025-12-29 00:00:00.000 UTC,uniswap_v3_1.0_ethusdc,1k-10k,11,15577.844371042913,5.142703406364763,0x7bea39867e4169dbe237d55c8242a8f2fcdcc387
2026-01-05 00:00:00.000 UTC,curve_usdcwbtcweth,0.5k-1k,2542,1887312.7488799219,431.5080208468869,0x7f86bf177dd4f3494b841a37e810a34dd56c829b
2026-01-05 00:00:00.000 UTC,curve_usdcwbtcweth,10k-100k,225,3991400.856316288,998.0999654000536,0x7f86bf177dd4f3494b841a37e810a34dd56c829b
2026-01-05 00:00:00.000 UTC,curve_usdcwbtcweth,1k-10k,5963,15047727.15688217,3454.353443426884,0x7f86bf177dd4f3494b841a37e810a34dd56c829b
2026-01-05 00:00:00.000 UTC,curve_usdt,0.5k-1k,240,184680.6840140201,43.59389124029367,0xf5f5b97624542d72a9e06f04804bf81baa15e2b4
2026-01-05 00:00:00.000 UTC,curve_usdt,10k-100k,369,7216970.526199101,1623.3740793866093,0xf5f5b97624542d72a9e06f04804bf81baa15e2b4
2026-01-05 00:00:00.000 UTC,curve_usdt,1k-10k,1752,6427476.109357567,1459.7745420268366,0xf5f5b97624542d72a9e06f04804bf81baa15e2b4
2026-01-05 00:00:00.000 UTC,curve_usdtwbtcweth,0.5k-1k,1964,1468466.4473640993,374.8114388841821,0xd51a44d3fae010294c616388b506acda1bfaae46
2026-01-05 00:00:00.000 UTC,curve_usdtwbtcweth,10k-100k,223,3661169.274219369,966.883859351921,0xd51a44d3fae010294c616388b506acda1bfaae46
2026-01-05 00:00:00.000 UTC,curve_usdtwbtcweth,1k-10k,4843,12605540.97959318,3113.437892422395,0xd51a44d3fae010294c616388b506acda1bfaae46
2026-01-05 00:00:00.000 UTC,sushiv2_ethusdt,0.5k-1k,141,96507.53328655641,30.52357921013639,0x06da0fd433c1a5d7a4faa01111c044910a184553
2026-01-05 00:00:00.000 UTC,sushiv2_ethusdt,1k-10k,56,96210.44749948005,30.5532816584615,0x06da0fd433c1a5d7a4faa01111c044910a184553
2026-01-05 00:00:00.000 UTC,sushiv2_usdceth,0.5k-1k,153,101400.23443033692,32.07953085758277,0x397ff1542f962076d0bfe58ea045ffa2d347aca0
2026-01-05 00:00:00.000 UTC,sushiv2_usdceth,1k-10k,37,53102.89157478472,16.75071127594897,0x397ff1542f962076d0bfe58ea045ffa2d347aca0
2026-01-05 00:00:00.000 UTC,uniswap_v3_0.01_ethusdc,0.5k-1k,14967,10589846.459060332,3353.978352165815,0xe0554a476a092703abdb3ef35c80e0d76d32939f
2026-01-05 00:00:00.000 UTC,uniswap_v3_0.01_ethusdc,100k+,82,21503121.87888047,6810.826141565389,0xe0554a476a092703abdb3ef35c80e0d76d32939f
2026-01-05 00:00:00.000 UTC,uniswap_v3_0.01_ethusdc,10k-100k,543,15138886.41764735,4801.24573190908,0xe0554a476a092703abdb3ef35c80e0d76d32939f
2026-01-05 00:00:00.000 UTC,uniswap_v3_0.01_ethusdc,1k-10k,18194,39499390.117075495,12519.983515055406,0xe0554a476a092703abdb3ef35c80e0d76d32939f
2026-01-05 00:00:00.000 UTC,uniswap_v3_0.01_ethusdt,0.5k-1k,15840,11447989.887394473,3627.5978995565342,0xc7bbec68d12a0d1830360f8ec58fa599ba1b0e9b
2026-01-05 00:00:00.000 UTC,uniswap_v3_0.01_ethusdt,100k+,282,84707806.54008785,27146.62913530635,0xc7bbec68d12a0d1830360f8ec58fa599ba1b0e9b
2026-01-05 00:00:00.000 UTC,uniswap_v3_0.01_ethusdt,10k-100k,5862,113174138.52097526,35784.038377333905,0xc7bbec68d12a0d1830360f8ec58fa599ba1b0e9b
2026-01-05 00:00:00.000 UTC,uniswap_v3_0.01_ethusdt,1k-10k,44637,150161847.18394965,47496.26977381011,0xc7bbec68d12a0d1830360f8ec58fa599ba1b0e9b
2026-01-05 00:00:00.000 UTC,uniswap_v3_0.05_ethusdc,0.5k-1k,1603,1173100.7670906028,371.2037310685539,0x88e6a0c2ddd26feeb64f039a2c41296fcb3f5640
2026-01-05 00:00:00.000 UTC,uniswap_v3_0.05_ethusdc,100k+,270,50166071.31701659,15995.715572922287,0x88e6a0c2ddd26feeb64f039a2c41296fcb3f5640
2026-01-05 00:00:00.000 UTC,uniswap_v3_0.05_ethusdc,10k-100k,5983,153363091.41134706,48519.84244885902,0x88e6a0c2ddd26feeb64f039a2c41296fcb3f5640
2026-01-05 00:00:00.000 UTC,uniswap_v3_0.05_ethusdc,1k-10k,8845,38878613.4211676,12301.905926056526,0x88e6a0c2ddd26feeb64f039a2c41296fcb3f5640
2026-01-05 00:00:00.000 UTC,uniswap_v3_0.05_ethusdt,0.5k-1k,1386,995715.0908057463,314.8324530108738,0x11b815efb8f581194ae79006d24e0d814b7697f6
2026-01-05 00:00:00.000 UTC,uniswap_v3_0.05_ethusdt,100k+,261,53939305.185419105,17160.70880848331,0x11b815efb8f581194ae79006d24e0d814b7697f6
2026-01-05 00:00:00.000 UTC,uniswap_v3_0.05_ethusdt,10k-100k,5932,157571003.61649242,49863.80687987822,0x11b815efb8f581194ae79006d24e0d814b7697f6
2026-01-05 00:00:00.000 UTC,uniswap_v3_0.05_ethusdt,1k-10k,8574,39579329.27865784,12522.154486176014,0x11b815efb8f581194ae79006d24e0d814b7697f6
2026-01-05 00:00:00.000 UTC,uniswap_v3_0.3_ethusdc,0.5k-1k,54,41330.7832759284,13.056921933606436,0x8ad599c3a0ff1de082011efddc58f1908eb6e6d8
2026-01-05 00:00:00.000 UTC,uniswap_v3_0.3_ethusdc,100k+,123,20039815.320438474,6344.166755820801,0x8ad599c3a0ff1de082011efddc58f1908eb6e6d8
2026-01-05 00:00:00.000 UTC,uniswap_v3_0.3_ethusdc,10k-100k,1141,39728505.26478925,12580.865077518243,0x8ad599c3a0ff1de082011efddc58f1908eb6e6d8
2026-01-05 00:00:00.000 UTC,uniswap_v3_0.3_ethusdc,1k-10k,655,3348827.357705947,1059.6621340970084,0x8ad599c3a0ff1de082011efddc58f1908eb6e6d8
2026-01-05 00:00:00.000 UTC,uniswap_v3_0.3_ethusdt,0.5k-1k,232,163737.01423563444,51.694609496727765,0x4e68ccd3e89f51c3074ca5072bbac773960dfa36
2026-01-05 00:00:00.000 UTC,uniswap_v3_0.3_ethusdt,100k+,766,218922643.5529656,69569.78144137588,0x4e68ccd3e89f51c3074ca5072bbac773960dfa36
2026-01-05 00:00:00.000 UTC,uniswap_v3_0.3_ethusdt,10k-100k,1192,55006716.91389228,17390.173991359985,0x4e68ccd3e89f51c3074ca5072bbac773960dfa36
2026-01-05 00:00:00.000 UTC,uniswap_v3_0.3_ethusdt,1k-10k,533,2473329.197943238,780.6888344988806,0x4e68ccd3e89f51c3074ca5072bbac773960dfa36
2026-01-05 00:00:00.000 UTC,uniswap_v3_1.0_ethusdc,0.5k-1k,32,21466.561609618777,6.751988041813936,0x7bea39867e4169dbe237d55c8242a8f2fcdcc387
2026-01-05 00:00:00.000 UTC,uniswap_v3_1.0_ethusdc,1k-10k,12,15637.613362882938,4.902186063793224,0x7bea39867e4169dbe237d55c8242a8f2fcdcc387
2026-01-12 00:00:00.000 UTC,curve_usdcwbtcweth,0.5k-1k,2400,1793109.219382173,382.84077230464754,0x7f86bf177dd4f3494b841a37e810a34dd56c829b
2026-01-12 00:00:00.000 UTC,curve_usdcwbtcweth,10k-100k,184,3067390.4431863166,769.4080518399277,0x7f86bf177dd4f3494b841a37e810a34dd56c829b
2026-01-12 00:00:00.000 UTC,curve_usdcwbtcweth,1k-10k,5578,14080224.743291557,3037.6603695850513,0x7f86bf177dd4f3494b841a37e810a34dd56c829b
2026-01-12 00:00:00.000 UTC,curve_usdt,0.5k-1k,395,305661.803620499,66.52724170165524,0xf5f5b97624542d72a9e06f04804bf81baa15e2b4
2026-01-12 00:00:00.000 UTC,curve_usdt,100k+,4,708925.3385699721,0,0xf5f5b97624542d72a9e06f04804bf81baa15e2b4
2026-01-12 00:00:00.000 UTC,curve_usdt,10k-100k,560,11559194.234791236,2399.864336645198,0xf5f5b97624542d72a9e06f04804bf81baa15e2b4
2026-01-12 00:00:00.000 UTC,curve_usdt,1k-10k,2683,9335714.63670407,1978.249393868762,0xf5f5b97624542d72a9e06f04804bf81baa15e2b4
2026-01-12 00:00:00.000 UTC,curve_usdtwbtcweth,0.5k-1k,1716,1279286.6414457206,310.5904341850523,0xd51a44d3fae010294c616388b506acda1bfaae46
2026-01-12 00:00:00.000 UTC,curve_usdtwbtcweth,10k-100k,77,1349004.1724098814,354.583779675882,0xd51a44d3fae010294c616388b506acda1bfaae46
2026-01-12 00:00:00.000 UTC,curve_usdtwbtcweth,1k-10k,3648,8867555.431827573,2041.5922487882647,0xd51a44d3fae010294c616388b506acda1bfaae46
2026-01-12 00:00:00.000 UTC,sushiv2_ethusdt,0.5k-1k,142,96553.91392975354,29.519824793888844,0x06da0fd433c1a5d7a4faa01111c044910a184553
2026-01-12 00:00:00.000 UTC,sushiv2_ethusdt,1k-10k,49,90726.0222450432,27.70575498490002,0x06da0fd433c1a5d7a4faa01111c044910a184553
2026-01-12 00:00:00.000 UTC,sushiv2_usdceth,0.5k-1k,133,90201.04203091474,27.595294529425278,0x397ff1542f962076d0bfe58ea045ffa2d347aca0
2026-01-12 00:00:00.000 UTC,sushiv2_usdceth,1k-10k,41,63139.7420942812,19.319501935572955,0x397ff1542f962076d0bfe58ea045ffa2d347aca0
2026-01-12 00:00:00.000 UTC,uniswap_v3_0.01_ethusdc,0.5k-1k,14190,10072695.568963591,3088.023066047455,0xe0554a476a092703abdb3ef35c80e0d76d32939f
2026-01-12 00:00:00.000 UTC,uniswap_v3_0.01_ethusdc,100k+,101,25099369.76031788,7871.531884247673,0xe0554a476a092703abdb3ef35c80e0d76d32939f
2026-01-12 00:00:00.000 UTC,uniswap_v3_0.01_ethusdc,10k-100k,574,16497008.970038742,5061.410856483568,0xe0554a476a092703abdb3ef35c80e0d76d32939f
2026-01-12 00:00:00.000 UTC,uniswap_v3_0.01_ethusdc,1k-10k,16513,35312586.07356423,10878.784256882345,0xe0554a476a092703abdb3ef35c80e0d76d32939f
2026-01-12 00:00:00.000 UTC,uniswap_v3_0.01_ethusdt,0.5k-1k,14252,10356790.55029654,3181.01107624837,0xc7bbec68d12a0d1830360f8ec58fa599ba1b0e9b
2026-01-12 00:00:00.000 UTC,uniswap_v3_0.01_ethusdt,100k+,348,106856904.30108252,32878.20281224888,0xc7bbec68d12a0d1830360f8ec58fa599ba1b0e9b
2026-01-12 00:00:00.000 UTC,uniswap_v3_0.01_ethusdt,10k-100k,6819,138218301.9694823,42837.53273948211,0xc7bbec68d12a0d1830360f8ec58fa599ba1b0e9b
2026-01-12 00:00:00.000 UTC,uniswap_v3_0.01_ethusdt,1k-10k,43867,149488850.83276942,45891.02368242113,0xc7bbec68d12a0d1830360f8ec58fa599ba1b0e9b
2026-01-12 00:00:00.000 UTC,uniswap_v3_0.05_ethusdc,0.5k-1k,1455,1073314.3857709493,328.80825048830087,0x88e6a0c2ddd26feeb64f039a2c41296fcb3f5640
2026-01-12 00:00:00.000 UTC,uniswap_v3_0.05_ethusdc,100k+,257,46767467.410378546,14220.02929984633,0x88e6a0c2ddd26feeb64f039a2c41296fcb3f5640
2026-01-12 00:00:00.000 UTC,uniswap_v3_0.05_ethusdc,10k-100k,6094,159512026.2362128,48761.47916449092,0x88e6a0c2ddd26feeb64f039a2c41296fcb3f5640
2026-01-12 00:00:00.000 UTC,uniswap_v3_0.05_ethusdc,1k-10k,8783,39037825.286209956,11960.853469441836,0x88e6a0c2ddd26feeb64f039a2c41296fcb3f5640
2026-01-12 00:00:00.000 UTC,uniswap_v3_0.05_ethusdt,0.5k-1k,1083,793452.0562635165,242.92635769161836,0x11b815efb8f581194ae79006d24e0d814b7697f6
2026-01-12 00:00:00.000 UTC,uniswap_v3_0.05_ethusdt,100k+,224,42328399.46466497,12898.689043860184,0x11b815efb8f581194ae79006d24e0d814b7697f6
2026-01-12 00:00:00.000 UTC,uniswap_v3_0.05_ethusdt,10k-100k,5935,156040794.99808243,47849.8155237496,0x11b815efb8f581194ae79006d24e0d814b7697f6
2026-01-12 00:00:00.000 UTC,uniswap_v3_0.05_ethusdt,1k-10k,8472,39647676.15853821,12139.924722948559,0x11b815efb8f581194ae79006d24e0d814b7697f6
2026-01-12 00:00:00.000 UTC,uniswap_v3_0.3_ethusdc,0.5k-1k,63,47128.43174651928,14.462396502133613,0x8ad599c3a0ff1de082011efddc58f1908eb6e6d8
2026-01-12 00:00:00.000 UTC,uniswap_v3_0.3_ethusdc,100k+,105,19940926.560716677,6107.293885840064,0x8ad599c3a0ff1de082011efddc58f1908eb6e6d8
2026-01-12 00:00:00.000 UTC,uniswap_v3_0.3_ethusdc,10k-100k,991,34606266.370131284,10640.135245706704,0x8ad599c3a0ff1de082011efddc58f1908eb6e6d8
2026-01-12 00:00:00.000 UTC,uniswap_v3_0.3_ethusdc,1k-10k,530,2677580.508205533,820.9082752846263,0x8ad599c3a0ff1de082011efddc58f1908eb6e6d8
2026-01-12 00:00:00.000 UTC,uniswap_v3_0.3_ethusdt,0.5k-1k,160,120523.44139337423,36.72150381635454,0x4e68ccd3e89f51c3074ca5072bbac773960dfa36
2026-01-12 00:00:00.000 UTC,uniswap_v3_0.3_ethusdt,100k+,642,202102814.03665808,62039.91564930571,0x4e68ccd3e89f51c3074ca5072bbac773960dfa36
2026-01-12 00:00:00.000 UTC,uniswap_v3_0.3_ethusdt,10k-100k,1058,47174166.2874116,14455.842716352487,0x4e68ccd3e89f51c3074ca5072bbac773960dfa36
2026-01-12 00:00:00.000 UTC,uniswap_v3_0.3_ethusdt,1k-10k,498,2157764.4226456126,662.0960056826276,0x4e68ccd3e89f51c3074ca5072bbac773960dfa36
2026-01-12 00:00:00.000 UTC,uniswap_v3_1.0_ethusdc,0.5k-1k,26,18560.14173376429,5.718415128820633,0x7bea39867e4169dbe237d55c8242a8f2fcdcc387
2026-01-12 00:00:00.000 UTC,uniswap_v3_1.0_ethusdc,1k-10k,11,19277.025855772605,5.938697162040577,0x7bea39867e4169dbe237d55c8242a8f2fcdcc387
2026-01-19 00:00:00.000 UTC,curve_usdcwbtcweth,0.5k-1k,2588,1913886.9156473728,477.3028549958632,0x7f86bf177dd4f3494b841a37e810a34dd56c829b
2026-01-19 00:00:00.000 UTC,curve_usdcwbtcweth,100k+,1,113166.67055288085,39.05105511916288,0x7f86bf177dd4f3494b841a37e810a34dd56c829b
2026-01-19 00:00:00.000 UTC,curve_usdcwbtcweth,10k-100k,254,4026895.4977862616,1081.7921105516577,0x7f86bf177dd4f3494b841a37e810a34dd56c829b
2026-01-19 00:00:00.000 UTC,curve_usdcwbtcweth,1k-10k,6308,16698483.072780045,4084.041803663103,0x7f86bf177dd4f3494b841a37e810a34dd56c829b
2026-01-19 00:00:00.000 UTC,curve_usdt,0.5k-1k,297,224561.12850457957,61.63945570162029,0xf5f5b97624542d72a9e06f04804bf81baa15e2b4
2026-01-19 00:00:00.000 UTC,curve_usdt,10k-100k,273,5141178.2918919,1499.860431405889,0xf5f5b97624542d72a9e06f04804bf81baa15e2b4
2026-01-19 00:00:00.000 UTC,curve_usdt,1k-10k,1509,4980580.935527289,1387.3775518611246,0xf5f5b97624542d72a9e06f04804bf81baa15e2b4
2026-01-19 00:00:00.000 UTC,curve_usdtwbtcweth,0.5k-1k,1918,1445538.6993737502,384.88298196489336,0xd51a44d3fae010294c616388b506acda1bfaae46
2026-01-19 00:00:00.000 UTC,curve_usdtwbtcweth,10k-100k,178,2662703.4741921877,768.9445810613324,0xd51a44d3fae010294c616388b506acda1bfaae46
2026-01-19 00:00:00.000 UTC,curve_usdtwbtcweth,1k-10k,5081,13092671.485648734,3251.983079428202,0xd51a44d3fae010294c616388b506acda1bfaae46
2026-01-19 00:00:00.000 UTC,sushiv2_ethusdt,0.5k-1k,227,154099.37713202133,51.85440955708609,0x06da0fd433c1a5d7a4faa01111c044910a184553
2026-01-19 00:00:00.000 UTC,sushiv2_ethusdt,1k-10k,58,90774.47508364228,30.189531739724856,0x06da0fd433c1a5d7a4faa01111c044910a184553
2026-01-19 00:00:00.000 UTC,sushiv2_usdceth,0.5k-1k,220,148605.57966869476,50.05067847259115,0x397ff1542f962076d0bfe58ea045ffa2d347aca0
2026-01-19 00:00:00.000 UTC,sushiv2_usdceth,1k-10k,59,93553.30428353518,31.34409605366,0x397ff1542f962076d0bfe58ea045ffa2d347aca0
2026-01-19 00:00:00.000 UTC,uniswap_v3_0.01_ethusdc,0.5k-1k,16558,11902090.894323029,3969.385831663677,0xe0554a476a092703abdb3ef35c80e0d76d32939f
2026-01-19 00:00:00.000 UTC,uniswap_v3_0.01_ethusdc,100k+,167,47293744.06041419,16076.422669167325,0xe0554a476a092703abdb3ef35c80e0d76d32939f
2026-01-19 00:00:00.000 UTC,uniswap_v3_0.01_ethusdc,10k-100k,775,22416910.239995122,7524.6824050143305,0xe0554a476a092703abdb3ef35c80e0d76d32939f
2026-01-19 00:00:00.000 UTC,uniswap_v3_0.01_ethusdc,1k-10k,22155,49332378.10834023,16528.2117538185,0xe0554a476a092703abdb3ef35c80e0d76d32939f
2026-01-19 00:00:00.000 UTC,uniswap_v3_0.01_ethusdt,0.5k-1k,16301,12008307.560827458,4006.20432176714,0xc7bbec68d12a0d1830360f8ec58fa599ba1b0e9b
2026-01-19 00:00:00.000 UTC,uniswap_v3_0.01_ethusdt,100k+,496,154067035.2754786,51770.827294869654,0xc7bbec68d12a0d1830360f8ec58fa599ba1b0e9b
2026-01-19 00:00:00.000 UTC,uniswap_v3_0.01_ethusdt,10k-100k,9771,202731114.46018925,67814.16739496303,0xc7bbec68d12a0d1830360f8ec58fa599ba1b0e9b
2026-01-19 00:00:00.000 UTC,uniswap_v3_0.01_ethusdt,1k-10k,48651,172062920.10860068,57449.428213772204,0xc7bbec68d12a0d1830360f8ec58fa599ba1b0e9b
2026-01-19 00:00:00.000 UTC,uniswap_v3_0.05_ethusdc,0.5k-1k,1638,1212597.0111180178,403.97725437237125,0x88e6a0c2ddd26feeb64f039a2c41296fcb3f5640
2026-01-19 00:00:00.000 UTC,uniswap_v3_0.05_ethusdc,100k+,287,50138388.00855438,16498.889762294075,0x88e6a0c2ddd26feeb64f039a2c41296fcb3f5640
2026-01-19 00:00:00.000 UTC,uniswap_v3_0.05_ethusdc,10k-100k,6711,177282782.08056045,58749.98158725506,0x88e6a0c2ddd26feeb64f039a2c41296fcb3f5640
2026-01-19 00:00:00.000 UTC,uniswap_v3_0.05_ethusdc,1k-10k,10611,45602334.8592567,15251.600019480746,0x88e6a0c2ddd26feeb64f039a2c41296fcb3f5640
2026-01-19 00:00:00.000 UTC,uniswap_v3_0.05_ethusdt,0.5k-1k,1670,1264085.3776701435,421.9599934538688,0x11b815efb8f581194ae79006d24e0d814b7697f6
2026-01-19 00:00:00.000 UTC,uniswap_v3_0.05_ethusdt,100k+,105,18956938.610508174,6045.211203987814,0x11b815efb8f581194ae79006d24e0d814b7697f6
2026-01-19 00:00:00.000 UTC,uniswap_v3_0.05_ethusdt,10k-100k,3886,94118227.2196655,30690.457344396847,0x11b815efb8f581194ae79006d24e0d814b7697f6
2026-01-19 00:00:00.000 UTC,uniswap_v3_0.05_ethusdt,1k-10k,11918,48465039.66135006,16177.457398193857,0x11b815efb8f581194ae79006d24e0d814b7697f6
2026-01-19 00:00:00.000 UTC,uniswap_v3_0.3_ethusdc,0.5k-1k,84,63685.76268351258,21.003372060506766,0x8ad599c3a0ff1de082011efddc58f1908eb6e6d8
2026-01-19 00:00:00.000 UTC,uniswap_v3_0.3_ethusdc,100k+,85,29072245.27143462,9320.247814420642,0x8ad599c3a0ff1de082011efddc58f1908eb6e6d8
2026-01-19 00:00:00.000 UTC,uniswap_v3_0.3_ethusdc,10k-100k,1030,33844873.21261461,11315.740723587607,0x8ad599c3a0ff1de082011efddc58f1908eb6e6d8
2026-01-19 00:00:00.000 UTC,uniswap_v3_0.3_ethusdc,1k-10k,753,3824772.1816610117,1282.6685184194819,0x8ad599c3a0ff1de082011efddc58f1908eb6e6d8
2026-01-19 00:00:00.000 UTC,uniswap_v3_0.3_ethusdt,0.5k-1k,183,127551.5098622765,42.27998085372897,0x4e68ccd3e89f51c3074ca5072bbac773960dfa36
2026-01-19 00:00:00.000 UTC,uniswap_v3_0.3_ethusdt,100k+,757,195232708.39373577,65108.58016567727,0x4e68ccd3e89f51c3074ca5072bbac773960dfa36
2026-01-19 00:00:00.000 UTC,uniswap_v3_0.3_ethusdt,10k-100k,1219,51516981.24311564,17283.426781240596,0x4e68ccd3e89f51c3074ca5072bbac773960dfa36
2026-01-19 00:00:00.000 UTC,uniswap_v3_0.3_ethusdt,1k-10k,553,2510307.8940005624,843.5044476424805,0x4e68ccd3e89f51c3074ca5072bbac773960dfa36
2026-01-19 00:00:00.000 UTC,uniswap_v3_1.0_ethusdc,0.5k-1k,81,54851.84030193428,18.47268987834514,0x7bea39867e4169dbe237d55c8242a8f2fcdcc387
2026-01-19 00:00:00.000 UTC,uniswap_v3_1.0_ethusdc,1k-10k,31,48995.77362499746,16.28899167448405,0x7bea39867e4169dbe237d55c8242a8f2fcdcc387
2026-01-26 00:00:00.000 UTC,curve_usdcwbtcweth,0.5k-1k,2923,2165539.4189321348,587.0999183499098,0x7f86bf177dd4f3494b841a37e810a34dd56c829b
2026-01-26 00:00:00.000 UTC,curve_usdcwbtcweth,10k-100k,604,10316318.79642567,2965.528799996054,0x7f86bf177dd4f3494b841a37e810a34dd56c829b
2026-01-26 00:00:00.000 UTC,curve_usdcwbtcweth,1k-10k,8566,25263456.238770388,7071.901334603772,0x7f86bf177dd4f3494b841a37e810a34dd56c829b
2026-01-26 00:00:00.000 UTC,curve_usdt,0.5k-1k,420,318114.79125218815,92.0557863326046,0xf5f5b97624542d72a9e06f04804bf81baa15e2b4
2026-01-26 00:00:00.000 UTC,curve_usdt,100k+,1,105980.48608909347,44.47187757175647,0xf5f5b97624542d72a9e06f04804bf81baa15e2b4
2026-01-26 00:00:00.000 UTC,curve_usdt,10k-100k,521,10258146.612044953,3218.653987469842,0xf5f5b97624542d72a9e06f04804bf81baa15e2b4
2026-01-26 00:00:00.000 UTC,curve_usdt,1k-10k,2625,9476652.46106672,2828.317800880135,0xf5f5b97624542d72a9e06f04804bf81baa15e2b4
2026-01-26 00:00:00.000 UTC,curve_usdtwbtcweth,0.5k-1k,2128,1609706.8402386606,465.57105684472856,0xd51a44d3fae010294c616388b506acda1bfaae46
2026-01-26 00:00:00.000 UTC,curve_usdtwbtcweth,10k-100k,463,8015921.020894343,2465.4222908643806,0xd51a44d3fae010294c616388b506acda1bfaae46
2026-01-26 00:00:00.000 UTC,curve_usdtwbtcweth,1k-10k,7544,21904887.773433436,6256.882550869379,0xd51a44d3fae010294c616388b506acda1bfaae46
2026-01-26 00:00:00.000 UTC,sushiv2_ethusdt,0.5k-1k,425,294409.25190972374,114.34588255309339,0x06da0fd433c1a5d7a4faa01111c044910a184553
2026-01-26 00:00:00.000 UTC,sushiv2_ethusdt,10k-100k,2,21222.10047640923,8.542997274742383,0x06da0fd433c1a5d7a4faa01111c044910a184553
2026-01-26 00:00:00.000 UTC,sushiv2_ethusdt,1k-10k,249,516075.1949921933,209.33628372665555,0x06da0fd433c1a5d7a4faa01111c044910a184553
2026-01-26 00:00:00.000 UTC,sushiv2_usdceth,0.5k-1k,430,296049.357569446,114.79038034991818,0x397ff1542f962076d0bfe58ea045ffa2d347aca0
2026-01-26 00:00:00.000 UTC,sushiv2_usdceth,10k-100k,2,23078.643948571575,9.554970432157063,0x397ff1542f962076d0bfe58ea045ffa2d347aca0
2026-01-26 00:00:00.000 UTC,sushiv2_usdceth,1k-10k,226,456651.1163117646,185.24393618963185,0x397ff1542f962076d0bfe58ea045ffa2d347aca0
2026-01-26 00:00:00.000 UTC,uniswap_v3_0.01_ethusdc,0.5k-1k,17594,12755294.110361107,4656.496555213714,0xe0554a476a092703abdb3ef35c80e0d76d32939f
2026-01-26 00:00:00.000 UTC,uniswap_v3_0.01_ethusdc,100k+,188,58076717.73732665,20289.901762780377,0xe0554a476a092703abdb3ef35c80e0d76d32939f
2026-01-26 00:00:00.000 UTC,uniswap_v3_0.01_ethusdc,10k-100k,1247,33906274.40108448,12776.418440735857,0xe0554a476a092703abdb3ef35c80e0d76d32939f
2026-01-26 00:00:00.000 UTC,uniswap_v3_0.01_ethusdc,1k-10k,28799,69170625.49040623,25585.068912278814,0xe0554a476a092703abdb3ef35c80e0d76d32939f
2026-01-26 00:00:00.000 UTC,uniswap_v3_0.01_ethusdt,0.5k-1k,16644,12232099.339855434,4452.577771006591,0xc7bbec68d12a0d1830360f8ec58fa599ba1b0e9b
2026-01-26 00:00:00.000 UTC,uniswap_v3_0.01_ethusdt,100k+,907,253116190.43244857,94238.03529293927,0xc7bbec68d12a0d1830360f8ec58fa599ba1b0e9b
2026-01-26 00:00:00.000 UTC,uniswap_v3_0.01_ethusdt,10k-100k,16204,365584318.59236515,137014.20617080005,0xc7bbec68d12a0d1830360f8ec58fa599ba1b0e9b
2026-01-26 00:00:00.000 UTC,uniswap_v3_0.01_ethusdt,1k-10k,56261,209936604.20982018,77693.21204667122,0xc7bbec68d12a0d1830360f8ec58fa599ba1b0e9b
2026-01-26 00:00:00.000 UTC,uniswap_v3_0.05_ethusdc,0.5k-1k,2366,1737841.8565631104,658.18118678459,0x88e6a0c2ddd26feeb64f039a2c41296fcb3f5640
2026-01-26 00:00:00.000 UTC,uniswap_v3_0.05_ethusdc,100k+,592,151381452.5589849,59666.97800477926,0x88e6a0c2ddd26feeb64f039a2c41296fcb3f5640
2026-01-26 00:00:00.000 UTC,uniswap_v3_0.05_ethusdc,10k-100k,10282,278902262.5759086,104872.4623916249,0x88e6a0c2ddd26feeb64f039a2c41296fcb3f5640
2026-01-26 00:00:00.000 UTC,uniswap_v3_0.05_ethusdc,1k-10k,15686,66595521.84663107,25084.896804160664,0x88e6a0c2ddd26feeb64f039a2c41296fcb3f5640
2026-01-26 00:00:00.000 UTC,uniswap_v3_0.05_ethusdt,0.5k-1k,2327,1764830.6016311117,659.4441815901648,0x11b815efb8f581194ae79006d24e0d814b7697f6
2026-01-26 00:00:00.000 UTC,uniswap_v3_0.05_ethusdt,100k+,50,9150231.904417498,3537.54960722762,0x11b815efb8f581194ae79006d24e0d814b7697f6
2026-01-26 00:00:00.000 UTC,uniswap_v3_0.05_ethusdt,10k-100k,3556,72535426.81171466,27357.338429486095,0x11b815efb8f581194ae79006d24e0d814b7697f6
2026-01-26 00:00:00.000 UTC,uniswap_v3_0.05_ethusdt,1k-10k,17736,71315093.48546873,26826.89300208819,0x11b815efb8f581194ae79006d24e0d814b7697f6
2026-01-26 00:00:00.000 UTC,uniswap_v3_0.3_ethusdc,0.5k-1k,111,81845.5909287586,30.65303455309592,0x8ad599c3a0ff1de082011efddc58f1908eb6e6d8
2026-01-26 00:00:00.000 UTC,uniswap_v3_0.3_ethusdc,100k+,176,36351283.849787444,14651.77148773033,0x8ad599c3a0ff1de082011efddc58f1908eb6e6d8
2026-01-26 00:00:00.000 UTC,uniswap_v3_0.3_ethusdc,10k-100k,1952,58926246.51499369,22572.753865002123,0x8ad599c3a0ff1de082011efddc58f1908eb6e6d8
2026-01-26 00:00:00.000 UTC,uniswap_v3_0.3_ethusdc,1k-10k,1690,8383516.5760821765,3170.4547843806067,0x8ad599c3a0ff1de082011efddc58f1908eb6e6d8
2026-01-26 00:00:00.000 UTC,uniswap_v3_0.3_ethusdt,0.5k-1k,234,163737.67842098133,61.75464464157756,0x4e68ccd3e89f51c3074ca5072bbac773960dfa36
2026-01-26 00:00:00.000 UTC,uniswap_v3_0.3_ethusdt,100k+,1181,337772865.41905737,130649.89172307214,0x4e68ccd3e89f51c3074ca5072bbac773960dfa36
2026-01-26 00:00:00.000 UTC,uniswap_v3_0.3_ethusdt,10k-100k,2767,117666114.66083935,44731.78726584091,0x4e68ccd3e89f51c3074ca5072bbac773960dfa36
2026-01-26 00:00:00.000 UTC,uniswap_v3_0.3_ethusdt,1k-10k,1279,5920124.323080273,2261.468202797339,0x4e68ccd3e89f51c3074ca5072bbac773960dfa36
2026-01-26 00:00:00.000 UTC,uniswap_v3_1.0_ethusdc,0.5k-1k,118,80673.04526843726,31.39568398475467,0x7bea39867e4169dbe237d55c8242a8f2fcdcc387
2026-01-26 00:00:00.000 UTC,uniswap_v3_1.0_ethusdc,1k-10k,81,163371.49332640987,66.51356920575361,0x7bea39867e4169dbe237d55c8242a8f2fcdcc387
2026-02-02 00:00:00.000 UTC,curve_usdcwbtcweth,0.5k-1k,4450,3326106.8517880905,1094.822864610086,0x7f86bf177dd4f3494b841a37e810a34dd56c829b
2026-02-02 00:00:00.000 UTC,curve_usdcwbtcweth,100k+,2,837052.892870638,0,0x7f86bf177dd4f3494b841a37e810a34dd56c829b
2026-02-02 00:00:00.000 UTC,curve_usdcwbtcweth,10k-100k,753,13220033.784415087,4942.788032560263,0x7f86bf177dd4f3494b841a37e810a34dd56c829b
2026-02-02 00:00:00.000 UTC,curve_usdcwbtcweth,1k-10k,14166,38436515.6390159,12725.900686129027,0x7f86bf177dd4f3494b841a37e810a34dd56c829b
2026-02-02 00:00:00.000 UTC,curve_usdt,0.5k-1k,648,497836.903066285,176.12156426733412,0xf5f5b97624542d72a9e06f04804bf81baa15e2b4
2026-02-02 00:00:00.000 UTC,curve_usdt,10k-100k,816,16443788.65753893,6252.551746865044,0xf5f5b97624542d72a9e06f04804bf81baa15e2b4
2026-02-02 00:00:00.000 UTC,curve_usdt,1k-10k,4392,15515424.144923117,5333.409189830829,0xf5f5b97624542d72a9e06f04804bf81baa15e2b4
2026-02-02 00:00:00.000 UTC,curve_usdtwbtcweth,0.5k-1k,3128,2406036.258604996,829.874453671662,0xd51a44d3fae010294c616388b506acda1bfaae46
2026-02-02 00:00:00.000 UTC,curve_usdtwbtcweth,10k-100k,776,13788622.816741187,5655.301892475786,0xd51a44d3fae010294c616388b506acda1bfaae46
2026-02-02 00:00:00.000 UTC,curve_usdtwbtcweth,1k-10k,12544,35757569.640395634,12250.797116827622,0xd51a44d3fae010294c616388b506acda1bfaae46
2026-02-02 00:00:00.000 UTC,sushiv2_ethusdt,0.5k-1k,906,623388.2885909246,297.554806594401,0x06da0fd433c1a5d7a4faa01111c044910a184553
2026-02-02 00:00:00.000 UTC,sushiv2_ethusdt,10k-100k,4,44571.25830595019,22.906752130363568,0x06da0fd433c1a5d7a4faa01111c044910a184553
2026-02-02 00:00:00.000 UTC,sushiv2_ethusdt,1k-10k,480,941054.7050270073,477.6691610678435,0x06da0fd433c1a5d7a4faa01111c044910a184553
2026-02-02 00:00:00.000 UTC,sushiv2_usdceth,0.5k-1k,969,665403.2664445754,317.9767625848128,0x397ff1542f962076d0bfe58ea045ffa2d347aca0
2026-02-02 00:00:00.000 UTC,sushiv2_usdceth,10k-100k,3,40722.94390922587,22.266261593897482,0x397ff1542f962076d0bfe58ea045ffa2d347aca0
2026-02-02 00:00:00.000 UTC,sushiv2_usdceth,1k-10k,449,837619.9764321127,421.3525085795659,0x397ff1542f962076d0bfe58ea045ffa2d347aca0
2026-02-02 00:00:00.000 UTC,uniswap_v3_0.01_ethusdc,0.5k-1k,21043,15214667.645444922,7164.787372299208,0xe0554a476a092703abdb3ef35c80e0d76d32939f
2026-02-02 00:00:00.000 UTC,uniswap_v3_0.01_ethusdc,100k+,167,42655098.33920588,19521.34040432688,0xe0554a476a092703abdb3ef35c80e0d76d32939f
2026-02-02 00:00:00.000 UTC,uniswap_v3_0.01_ethusdc,10k-100k,1245,36899122.03754267,17342.780735448232,0xe0554a476a092703abdb3ef35c80e0d76d32939f
2026-02-02 00:00:00.000 UTC,uniswap_v3_0.01_ethusdc,1k-10k,28959,63041956.286633484,29651.97530915363,0xe0554a476a092703abdb3ef35c80e0d76d32939f
2026-02-02 00:00:00.000 UTC,uniswap_v3_0.01_ethusdt,0.5k-1k,20034,14708344.622648839,6921.331507323976,0xc7bbec68d12a0d1830360f8ec58fa599ba1b0e9b
2026-02-02 00:00:00.000 UTC,uniswap_v3_0.01_ethusdt,100k+,753,195097774.4036498,89511.49300147769,0xc7bbec68d12a0d1830360f8ec58fa599ba1b0e9b
2026-02-02 00:00:00.000 UTC,uniswap_v3_0.01_ethusdt,10k-100k,12050,246945415.2005879,113195.14034226521,0xc7bbec68d12a0d1830360f8ec58fa599ba1b0e9b
2026-02-02 00:00:00.000 UTC,uniswap_v3_0.01_ethusdt,1k-10k,60241,202709779.04028752,93969.61112498053,0xc7bbec68d12a0d1830360f8ec58fa599ba1b0e9b
2026-02-02 00:00:00.000 UTC,uniswap_v3_0.05_ethusdc,0.5k-1k,4684,3440517.330551455,1650.7430350486145,0x88e6a0c2ddd26feeb64f039a2c41296fcb3f5640
2026-02-02 00:00:00.000 UTC,uniswap_v3_0.05_ethusdc,100k+,8823,2484375942.664917,1229323.970546332,0x88e6a0c2ddd26feeb64f039a2c41296fcb3f5640
2026-02-02 00:00:00.000 UTC,uniswap_v3_0.05_ethusdc,10k-100k,20679,804882496.1507638,394014.57555283746,0x88e6a0c2ddd26feeb64f039a2c41296fcb3f5640
2026-02-02 00:00:00.000 UTC,uniswap_v3_0.05_ethusdc,1k-10k,21895,90263824.38591771,42969.85886278209,0x88e6a0c2ddd26feeb64f039a2c41296fcb3f5640
2026-02-02 00:00:00.000 UTC,uniswap_v3_0.05_ethusdt,0.5k-1k,5466,4119363.3336192938,1958.5365241842073,0x11b815efb8f581194ae79006d24e0d814b7697f6
2026-02-02 00:00:00.000 UTC,uniswap_v3_0.05_ethusdt,100k+,10,3729817.323792887,1741.9179771873316,0x11b815efb8f581194ae79006d24e0d814b7697f6
2026-02-02 00:00:00.000 UTC,uniswap_v3_0.05_ethusdt,10k-100k,2535,45869640.32394573,22226.84021389515,0x11b815efb8f581194ae79006d24e0d814b7697f6
2026-02-02 00:00:00.000 UTC,uniswap_v3_0.05_ethusdt,1k-10k,30184,103250173.94080216,49149.91144613524,0x11b815efb8f581194ae79006d24e0d814b7697f6
2026-02-02 00:00:00.000 UTC,uniswap_v3_0.3_ethusdc,0.5k-1k,277,207916.17182691407,99.85317954641846,0x8ad599c3a0ff1de082011efddc58f1908eb6e6d8
2026-02-02 00:00:00.000 UTC,uniswap_v3_0.3_ethusdc,100k+,101,17622876.225174036,8967.56258608204,0x8ad599c3a0ff1de082011efddc58f1908eb6e6d8
2026-02-02 00:00:00.000 UTC,uniswap_v3_0.3_ethusdc,10k-100k,2625,65580838.754199825,31703.714094007948,0x8ad599c3a0ff1de082011efddc58f1908eb6e6d8
2026-02-02 00:00:00.000 UTC,uniswap_v3_0.3_ethusdc,1k-10k,3622,16953877.791988675,8108.584402772865,0x8ad599c3a0ff1de082011efddc58f1908eb6e6d8
2026-02-02 00:00:00.000 UTC,uniswap_v3_0.3_ethusdt,0.5k-1k,350,253932.99648024864,122.94651143151741,0x4e68ccd3e89f51c3074ca5072bbac773960dfa36
2026-02-02 00:00:00.000 UTC,uniswap_v3_0.3_ethusdt,100k+,1310,374829702.97535974,186568.61844959419,0x4e68ccd3e89f51c3074ca5072bbac773960dfa36
2026-02-02 00:00:00.000 UTC,uniswap_v3_0.3_ethusdt,10k-100k,4867,194531271.6745779,93440.64805945418,0x4e68ccd3e89f51c3074ca5072bbac773960dfa36
2026-02-02 00:00:00.000 UTC,uniswap_v3_0.3_ethusdt,1k-10k,2039,10190694.102933703,4918.7503332038095,0x4e68ccd3e89f51c3074ca5072bbac773960dfa36
2026-02-02 00:00:00.000 UTC,uniswap_v3_1.0_ethusdc,0.5k-1k,325,226247.1411592515,108.1055637455392,0x7bea39867e4169dbe237d55c8242a8f2fcdcc387
2026-02-02 00:00:00.000 UTC,uniswap_v3_1.0_ethusdc,10k-100k,1,12269.891186785595,7.077592097733758,0x7bea39867e4169dbe237d55c8242a8f2fcdcc387
2026-02-02 00:00:00.000 UTC,uniswap_v3_1.0_ethusdc,1k-10k,169,305715.2032772879,154.1596287924385,0x7bea39867e4169dbe237d55c8242a8f2fcdcc387
2026-02-09 00:00:00.000 UTC,curve_usdcwbtcweth,0.5k-1k,4207,3006478.3640772603,1069.0245991984682,0x7f86bf177dd4f3494b841a37e810a34dd56c829b
2026-02-09 00:00:00.000 UTC,curve_usdcwbtcweth,10k-100k,82,1224658.9993967179,497.94111043200513,0x7f86bf177dd4f3494b841a37e810a34dd56c829b
2026-02-09 00:00:00.000 UTC,curve_usdcwbtcweth,1k-10k,5176,11256653.957992462,3982.340093604593,0x7f86bf177dd4f3494b841a37e810a34dd56c829b
2026-02-09 00:00:00.000 UTC,curve_usdt,0.5k-1k,591,437533.3043526685,153.774318937996,0xf5f5b97624542d72a9e06f04804bf81baa15e2b4
2026-02-09 00:00:00.000 UTC,curve_usdt,10k-100k,213,3524728.083520606,1317.1557824457889,0xf5f5b97624542d72a9e06f04804bf81baa15e2b4
2026-02-09 00:00:00.000 UTC,curve_usdt,1k-10k,1895,6114366.812062178,2131.2514588999547,0xf5f5b97624542d72a9e06f04804bf81baa15e2b4
2026-02-09 00:00:00.000 UTC,curve_usdtwbtcweth,0.5k-1k,3506,2546961.065365424,944.5700304923611,0xd51a44d3fae010294c616388b506acda1bfaae46
2026-02-09 00:00:00.000 UTC,curve_usdtwbtcweth,10k-100k,104,1581376.7946256094,611.9151448217516,0xd51a44d3fae010294c616388b506acda1bfaae46
2026-02-09 00:00:00.000 UTC,curve_usdtwbtcweth,1k-10k,5637,12542337.25716378,4537.274130026717,0xd51a44d3fae010294c616388b506acda1bfaae46
2026-02-09 00:00:00.000 UTC,sushiv2_ethusdt,0.5k-1k,294,193012.31325406386,96.37640462194699,0x06da0fd433c1a5d7a4faa01111c044910a184553
2026-02-09 00:00:00.000 UTC,sushiv2_ethusdt,1k-10k,77,108890.38575739144,54.25095649920999,0x06da0fd433c1a5d7a4faa01111c044910a184553
2026-02-09 00:00:00.000 UTC,sushiv2_usdceth,0.5k-1k,298,198134.9552918223,98.9907899397909,0x397ff1542f962076d0bfe58ea045ffa2d347aca0
2026-02-09 00:00:00.000 UTC,sushiv2_usdceth,1k-10k,71,103002.62502078591,51.51989979223699,0x397ff1542f962076d0bfe58ea045ffa2d347aca0
2026-02-09 00:00:00.000 UTC,uniswap_v3_0.01_ethusdc,0.5k-1k,20386,14377814.923340525,7146.799256999639,0xe0554a476a092703abdb3ef35c80e0d76d32939f
2026-02-09 00:00:00.000 UTC,uniswap_v3_0.01_ethusdc,100k+,148,35655595.333963394,17751.405895425316,0xe0554a476a092703abdb3ef35c80e0d76d32939f
2026-02-09 00:00:00.000 UTC,uniswap_v3_0.01_ethusdc,10k-100k,796,23128875.521264017,11512.216018961946,0xe0554a476a092703abdb3ef35c80e0d76d32939f
2026-02-09 00:00:00.000 UTC,uniswap_v3_0.01_ethusdc,1k-10k,13702,24901330.601108782,12353.565538058478,0xe0554a476a092703abdb3ef35c80e0d76d32939f
2026-02-09 00:00:00.000 UTC,uniswap_v3_0.01_ethusdt,0.5k-1k,23794,17171388.20613366,8531.28757426362,0xc7bbec68d12a0d1830360f8ec58fa599ba1b0e9b
2026-02-09 00:00:00.000 UTC,uniswap_v3_0.01_ethusdt,100k+,337,93197960.36927329,46092.73823513924,0xc7bbec68d12a0d1830360f8ec58fa599ba1b0e9b
2026-02-09 00:00:00.000 UTC,uniswap_v3_0.01_ethusdt,10k-100k,2848,67967438.3061646,34400.83864390115,0xc7bbec68d12a0d1830360f8ec58fa599ba1b0e9b
2026-02-09 00:00:00.000 UTC,uniswap_v3_0.01_ethusdt,1k-10k,36768,91406485.48805594,45703.83213055956,0xc7bbec68d12a0d1830360f8ec58fa599ba1b0e9b
2026-02-09 00:00:00.000 UTC,uniswap_v3_0.05_ethusdc,0.5k-1k,3892,2892828.867271422,1437.6678525933169,0x88e6a0c2ddd26feeb64f039a2c41296fcb3f5640
2026-02-09 00:00:00.000 UTC,uniswap_v3_0.05_ethusdc,100k+,5343,1236551158.8350098,619266.1727384531,0x88e6a0c2ddd26feeb64f039a2c41296fcb3f5640
2026-02-09 00:00:00.000 UTC,uniswap_v3_0.05_ethusdc,10k-100k,13862,585742936.862231,291247.82920516084,0x88e6a0c2ddd26feeb64f039a2c41296fcb3f5640
2026-02-09 00:00:00.000 UTC,uniswap_v3_0.05_ethusdc,1k-10k,13339,51205941.495878674,25422.840755683806,0x88e6a0c2ddd26feeb64f039a2c41296fcb3f5640
2026-02-09 00:00:00.000 UTC,uniswap_v3_0.05_ethusdt,0.5k-1k,5525,4020540.515832794,1998.58406462778,0x11b815efb8f581194ae79006d24e0d814b7697f6
2026-02-09 00:00:00.000 UTC,uniswap_v3_0.05_ethusdt,10k-100k,696,9351501.390073992,4645.817113454977,0x11b815efb8f581194ae79006d24e0d814b7697f6
2026-02-09 00:00:00.000 UTC,uniswap_v3_0.05_ethusdt,1k-10k,14369,41664449.63776017,20784.036145145605,0x11b815efb8f581194ae79006d24e0d814b7697f6
2026-02-09 00:00:00.000 UTC,uniswap_v3_0.3_ethusdc,0.5k-1k,275,211435.0781402096,105.66523242890494,0x8ad599c3a0ff1de082011efddc58f1908eb6e6d8
2026-02-09 00:00:00.000 UTC,uniswap_v3_0.3_ethusdc,100k+,5,705901.0759968349,350.39951416656965,0x8ad599c3a0ff1de082011efddc58f1908eb6e6d8
2026-02-09 00:00:00.000 UTC,uniswap_v3_0.3_ethusdc,10k-100k,698,13727291.1259257,6832.725232757152,0x8ad599c3a0ff1de082011efddc58f1908eb6e6d8
2026-02-09 00:00:00.000 UTC,uniswap_v3_0.3_ethusdc,1k-10k,1939,8214374.569579061,4096.468127548901,0x8ad599c3a0ff1de082011efddc58f1908eb6e6d8
2026-02-09 00:00:00.000 UTC,uniswap_v3_0.3_ethusdt,0.5k-1k,158,118701.10935884046,59.199771622588635,0x4e68ccd3e89f51c3074ca5072bbac773960dfa36
2026-02-09 00:00:00.000 UTC,uniswap_v3_0.3_ethusdt,100k+,503,99505899.35765728,49530.650740063196,0x4e68ccd3e89f51c3074ca5072bbac773960dfa36
2026-02-09 00:00:00.000 UTC,uniswap_v3_0.3_ethusdt,10k-100k,1961,78592314.08160023,39189.36660656488,0x4e68ccd3e89f51c3074ca5072bbac773960dfa36
2026-02-09 00:00:00.000 UTC,uniswap_v3_0.3_ethusdt,1k-10k,1055,5286843.707713794,2632.6378750907566,0x4e68ccd3e89f51c3074ca5072bbac773960dfa36
2026-02-09 00:00:00.000 UTC,uniswap_v3_1.0_ethusdc,0.5k-1k,120,80594.74284213214,40.25244851095132,0x7bea39867e4169dbe237d55c8242a8f2fcdcc387
2026-02-09 00:00:00.000 UTC,uniswap_v3_1.0_ethusdc,1k-10k,36,50443.37580971852,25.150633532455576,0x7bea39867e4169dbe237d55c8242a8f2fcdcc387
2026-02-16 00:00:00.000 UTC,curve_usdcwbtcweth,0.5k-1k,4677,3385459.055008824,1164.9359804929659,0x7f86bf177dd4f3494b841a37e810a34dd56c829b
2026-02-16 00:00:00.000 UTC,curve_usdcwbtcweth,10k-100k,148,2760741.269751554,724.0572248888684,0x7f86bf177dd4f3494b841a37e810a34dd56c829b
2026-02-16 00:00:00.000 UTC,curve_usdcwbtcweth,1k-10k,6689,15727633.873190224,5178.235128059774,0x7f86bf177dd4f3494b841a37e810a34dd56c829b
2026-02-16 00:00:00.000 UTC,curve_usdt,0.5k-1k,741,546866.7914743006,207.29080444934579,0xf5f5b97624542d72a9e06f04804bf81baa15e2b4
2026-02-16 00:00:00.000 UTC,curve_usdt,10k-100k,309,5119263.817775107,1887.3109926191971,0xf5f5b97624542d72a9e06f04804bf81baa15e2b4
2026-02-16 00:00:00.000 UTC,curve_usdt,1k-10k,2268,7242010.725250556,2569.970586495055,0xf5f5b97624542d72a9e06f04804bf81baa15e2b4
2026-02-16 00:00:00.000 UTC,curve_usdtwbtcweth,0.5k-1k,3644,2677427.6766603556,973.1465588654515,0xd51a44d3fae010294c616388b506acda1bfaae46
2026-02-16 00:00:00.000 UTC,curve_usdtwbtcweth,10k-100k,139,2160271.12886745,762.7797583839491,0xd51a44d3fae010294c616388b506acda1bfaae46
2026-02-16 00:00:00.000 UTC,curve_usdtwbtcweth,1k-10k,6312,15169215.087925645,5396.55829083347,0xd51a44d3fae010294c616388b506acda1bfaae46
2026-02-16 00:00:00.000 UTC,sushiv2_ethusdt,0.5k-1k,161,106349.62957152117,54.17190072357884,0x06da0fd433c1a5d7a4faa01111c044910a184553
2026-02-16 00:00:00.000 UTC,sushiv2_ethusdt,1k-10k,37,49845.12928589994,25.438269022033353,0x06da0fd433c1a5d7a4faa01111c044910a184553
2026-02-16 00:00:00.000 UTC,sushiv2_usdceth,0.5k-1k,162,108422.47061144798,55.16882357669466,0x397ff1542f962076d0bfe58ea045ffa2d347aca0
2026-02-16 00:00:00.000 UTC,sushiv2_usdceth,1k-10k,35,47454.55352779873,24.247959314667092,0x397ff1542f962076d0bfe58ea045ffa2d347aca0
2026-02-16 00:00:00.000 UTC,uniswap_v3_0.01_ethusdc,0.5k-1k,20588,14678826.900510369,7463.625389224986,0xe0554a476a092703abdb3ef35c80e0d76d32939f
2026-02-16 00:00:00.000 UTC,uniswap_v3_0.01_ethusdc,100k+,127,29300484.933181927,15102.005840037426,0xe0554a476a092703abdb3ef35c80e0d76d32939f
2026-02-16 00:00:00.000 UTC,uniswap_v3_0.01_ethusdc,10k-100k,564,16953651.728385836,8636.074397924504,0xe0554a476a092703abdb3ef35c80e0d76d32939f
2026-02-16 00:00:00.000 UTC,uniswap_v3_0.01_ethusdc,1k-10k,13424,23874674.124654897,12158.374767633817,0xe0554a476a092703abdb3ef35c80e0d76d32939f
2026-02-16 00:00:00.000 UTC,uniswap_v3_0.01_ethusdt,0.5k-1k,21662,16357925.279573554,8304.311756397461,0xc7bbec68d12a0d1830360f8ec58fa599ba1b0e9b
2026-02-16 00:00:00.000 UTC,uniswap_v3_0.01_ethusdt,100k+,391,136647401.55052745,69525.27166912689,0xc7bbec68d12a0d1830360f8ec58fa599ba1b0e9b
2026-02-16 00:00:00.000 UTC,uniswap_v3_0.01_ethusdt,10k-100k,8481,152713370.8837,77910.89666538915,0xc7bbec68d12a0d1830360f8ec58fa599ba1b0e9b
2026-02-16 00:00:00.000 UTC,uniswap_v3_0.01_ethusdt,1k-10k,76292,271309052.4767052,138129.7437463919,0xc7bbec68d12a0d1830360f8ec58fa599ba1b0e9b
2026-02-16 00:00:00.000 UTC,uniswap_v3_0.05_ethusdc,0.5k-1k,2022,1510892.1166118958,765.7325816156472,0x88e6a0c2ddd26feeb64f039a2c41296fcb3f5640
2026-02-16 00:00:00.000 UTC,uniswap_v3_0.05_ethusdc,100k+,3663,812635520.5671092,413716.57486493984,0x88e6a0c2ddd26feeb64f039a2c41296fcb3f5640
2026-02-16 00:00:00.000 UTC,uniswap_v3_0.05_ethusdc,10k-100k,10074,419047779.54726356,213082.05458473263,0x88e6a0c2ddd26feeb64f039a2c41296fcb3f5640
2026-02-16 00:00:00.000 UTC,uniswap_v3_0.05_ethusdc,1k-10k,8079,34401673.947838426,17479.47630146751,0x88e6a0c2ddd26feeb64f039a2c41296fcb3f5640
2026-02-16 00:00:00.000 UTC,uniswap_v3_0.05_ethusdt,0.5k-1k,3811,2771669.9187626857,1408.2568845541923,0x11b815efb8f581194ae79006d24e0d814b7697f6
2026-02-16 00:00:00.000 UTC,uniswap_v3_0.05_ethusdt,10k-100k,514,7040125.396943971,3578.34808152369,0x11b815efb8f581194ae79006d24e0d814b7697f6
2026-02-16 00:00:00.000 UTC,uniswap_v3_0.05_ethusdt,1k-10k,8866,24952217.88967549,12687.77612669051,0x11b815efb8f581194ae79006d24e0d814b7697f6
2026-02-16 00:00:00.000 UTC,uniswap_v3_0.3_ethusdc,0.5k-1k,177,135982.3385210449,68.97422797962786,0x8ad599c3a0ff1de082011efddc58f1908eb6e6d8
2026-02-16 00:00:00.000 UTC,uniswap_v3_0.3_ethusdc,100k+,4,560306.1601079396,287.5864463354318,0x8ad599c3a0ff1de082011efddc58f1908eb6e6d8
2026-02-16 00:00:00.000 UTC,uniswap_v3_0.3_ethusdc,10k-100k,599,12594890.15760419,6416.9348476465775,0x8ad599c3a0ff1de082011efddc58f1908eb6e6d8
2026-02-16 00:00:00.000 UTC,uniswap_v3_0.3_ethusdc,1k-10k,1244,5244365.206031984,2667.6509241049134,0x8ad599c3a0ff1de082011efddc58f1908eb6e6d8
2026-02-16 00:00:00.000 UTC,uniswap_v3_0.3_ethusdt,0.5k-1k,158,120425.84767256721,61.01741499452493,0x4e68ccd3e89f51c3074ca5072bbac773960dfa36
2026-02-16 00:00:00.000 UTC,uniswap_v3_0.3_ethusdt,100k+,196,34735414.94390916,17680.767095527193,0x4e68ccd3e89f51c3074ca5072bbac773960dfa36
2026-02-16 00:00:00.000 UTC,uniswap_v3_0.3_ethusdt,10k-100k,1330,50856701.75627043,25879.43263587981,0x4e68ccd3e89f51c3074ca5072bbac773960dfa36
2026-02-16 00:00:00.000 UTC,uniswap_v3_0.3_ethusdt,1k-10k,774,3577813.230319971,1817.7395968644869,0x4e68ccd3e89f51c3074ca5072bbac773960dfa36
2026-02-16 00:00:00.000 UTC,uniswap_v3_1.0_ethusdc,0.5k-1k,60,40990.826360022686,20.804585735264787,0x7bea39867e4169dbe237d55c8242a8f2fcdcc387
2026-02-16 00:00:00.000 UTC,uniswap_v3_1.0_ethusdc,1k-10k,9,11867.62962544609,6.0766764279977,0x7bea39867e4169dbe237d55c8242a8f2fcdcc387
2026-02-23 00:00:00.000 UTC,curve_usdcwbtcweth,0.5k-1k,5486,3946224.7119897134,1375.4712814922693,0x7f86bf177dd4f3494b841a37e810a34dd56c829b
2026-02-23 00:00:00.000 UTC,curve_usdcwbtcweth,100k+,2,271278.64082352264,133.21533219154816,0x7f86bf177dd4f3494b841a37e810a34dd56c829b
2026-02-23 00:00:00.000 UTC,curve_usdcwbtcweth,10k-100k,261,4003415.563418544,1345.1377537520011,0x7f86bf177dd4f3494b841a37e810a34dd56c829b
2026-02-23 00:00:00.000 UTC,curve_usdcwbtcweth,1k-10k,8346,20044448.729740556,6786.6861243953135,0x7f86bf177dd4f3494b841a37e810a34dd56c829b
2026-02-23 00:00:00.000 UTC,curve_usdt,0.5k-1k,614,453553.3727282168,167.9837624591438,0xf5f5b97624542d72a9e06f04804bf81baa15e2b4
2026-02-23 00:00:00.000 UTC,curve_usdt,10k-100k,213,3646745.3037233236,1425.4079273849327,0xf5f5b97624542d72a9e06f04804bf81baa15e2b4
2026-02-23 00:00:00.000 UTC,curve_usdt,1k-10k,1767,5537372.750464134,1954.8290044224354,0xf5f5b97624542d72a9e06f04804bf81baa15e2b4
2026-02-23 00:00:00.000 UTC,curve_usdtwbtcweth,0.5k-1k,3194,2325945.874710901,872.2793444407864,0xd51a44d3fae010294c616388b506acda1bfaae46
2026-02-23 00:00:00.000 UTC,curve_usdtwbtcweth,10k-100k,89,1363958.6488864014,605.2987044135614,0xd51a44d3fae010294c616388b506acda1bfaae46
2026-02-23 00:00:00.000 UTC,curve_usdtwbtcweth,1k-10k,4980,11085989.051088136,3952.613017765954,0xd51a44d3fae010294c616388b506acda1bfaae46
2026-02-23 00:00:00.000 UTC,sushiv2_ethusdt,0.5k-1k,323,217034.900302121,111.6720353671553,0x06da0fd433c1a5d7a4faa01111c044910a184553
2026-02-23 00:00:00.000 UTC,sushiv2_ethusdt,10k-100k,2,150962.09322524862,81.38242084942291,0x06da0fd433c1a5d7a4faa01111c044910a184553
2026-02-23 00:00:00.000 UTC,sushiv2_ethusdt,1k-10k,110,187010.8138162812,97.66373351765047,0x06da0fd433c1a5d7a4faa01111c044910a184553
2026-02-23 00:00:00.000 UTC,sushiv2_usdceth,0.5k-1k,337,224785.1819762797,115.99367733466802,0x397ff1542f962076d0bfe58ea045ffa2d347aca0
2026-02-23 00:00:00.000 UTC,sushiv2_usdceth,1k-10k,103,167131.98527680335,86.0874734060955,0x397ff1542f962076d0bfe58ea045ffa2d347aca0
2026-02-23 00:00:00.000 UTC,uniswap_v3_0.01_ethusdc,0.5k-1k,23511,16734722.794046853,8631.904587429402,0xe0554a476a092703abdb3ef35c80e0d76d32939f
2026-02-23 00:00:00.000 UTC,uniswap_v3_0.01_ethusdc,100k+,164,38721525.11763136,21743.782480122136,0xe0554a476a092703abdb3ef35c80e0d76d32939f
2026-02-23 00:00:00.000 UTC,uniswap_v3_0.01_ethusdc,10k-100k,749,22911950.55828659,11868.824574723478,0xe0554a476a092703abdb3ef35c80e0d76d32939f
2026-02-23 00:00:00.000 UTC,uniswap_v3_0.01_ethusdc,1k-10k,19764,37383820.70298371,19207.41650044355,0xe0554a476a092703abdb3ef35c80e0d76d32939f
2026-02-23 00:00:00.000 UTC,uniswap_v3_0.01_ethusdt,0.5k-1k,26680,19777846.10945463,10216.079034160732,0xc7bbec68d12a0d1830360f8ec58fa599ba1b0e9b
2026-02-23 00:00:00.000 UTC,uniswap_v3_0.01_ethusdt,100k+,555,182343721.35448602,93560.88214657937,0xc7bbec68d12a0d1830360f8ec58fa599ba1b0e9b
2026-02-23 00:00:00.000 UTC,uniswap_v3_0.01_ethusdt,10k-100k,5755,118688867.27400377,60994.10610831158,0xc7bbec68d12a0d1830360f8ec58fa599ba1b0e9b
2026-02-23 00:00:00.000 UTC,uniswap_v3_0.01_ethusdt,1k-10k,80400,256499447.03319696,132164.57538039106,0xc7bbec68d12a0d1830360f8ec58fa599ba1b0e9b
2026-02-23 00:00:00.000 UTC,uniswap_v3_0.05_ethusdc,0.5k-1k,2683,1957195.6332802684,1007.8697427740055,0x88e6a0c2ddd26feeb64f039a2c41296fcb3f5640
2026-02-23 00:00:00.000 UTC,uniswap_v3_0.05_ethusdc,100k+,5351,1323832631.3759265,673018.9788953755,0x88e6a0c2ddd26feeb64f039a2c41296fcb3f5640
2026-02-23 00:00:00.000 UTC,uniswap_v3_0.05_ethusdc,10k-100k,15035,580788971.8530092,298250.2812717664,0x88e6a0c2ddd26feeb64f039a2c41296fcb3f5640
2026-02-23 00:00:00.000 UTC,uniswap_v3_0.05_ethusdc,1k-10k,13526,58825239.13709858,30322.264602591164,0x88e6a0c2ddd26feeb64f039a2c41296fcb3f5640
2026-02-23 00:00:00.000 UTC,uniswap_v3_0.05_ethusdt,0.5k-1k,5880,4243460.424592764,2187.728241064159,0x11b815efb8f581194ae79006d24e0d814b7697f6
2026-02-23 00:00:00.000 UTC,uniswap_v3_0.05_ethusdt,100k+,5,2986457.401414071,1865.2790746901933,0x11b815efb8f581194ae79006d24e0d814b7697f6
2026-02-23 00:00:00.000 UTC,uniswap_v3_0.05_ethusdt,10k-100k,1084,15717004.36914904,7981.804437915382,0x11b815efb8f581194ae79006d24e0d814b7697f6
2026-02-23 00:00:00.000 UTC,uniswap_v3_0.05_ethusdt,1k-10k,18016,53938241.44776775,27671.894654707015,0x11b815efb8f581194ae79006d24e0d814b7697f6
2026-02-23 00:00:00.000 UTC,uniswap_v3_0.3_ethusdc,0.5k-1k,231,177519.57504776263,92.02941985402089,0x8ad599c3a0ff1de082011efddc58f1908eb6e6d8
2026-02-23 00:00:00.000 UTC,uniswap_v3_0.3_ethusdc,100k+,23,3035291.29338685,1558.082629927145,0x8ad599c3a0ff1de082011efddc58f1908eb6e6d8
2026-02-23 00:00:00.000 UTC,uniswap_v3_0.3_ethusdc,10k-100k,1141,26446622.64641556,13595.814039066216,0x8ad599c3a0ff1de082011efddc58f1908eb6e6d8
2026-02-23 00:00:00.000 UTC,uniswap_v3_0.3_ethusdc,1k-10k,1813,7742133.408261593,3985.5606435753966,0x8ad599c3a0ff1de082011efddc58f1908eb6e6d8
2026-02-23 00:00:00.000 UTC,uniswap_v3_0.3_ethusdt,0.5k-1k,158,116141.89431723552,60.1573183400306,0x4e68ccd3e89f51c3074ca5072bbac773960dfa36
2026-02-23 00:00:00.000 UTC,uniswap_v3_0.3_ethusdt,100k+,360,64875472.32077546,33275.92032749733,0x4e68ccd3e89f51c3074ca5072bbac773960dfa36
2026-02-23 00:00:00.000 UTC,uniswap_v3_0.3_ethusdt,10k-100k,2127,81924050.81798603,42127.205700070765,0x4e68ccd3e89f51c3074ca5072bbac773960dfa36
2026-02-23 00:00:00.000 UTC,uniswap_v3_0.3_ethusdt,1k-10k,1102,5285696.531270607,2720.399380531466,0x4e68ccd3e89f51c3074ca5072bbac773960dfa36
2026-02-23 00:00:00.000 UTC,uniswap_v3_1.0_ethusdc,0.5k-1k,140,93076.29523802079,47.71995486378039,0x7bea39867e4169dbe237d55c8242a8f2fcdcc387
2026-02-23 00:00:00.000 UTC,uniswap_v3_1.0_ethusdc,1k-10k,55,90135.65919944807,46.30983026944396,0x7bea39867e4169dbe237d55c8242a8f2fcdcc387
2026-03-02 00:00:00.000 UTC,curve_usdcwbtcweth,0.5k-1k,3809,2755959.038662518,984.0311172585133,0x7f86bf177dd4f3494b841a37e810a34dd56c829b
2026-03-02 00:00:00.000 UTC,curve_usdcwbtcweth,10k-100k,88,1263264.567282151,500.47198645250404,0x7f86bf177dd4f3494b841a37e810a34dd56c829b
2026-03-02 00:00:00.000 UTC,curve_usdcwbtcweth,1k-10k,5124,11579747.467808276,4190.0423839810965,0x7f86bf177dd4f3494b841a37e810a34dd56c829b
2026-03-02 00:00:00.000 UTC,curve_usdt,0.5k-1k,558,418075.7668582044,145.35974787394508,0xf5f5b97624542d72a9e06f04804bf81baa15e2b4
2026-03-02 00:00:00.000 UTC,curve_usdt,10k-100k,293,5141558.047862266,1960.4578110137124,0xf5f5b97624542d72a9e06f04804bf81baa15e2b4
2026-03-02 00:00:00.000 UTC,curve_usdt,1k-10k,2021,6382739.387672032,2250.282869073824,0xf5f5b97624542d72a9e06f04804bf81baa15e2b4
2026-03-02 00:00:00.000 UTC,curve_usdtwbtcweth,0.5k-1k,3055,2233533.308694166,835.5044685911138,0xd51a44d3fae010294c616388b506acda1bfaae46
2026-03-02 00:00:00.000 UTC,curve_usdtwbtcweth,10k-100k,133,2121491.194452285,828.7085463035161,0xd51a44d3fae010294c616388b506acda1bfaae46
2026-03-02 00:00:00.000 UTC,curve_usdtwbtcweth,1k-10k,5612,13063084.81214303,4867.193520844618,0xd51a44d3fae010294c616388b506acda1bfaae46
2026-03-02 00:00:00.000 UTC,sushiv2_ethusdt,0.5k-1k,104,72591.22780468433,36.17032031765128,0x06da0fd433c1a5d7a4faa01111c044910a184553
2026-03-02 00:00:00.000 UTC,sushiv2_ethusdt,1k-10k,17,31554.200992104194,15.84056383222227,0x06da0fd433c1a5d7a4faa01111c044910a184553
2026-03-02 00:00:00.000 UTC,sushiv2_usdceth,0.5k-1k,85,57248.18528118218,28.62745431216856,0x397ff1542f962076d0bfe58ea045ffa2d347aca0
2026-03-02 00:00:00.000 UTC,sushiv2_usdceth,1k-10k,12,16644.975883976218,8.315734236022838,0x397ff1542f962076d0bfe58ea045ffa2d347aca0
2026-03-02 00:00:00.000 UTC,uniswap_v3_0.01_ethusdc,0.5k-1k,19634,13919150.575342918,6892.025273779842,0xe0554a476a092703abdb3ef35c80e0d76d32939f
2026-03-02 00:00:00.000 UTC,uniswap_v3_0.01_ethusdc,100k+,178,48387406.18982015,24088.994875441338,0xe0554a476a092703abdb3ef35c80e0d76d32939f
2026-03-02 00:00:00.000 UTC,uniswap_v3_0.01_ethusdc,10k-100k,650,18379810.563218366,9034.260545109628,0xe0554a476a092703abdb3ef35c80e0d76d32939f
2026-03-02 00:00:00.000 UTC,uniswap_v3_0.01_ethusdc,1k-10k,20315,39650530.84502287,19577.13071834339,0xe0554a476a092703abdb3ef35c80e0d76d32939f
2026-03-02 00:00:00.000 UTC,uniswap_v3_0.01_ethusdt,0.5k-1k,20693,15237435.440696003,7571.999051663287,0xc7bbec68d12a0d1830360f8ec58fa599ba1b0e9b
2026-03-02 00:00:00.000 UTC,uniswap_v3_0.01_ethusdt,100k+,286,93484597.25631711,46158.566519561435,0xc7bbec68d12a0d1830360f8ec58fa599ba1b0e9b
2026-03-02 00:00:00.000 UTC,uniswap_v3_0.01_ethusdt,10k-100k,2843,69946232.66445807,34607.268678914676,0xc7bbec68d12a0d1830360f8ec58fa599ba1b0e9b
2026-03-02 00:00:00.000 UTC,uniswap_v3_0.01_ethusdt,1k-10k,54150,163759640.12122864,81102.4483922658,0xc7bbec68d12a0d1830360f8ec58fa599ba1b0e9b
2026-03-02 00:00:00.000 UTC,uniswap_v3_0.05_ethusdc,0.5k-1k,2250,1661927.7497140316,822.9504689899668,0x88e6a0c2ddd26feeb64f039a2c41296fcb3f5640
2026-03-02 00:00:00.000 UTC,uniswap_v3_0.05_ethusdc,100k+,6188,1467538990.7390478,727409.1480158116,0x88e6a0c2ddd26feeb64f039a2c41296fcb3f5640
2026-03-02 00:00:00.000 UTC,uniswap_v3_0.05_ethusdc,10k-100k,13486,551762492.8127811,272767.8243281002,0x88e6a0c2ddd26feeb64f039a2c41296fcb3f5640
2026-03-02 00:00:00.000 UTC,uniswap_v3_0.05_ethusdc,1k-10k,10290,44321767.910592005,21895.442393560723,0x88e6a0c2ddd26feeb64f039a2c41296fcb3f5640
2026-03-02 00:00:00.000 UTC,uniswap_v3_0.05_ethusdt,0.5k-1k,4382,3194911.7346961075,1584.5701972473876,0x11b815efb8f581194ae79006d24e0d814b7697f6
2026-03-02 00:00:00.000 UTC,uniswap_v3_0.05_ethusdt,100k+,2,304735.14328740083,147.41889152679207,0x11b815efb8f581194ae79006d24e0d814b7697f6
2026-03-02 00:00:00.000 UTC,uniswap_v3_0.05_ethusdt,10k-100k,946,15486980.687951546,7626.016500363054,0x11b815efb8f581194ae79006d24e0d814b7697f6
2026-03-02 00:00:00.000 UTC,uniswap_v3_0.05_ethusdt,1k-10k,17869,56920706.421606906,28149.67582364739,0x11b815efb8f581194ae79006d24e0d814b7697f6
2026-03-02 00:00:00.000 UTC,uniswap_v3_0.3_ethusdc,0.5k-1k,139,108873.58976904137,54.36501875068162,0x8ad599c3a0ff1de082011efddc58f1908eb6e6d8
2026-03-02 00:00:00.000 UTC,uniswap_v3_0.3_ethusdc,100k+,14,2100142.0870043384,1026.155352201565,0x8ad599c3a0ff1de082011efddc58f1908eb6e6d8
2026-03-02 00:00:00.000 UTC,uniswap_v3_0.3_ethusdc,10k-100k,1186,27919308.6117238,13793.48155408761,0x8ad599c3a0ff1de082011efddc58f1908eb6e6d8
2026-03-02 00:00:00.000 UTC,uniswap_v3_0.3_ethusdc,1k-10k,1749,7582691.1606667265,3749.804753450131,0x8ad599c3a0ff1de082011efddc58f1908eb6e6d8
2026-03-02 00:00:00.000 UTC,uniswap_v3_0.3_ethusdt,0.5k-1k,119,85296.9065569526,42.36668791247,0x4e68ccd3e89f51c3074ca5072bbac773960dfa36
2026-03-02 00:00:00.000 UTC,uniswap_v3_0.3_ethusdt,100k+,431,75493345.41919592,37260.29614427213,0x4e68ccd3e89f51c3074ca5072bbac773960dfa36
2026-03-02 00:00:00.000 UTC,uniswap_v3_0.3_ethusdt,10k-100k,2122,83057901.17322376,41060.057416221054,0x4e68ccd3e89f51c3074ca5072bbac773960dfa36
2026-03-02 00:00:00.000 UTC,uniswap_v3_0.3_ethusdt,1k-10k,1032,5110848.159144152,2529.0379160416614,0x4e68ccd3e89f51c3074ca5072bbac773960dfa36
2026-03-02 00:00:00.000 UTC,uniswap_v3_1.0_ethusdc,0.5k-1k,115,78235.48365908509,38.825338265956184,0x7bea39867e4169dbe237d55c8242a8f2fcdcc387
2026-03-02 00:00:00.000 UTC,uniswap_v3_1.0_ethusdc,1k-10k,39,53830.82769645193,26.451775983747513,0x7bea39867e4169dbe237d55c8242a8f2fcdcc387
2026-03-09 00:00:00.000 UTC,curve_usdcwbtcweth,0.5k-1k,3704,2674003.8728395486,869.5816326903999,0x7f86bf177dd4f3494b841a37e810a34dd56c829b
2026-03-09 00:00:00.000 UTC,curve_usdcwbtcweth,100k+,1,170410.35811284394,82.83123583732424,0x7f86bf177dd4f3494b841a37e810a34dd56c829b
2026-03-09 00:00:00.000 UTC,curve_usdcwbtcweth,10k-100k,136,2348378.294607782,745.454192759391,0x7f86bf177dd4f3494b841a37e810a34dd56c829b
2026-03-09 00:00:00.000 UTC,curve_usdcwbtcweth,1k-10k,4883,11570050.662790183,3649.3386774309583,0x7f86bf177dd4f3494b841a37e810a34dd56c829b
2026-03-09 00:00:00.000 UTC,curve_usdt,0.5k-1k,594,449422.644300233,159.95626525428347,0xf5f5b97624542d72a9e06f04804bf81baa15e2b4
2026-03-09 00:00:00.000 UTC,curve_usdt,100k+,1,101988.232313471,0,0xf5f5b97624542d72a9e06f04804bf81baa15e2b4
2026-03-09 00:00:00.000 UTC,curve_usdt,10k-100k,315,5595276.33272514,2006.653563519468,0xf5f5b97624542d72a9e06f04804bf81baa15e2b4
2026-03-09 00:00:00.000 UTC,curve_usdt,1k-10k,2237,7157098.817597825,2429.8374303163814,0xf5f5b97624542d72a9e06f04804bf81baa15e2b4
2026-03-09 00:00:00.000 UTC,curve_usdtwbtcweth,0.5k-1k,2961,2135636.9541781377,735.8315596283587,0xd51a44d3fae010294c616388b506acda1bfaae46
2026-03-09 00:00:00.000 UTC,curve_usdtwbtcweth,10k-100k,105,1689961.8667818184,527.1729376930033,0xd51a44d3fae010294c616388b506acda1bfaae46
2026-03-09 00:00:00.000 UTC,curve_usdtwbtcweth,1k-10k,4221,9645416.250712773,3151.0618034186855,0xd51a44d3fae010294c616388b506acda1bfaae46
2026-03-09 00:00:00.000 UTC,sushiv2_ethusdt,0.5k-1k,26,16631.85374147026,8.020010774475761,0x06da0fd433c1a5d7a4faa01111c044910a184553
2026-03-09 00:00:00.000 UTC,sushiv2_ethusdt,1k-10k,6,15351.355325970973,7.416422496543927,0x06da0fd433c1a5d7a4faa01111c044910a184553
2026-03-09 00:00:00.000 UTC,sushiv2_usdceth,0.5k-1k,5,3419.6341350253874,1.6432881187125807,0x397ff1542f962076d0bfe58ea045ffa2d347aca0
2026-03-09 00:00:00.000 UTC,sushiv2_usdceth,100k+,1,199575.64675955416,102.97967851536069,0x397ff1542f962076d0bfe58ea045ffa2d347aca0
2026-03-09 00:00:00.000 UTC,sushiv2_usdceth,10k-100k,1,75955.48600105882,102.78504627304609,0x397ff1542f962076d0bfe58ea045ffa2d347aca0
2026-03-09 00:00:00.000 UTC,sushiv2_usdceth,1k-10k,1,2095.804398671594,1.0187060829971,0x397ff1542f962076d0bfe58ea045ffa2d347aca0
2026-03-09 00:00:00.000 UTC,uniswap_v3_0.01_ethusdc,0.5k-1k,17571,12320178.77032638,5974.095582745274,0xe0554a476a092703abdb3ef35c80e0d76d32939f
2026-03-09 00:00:00.000 UTC,uniswap_v3_0.01_ethusdc,100k+,119,29438019.41678012,14005.898364841756,0xe0554a476a092703abdb3ef35c80e0d76d32939f
2026-03-09 00:00:00.000 UTC,uniswap_v3_0.01_ethusdc,10k-100k,710,19832893.279172555,9596.115540828087,0xe0554a476a092703abdb3ef35c80e0d76d32939f
2026-03-09 00:00:00.000 UTC,uniswap_v3_0.01_ethusdc,1k-10k,16230,30614428.205784235,14818.675689968988,0xe0554a476a092703abdb3ef35c80e0d76d32939f
2026-03-09 00:00:00.000 UTC,uniswap_v3_0.01_ethusdt,0.5k-1k,18143,13155668.068436798,6382.714438856512,0xc7bbec68d12a0d1830360f8ec58fa599ba1b0e9b
2026-03-09 00:00:00.000 UTC,uniswap_v3_0.01_ethusdt,100k+,260,98152347.4873546,47969.32663782894,0xc7bbec68d12a0d1830360f8ec58fa599ba1b0e9b
2026-03-09 00:00:00.000 UTC,uniswap_v3_0.01_ethusdt,10k-100k,2156,54462260.63484988,26393.776373005414,0xc7bbec68d12a0d1830360f8ec58fa599ba1b0e9b
2026-03-09 00:00:00.000 UTC,uniswap_v3_0.01_ethusdt,1k-10k,45169,130852977.51004517,63489.339397669406,0xc7bbec68d12a0d1830360f8ec58fa599ba1b0e9b
2026-03-09 00:00:00.000 UTC,uniswap_v3_0.05_ethusdc,0.5k-1k,1828,1332926.12835094,644.1423406214856,0x88e6a0c2ddd26feeb64f039a2c41296fcb3f5640
2026-03-09 00:00:00.000 UTC,uniswap_v3_0.05_ethusdc,100k+,4302,1008460047.5110683,489549.42556415964,0x88e6a0c2ddd26feeb64f039a2c41296fcb3f5640
2026-03-09 00:00:00.000 UTC,uniswap_v3_0.05_ethusdc,10k-100k,11190,455532681.44425124,220874.96629377716,0x88e6a0c2ddd26feeb64f039a2c41296fcb3f5640
2026-03-09 00:00:00.000 UTC,uniswap_v3_0.05_ethusdc,1k-10k,8507,34810798.606055565,16846.652246479574,0x88e6a0c2ddd26feeb64f039a2c41296fcb3f5640
2026-03-09 00:00:00.000 UTC,uniswap_v3_0.05_ethusdt,0.5k-1k,3822,2795615.31580813,1353.8860771475643,0x11b815efb8f581194ae79006d24e0d814b7697f6
2026-03-09 00:00:00.000 UTC,uniswap_v3_0.05_ethusdt,100k+,8,1596091.4358266299,754.8778461631437,0x11b815efb8f581194ae79006d24e0d814b7697f6
2026-03-09 00:00:00.000 UTC,uniswap_v3_0.05_ethusdt,10k-100k,809,13850492.996702937,6678.310597061726,0x11b815efb8f581194ae79006d24e0d814b7697f6
2026-03-09 00:00:00.000 UTC,uniswap_v3_0.05_ethusdt,1k-10k,17777,59006009.01833723,28447.86383170214,0x11b815efb8f581194ae79006d24e0d814b7697f6
2026-03-09 00:00:00.000 UTC,uniswap_v3_0.3_ethusdc,0.5k-1k,148,108887.29317372832,52.5534426555199,0x8ad599c3a0ff1de082011efddc58f1908eb6e6d8
2026-03-09 00:00:00.000 UTC,uniswap_v3_0.3_ethusdc,100k+,22,9639997.487325307,4539.641016947723,0x8ad599c3a0ff1de082011efddc58f1908eb6e6d8
2026-03-09 00:00:00.000 UTC,uniswap_v3_0.3_ethusdc,10k-100k,946,22704942.058821224,10988.265566857994,0x8ad599c3a0ff1de082011efddc58f1908eb6e6d8
2026-03-09 00:00:00.000 UTC,uniswap_v3_0.3_ethusdc,1k-10k,1347,5783720.501461322,2808.9751979529124,0x8ad599c3a0ff1de082011efddc58f1908eb6e6d8
2026-03-09 00:00:00.000 UTC,uniswap_v3_0.3_ethusdt,0.5k-1k,87,64329.465910233295,31.229649408562604,0x4e68ccd3e89f51c3074ca5072bbac773960dfa36
2026-03-09 00:00:00.000 UTC,uniswap_v3_0.3_ethusdt,100k+,469,172689562.508008,76956.047356364,0x4e68ccd3e89f51c3074ca5072bbac773960dfa36
2026-03-09 00:00:00.000 UTC,uniswap_v3_0.3_ethusdt,10k-100k,1588,62981054.464933455,30584.234696534684,0x4e68ccd3e89f51c3074ca5072bbac773960dfa36
2026-03-09 00:00:00.000 UTC,uniswap_v3_0.3_ethusdt,1k-10k,662,3318728.4382164883,1613.484775320348,0x4e68ccd3e89f51c3074ca5072bbac773960dfa36
2026-03-09 00:00:00.000 UTC,uniswap_v3_1.0_ethusdc,0.5k-1k,103,69394.91006975443,33.45888399253984,0x7bea39867e4169dbe237d55c8242a8f2fcdcc387
2026-03-09 00:00:00.000 UTC,uniswap_v3_1.0_ethusdc,100k+,2,466209.6493096283,274.790665039637,0x7bea39867e4169dbe237d55c8242a8f2fcdcc387
2026-03-09 00:00:00.000 UTC,uniswap_v3_1.0_ethusdc,10k-100k,2,27449.013258423445,13.26037423312472,0x7bea39867e4169dbe237d55c8242a8f2fcdcc387
2026-03-09 00:00:00.000 UTC,uniswap_v3_1.0_ethusdc,1k-10k,26,38920.72567334067,18.70206227834433,0x7bea39867e4169dbe237d55c8242a8f2fcdcc387
2026-03-16 00:00:00.000 UTC,curve_usdcwbtcweth,0.5k-1k,3603,2610965.638390881,854.0163075672804,0x7f86bf177dd4f3494b841a37e810a34dd56c829b
2026-03-16 00:00:00.000 UTC,curve_usdcwbtcweth,10k-100k,109,1597106.7209993538,558.0665927754459,0x7f86bf177dd4f3494b841a37e810a34dd56c829b
2026-03-16 00:00:00.000 UTC,curve_usdcwbtcweth,1k-10k,4821,11189373.850725982,3596.332126466286,0x7f86bf177dd4f3494b841a37e810a34dd56c829b
2026-03-16 00:00:00.000 UTC,curve_usdt,0.5k-1k,326,243165.3088477898,81.75122323287499,0xf5f5b97624542d72a9e06f04804bf81baa15e2b4
2026-03-16 00:00:00.000 UTC,curve_usdt,10k-100k,22,366341.617588775,143.86279030993163,0xf5f5b97624542d72a9e06f04804bf81baa15e2b4
2026-03-16 00:00:00.000 UTC,curve_usdt,1k-10k,604,1544355.398995666,541.5332645914033,0xf5f5b97624542d72a9e06f04804bf81baa15e2b4
2026-03-16 00:00:00.000 UTC,curve_usdtwbtcweth,0.5k-1k,2475,1835756.6581700123,632.2088335372198,0xd51a44d3fae010294c616388b506acda1bfaae46
2026-03-16 00:00:00.000 UTC,curve_usdtwbtcweth,10k-100k,103,1594879.3785012506,560.159518687999,0xd51a44d3fae010294c616388b506acda1bfaae46
2026-03-16 00:00:00.000 UTC,curve_usdtwbtcweth,1k-10k,4364,9944775.123142628,3297.1611321657783,0xd51a44d3fae010294c616388b506acda1bfaae46
2026-03-16 00:00:00.000 UTC,sushiv2_ethusdt,0.5k-1k,33,21378.69133896234,9.81335781416643,0x06da0fd433c1a5d7a4faa01111c044910a184553
2026-03-16 00:00:00.000 UTC,sushiv2_ethusdt,1k-10k,17,30211.142283436075,14.157367001147799,0x06da0fd433c1a5d7a4faa01111c044910a184553
2026-03-16 00:00:00.000 UTC,sushiv2_usdceth,0.5k-1k,9,5616.758566785372,2.600548242367144,0x397ff1542f962076d0bfe58ea045ffa2d347aca0
2026-03-16 00:00:00.000 UTC,sushiv2_usdceth,1k-10k,5,8320.519240128744,3.837366330173503,0x397ff1542f962076d0bfe58ea045ffa2d347aca0
2026-03-16 00:00:00.000 UTC,uniswap_v3_0.01_ethusdc,0.5k-1k,19116,13635079.82882481,6187.90063539664,0xe0554a476a092703abdb3ef35c80e0d76d32939f
2026-03-16 00:00:00.000 UTC,uniswap_v3_0.01_ethusdc,100k+,181,56546717.72577573,25385.680105596948,0xe0554a476a092703abdb3ef35c80e0d76d32939f
2026-03-16 00:00:00.000 UTC,uniswap_v3_0.01_ethusdc,10k-100k,976,26644276.820828557,12026.058137908127,0xe0554a476a092703abdb3ef35c80e0d76d32939f
2026-03-16 00:00:00.000 UTC,uniswap_v3_0.01_ethusdc,1k-10k,22800,45355445.65786278,20501.144636027366,0xe0554a476a092703abdb3ef35c80e0d76d32939f
2026-03-16 00:00:00.000 UTC,uniswap_v3_0.01_ethusdt,0.5k-1k,18315,13321847.537520342,6052.512777521508,0xc7bbec68d12a0d1830360f8ec58fa599ba1b0e9b
2026-03-16 00:00:00.000 UTC,uniswap_v3_0.01_ethusdt,100k+,242,87800368.1837571,40044.96366725536,0xc7bbec68d12a0d1830360f8ec58fa599ba1b0e9b
2026-03-16 00:00:00.000 UTC,uniswap_v3_0.01_ethusdt,10k-100k,2343,54471012.03389796,24810.005485370297,0xc7bbec68d12a0d1830360f8ec58fa599ba1b0e9b
2026-03-16 00:00:00.000 UTC,uniswap_v3_0.01_ethusdt,1k-10k,43255,114615066.04326296,52033.533757219484,0xc7bbec68d12a0d1830360f8ec58fa599ba1b0e9b
2026-03-16 00:00:00.000 UTC,uniswap_v3_0.05_ethusdc,0.5k-1k,2177,1608251.1865091524,730.8137704323271,0x88e6a0c2ddd26feeb64f039a2c41296fcb3f5640
2026-03-16 00:00:00.000 UTC,uniswap_v3_0.05_ethusdc,100k+,2574,548495804.7897284,255828.88075639436,0x88e6a0c2ddd26feeb64f039a2c41296fcb3f5640
2026-03-16 00:00:00.000 UTC,uniswap_v3_0.05_ethusdc,10k-100k,12704,448233496.9232937,205060.37993067334,0x88e6a0c2ddd26feeb64f039a2c41296fcb3f5640
2026-03-16 00:00:00.000 UTC,uniswap_v3_0.05_ethusdc,1k-10k,11030,46591363.858483225,20960.18228394088,0x88e6a0c2ddd26feeb64f039a2c41296fcb3f5640
2026-03-16 00:00:00.000 UTC,uniswap_v3_0.05_ethusdt,0.5k-1k,2885,2155548.6734588593,977.956160006604,0x11b815efb8f581194ae79006d24e0d814b7697f6
2026-03-16 00:00:00.000 UTC,uniswap_v3_0.05_ethusdt,100k+,26,6087019.110046683,2877.951700345494,0x11b815efb8f581194ae79006d24e0d814b7697f6
2026-03-16 00:00:00.000 UTC,uniswap_v3_0.05_ethusdt,10k-100k,2507,45256161.47597891,20687.38539782956,0x11b815efb8f581194ae79006d24e0d814b7697f6
2026-03-16 00:00:00.000 UTC,uniswap_v3_0.05_ethusdt,1k-10k,18454,68136905.71504901,30845.19407101321,0x11b815efb8f581194ae79006d24e0d814b7697f6
2026-03-16 00:00:00.000 UTC,uniswap_v3_0.3_ethusdc,0.5k-1k,99,76962.93560251345,35.250475995011456,0x8ad599c3a0ff1de082011efddc58f1908eb6e6d8
2026-03-16 00:00:00.000 UTC,uniswap_v3_0.3_ethusdc,100k+,19,3529589.3213798497,1591.0498940252396,0x8ad599c3a0ff1de082011efddc58f1908eb6e6d8
2026-03-16 00:00:00.000 UTC,uniswap_v3_0.3_ethusdc,10k-100k,1019,26160261.881655015,11868.276424381234,0x8ad599c3a0ff1de082011efddc58f1908eb6e6d8
2026-03-16 00:00:00.000 UTC,uniswap_v3_0.3_ethusdc,1k-10k,1596,7321847.306929905,3313.0547530759036,0x8ad599c3a0ff1de082011efddc58f1908eb6e6d8
2026-03-16 00:00:00.000 UTC,uniswap_v3_0.3_ethusdt,0.5k-1k,122,90490.39110383298,40.325121860850736,0x4e68ccd3e89f51c3074ca5072bbac773960dfa36
2026-03-16 00:00:00.000 UTC,uniswap_v3_0.3_ethusdt,100k+,398,80830839.92294443,36483.3185478797,0x4e68ccd3e89f51c3074ca5072bbac773960dfa36
2026-03-16 00:00:00.000 UTC,uniswap_v3_0.3_ethusdt,10k-100k,1898,69587954.1641693,31530.91079260506,0x4e68ccd3e89f51c3074ca5072bbac773960dfa36
2026-03-16 00:00:00.000 UTC,uniswap_v3_0.3_ethusdt,1k-10k,860,4387804.239610857,1983.0641734353353,0x4e68ccd3e89f51c3074ca5072bbac773960dfa36
2026-03-16 00:00:00.000 UTC,uniswap_v3_1.0_ethusdc,0.5k-1k,79,52050.453603863105,23.649102703837872,0x7bea39867e4169dbe237d55c8242a8f2fcdcc387
2026-03-16 00:00:00.000 UTC,uniswap_v3_1.0_ethusdc,100k+,1,120095.74215657734,54.59145513731412,0x7bea39867e4169dbe237d55c8242a8f2fcdcc387
2026-03-16 00:00:00.000 UTC,uniswap_v3_1.0_ethusdc,10k-100k,9,267516.2394812882,120.73203096392812,0x7bea39867e4169dbe237d55c8242a8f2fcdcc387
2026-03-16 00:00:00.000 UTC,uniswap_v3_1.0_ethusdc,1k-10k,29,45577.11998596166,21.036243551268242,0x7bea39867e4169dbe237d55c8242a8f2fcdcc387
2026-03-23 00:00:00.000 UTC,curve_usdcwbtcweth,0.5k-1k,3272,2336330.047084063,768.0196086527736,0x7f86bf177dd4f3494b841a37e810a34dd56c829b
2026-03-23 00:00:00.000 UTC,curve_usdcwbtcweth,10k-100k,93,1300851.9062547022,445.8668581374734,0x7f86bf177dd4f3494b841a37e810a34dd56c829b
2026-03-23 00:00:00.000 UTC,curve_usdcwbtcweth,1k-10k,4011,9260050.175366959,3044.820325674528,0x7f86bf177dd4f3494b841a37e810a34dd56c829b
2026-03-23 00:00:00.000 UTC,curve_usdt,0.5k-1k,287,211349.9075891368,64.89268971855894,0xf5f5b97624542d72a9e06f04804bf81baa15e2b4
2026-03-23 00:00:00.000 UTC,curve_usdt,10k-100k,116,1885355.4926125116,673.5891651178231,0xf5f5b97624542d72a9e06f04804bf81baa15e2b4
2026-03-23 00:00:00.000 UTC,curve_usdt,1k-10k,925,2698649.414962436,902.4915258092676,0xf5f5b97624542d72a9e06f04804bf81baa15e2b4
2026-03-23 00:00:00.000 UTC,curve_usdtwbtcweth,0.5k-1k,2350,1731326.7661421753,582.5624940006445,0xd51a44d3fae010294c616388b506acda1bfaae46
2026-03-23 00:00:00.000 UTC,curve_usdtwbtcweth,100k+,2,290414.8737393427,133.4479509493661,0xd51a44d3fae010294c616388b506acda1bfaae46
2026-03-23 00:00:00.000 UTC,curve_usdtwbtcweth,10k-100k,104,1505673.3218957405,583.7751921673868,0xd51a44d3fae010294c616388b506acda1bfaae46
2026-03-23 00:00:00.000 UTC,curve_usdtwbtcweth,1k-10k,3542,8166119.510327385,2797.9019735969464,0xd51a44d3fae010294c616388b506acda1bfaae46
2026-03-23 00:00:00.000 UTC,sushiv2_ethusdt,0.5k-1k,28,19828.26764973462,9.644240826607158,0x06da0fd433c1a5d7a4faa01111c044910a184553
2026-03-23 00:00:00.000 UTC,sushiv2_ethusdt,1k-10k,6,9159.81117797089,4.4983673491074985,0x06da0fd433c1a5d7a4faa01111c044910a184553
2026-03-23 00:00:00.000 UTC,sushiv2_usdceth,0.5k-1k,7,3999.245523598129,1.9577028309609907,0x397ff1542f962076d0bfe58ea045ffa2d347aca0
2026-03-23 00:00:00.000 UTC,sushiv2_usdceth,1k-10k,1,1471.998506018693,0.7178904660043859,0x397ff1542f962076d0bfe58ea045ffa2d347aca0
2026-03-23 00:00:00.000 UTC,uniswap_v3_0.01_ethusdc,0.5k-1k,17712,12786878.939316139,6149.88880678849,0xe0554a476a092703abdb3ef35c80e0d76d32939f
2026-03-23 00:00:00.000 UTC,uniswap_v3_0.01_ethusdc,100k+,184,60645015.0018404,28963.49505145562,0xe0554a476a092703abdb3ef35c80e0d76d32939f
2026-03-23 00:00:00.000 UTC,uniswap_v3_0.01_ethusdc,10k-100k,672,20332686.621841762,9800.22436287734,0xe0554a476a092703abdb3ef35c80e0d76d32939f
2026-03-23 00:00:00.000 UTC,uniswap_v3_0.01_ethusdc,1k-10k,18329,35749227.79682495,17114.834780703968,0xe0554a476a092703abdb3ef35c80e0d76d32939f
2026-03-23 00:00:00.000 UTC,uniswap_v3_0.01_ethusdt,0.5k-1k,16324,12017288.078121131,5777.100450854185,0xc7bbec68d12a0d1830360f8ec58fa599ba1b0e9b
2026-03-23 00:00:00.000 UTC,uniswap_v3_0.01_ethusdt,100k+,268,102910273.07512675,50017.21842472733,0xc7bbec68d12a0d1830360f8ec58fa599ba1b0e9b
2026-03-23 00:00:00.000 UTC,uniswap_v3_0.01_ethusdt,10k-100k,1042,30487734.414115515,14652.459386778595,0xc7bbec68d12a0d1830360f8ec58fa599ba1b0e9b
2026-03-23 00:00:00.000 UTC,uniswap_v3_0.01_ethusdt,1k-10k,32034,81504564.54836933,39067.271271236954,0xc7bbec68d12a0d1830360f8ec58fa599ba1b0e9b
2026-03-23 00:00:00.000 UTC,uniswap_v3_0.05_ethusdc,0.5k-1k,1588,1163666.2630216556,559.4649454069252,0x88e6a0c2ddd26feeb64f039a2c41296fcb3f5640
2026-03-23 00:00:00.000 UTC,uniswap_v3_0.05_ethusdc,100k+,3417,802455963.572116,386236.0764813395,0x88e6a0c2ddd26feeb64f039a2c41296fcb3f5640
2026-03-23 00:00:00.000 UTC,uniswap_v3_0.05_ethusdc,10k-100k,10995,454688972.572507,218281.71876727126,0x88e6a0c2ddd26feeb64f039a2c41296fcb3f5640
2026-03-23 00:00:00.000 UTC,uniswap_v3_0.05_ethusdc,1k-10k,7244,30713187.702639133,14749.020408773322,0x88e6a0c2ddd26feeb64f039a2c41296fcb3f5640
2026-03-23 00:00:00.000 UTC,uniswap_v3_0.05_ethusdt,0.5k-1k,2526,1930450.9689229229,932.4426534894511,0x11b815efb8f581194ae79006d24e0d814b7697f6
2026-03-23 00:00:00.000 UTC,uniswap_v3_0.05_ethusdt,100k+,21,3776510.352587903,1840.2282354794188,0x11b815efb8f581194ae79006d24e0d814b7697f6
2026-03-23 00:00:00.000 UTC,uniswap_v3_0.05_ethusdt,10k-100k,1721,33719018.5183008,16143.022116497978,0x11b815efb8f581194ae79006d24e0d814b7697f6
2026-03-23 00:00:00.000 UTC,uniswap_v3_0.05_ethusdt,1k-10k,14958,53610436.80462089,25814.52525930003,0x11b815efb8f581194ae79006d24e0d814b7697f6
2026-03-23 00:00:00.000 UTC,uniswap_v3_0.3_ethusdc,0.5k-1k,86,67103.08676544385,32.19853849415747,0x8ad599c3a0ff1de082011efddc58f1908eb6e6d8
2026-03-23 00:00:00.000 UTC,uniswap_v3_0.3_ethusdc,100k+,31,7161388.279594604,3475.840767085044,0x8ad599c3a0ff1de082011efddc58f1908eb6e6d8
2026-03-23 00:00:00.000 UTC,uniswap_v3_0.3_ethusdc,10k-100k,581,15082747.830575358,7169.5056811609975,0x8ad599c3a0ff1de082011efddc58f1908eb6e6d8
2026-03-23 00:00:00.000 UTC,uniswap_v3_0.3_ethusdc,1k-10k,1132,4755619.846513017,2285.8533498207416,0x8ad599c3a0ff1de082011efddc58f1908eb6e6d8
2026-03-23 00:00:00.000 UTC,uniswap_v3_0.3_ethusdt,0.5k-1k,67,50146.680402545986,24.20653261018007,0x4e68ccd3e89f51c3074ca5072bbac773960dfa36
2026-03-23 00:00:00.000 UTC,uniswap_v3_0.3_ethusdt,100k+,280,75162930.40084949,36380.79453578802,0x4e68ccd3e89f51c3074ca5072bbac773960dfa36
2026-03-23 00:00:00.000 UTC,uniswap_v3_0.3_ethusdt,10k-100k,1206,45619468.09535213,21845.584713334967,0x4e68ccd3e89f51c3074ca5072bbac773960dfa36
2026-03-23 00:00:00.000 UTC,uniswap_v3_0.3_ethusdt,1k-10k,583,3056980.688140029,1466.1134340532428,0x4e68ccd3e89f51c3074ca5072bbac773960dfa36
2026-03-23 00:00:00.000 UTC,uniswap_v3_1.0_ethusdc,0.5k-1k,48,32833.55861167383,15.588931935410752,0x7bea39867e4169dbe237d55c8242a8f2fcdcc387
2026-03-23 00:00:00.000 UTC,uniswap_v3_1.0_ethusdc,1k-10k,31,58580.72030880918,28.56640692293498,0x7bea39867e4169dbe237d55c8242a8f2fcdcc387
2026-03-30 00:00:00.000 UTC,curve_usdcwbtcweth,0.5k-1k,2701,1948177.6255017542,661.0701162096465,0x7f86bf177dd4f3494b841a37e810a34dd56c829b
2026-03-30 00:00:00.000 UTC,curve_usdcwbtcweth,10k-100k,70,978378.0001040143,294.58457329251115,0x7f86bf177dd4f3494b841a37e810a34dd56c829b
2026-03-30 00:00:00.000 UTC,curve_usdcwbtcweth,1k-10k,3631,8302976.116357585,2699.531687840855,0x7f86bf177dd4f3494b841a37e810a34dd56c829b
2026-03-30 00:00:00.000 UTC,curve_usdt,0.5k-1k,310,234212.67671229626,89.0495181532888,0xf5f5b97624542d72a9e06f04804bf81baa15e2b4
2026-03-30 00:00:00.000 UTC,curve_usdt,10k-100k,169,2838286.969368235,1070.5878714367,0xf5f5b97624542d72a9e06f04804bf81baa15e2b4
2026-03-30 00:00:00.000 UTC,curve_usdt,1k-10k,1280,3972848.651443144,1310.9003406618272,0xf5f5b97624542d72a9e06f04804bf81baa15e2b4
2026-03-30 00:00:00.000 UTC,curve_usdtwbtcweth,0.5k-1k,1600,1229949.856573741,443.6094099915836,0xd51a44d3fae010294c616388b506acda1bfaae46
2026-03-30 00:00:00.000 UTC,curve_usdtwbtcweth,10k-100k,94,1342143.691973085,451.67290515041003,0xd51a44d3fae010294c616388b506acda1bfaae46
2026-03-30 00:00:00.000 UTC,curve_usdtwbtcweth,1k-10k,3629,8507726.820791468,2845.8142119124336,0xd51a44d3fae010294c616388b506acda1bfaae46
2026-03-30 00:00:00.000 UTC,sushiv2_ethusdt,0.5k-1k,20,13955.037479817755,6.744206198748087,0x06da0fd433c1a5d7a4faa01111c044910a184553
2026-03-30 00:00:00.000 UTC,sushiv2_ethusdt,1k-10k,6,10452.606738513206,4.912913302291871,0x06da0fd433c1a5d7a4faa01111c044910a184553
2026-03-30 00:00:00.000 UTC,sushiv2_usdceth,0.5k-1k,1,542.8402847032909,0.26244961452710885,0x397ff1542f962076d0bfe58ea045ffa2d347aca0
2026-03-30 00:00:00.000 UTC,uniswap_v3_0.01_ethusdc,0.5k-1k,15212,10954809.56043556,5301.675158050656,0xe0554a476a092703abdb3ef35c80e0d76d32939f
2026-03-30 00:00:00.000 UTC,uniswap_v3_0.01_ethusdc,100k+,124,35822815.448523775,17506.1205184169,0xe0554a476a092703abdb3ef35c80e0d76d32939f
2026-03-30 00:00:00.000 UTC,uniswap_v3_0.01_ethusdc,10k-100k,875,21063406.79784495,10170.73048272074,0xe0554a476a092703abdb3ef35c80e0d76d32939f
2026-03-30 00:00:00.000 UTC,uniswap_v3_0.01_ethusdc,1k-10k,16316,31772559.15471377,15321.102449742331,0xe0554a476a092703abdb3ef35c80e0d76d32939f
2026-03-30 00:00:00.000 UTC,uniswap_v3_0.01_ethusdt,0.5k-1k,11907,8880161.26860865,4295.60125977416,0xc7bbec68d12a0d1830360f8ec58fa599ba1b0e9b
2026-03-30 00:00:00.000 UTC,uniswap_v3_0.01_ethusdt,100k+,173,57281334.21338669,27568.872752549938,0xc7bbec68d12a0d1830360f8ec58fa599ba1b0e9b
2026-03-30 00:00:00.000 UTC,uniswap_v3_0.01_ethusdt,10k-100k,1269,33060315.283141453,15918.876657771087,0xc7bbec68d12a0d1830360f8ec58fa599ba1b0e9b
2026-03-30 00:00:00.000 UTC,uniswap_v3_0.01_ethusdt,1k-10k,33672,91452405.48620018,44199.076543943855,0xc7bbec68d12a0d1830360f8ec58fa599ba1b0e9b
2026-03-30 00:00:00.000 UTC,uniswap_v3_0.05_ethusdc,0.5k-1k,1328,959565.9291918094,461.61002108719276,0x88e6a0c2ddd26feeb64f039a2c41296fcb3f5640
2026-03-30 00:00:00.000 UTC,uniswap_v3_0.05_ethusdc,100k+,3468,812697248.3217456,390594.0685618746,0x88e6a0c2ddd26feeb64f039a2c41296fcb3f5640
2026-03-30 00:00:00.000 UTC,uniswap_v3_0.05_ethusdc,10k-100k,10039,419123141.4185541,202431.47326666545,0x88e6a0c2ddd26feeb64f039a2c41296fcb3f5640
2026-03-30 00:00:00.000 UTC,uniswap_v3_0.05_ethusdc,1k-10k,5894,25227950.217240255,12161.717979753434,0x88e6a0c2ddd26feeb64f039a2c41296fcb3f5640
2026-03-30 00:00:00.000 UTC,uniswap_v3_0.05_ethusdt,0.5k-1k,1015,766543.1205103776,370.6444306773541,0x11b815efb8f581194ae79006d24e0d814b7697f6
2026-03-30 00:00:00.000 UTC,uniswap_v3_0.05_ethusdt,100k+,21,4010900.997679079,1905.585124694645,0x11b815efb8f581194ae79006d24e0d814b7697f6
2026-03-30 00:00:00.000 UTC,uniswap_v3_0.05_ethusdt,10k-100k,2455,50434679.30721385,24264.76072668524,0x11b815efb8f581194ae79006d24e0d814b7697f6
2026-03-30 00:00:00.000 UTC,uniswap_v3_0.05_ethusdt,1k-10k,12058,46946239.74939015,22671.089377044693,0x11b815efb8f581194ae79006d24e0d814b7697f6
2026-03-30 00:00:00.000 UTC,uniswap_v3_0.3_ethusdc,0.5k-1k,34,23313.69231623746,11.292076986058152,0x8ad599c3a0ff1de082011efddc58f1908eb6e6d8
2026-03-30 00:00:00.000 UTC,uniswap_v3_0.3_ethusdc,100k+,10,1486949.560489052,709.2268451710884,0x8ad599c3a0ff1de082011efddc58f1908eb6e6d8
2026-03-30 00:00:00.000 UTC,uniswap_v3_0.3_ethusdc,10k-100k,626,15931181.33763543,7668.574395930947,0x8ad599c3a0ff1de082011efddc58f1908eb6e6d8
2026-03-30 00:00:00.000 UTC,uniswap_v3_0.3_ethusdc,1k-10k,1063,4658459.814633309,2251.6973458901257,0x8ad599c3a0ff1de082011efddc58f1908eb6e6d8
2026-03-30 00:00:00.000 UTC,uniswap_v3_0.3_ethusdt,0.5k-1k,77,56510.6466618335,27.36852594387887,0x4e68ccd3e89f51c3074ca5072bbac773960dfa36
2026-03-30 00:00:00.000 UTC,uniswap_v3_0.3_ethusdt,100k+,365,82862392.62672049,39813.32615964128,0x4e68ccd3e89f51c3074ca5072bbac773960dfa36
2026-03-30 00:00:00.000 UTC,uniswap_v3_0.3_ethusdt,10k-100k,1213,47296340.208310604,22856.19964076842,0x4e68ccd3e89f51c3074ca5072bbac773960dfa36
2026-03-30 00:00:00.000 UTC,uniswap_v3_0.3_ethusdt,1k-10k,419,2393680.6174877593,1156.7124198213298,0x4e68ccd3e89f51c3074ca5072bbac773960dfa36
2026-03-30 00:00:00.000 UTC,uniswap_v3_1.0_ethusdc,0.5k-1k,58,39967.760786062856,19.433932278359503,0x7bea39867e4169dbe237d55c8242a8f2fcdcc387
2026-03-30 00:00:00.000 UTC,uniswap_v3_1.0_ethusdc,1k-10k,23,32078.15975659691,15.528859892100888,0x7bea39867e4169dbe237d55c8242a8f2fcdcc387
2026-04-06 00:00:00.000 UTC,curve_usdcwbtcweth,0.5k-1k,2637,1867350.4999176334,628.4804637041448,0x7f86bf177dd4f3494b841a37e810a34dd56c829b
2026-04-06 00:00:00.000 UTC,curve_usdcwbtcweth,10k-100k,50,745827.0350193536,226.33517950125622,0x7f86bf177dd4f3494b841a37e810a34dd56c829b
2026-04-06 00:00:00.000 UTC,curve_usdcwbtcweth,1k-10k,2379,4887707.356588859,1560.5028305468536,0x7f86bf177dd4f3494b841a37e810a34dd56c829b
2026-04-06 00:00:00.000 UTC,curve_usdt,0.5k-1k,374,286101.0075959619,93.81344227040043,0xf5f5b97624542d72a9e06f04804bf81baa15e2b4
2026-04-06 00:00:00.000 UTC,curve_usdt,10k-100k,130,2232600.320935408,803.706051499027,0xf5f5b97624542d72a9e06f04804bf81baa15e2b4
2026-04-06 00:00:00.000 UTC,curve_usdt,1k-10k,1146,3510891.971767735,1231.591723177904,0xf5f5b97624542d72a9e06f04804bf81baa15e2b4
2026-04-06 00:00:00.000 UTC,curve_usdtwbtcweth,0.5k-1k,1931,1438711.8405436892,498.8788940239069,0xd51a44d3fae010294c616388b506acda1bfaae46
2026-04-06 00:00:00.000 UTC,curve_usdtwbtcweth,10k-100k,46,647749.7203946846,219.29621853579042,0xd51a44d3fae010294c616388b506acda1bfaae46
2026-04-06 00:00:00.000 UTC,curve_usdtwbtcweth,1k-10k,2797,5896330.517246555,1918.5015128285872,0xd51a44d3fae010294c616388b506acda1bfaae46
2026-04-06 00:00:00.000 UTC,sushiv2_ethusdt,0.5k-1k,29,19574.89688818912,8.908593600065156,0x06da0fd433c1a5d7a4faa01111c044910a184553
2026-04-06 00:00:00.000 UTC,sushiv2_ethusdt,1k-10k,1,1021.3356505967228,0.4820941075442157,0x06da0fd433c1a5d7a4faa01111c044910a184553
2026-04-06 00:00:00.000 UTC,sushiv2_usdceth,0.5k-1k,3,2150.3906984193827,0.9779603814306371,0x397ff1542f962076d0bfe58ea045ffa2d347aca0
2026-04-06 00:00:00.000 UTC,sushiv2_usdceth,1k-10k,4,5268.377410280777,2.4188944243972132,0x397ff1542f962076d0bfe58ea045ffa2d347aca0
2026-04-06 00:00:00.000 UTC,uniswap_v3_0.01_ethusdc,0.5k-1k,16626,12233425.620835954,5586.473816069728,0xe0554a476a092703abdb3ef35c80e0d76d32939f
2026-04-06 00:00:00.000 UTC,uniswap_v3_0.01_ethusdc,100k+,130,41016943.43298721,19018.952316614468,0xe0554a476a092703abdb3ef35c80e0d76d32939f
2026-04-06 00:00:00.000 UTC,uniswap_v3_0.01_ethusdc,10k-100k,980,29469391.94506225,13487.930443022291,0xe0554a476a092703abdb3ef35c80e0d76d32939f
2026-04-06 00:00:00.000 UTC,uniswap_v3_0.01_ethusdc,1k-10k,25968,54881919.63015979,25023.870120402386,0xe0554a476a092703abdb3ef35c80e0d76d32939f
2026-04-06 00:00:00.000 UTC,uniswap_v3_0.01_ethusdt,0.5k-1k,13754,10267603.224408718,4693.342948550699,0xc7bbec68d12a0d1830360f8ec58fa599ba1b0e9b
2026-04-06 00:00:00.000 UTC,uniswap_v3_0.01_ethusdt,100k+,140,45699176.310899645,20843.090166090085,0xc7bbec68d12a0d1830360f8ec58fa599ba1b0e9b
2026-04-06 00:00:00.000 UTC,uniswap_v3_0.01_ethusdt,10k-100k,1403,39651036.15269955,18141.342543101277,0xc7bbec68d12a0d1830360f8ec58fa599ba1b0e9b
2026-04-06 00:00:00.000 UTC,uniswap_v3_0.01_ethusdt,1k-10k,37096,96396346.318038,43999.34433249335,0xc7bbec68d12a0d1830360f8ec58fa599ba1b0e9b
2026-04-06 00:00:00.000 UTC,uniswap_v3_0.05_ethusdc,0.5k-1k,1395,1028158.2387899047,469.99361763903084,0x88e6a0c2ddd26feeb64f039a2c41296fcb3f5640
2026-04-06 00:00:00.000 UTC,uniswap_v3_0.05_ethusdc,100k+,2106,446218961.01186395,206989.87270870118,0x88e6a0c2ddd26feeb64f039a2c41296fcb3f5640
2026-04-06 00:00:00.000 UTC,uniswap_v3_0.05_ethusdc,10k-100k,10449,376317157.7432021,172466.16297864946,0x88e6a0c2ddd26feeb64f039a2c41296fcb3f5640
2026-04-06 00:00:00.000 UTC,uniswap_v3_0.05_ethusdc,1k-10k,7550,33481642.446761575,15210.861282065347,0x88e6a0c2ddd26feeb64f039a2c41296fcb3f5640
2026-04-06 00:00:00.000 UTC,uniswap_v3_0.05_ethusdt,0.5k-1k,1477,1126434.7010548182,514.1165029074951,0x11b815efb8f581194ae79006d24e0d814b7697f6
2026-04-06 00:00:00.000 UTC,uniswap_v3_0.05_ethusdt,100k+,21,3907147.7637945474,1773.6415808682927,0x11b815efb8f581194ae79006d24e0d814b7697f6
2026-04-06 00:00:00.000 UTC,uniswap_v3_0.05_ethusdt,10k-100k,2365,46638534.55247866,21371.958976965063,0x11b815efb8f581194ae79006d24e0d814b7697f6
2026-04-06 00:00:00.000 UTC,uniswap_v3_0.05_ethusdt,1k-10k,13788,52194830.84540328,23817.617612818416,0x11b815efb8f581194ae79006d24e0d814b7697f6
2026-04-06 00:00:00.000 UTC,uniswap_v3_0.3_ethusdc,0.5k-1k,51,35573.54124621221,16.234089958724912,0x8ad599c3a0ff1de082011efddc58f1908eb6e6d8
2026-04-06 00:00:00.000 UTC,uniswap_v3_0.3_ethusdc,100k+,19,2923689.415132824,1322.8343761508531,0x8ad599c3a0ff1de082011efddc58f1908eb6e6d8
2026-04-06 00:00:00.000 UTC,uniswap_v3_0.3_ethusdc,10k-100k,800,20887477.41508736,9539.216937528912,0x8ad599c3a0ff1de082011efddc58f1908eb6e6d8
2026-04-06 00:00:00.000 UTC,uniswap_v3_0.3_ethusdc,1k-10k,964,4695464.748624374,2152.469359672731,0x8ad599c3a0ff1de082011efddc58f1908eb6e6d8
2026-04-06 00:00:00.000 UTC,uniswap_v3_0.3_ethusdt,0.5k-1k,74,52522.943418763905,23.885544993058208,0x4e68ccd3e89f51c3074ca5072bbac773960dfa36
2026-04-06 00:00:00.000 UTC,uniswap_v3_0.3_ethusdt,100k+,407,93839523.18432273,42823.39902903509,0x4e68ccd3e89f51c3074ca5072bbac773960dfa36
2026-04-06 00:00:00.000 UTC,uniswap_v3_0.3_ethusdt,10k-100k,1277,51764734.88004399,23706.844927634538,0x4e68ccd3e89f51c3074ca5072bbac773960dfa36
2026-04-06 00:00:00.000 UTC,uniswap_v3_0.3_ethusdt,1k-10k,429,2229497.4138327315,1021.1970695476745,0x4e68ccd3e89f51c3074ca5072bbac773960dfa36
2026-04-06 00:00:00.000 UTC,uniswap_v3_1.0_ethusdc,0.5k-1k,81,54384.493673240286,24.90927314528185,0x7bea39867e4169dbe237d55c8242a8f2fcdcc387
2026-04-06 00:00:00.000 UTC,uniswap_v3_1.0_ethusdc,1k-10k,18,29411.434166984247,13.385172819000212,0x7bea39867e4169dbe237d55c8242a8f2fcdcc387
2026-04-13 00:00:00.000 UTC,curve_usdcwbtcweth,0.5k-1k,2375,1768794.6302449876,539.3777365275063,0x7f86bf177dd4f3494b841a37e810a34dd56c829b
2026-04-13 00:00:00.000 UTC,curve_usdcwbtcweth,10k-100k,106,1590709.0866540284,387.5999545451545,0x7f86bf177dd4f3494b841a37e810a34dd56c829b
2026-04-13 00:00:00.000 UTC,curve_usdcwbtcweth,1k-10k,4375,10168063.723616112,3075.0797769778105,0x7f86bf177dd4f3494b841a37e810a34dd56c829b
2026-04-13 00:00:00.000 UTC,curve_usdt,0.5k-1k,224,176389.46874548917,51.17288846692721,0xf5f5b97624542d72a9e06f04804bf81baa15e2b4
2026-04-13 00:00:00.000 UTC,curve_usdt,10k-100k,96,1621286.3477567674,524.6488707077498,0xf5f5b97624542d72a9e06f04804bf81baa15e2b4
2026-04-13 00:00:00.000 UTC,curve_usdt,1k-10k,1016,3050899.51812105,922.9099102978221,0xf5f5b97624542d72a9e06f04804bf81baa15e2b4
2026-04-13 00:00:00.000 UTC,curve_usdtwbtcweth,0.5k-1k,1446,1108990.0316717173,367.69311934786526,0xd51a44d3fae010294c616388b506acda1bfaae46
2026-04-13 00:00:00.000 UTC,curve_usdtwbtcweth,10k-100k,140,2075155.728511881,669.0151154006526,0xd51a44d3fae010294c616388b506acda1bfaae46
2026-04-13 00:00:00.000 UTC,curve_usdtwbtcweth,1k-10k,5016,12506919.33526054,3907.597246500104,0xd51a44d3fae010294c616388b506acda1bfaae46
2026-04-13 00:00:00.000 UTC,sushiv2_ethusdt,0.5k-1k,29,18576.827635787668,7.938520647123538,0x06da0fd433c1a5d7a4faa01111c044910a184553
2026-04-13 00:00:00.000 UTC,sushiv2_ethusdt,1k-10k,6,25943.860581313245,11.39871632073307,0x06da0fd433c1a5d7a4faa01111c044910a184553
2026-04-13 00:00:00.000 UTC,sushiv2_usdceth,0.5k-1k,10,5790.919182777669,2.4741723353735803,0x397ff1542f962076d0bfe58ea045ffa2d347aca0
2026-04-13 00:00:00.000 UTC,sushiv2_usdceth,1k-10k,25,34217.60105621253,14.671621255171146,0x397ff1542f962076d0bfe58ea045ffa2d347aca0
2026-04-13 00:00:00.000 UTC,uniswap_v3_0.01_ethusdc,0.5k-1k,16459,12022215.465950757,5149.632444963837,0xe0554a476a092703abdb3ef35c80e0d76d32939f
2026-04-13 00:00:00.000 UTC,uniswap_v3_0.01_ethusdc,100k+,435,124662204.83973639,53311.5231854547,0xe0554a476a092703abdb3ef35c80e0d76d32939f
2026-04-13 00:00:00.000 UTC,uniswap_v3_0.01_ethusdc,10k-100k,1865,57749243.304988496,24641.965816520253,0xe0554a476a092703abdb3ef35c80e0d76d32939f
2026-04-13 00:00:00.000 UTC,uniswap_v3_0.01_ethusdc,1k-10k,40025,105857268.91512334,45292.03770327442,0xe0554a476a092703abdb3ef35c80e0d76d32939f
2026-04-13 00:00:00.000 UTC,uniswap_v3_0.01_ethusdt,0.5k-1k,12662,9320346.738130776,3995.08402324914,0xc7bbec68d12a0d1830360f8ec58fa599ba1b0e9b
2026-04-13 00:00:00.000 UTC,uniswap_v3_0.01_ethusdt,100k+,305,76718496.52719685,32922.89650065216,0xc7bbec68d12a0d1830360f8ec58fa599ba1b0e9b
2026-04-13 00:00:00.000 UTC,uniswap_v3_0.01_ethusdt,10k-100k,1649,47068266.22679317,20112.33901899932,0xc7bbec68d12a0d1830360f8ec58fa599ba1b0e9b
2026-04-13 00:00:00.000 UTC,uniswap_v3_0.01_ethusdt,1k-10k,38809,105663069.37414414,45240.99260773354,0xc7bbec68d12a0d1830360f8ec58fa599ba1b0e9b
2026-04-13 00:00:00.000 UTC,uniswap_v3_0.05_ethusdc,0.5k-1k,2187,1607140.2432290756,686.4260954119252,0x88e6a0c2ddd26feeb64f039a2c41296fcb3f5640
2026-04-13 00:00:00.000 UTC,uniswap_v3_0.05_ethusdc,100k+,624,120882709.24577487,52327.98066314725,0x88e6a0c2ddd26feeb64f039a2c41296fcb3f5640
2026-04-13 00:00:00.000 UTC,uniswap_v3_0.05_ethusdc,10k-100k,10896,321764942.86578107,138230.10927704815,0x88e6a0c2ddd26feeb64f039a2c41296fcb3f5640
2026-04-13 00:00:00.000 UTC,uniswap_v3_0.05_ethusdc,1k-10k,11077,47411039.49920815,20279.766226167456,0x88e6a0c2ddd26feeb64f039a2c41296fcb3f5640
2026-04-13 00:00:00.000 UTC,uniswap_v3_0.05_ethusdt,0.5k-1k,1572,1163637.5027177343,498.16948760683704,0x11b815efb8f581194ae79006d24e0d814b7697f6
2026-04-13 00:00:00.000 UTC,uniswap_v3_0.05_ethusdt,100k+,52,20578492.4153897,8566.711071591833,0x11b815efb8f581194ae79006d24e0d814b7697f6
2026-04-13 00:00:00.000 UTC,uniswap_v3_0.05_ethusdt,10k-100k,1661,32337115.577513486,13915.562841804518,0x11b815efb8f581194ae79006d24e0d814b7697f6
2026-04-13 00:00:00.000 UTC,uniswap_v3_0.05_ethusdt,1k-10k,14116,54328455.36046316,23372.63827802226,0x11b815efb8f581194ae79006d24e0d814b7697f6
2026-04-13 00:00:00.000 UTC,uniswap_v3_0.3_ethusdc,0.5k-1k,68,48930.894261289905,20.987065094251673,0x8ad599c3a0ff1de082011efddc58f1908eb6e6d8
2026-04-13 00:00:00.000 UTC,uniswap_v3_0.3_ethusdc,100k+,22,3064868.2298660013,1325.0919098746483,0x8ad599c3a0ff1de082011efddc58f1908eb6e6d8
2026-04-13 00:00:00.000 UTC,uniswap_v3_0.3_ethusdc,10k-100k,854,20835234.471632056,8936.45872365296,0x8ad599c3a0ff1de082011efddc58f1908eb6e6d8
2026-04-13 00:00:00.000 UTC,uniswap_v3_0.3_ethusdc,1k-10k,1108,5344295.202621066,2296.8649782213624,0x8ad599c3a0ff1de082011efddc58f1908eb6e6d8
2026-04-13 00:00:00.000 UTC,uniswap_v3_0.3_ethusdt,0.5k-1k,221,165130.76077532198,70.48764449044899,0x4e68ccd3e89f51c3074ca5072bbac773960dfa36
2026-04-13 00:00:00.000 UTC,uniswap_v3_0.3_ethusdt,100k+,384,89537009.50279047,38557.35529199097,0x4e68ccd3e89f51c3074ca5072bbac773960dfa36
2026-04-13 00:00:00.000 UTC,uniswap_v3_0.3_ethusdt,10k-100k,1484,59887924.48687447,25712.202486597333,0x4e68ccd3e89f51c3074ca5072bbac773960dfa36
2026-04-13 00:00:00.000 UTC,uniswap_v3_0.3_ethusdt,1k-10k,725,3874478.9628070365,1661.7559268799998,0x4e68ccd3e89f51c3074ca5072bbac773960dfa36
2026-04-13 00:00:00.000 UTC,uniswap_v3_1.0_ethusdc,0.5k-1k,67,45647.73514967132,19.490162568854284,0x7bea39867e4169dbe237d55c8242a8f2fcdcc387
2026-04-13 00:00:00.000 UTC,uniswap_v3_1.0_ethusdc,1k-10k,19,26244.11119478857,11.272679612027188,0x7bea39867e4169dbe237d55c8242a8f2fcdcc387
2026-04-20 00:00:00.000 UTC,curve_usdcwbtcweth,0.5k-1k,907,691183.2819111488,226.46184152186427,0x7f86bf177dd4f3494b841a37e810a34dd56c829b
2026-04-20 00:00:00.000 UTC,curve_usdcwbtcweth,10k-100k,162,2489987.2464701463,691.768605493724,0x7f86bf177dd4f3494b841a37e810a34dd56c829b
2026-04-20 00:00:00.000 UTC,curve_usdcwbtcweth,1k-10k,3883,11182194.058935354,3409.556190610672,0x7f86bf177dd4f3494b841a37e810a34dd56c829b
2026-04-20 00:00:00.000 UTC,curve_usdt,0.5k-1k,107,79294.26048385332,26.975478734691535,0xf5f5b97624542d72a9e06f04804bf81baa15e2b4
2026-04-20 00:00:00.000 UTC,curve_usdt,10k-100k,298,4986192.9114202615,1470.1190499112836,0xf5f5b97624542d72a9e06f04804bf81baa15e2b4
2026-04-20 00:00:00.000 UTC,curve_usdt,1k-10k,1715,6627900.544460873,1986.389554333625,0xf5f5b97624542d72a9e06f04804bf81baa15e2b4
2026-04-20 00:00:00.000 UTC,curve_usdtwbtcweth,0.5k-1k,472,349060.7526194463,120.25690013777078,0xd51a44d3fae010294c616388b506acda1bfaae46
2026-04-20 00:00:00.000 UTC,curve_usdtwbtcweth,10k-100k,146,2182403.607190424,679.0060098736662,0xd51a44d3fae010294c616388b506acda1bfaae46
2026-04-20 00:00:00.000 UTC,curve_usdtwbtcweth,1k-10k,3078,9400590.045418859,2842.246250761232,0xd51a44d3fae010294c616388b506acda1bfaae46
2026-04-20 00:00:00.000 UTC,sushiv2_ethusdt,0.5k-1k,26,17955.977668181386,7.646015636375245,0x06da0fd433c1a5d7a4faa01111c044910a184553
2026-04-20 00:00:00.000 UTC,sushiv2_ethusdt,1k-10k,3,5565.603852489249,2.3572600030383977,0x06da0fd433c1a5d7a4faa01111c044910a184553
2026-04-20 00:00:00.000 UTC,sushiv2_usdceth,0.5k-1k,1,748.5339551730301,0.31173521174429697,0x397ff1542f962076d0bfe58ea045ffa2d347aca0
2026-04-20 00:00:00.000 UTC,uniswap_v3_0.01_ethusdc,0.5k-1k,15585,11178707.779287923,4798.970720889265,0xe0554a476a092703abdb3ef35c80e0d76d32939f
2026-04-20 00:00:00.000 UTC,uniswap_v3_0.01_ethusdc,100k+,641,226221481.91468954,95747.21503511822,0xe0554a476a092703abdb3ef35c80e0d76d32939f
2026-04-20 00:00:00.000 UTC,uniswap_v3_0.01_ethusdc,10k-100k,3607,86919768.493219,37277.37739259215,0xe0554a476a092703abdb3ef35c80e0d76d32939f
2026-04-20 00:00:00.000 UTC,uniswap_v3_0.01_ethusdc,1k-10k,41229,137049952.4412627,58841.80693932247,0xe0554a476a092703abdb3ef35c80e0d76d32939f
2026-04-20 00:00:00.000 UTC,uniswap_v3_0.01_ethusdt,0.5k-1k,7861,5719134.741782234,2457.8852720773198,0xc7bbec68d12a0d1830360f8ec58fa599ba1b0e9b
2026-04-20 00:00:00.000 UTC,uniswap_v3_0.01_ethusdt,100k+,224,63865974.33427862,27402.80449680463,0xc7bbec68d12a0d1830360f8ec58fa599ba1b0e9b
2026-04-20 00:00:00.000 UTC,uniswap_v3_0.01_ethusdt,10k-100k,1171,33797846.177503556,14531.106371437987,0xc7bbec68d12a0d1830360f8ec58fa599ba1b0e9b
2026-04-20 00:00:00.000 UTC,uniswap_v3_0.01_ethusdt,1k-10k,24930,70397810.31139652,30249.52111024428,0xc7bbec68d12a0d1830360f8ec58fa599ba1b0e9b
2026-04-20 00:00:00.000 UTC,uniswap_v3_0.05_ethusdc,0.5k-1k,3237,2315244.3925429727,992.7862387927615,0x88e6a0c2ddd26feeb64f039a2c41296fcb3f5640
2026-04-20 00:00:00.000 UTC,uniswap_v3_0.05_ethusdc,100k+,385,75083315.43619117,32240.69270171078,0x88e6a0c2ddd26feeb64f039a2c41296fcb3f5640
2026-04-20 00:00:00.000 UTC,uniswap_v3_0.05_ethusdc,10k-100k,8425,243365848.9356938,104364.65232355833,0x88e6a0c2ddd26feeb64f039a2c41296fcb3f5640
2026-04-20 00:00:00.000 UTC,uniswap_v3_0.05_ethusdc,1k-10k,9734,37996574.204738244,16325.820524189898,0x88e6a0c2ddd26feeb64f039a2c41296fcb3f5640
2026-04-20 00:00:00.000 UTC,uniswap_v3_0.05_ethusdt,0.5k-1k,864,626079.3340528401,268.5832826164802,0x11b815efb8f581194ae79006d24e0d814b7697f6
2026-04-20 00:00:00.000 UTC,uniswap_v3_0.05_ethusdt,100k+,5,638583.0790955639,276.22852717385723,0x11b815efb8f581194ae79006d24e0d814b7697f6
2026-04-20 00:00:00.000 UTC,uniswap_v3_0.05_ethusdt,10k-100k,1965,36983077.98485176,15906.119905977252,0x11b815efb8f581194ae79006d24e0d814b7697f6
2026-04-20 00:00:00.000 UTC,uniswap_v3_0.05_ethusdt,1k-10k,7982,34969060.61845673,15019.41992358542,0x11b815efb8f581194ae79006d24e0d814b7697f6
2026-04-20 00:00:00.000 UTC,uniswap_v3_0.3_ethusdc,0.5k-1k,98,70868.46123891269,30.428903633593876,0x8ad599c3a0ff1de082011efddc58f1908eb6e6d8
2026-04-20 00:00:00.000 UTC,uniswap_v3_0.3_ethusdc,100k+,12,1505910.060979926,647.6054034642212,0x8ad599c3a0ff1de082011efddc58f1908eb6e6d8
2026-04-20 00:00:00.000 UTC,uniswap_v3_0.3_ethusdc,10k-100k,669,16102094.119059186,6918.421919494896,0x8ad599c3a0ff1de082011efddc58f1908eb6e6d8
2026-04-20 00:00:00.000 UTC,uniswap_v3_0.3_ethusdc,1k-10k,767,3242858.8664235733,1395.795023929769,0x8ad599c3a0ff1de082011efddc58f1908eb6e6d8
2026-04-20 00:00:00.000 UTC,uniswap_v3_0.3_ethusdt,0.5k-1k,348,260355.88576926157,112.0387133129626,0x4e68ccd3e89f51c3074ca5072bbac773960dfa36
2026-04-20 00:00:00.000 UTC,uniswap_v3_0.3_ethusdt,100k+,284,58567103.646891944,25267.836534313778,0x4e68ccd3e89f51c3074ca5072bbac773960dfa36
2026-04-20 00:00:00.000 UTC,uniswap_v3_0.3_ethusdt,10k-100k,1057,43867863.844826855,18847.150168760832,0x4e68ccd3e89f51c3074ca5072bbac773960dfa36
2026-04-20 00:00:00.000 UTC,uniswap_v3_0.3_ethusdt,1k-10k,599,2455194.7301900405,1059.9030285573924,0x4e68ccd3e89f51c3074ca5072bbac773960dfa36
2026-04-20 00:00:00.000 UTC,uniswap_v3_1.0_ethusdc,0.5k-1k,29,21189.051933890452,9.057213546495081,0x7bea39867e4169dbe237d55c8242a8f2fcdcc387
2026-04-20 00:00:00.000 UTC,uniswap_v3_1.0_ethusdc,1k-10k,10,13860.847628660777,5.929176011049462,0x7bea39867e4169dbe237d55c8242a8f2fcdcc387
2026-04-27 00:00:00.000 UTC,curve_usdcwbtcweth,0.5k-1k,690,541779.2852250127,182.35180825798247,0x7f86bf177dd4f3494b841a37e810a34dd56c829b
2026-04-27 00:00:00.000 UTC,curve_usdcwbtcweth,10k-100k,72,1052961.4417951067,304.0573496379482,0x7f86bf177dd4f3494b841a37e810a34dd56c829b
2026-04-27 00:00:00.000 UTC,curve_usdcwbtcweth,1k-10k,2383,5826445.0316908695,1796.950051721438,0x7f86bf177dd4f3494b841a37e810a34dd56c829b
2026-04-27 00:00:00.000 UTC,curve_usdt,0.5k-1k,23,18365.036297528386,3.770184018704189,0xf5f5b97624542d72a9e06f04804bf81baa15e2b4
2026-04-27 00:00:00.000 UTC,curve_usdt,10k-100k,16,250199.17333821225,93.40158027324296,0xf5f5b97624542d72a9e06f04804bf81baa15e2b4
2026-04-27 00:00:00.000 UTC,curve_usdt,1k-10k,326,1037100.2869806495,315.28672665014255,0xf5f5b97624542d72a9e06f04804bf81baa15e2b4
2026-04-27 00:00:00.000 UTC,curve_usdtwbtcweth,0.5k-1k,369,291886.2725481527,95.0692370526321,0xd51a44d3fae010294c616388b506acda1bfaae46
2026-04-27 00:00:00.000 UTC,curve_usdtwbtcweth,10k-100k,44,637674.2447620805,214.32284378276142,0xd51a44d3fae010294c616388b506acda1bfaae46
2026-04-27 00:00:00.000 UTC,curve_usdtwbtcweth,1k-10k,1572,3901559.9989182837,1302.2700599142916,0xd51a44d3fae010294c616388b506acda1bfaae46
2026-04-27 00:00:00.000 UTC,sushiv2_ethusdt,0.5k-1k,14,9250.808208097884,4.066514211539364,0x06da0fd433c1a5d7a4faa01111c044910a184553
2026-04-27 00:00:00.000 UTC,sushiv2_ethusdt,1k-10k,1,1129.04167010954,0.5013484214072954,0x06da0fd433c1a5d7a4faa01111c044910a184553
2026-04-27 00:00:00.000 UTC,sushiv2_usdceth,0.5k-1k,1,641.479299475782,0.2845653386338108,0x397ff1542f962076d0bfe58ea045ffa2d347aca0
2026-04-27 00:00:00.000 UTC,uniswap_v3_0.01_ethusdc,0.5k-1k,11189,8014031.32534678,3488.9102704409447,0xe0554a476a092703abdb3ef35c80e0d76d32939f
2026-04-27 00:00:00.000 UTC,uniswap_v3_0.01_ethusdc,100k+,416,142300595.55569613,61770.27170493996,0xe0554a476a092703abdb3ef35c80e0d76d32939f
2026-04-27 00:00:00.000 UTC,uniswap_v3_0.01_ethusdc,10k-100k,6648,122057192.82757878,53245.126047611055,0xe0554a476a092703abdb3ef35c80e0d76d32939f
2026-04-27 00:00:00.000 UTC,uniswap_v3_0.01_ethusdc,1k-10k,32776,124390772.13167949,54184.70121157868,0xe0554a476a092703abdb3ef35c80e0d76d32939f
2026-04-27 00:00:00.000 UTC,uniswap_v3_0.01_ethusdt,0.5k-1k,6441,4692176.553323559,2041.450060461055,0xc7bbec68d12a0d1830360f8ec58fa599ba1b0e9b
2026-04-27 00:00:00.000 UTC,uniswap_v3_0.01_ethusdt,100k+,145,31024956.407555096,13545.07114982134,0xc7bbec68d12a0d1830360f8ec58fa599ba1b0e9b
2026-04-27 00:00:00.000 UTC,uniswap_v3_0.01_ethusdt,10k-100k,626,18257968.80200037,7945.199662031539,0xc7bbec68d12a0d1830360f8ec58fa599ba1b0e9b
2026-04-27 00:00:00.000 UTC,uniswap_v3_0.01_ethusdt,1k-10k,18186,45814370.820027076,19949.762775877683,0xc7bbec68d12a0d1830360f8ec58fa599ba1b0e9b
2026-04-27 00:00:00.000 UTC,uniswap_v3_0.05_ethusdc,0.5k-1k,1793,1296633.80578152,564.7248065722617,0x88e6a0c2ddd26feeb64f039a2c41296fcb3f5640
2026-04-27 00:00:00.000 UTC,uniswap_v3_0.05_ethusdc,100k+,271,46390743.0608828,20257.682529961898,0x88e6a0c2ddd26feeb64f039a2c41296fcb3f5640
2026-04-27 00:00:00.000 UTC,uniswap_v3_0.05_ethusdc,10k-100k,6047,169630656.04957637,73975.91616967593,0x88e6a0c2ddd26feeb64f039a2c41296fcb3f5640
2026-04-27 00:00:00.000 UTC,uniswap_v3_0.05_ethusdc,1k-10k,5897,24990560.55089019,10880.509563501717,0x88e6a0c2ddd26feeb64f039a2c41296fcb3f5640
2026-04-27 00:00:00.000 UTC,uniswap_v3_0.05_ethusdt,0.5k-1k,841,609089.5302119281,264.78934394616715,0x11b815efb8f581194ae79006d24e0d814b7697f6
2026-04-27 00:00:00.000 UTC,uniswap_v3_0.05_ethusdt,100k+,14,2096979.8015074236,921.958095376473,0x11b815efb8f581194ae79006d24e0d814b7697f6
2026-04-27 00:00:00.000 UTC,uniswap_v3_0.05_ethusdt,10k-100k,2423,45928519.01395613,20090.753269969155,0x11b815efb8f581194ae79006d24e0d814b7697f6
2026-04-27 00:00:00.000 UTC,uniswap_v3_0.05_ethusdt,1k-10k,6619,30837692.016867053,13429.894131391029,0x11b815efb8f581194ae79006d24e0d814b7697f6
2026-04-27 00:00:00.000 UTC,uniswap_v3_0.3_ethusdc,0.5k-1k,108,80167.73224131826,34.86779497662707,0x8ad599c3a0ff1de082011efddc58f1908eb6e6d8
2026-04-27 00:00:00.000 UTC,uniswap_v3_0.3_ethusdc,100k+,12,1506211.5313084747,655.4083466597674,0x8ad599c3a0ff1de082011efddc58f1908eb6e6d8
2026-04-27 00:00:00.000 UTC,uniswap_v3_0.3_ethusdc,10k-100k,589,15297054.094754482,6667.858165944158,0x8ad599c3a0ff1de082011efddc58f1908eb6e6d8
2026-04-27 00:00:00.000 UTC,uniswap_v3_0.3_ethusdc,1k-10k,560,2802660.676609374,1220.8863320774394,0x8ad599c3a0ff1de082011efddc58f1908eb6e6d8
2026-04-27 00:00:00.000 UTC,uniswap_v3_0.3_ethusdt,0.5k-1k,418,335199.90226759756,146.75415776222766,0x4e68ccd3e89f51c3074ca5072bbac773960dfa36
2026-04-27 00:00:00.000 UTC,uniswap_v3_0.3_ethusdt,100k+,250,56854225.20750312,24828.52945650376,0x4e68ccd3e89f51c3074ca5072bbac773960dfa36
2026-04-27 00:00:00.000 UTC,uniswap_v3_0.3_ethusdt,10k-100k,908,38498609.04273484,16775.375930114613,0x4e68ccd3e89f51c3074ca5072bbac773960dfa36
2026-04-27 00:00:00.000 UTC,uniswap_v3_0.3_ethusdt,1k-10k,621,2040185.3973862696,889.8928867921305,0x4e68ccd3e89f51c3074ca5072bbac773960dfa36
2026-04-27 00:00:00.000 UTC,uniswap_v3_1.0_ethusdc,0.5k-1k,45,32359.2383327106,14.092069751630957,0x7bea39867e4169dbe237d55c8242a8f2fcdcc387
2026-04-27 00:00:00.000 UTC,uniswap_v3_1.0_ethusdc,1k-10k,9,13076.92356886157,5.681161333350079,0x7bea39867e4169dbe237d55c8242a8f2fcdcc387
2026-05-04 00:00:00.000 UTC,curve_usdcwbtcweth,0.5k-1k,1417,1085682.6992046228,330.7445269355957,0x7f86bf177dd4f3494b841a37e810a34dd56c829b
2026-05-04 00:00:00.000 UTC,curve_usdcwbtcweth,10k-100k,41,564400.2664438467,188.99817378083708,0x7f86bf177dd4f3494b841a37e810a34dd56c829b
2026-05-04 00:00:00.000 UTC,curve_usdcwbtcweth,1k-10k,2708,6031417.032052703,1776.4976324806335,0x7f86bf177dd4f3494b841a37e810a34dd56c829b
2026-05-04 00:00:00.000 UTC,curve_usdt,0.5k-1k,156,122888.71259543311,38.80597152997088,0xf5f5b97624542d72a9e06f04804bf81baa15e2b4
2026-05-04 00:00:00.000 UTC,curve_usdt,10k-100k,122,2200396.0598613666,723.0025801601641,0xf5f5b97624542d72a9e06f04804bf81baa15e2b4
2026-05-04 00:00:00.000 UTC,curve_usdt,1k-10k,1080,3501119.426386944,993.8717943300115,0xf5f5b97624542d72a9e06f04804bf81baa15e2b4
2026-05-04 00:00:00.000 UTC,curve_usdtwbtcweth,0.5k-1k,788,617394.6389269364,201.38039736155181,0xd51a44d3fae010294c616388b506acda1bfaae46
2026-05-04 00:00:00.000 UTC,curve_usdtwbtcweth,10k-100k,105,1438581.023357196,497.767192982903,0xd51a44d3fae010294c616388b506acda1bfaae46
2026-05-04 00:00:00.000 UTC,curve_usdtwbtcweth,1k-10k,3189,7954792.989032203,2454.744587813521,0xd51a44d3fae010294c616388b506acda1bfaae46
2026-05-04 00:00:00.000 UTC,sushiv2_ethusdt,0.5k-1k,14,8529.803982210122,3.6626682221667153,0x06da0fd433c1a5d7a4faa01111c044910a184553
2026-05-04 00:00:00.000 UTC,sushiv2_ethusdt,1k-10k,1,1001.73818842405,0.42510814196621227,0x06da0fd433c1a5d7a4faa01111c044910a184553
2026-05-04 00:00:00.000 UTC,sushiv2_usdceth,0.5k-1k,3,2401.9431135812147,1.0417952284281924,0x397ff1542f962076d0bfe58ea045ffa2d347aca0
2026-05-04 00:00:00.000 UTC,uniswap_v3_0.01_ethusdc,0.5k-1k,12954,9311573.984236421,3985.246845230044,0xe0554a476a092703abdb3ef35c80e0d76d32939f
2026-05-04 00:00:00.000 UTC,uniswap_v3_0.01_ethusdc,100k+,355,128785505.53209026,54518.46508826304,0xe0554a476a092703abdb3ef35c80e0d76d32939f
2026-05-04 00:00:00.000 UTC,uniswap_v3_0.01_ethusdc,10k-100k,8670,163881666.8569685,70111.11976779815,0xe0554a476a092703abdb3ef35c80e0d76d32939f
2026-05-04 00:00:00.000 UTC,uniswap_v3_0.01_ethusdc,1k-10k,39088,149122884.5758065,63698.996488328696,0xe0554a476a092703abdb3ef35c80e0d76d32939f
2026-05-04 00:00:00.000 UTC,uniswap_v3_0.01_ethusdt,0.5k-1k,9819,7111989.598402502,3040.9173487674857,0xc7bbec68d12a0d1830360f8ec58fa599ba1b0e9b
2026-05-04 00:00:00.000 UTC,uniswap_v3_0.01_ethusdt,100k+,223,62266095.6510628,26569.07703288337,0xc7bbec68d12a0d1830360f8ec58fa599ba1b0e9b
2026-05-04 00:00:00.000 UTC,uniswap_v3_0.01_ethusdt,10k-100k,1793,43039959.7508014,18402.89979358277,0xc7bbec68d12a0d1830360f8ec58fa599ba1b0e9b
2026-05-04 00:00:00.000 UTC,uniswap_v3_0.01_ethusdt,1k-10k,31087,93344806.93415894,39907.33643722203,0xc7bbec68d12a0d1830360f8ec58fa599ba1b0e9b
2026-05-04 00:00:00.000 UTC,uniswap_v3_0.05_ethusdc,0.5k-1k,2908,2091969.9844411456,897.5141764087592,0x88e6a0c2ddd26feeb64f039a2c41296fcb3f5640
2026-05-04 00:00:00.000 UTC,uniswap_v3_0.05_ethusdc,100k+,382,62902195.26843488,26844.478039123405,0x88e6a0c2ddd26feeb64f039a2c41296fcb3f5640
2026-05-04 00:00:00.000 UTC,uniswap_v3_0.05_ethusdc,10k-100k,7022,203397374.2665178,86782.23812755093,0x88e6a0c2ddd26feeb64f039a2c41296fcb3f5640
2026-05-04 00:00:00.000 UTC,uniswap_v3_0.05_ethusdc,1k-10k,8162,32142386.864812262,13745.145475506042,0x88e6a0c2ddd26feeb64f039a2c41296fcb3f5640
2026-05-04 00:00:00.000 UTC,uniswap_v3_0.05_ethusdt,0.5k-1k,1644,1248495.352110427,533.763999797215,0x11b815efb8f581194ae79006d24e0d814b7697f6
2026-05-04 00:00:00.000 UTC,uniswap_v3_0.05_ethusdt,100k+,17,2562132.45016532,1094.3559340648549,0x11b815efb8f581194ae79006d24e0d814b7697f6
2026-05-04 00:00:00.000 UTC,uniswap_v3_0.05_ethusdt,10k-100k,2376,45708594.20712373,19530.213727347837,0x11b815efb8f581194ae79006d24e0d814b7697f6
2026-05-04 00:00:00.000 UTC,uniswap_v3_0.05_ethusdt,1k-10k,8884,38220786.383337155,16331.728328549063,0x11b815efb8f581194ae79006d24e0d814b7697f6
2026-05-04 00:00:00.000 UTC,uniswap_v3_0.3_ethusdc,0.5k-1k,106,83082.06257159606,35.84883060623222,0x8ad599c3a0ff1de082011efddc58f1908eb6e6d8
2026-05-04 00:00:00.000 UTC,uniswap_v3_0.3_ethusdc,100k+,11,1526531.7723268033,650.86746729428,0x8ad599c3a0ff1de082011efddc58f1908eb6e6d8
2026-05-04 00:00:00.000 UTC,uniswap_v3_0.3_ethusdc,10k-100k,607,15640069.335312778,6677.0592170626305,0x8ad599c3a0ff1de082011efddc58f1908eb6e6d8
2026-05-04 00:00:00.000 UTC,uniswap_v3_0.3_ethusdc,1k-10k,724,3484623.0222709663,1488.008818647305,0x8ad599c3a0ff1de082011efddc58f1908eb6e6d8
2026-05-04 00:00:00.000 UTC,uniswap_v3_0.3_ethusdt,0.5k-1k,622,448380.6119583411,192.44306468503518,0x4e68ccd3e89f51c3074ca5072bbac773960dfa36
2026-05-04 00:00:00.000 UTC,uniswap_v3_0.3_ethusdt,100k+,333,73625975.32980566,31460.102845727102,0x4e68ccd3e89f51c3074ca5072bbac773960dfa36
2026-05-04 00:00:00.000 UTC,uniswap_v3_0.3_ethusdt,10k-100k,959,39314951.76192655,16798.543537782127,0x4e68ccd3e89f51c3074ca5072bbac773960dfa36
2026-05-04 00:00:00.000 UTC,uniswap_v3_0.3_ethusdt,1k-10k,1444,4520695.651366274,1941.74961898139,0x4e68ccd3e89f51c3074ca5072bbac773960dfa36
2026-05-04 00:00:00.000 UTC,uniswap_v3_1.0_ethusdc,0.5k-1k,35,23773.23933468374,10.15838156858375,0x7bea39867e4169dbe237d55c8242a8f2fcdcc387
2026-05-04 00:00:00.000 UTC,uniswap_v3_1.0_ethusdc,1k-10k,7,8464.395681782811,3.6210703672620412,0x7bea39867e4169dbe237d55c8242a8f2fcdcc387
2026-05-11 00:00:00.000 UTC,curve_usdcwbtcweth,0.5k-1k,1236,908754.2286823859,283.1267145902747,0x7f86bf177dd4f3494b841a37e810a34dd56c829b
2026-05-11 00:00:00.000 UTC,curve_usdcwbtcweth,10k-100k,15,203062.39666133586,80.2846105445793,0x7f86bf177dd4f3494b841a37e810a34dd56c829b
2026-05-11 00:00:00.000 UTC,curve_usdcwbtcweth,1k-10k,1457,2843445.2297719847,848.5526606363303,0x7f86bf177dd4f3494b841a37e810a34dd56c829b
2026-05-11 00:00:00.000 UTC,curve_usdt,0.5k-1k,106,83126.75153049838,24.031310934714103,0xf5f5b97624542d72a9e06f04804bf81baa15e2b4
2026-05-11 00:00:00.000 UTC,curve_usdt,10k-100k,50,904278.5320387544,283.56100858454914,0xf5f5b97624542d72a9e06f04804bf81baa15e2b4
2026-05-11 00:00:00.000 UTC,curve_usdt,1k-10k,575,1743562.4015186618,516.1007504507305,0xf5f5b97624542d72a9e06f04804bf81baa15e2b4
2026-05-11 00:00:00.000 UTC,curve_usdtwbtcweth,0.5k-1k,811,637569.9958129119,229.08084861278064,0xd51a44d3fae010294c616388b506acda1bfaae46
2026-05-11 00:00:00.000 UTC,curve_usdtwbtcweth,10k-100k,24,390915.90634263324,112.88197865381242,0xd51a44d3fae010294c616388b506acda1bfaae46
2026-05-11 00:00:00.000 UTC,curve_usdtwbtcweth,1k-10k,1979,4235087.791448432,1288.4599159008703,0xd51a44d3fae010294c616388b506acda1bfaae46
2026-05-11 00:00:00.000 UTC,sushiv2_ethusdt,0.5k-1k,7,4417.360213221964,1.9632933793919285,0x06da0fd433c1a5d7a4faa01111c044910a184553
2026-05-11 00:00:00.000 UTC,sushiv2_ethusdt,1k-10k,5,8246.204964098433,3.831640518672079,0x06da0fd433c1a5d7a4faa01111c044910a184553
2026-05-11 00:00:00.000 UTC,sushiv2_usdceth,0.5k-1k,4,2248.6722986697237,1.0159952093671405,0x397ff1542f962076d0bfe58ea045ffa2d347aca0
2026-05-11 00:00:00.000 UTC,sushiv2_usdceth,1k-10k,1,1302.394381433082,0.6152064094905284,0x397ff1542f962076d0bfe58ea045ffa2d347aca0
2026-05-11 00:00:00.000 UTC,uniswap_v3_0.01_ethusdc,0.5k-1k,9206,6727974.764270011,2969.727340115283,0xe0554a476a092703abdb3ef35c80e0d76d32939f
2026-05-11 00:00:00.000 UTC,uniswap_v3_0.01_ethusdc,100k+,266,100501303.85913365,44220.4166356811,0xe0554a476a092703abdb3ef35c80e0d76d32939f
2026-05-11 00:00:00.000 UTC,uniswap_v3_0.01_ethusdc,10k-100k,5635,103256379.7735939,45391.2773866769,0xe0554a476a092703abdb3ef35c80e0d76d32939f
2026-05-11 00:00:00.000 UTC,uniswap_v3_0.01_ethusdc,1k-10k,31877,119110670.53325044,52617.945747872946,0xe0554a476a092703abdb3ef35c80e0d76d32939f
2026-05-11 00:00:00.000 UTC,uniswap_v3_0.01_ethusdt,0.5k-1k,7312,5405206.949839613,2393.6888748376023,0xc7bbec68d12a0d1830360f8ec58fa599ba1b0e9b
2026-05-11 00:00:00.000 UTC,uniswap_v3_0.01_ethusdt,100k+,167,52296177.65084221,22981.608996866995,0xc7bbec68d12a0d1830360f8ec58fa599ba1b0e9b
2026-05-11 00:00:00.000 UTC,uniswap_v3_0.01_ethusdt,10k-100k,2887,55701553.33796144,24269.10157897429,0xc7bbec68d12a0d1830360f8ec58fa599ba1b0e9b
2026-05-11 00:00:00.000 UTC,uniswap_v3_0.01_ethusdt,1k-10k,24500,80388312.41866276,35337.94103884815,0xc7bbec68d12a0d1830360f8ec58fa599ba1b0e9b
2026-05-11 00:00:00.000 UTC,uniswap_v3_0.05_ethusdc,0.5k-1k,1617,1170128.1163770694,515.8008305796626,0x88e6a0c2ddd26feeb64f039a2c41296fcb3f5640
2026-05-11 00:00:00.000 UTC,uniswap_v3_0.05_ethusdc,100k+,563,122211562.35199477,55429.32355317471,0x88e6a0c2ddd26feeb64f039a2c41296fcb3f5640
2026-05-11 00:00:00.000 UTC,uniswap_v3_0.05_ethusdc,10k-100k,6664,209492211.07999396,93043.24153519912,0x88e6a0c2ddd26feeb64f039a2c41296fcb3f5640
2026-05-11 00:00:00.000 UTC,uniswap_v3_0.05_ethusdc,1k-10k,6144,25419210.877009004,11216.143277506128,0x88e6a0c2ddd26feeb64f039a2c41296fcb3f5640
2026-05-11 00:00:00.000 UTC,uniswap_v3_0.05_ethusdt,0.5k-1k,715,525020.6568784573,232.24258006876883,0x11b815efb8f581194ae79006d24e0d814b7697f6
2026-05-11 00:00:00.000 UTC,uniswap_v3_0.05_ethusdt,100k+,16,3080241.803984702,1386.3182511313971,0x11b815efb8f581194ae79006d24e0d814b7697f6
2026-05-11 00:00:00.000 UTC,uniswap_v3_0.05_ethusdt,10k-100k,2515,46907160.654970534,20724.925493091163,0x11b815efb8f581194ae79006d24e0d814b7697f6
2026-05-11 00:00:00.000 UTC,uniswap_v3_0.05_ethusdt,1k-10k,6806,31191802.21730963,13810.794668589819,0x11b815efb8f581194ae79006d24e0d814b7697f6
2026-05-11 00:00:00.000 UTC,uniswap_v3_0.3_ethusdc,0.5k-1k,76,62556.59843490356,27.520677467415094,0x8ad599c3a0ff1de082011efddc58f1908eb6e6d8
2026-05-11 00:00:00.000 UTC,uniswap_v3_0.3_ethusdc,100k+,13,2137541.0807864494,968.6975152636131,0x8ad599c3a0ff1de082011efddc58f1908eb6e6d8
2026-05-11 00:00:00.000 UTC,uniswap_v3_0.3_ethusdc,10k-100k,548,12858490.421284636,5670.146568453705,0x8ad599c3a0ff1de082011efddc58f1908eb6e6d8
2026-05-11 00:00:00.000 UTC,uniswap_v3_0.3_ethusdc,1k-10k,602,3066957.2843064354,1351.126898584118,0x8ad599c3a0ff1de082011efddc58f1908eb6e6d8
2026-05-11 00:00:00.000 UTC,uniswap_v3_0.3_ethusdt,0.5k-1k,250,189969.9500480734,84.03648806422237,0x4e68ccd3e89f51c3074ca5072bbac773960dfa36
2026-05-11 00:00:00.000 UTC,uniswap_v3_0.3_ethusdt,100k+,351,76045558.28244285,33758.36277406553,0x4e68ccd3e89f51c3074ca5072bbac773960dfa36
2026-05-11 00:00:00.000 UTC,uniswap_v3_0.3_ethusdt,10k-100k,895,38190314.917596325,16833.515146518264,0x4e68ccd3e89f51c3074ca5072bbac773960dfa36
2026-05-11 00:00:00.000 UTC,uniswap_v3_0.3_ethusdt,1k-10k,538,1926572.5075337118,856.0406400688597,0x4e68ccd3e89f51c3074ca5072bbac773960dfa36
2026-05-11 00:00:00.000 UTC,uniswap_v3_1.0_ethusdc,0.5k-1k,24,16086.34443816319,7.098968092131435,0x7bea39867e4169dbe237d55c8242a8f2fcdcc387
2026-05-11 00:00:00.000 UTC,uniswap_v3_1.0_ethusdc,1k-10k,9,19000.314582960775,8.685451203010947,0x7bea39867e4169dbe237d55c8242a8f2fcdcc387
2026-05-18 00:00:00.000 UTC,curve_usdcwbtcweth,0.5k-1k,2663,1952165.8848179432,652.2287663142608,0x7f86bf177dd4f3494b841a37e810a34dd56c829b
2026-05-18 00:00:00.000 UTC,curve_usdcwbtcweth,10k-100k,48,674433.4473412042,234.98269028777688,0x7f86bf177dd4f3494b841a37e810a34dd56c829b
2026-05-18 00:00:00.000 UTC,curve_usdcwbtcweth,1k-10k,3638,8206832.844234346,2609.585685540164,0x7f86bf177dd4f3494b841a37e810a34dd56c829b
2026-05-18 00:00:00.000 UTC,curve_usdt,0.5k-1k,185,143653.7368845828,51.00438631921556,0xf5f5b97624542d72a9e06f04804bf81baa15e2b4
2026-05-18 00:00:00.000 UTC,curve_usdt,10k-100k,50,825379.7155592818,281.29820168336755,0xf5f5b97624542d72a9e06f04804bf81baa15e2b4
2026-05-18 00:00:00.000 UTC,curve_usdt,1k-10k,611,1674173.8763606558,660.13351786039,0xf5f5b97624542d72a9e06f04804bf81baa15e2b4
2026-05-18 00:00:00.000 UTC,curve_usdtwbtcweth,0.5k-1k,1524,1176686.5790326209,444.6335702319396,0xd51a44d3fae010294c616388b506acda1bfaae46
2026-05-18 00:00:00.000 UTC,curve_usdtwbtcweth,10k-100k,126,1917373.202060262,725.1066150060332,0xd51a44d3fae010294c616388b506acda1bfaae46
2026-05-18 00:00:00.000 UTC,curve_usdtwbtcweth,1k-10k,4320,10899239.68625487,3803.6543070509556,0xd51a44d3fae010294c616388b506acda1bfaae46
2026-05-18 00:00:00.000 UTC,sushiv2_ethusdt,0.5k-1k,17,10884.882876720238,5.202961817099776,0x06da0fd433c1a5d7a4faa01111c044910a184553
2026-05-18 00:00:00.000 UTC,sushiv2_ethusdt,1k-10k,4,9001.887859829592,4.247143659117295,0x06da0fd433c1a5d7a4faa01111c044910a184553
2026-05-18 00:00:00.000 UTC,sushiv2_usdceth,0.5k-1k,2,1119.2821494535904,0.5382421035534644,0x397ff1542f962076d0bfe58ea045ffa2d347aca0
2026-05-18 00:00:00.000 UTC,uniswap_v3_0.01_ethusdc,0.5k-1k,10685,7914936.363151634,3752.730623934781,0xe0554a476a092703abdb3ef35c80e0d76d32939f
2026-05-18 00:00:00.000 UTC,uniswap_v3_0.01_ethusdc,100k+,171,52641110.460161515,25121.777779510714,0xe0554a476a092703abdb3ef35c80e0d76d32939f
2026-05-18 00:00:00.000 UTC,uniswap_v3_0.01_ethusdc,10k-100k,1749,35538402.03529935,16849.726501099893,0xe0554a476a092703abdb3ef35c80e0d76d32939f
2026-05-18 00:00:00.000 UTC,uniswap_v3_0.01_ethusdc,1k-10k,36267,110770372.04951744,52469.2898853939,0xe0554a476a092703abdb3ef35c80e0d76d32939f
2026-05-18 00:00:00.000 UTC,uniswap_v3_0.01_ethusdt,0.5k-1k,10083,7517471.420375564,3564.338408822834,0xc7bbec68d12a0d1830360f8ec58fa599ba1b0e9b
2026-05-18 00:00:00.000 UTC,uniswap_v3_0.01_ethusdt,100k+,138,41109064.47213185,19369.94254844617,0xc7bbec68d12a0d1830360f8ec58fa599ba1b0e9b
2026-05-18 00:00:00.000 UTC,uniswap_v3_0.01_ethusdt,10k-100k,2034,42131898.97599857,19975.304502423525,0xc7bbec68d12a0d1830360f8ec58fa599ba1b0e9b
2026-05-18 00:00:00.000 UTC,uniswap_v3_0.01_ethusdt,1k-10k,32914,93831651.28716452,44457.32162939728,0xc7bbec68d12a0d1830360f8ec58fa599ba1b0e9b
2026-05-18 00:00:00.000 UTC,uniswap_v3_0.05_ethusdc,0.5k-1k,1491,1094046.5916379245,518.6849285063616,0x88e6a0c2ddd26feeb64f039a2c41296fcb3f5640
2026-05-18 00:00:00.000 UTC,uniswap_v3_0.05_ethusdc,100k+,2292,481840047.3401748,228888.11088986887,0x88e6a0c2ddd26feeb64f039a2c41296fcb3f5640
2026-05-18 00:00:00.000 UTC,uniswap_v3_0.05_ethusdc,10k-100k,8290,340694568.8273773,161418.67036695348,0x88e6a0c2ddd26feeb64f039a2c41296fcb3f5640
2026-05-18 00:00:00.000 UTC,uniswap_v3_0.05_ethusdc,1k-10k,5994,23042862.12015823,10929.598829960787,0x88e6a0c2ddd26feeb64f039a2c41296fcb3f5640
2026-05-18 00:00:00.000 UTC,uniswap_v3_0.05_ethusdt,0.5k-1k,1123,815098.3838901223,387.13597630630665,0x11b815efb8f581194ae79006d24e0d814b7697f6
2026-05-18 00:00:00.000 UTC,uniswap_v3_0.05_ethusdt,100k+,41,7100814.55205577,3412.253787288245,0x11b815efb8f581194ae79006d24e0d814b7697f6
2026-05-18 00:00:00.000 UTC,uniswap_v3_0.05_ethusdt,10k-100k,3175,56992300.15239025,27109.438317041808,0x11b815efb8f581194ae79006d24e0d814b7697f6
2026-05-18 00:00:00.000 UTC,uniswap_v3_0.05_ethusdt,1k-10k,10525,44049094.54957212,20865.179675161235,0x11b815efb8f581194ae79006d24e0d814b7697f6
2026-05-18 00:00:00.000 UTC,uniswap_v3_0.3_ethusdc,0.5k-1k,36,25470.562993519554,12.040004307841713,0x8ad599c3a0ff1de082011efddc58f1908eb6e6d8
2026-05-18 00:00:00.000 UTC,uniswap_v3_0.3_ethusdc,100k+,9,1351117.0853522967,648.2118929367405,0x8ad599c3a0ff1de082011efddc58f1908eb6e6d8
2026-05-18 00:00:00.000 UTC,uniswap_v3_0.3_ethusdc,10k-100k,431,10638868.80670144,5045.731778677395,0x8ad599c3a0ff1de082011efddc58f1908eb6e6d8
2026-05-18 00:00:00.000 UTC,uniswap_v3_0.3_ethusdc,1k-10k,685,3286390.1461680736,1556.796535418564,0x8ad599c3a0ff1de082011efddc58f1908eb6e6d8
2026-05-18 00:00:00.000 UTC,uniswap_v3_0.3_ethusdt,0.5k-1k,193,142925.49396993348,67.7955756821205,0x4e68ccd3e89f51c3074ca5072bbac773960dfa36
2026-05-18 00:00:00.000 UTC,uniswap_v3_0.3_ethusdt,100k+,346,85206600.82755028,40571.81386965547,0x4e68ccd3e89f51c3074ca5072bbac773960dfa36
2026-05-18 00:00:00.000 UTC,uniswap_v3_0.3_ethusdt,10k-100k,834,35140813.96998437,16644.523287395346,0x4e68ccd3e89f51c3074ca5072bbac773960dfa36
2026-05-18 00:00:00.000 UTC,uniswap_v3_0.3_ethusdt,1k-10k,587,2488693.8059085365,1182.1587149189725,0x4e68ccd3e89f51c3074ca5072bbac773960dfa36
2026-05-18 00:00:00.000 UTC,uniswap_v3_1.0_ethusdc,0.5k-1k,34,22820.961418769424,10.885946632112535,0x7bea39867e4169dbe237d55c8242a8f2fcdcc387
2026-05-18 00:00:00.000 UTC,uniswap_v3_1.0_ethusdc,1k-10k,17,27407.12529108178,13.183870921084756,0x7bea39867e4169dbe237d55c8242a8f2fcdcc387
2026-05-25 00:00:00.000 UTC,curve_usdcwbtcweth,0.5k-1k,2105,1551448.7796431063,585.5549445323039,0x7f86bf177dd4f3494b841a37e810a34dd56c829b
2026-05-25 00:00:00.000 UTC,curve_usdcwbtcweth,10k-100k,23,418439.6492254111,145.8175102806131,0x7f86bf177dd4f3494b841a37e810a34dd56c829b
2026-05-25 00:00:00.000 UTC,curve_usdcwbtcweth,1k-10k,3010,6470097.125185997,2266.972764427178,0x7f86bf177dd4f3494b841a37e810a34dd56c829b
2026-05-25 00:00:00.000 UTC,curve_usdt,0.5k-1k,113,86356.04053207279,28.252263375350406,0xf5f5b97624542d72a9e06f04804bf81baa15e2b4
2026-05-25 00:00:00.000 UTC,curve_usdt,10k-100k,16,262234.689941109,110.47898883001602,0xf5f5b97624542d72a9e06f04804bf81baa15e2b4
2026-05-25 00:00:00.000 UTC,curve_usdt,1k-10k,365,946590.4710427232,332.28446082376814,0xf5f5b97624542d72a9e06f04804bf81baa15e2b4
2026-05-25 00:00:00.000 UTC,curve_usdtwbtcweth,0.5k-1k,1267,967123.9535769563,384.50902236008795,0xd51a44d3fae010294c616388b506acda1bfaae46
2026-05-25 00:00:00.000 UTC,curve_usdtwbtcweth,100k+,2,211328.39111258445,104.7508009557501,0xd51a44d3fae010294c616388b506acda1bfaae46
2026-05-25 00:00:00.000 UTC,curve_usdtwbtcweth,10k-100k,61,880222.7691457709,359.0744938677869,0xd51a44d3fae010294c616388b506acda1bfaae46
2026-05-25 00:00:00.000 UTC,curve_usdtwbtcweth,1k-10k,3186,7391774.03380619,2652.504910062147,0xd51a44d3fae010294c616388b506acda1bfaae46
2026-05-25 00:00:00.000 UTC,sushiv2_ethusdt,0.5k-1k,4,2244.1780486815833,1.110162741159371,0x06da0fd433c1a5d7a4faa01111c044910a184553
2026-05-25 00:00:00.000 UTC,sushiv2_ethusdt,1k-10k,4,10374.769591246062,4.987584761070781,0x06da0fd433c1a5d7a4faa01111c044910a184553
2026-05-25 00:00:00.000 UTC,sushiv2_usdceth,0.5k-1k,2,1255.019403167632,0.6232259157280533,0x397ff1542f962076d0bfe58ea045ffa2d347aca0
2026-05-25 00:00:00.000 UTC,uniswap_v3_0.01_ethusdc,0.5k-1k,11876,8714844.31841752,4256.06945027197,0xe0554a476a092703abdb3ef35c80e0d76d32939f
2026-05-25 00:00:00.000 UTC,uniswap_v3_0.01_ethusdc,100k+,158,54542753.06291811,26554.9518872764,0xe0554a476a092703abdb3ef35c80e0d76d32939f
2026-05-25 00:00:00.000 UTC,uniswap_v3_0.01_ethusdc,10k-100k,1706,31371460.20191648,15331.969229394208,0xe0554a476a092703abdb3ef35c80e0d76d32939f
2026-05-25 00:00:00.000 UTC,uniswap_v3_0.01_ethusdc,1k-10k,41491,128103543.15502045,62631.981320626226,0xe0554a476a092703abdb3ef35c80e0d76d32939f
2026-05-25 00:00:00.000 UTC,uniswap_v3_0.01_ethusdt,0.5k-1k,10410,7780134.986218754,3796.9071615991306,0xc7bbec68d12a0d1830360f8ec58fa599ba1b0e9b
2026-05-25 00:00:00.000 UTC,uniswap_v3_0.01_ethusdt,100k+,99,34609712.16042718,17012.923366430885,0xc7bbec68d12a0d1830360f8ec58fa599ba1b0e9b
2026-05-25 00:00:00.000 UTC,uniswap_v3_0.01_ethusdt,10k-100k,856,21058176.62297754,10362.497124377924,0xc7bbec68d12a0d1830360f8ec58fa599ba1b0e9b
2026-05-25 00:00:00.000 UTC,uniswap_v3_0.01_ethusdt,1k-10k,34315,95484513.12535326,46750.1410154499,0xc7bbec68d12a0d1830360f8ec58fa599ba1b0e9b
2026-05-25 00:00:00.000 UTC,uniswap_v3_0.05_ethusdc,0.5k-1k,1650,1212461.7080876478,594.135256750611,0x88e6a0c2ddd26feeb64f039a2c41296fcb3f5640
2026-05-25 00:00:00.000 UTC,uniswap_v3_0.05_ethusdc,100k+,2285,458969272.79927444,225436.97685405874,0x88e6a0c2ddd26feeb64f039a2c41296fcb3f5640
2026-05-25 00:00:00.000 UTC,uniswap_v3_0.05_ethusdc,10k-100k,8044,326892382.9397161,160146.3946428731,0x88e6a0c2ddd26feeb64f039a2c41296fcb3f5640
2026-05-25 00:00:00.000 UTC,uniswap_v3_0.05_ethusdc,1k-10k,7321,28525437.223820265,13971.518770391021,0x88e6a0c2ddd26feeb64f039a2c41296fcb3f5640
2026-05-25 00:00:00.000 UTC,uniswap_v3_0.05_ethusdt,0.5k-1k,1130,832553.0575631744,407.4253845414595,0x11b815efb8f581194ae79006d24e0d814b7697f6
2026-05-25 00:00:00.000 UTC,uniswap_v3_0.05_ethusdt,100k+,25,4155434.172461984,2060.1168731868556,0x11b815efb8f581194ae79006d24e0d814b7697f6
2026-05-25 00:00:00.000 UTC,uniswap_v3_0.05_ethusdt,10k-100k,2650,49380972.97449733,24058.163789459577,0x11b815efb8f581194ae79006d24e0d814b7697f6
2026-05-25 00:00:00.000 UTC,uniswap_v3_0.05_ethusdt,1k-10k,8684,36018370.40019481,17623.81702622151,0x11b815efb8f581194ae79006d24e0d814b7697f6
2026-05-25 00:00:00.000 UTC,uniswap_v3_0.3_ethusdc,0.5k-1k,57,44916.39786379103,21.886284659692155,0x8ad599c3a0ff1de082011efddc58f1908eb6e6d8
2026-05-25 00:00:00.000 UTC,uniswap_v3_0.3_ethusdc,100k+,3,546127.5884066379,270.08437408842775,0x8ad599c3a0ff1de082011efddc58f1908eb6e6d8
2026-05-25 00:00:00.000 UTC,uniswap_v3_0.3_ethusdc,10k-100k,358,7440639.28910548,3627.292902672471,0x8ad599c3a0ff1de082011efddc58f1908eb6e6d8
2026-05-25 00:00:00.000 UTC,uniswap_v3_0.3_ethusdc,1k-10k,826,3784900.8186970763,1855.1232624087656,0x8ad599c3a0ff1de082011efddc58f1908eb6e6d8
2026-05-25 00:00:00.000 UTC,uniswap_v3_0.3_ethusdt,0.5k-1k,129,91719.77489250439,44.94583819459137,0x4e68ccd3e89f51c3074ca5072bbac773960dfa36
2026-05-25 00:00:00.000 UTC,uniswap_v3_0.3_ethusdt,100k+,339,74407074.33870493,36398.04248072981,0x4e68ccd3e89f51c3074ca5072bbac773960dfa36
2026-05-25 00:00:00.000 UTC,uniswap_v3_0.3_ethusdt,10k-100k,922,38739110.45608114,18971.420447386226,0x4e68ccd3e89f51c3074ca5072bbac773960dfa36
2026-05-25 00:00:00.000 UTC,uniswap_v3_0.3_ethusdt,1k-10k,693,3633394.2313994863,1788.4009790183718,0x4e68ccd3e89f51c3074ca5072bbac773960dfa36
2026-05-25 00:00:00.000 UTC,uniswap_v3_1.0_ethusdc,0.5k-1k,28,18484.201516395904,8.960574231268856,0x7bea39867e4169dbe237d55c8242a8f2fcdcc387
2026-05-25 00:00:00.000 UTC,uniswap_v3_1.0_ethusdc,1k-10k,9,14631.435777786788,7.276140962778055,0x7bea39867e4169dbe237d55c8242a8f2fcdcc387
2026-06-01 00:00:00.000 UTC,curve_usdcwbtcweth,0.5k-1k,3863,2845998.16825881,1251.847259952006,0x7f86bf177dd4f3494b841a37e810a34dd56c829b
2026-06-01 00:00:00.000 UTC,curve_usdcwbtcweth,10k-100k,204,3092147.5143755553,1276.7504099139753,0x7f86bf177dd4f3494b841a37e810a34dd56c829b
2026-06-01 00:00:00.000 UTC,curve_usdcwbtcweth,1k-10k,7358,17845194.590436026,7138.458897854226,0x7f86bf177dd4f3494b841a37e810a34dd56c829b
2026-06-01 00:00:00.000 UTC,curve_usdt,0.5k-1k,65,48496.41851826718,12.88742343458592,0xf5f5b97624542d72a9e06f04804bf81baa15e2b4
2026-06-01 00:00:00.000 UTC,curve_usdt,10k-100k,9,252165.73906143013,156.90026338558636,0xf5f5b97624542d72a9e06f04804bf81baa15e2b4
2026-06-01 00:00:00.000 UTC,curve_usdt,1k-10k,247,654616.051394078,221.4103218718109,0xf5f5b97624542d72a9e06f04804bf81baa15e2b4
2026-06-01 00:00:00.000 UTC,curve_usdtwbtcweth,0.5k-1k,2505,1930220.023288375,886.6819437536419,0xd51a44d3fae010294c616388b506acda1bfaae46
2026-06-01 00:00:00.000 UTC,curve_usdtwbtcweth,10k-100k,282,4918221.558602443,2253.5631593655658,0xd51a44d3fae010294c616388b506acda1bfaae46
2026-06-01 00:00:00.000 UTC,curve_usdtwbtcweth,1k-10k,7797,20026215.99096426,8416.086926027474,0xd51a44d3fae010294c616388b506acda1bfaae46
2026-06-01 00:00:00.000 UTC,sushiv2_ethusdt,0.5k-1k,72,46532.61076649209,27.977861035772577,0x06da0fd433c1a5d7a4faa01111c044910a184553
2026-06-01 00:00:00.000 UTC,sushiv2_ethusdt,1k-10k,21,44044.71532153244,27.184391751302986,0x06da0fd433c1a5d7a4faa01111c044910a184553
2026-06-01 00:00:00.000 UTC,sushiv2_usdceth,0.5k-1k,11,6177.056601894422,3.602494756289318,0x397ff1542f962076d0bfe58ea045ffa2d347aca0
2026-06-01 00:00:00.000 UTC,uniswap_v3_0.01_ethusdc,0.5k-1k,21248,15569268.046381587,9046.325285189114,0xe0554a476a092703abdb3ef35c80e0d76d32939f
2026-06-01 00:00:00.000 UTC,uniswap_v3_0.01_ethusdc,100k+,283,95726165.31349403,52660.41949417317,0xe0554a476a092703abdb3ef35c80e0d76d32939f
2026-06-01 00:00:00.000 UTC,uniswap_v3_0.01_ethusdc,10k-100k,4487,85545844.96378833,48435.04485454658,0xe0554a476a092703abdb3ef35c80e0d76d32939f
2026-06-01 00:00:00.000 UTC,uniswap_v3_0.01_ethusdc,1k-10k,66362,212338887.53003216,119907.08995463476,0xe0554a476a092703abdb3ef35c80e0d76d32939f
2026-06-01 00:00:00.000 UTC,uniswap_v3_0.01_ethusdt,0.5k-1k,19196,14109437.91844773,8168.641270217104,0xc7bbec68d12a0d1830360f8ec58fa599ba1b0e9b
2026-06-01 00:00:00.000 UTC,uniswap_v3_0.01_ethusdt,100k+,109,25778798.381494455,14187.051446495256,0xc7bbec68d12a0d1830360f8ec58fa599ba1b0e9b
2026-06-01 00:00:00.000 UTC,uniswap_v3_0.01_ethusdt,10k-100k,1799,42162485.15098433,24206.67508827443,0xc7bbec68d12a0d1830360f8ec58fa599ba1b0e9b
2026-06-01 00:00:00.000 UTC,uniswap_v3_0.01_ethusdt,1k-10k,37348,94583979.8211839,52539.01413111754,0xc7bbec68d12a0d1830360f8ec58fa599ba1b0e9b
2026-06-01 00:00:00.000 UTC,uniswap_v3_0.05_ethusdc,0.5k-1k,3510,2579452.4009919586,1508.8337452072528,0x88e6a0c2ddd26feeb64f039a2c41296fcb3f5640
2026-06-01 00:00:00.000 UTC,uniswap_v3_0.05_ethusdc,100k+,2864,616594028.6700885,335472.73733482073,0x88e6a0c2ddd26feeb64f039a2c41296fcb3f5640
2026-06-01 00:00:00.000 UTC,uniswap_v3_0.05_ethusdc,10k-100k,17724,613260305.8124263,348826.81254438456,0x88e6a0c2ddd26feeb64f039a2c41296fcb3f5640
2026-06-01 00:00:00.000 UTC,uniswap_v3_0.05_ethusdc,1k-10k,18661,76590056.79724458,44657.66587770219,0x88e6a0c2ddd26feeb64f039a2c41296fcb3f5640
2026-06-01 00:00:00.000 UTC,uniswap_v3_0.05_ethusdt,0.5k-1k,3384,2519532.808483539,1489.4416841383643,0x11b815efb8f581194ae79006d24e0d814b7697f6
2026-06-01 00:00:00.000 UTC,uniswap_v3_0.05_ethusdt,100k+,62,13368615.82457898,7924.949307987273,0x11b815efb8f581194ae79006d24e0d814b7697f6
2026-06-01 00:00:00.000 UTC,uniswap_v3_0.05_ethusdt,10k-100k,4701,96086037.00671424,54457.03077472186,0x11b815efb8f581194ae79006d24e0d814b7697f6
2026-06-01 00:00:00.000 UTC,uniswap_v3_0.05_ethusdt,1k-10k,19006,73246014.1493006,42070.404409327006,0x11b815efb8f581194ae79006d24e0d814b7697f6
2026-06-01 00:00:00.000 UTC,uniswap_v3_0.3_ethusdc,0.5k-1k,208,169388.24075702726,101.28323402040957,0x8ad599c3a0ff1de082011efddc58f1908eb6e6d8
2026-06-01 00:00:00.000 UTC,uniswap_v3_0.3_ethusdc,100k+,29,5480804.784434127,3352.130529940485,0x8ad599c3a0ff1de082011efddc58f1908eb6e6d8
2026-06-01 00:00:00.000 UTC,uniswap_v3_0.3_ethusdc,10k-100k,967,22059525.373459235,13022.500728077408,0x8ad599c3a0ff1de082011efddc58f1908eb6e6d8
2026-06-01 00:00:00.000 UTC,uniswap_v3_0.3_ethusdc,1k-10k,2654,11465350.895048106,6634.693494340721,0x8ad599c3a0ff1de082011efddc58f1908eb6e6d8
2026-06-01 00:00:00.000 UTC,uniswap_v3_0.3_ethusdt,0.5k-1k,296,218543.29645264597,126.92895861924254,0x4e68ccd3e89f51c3074ca5072bbac773960dfa36
2026-06-01 00:00:00.000 UTC,uniswap_v3_0.3_ethusdt,100k+,736,188784386.40040135,112538.59573215322,0x4e68ccd3e89f51c3074ca5072bbac773960dfa36
2026-06-01 00:00:00.000 UTC,uniswap_v3_0.3_ethusdt,10k-100k,3232,125690298.90783088,73155.25844633795,0x4e68ccd3e89f51c3074ca5072bbac773960dfa36
2026-06-01 00:00:00.000 UTC,uniswap_v3_0.3_ethusdt,1k-10k,2016,9805287.4694276,5647.30722330323,0x4e68ccd3e89f51c3074ca5072bbac773960dfa36
2026-06-01 00:00:00.000 UTC,uniswap_v3_1.0_ethusdc,0.5k-1k,141,96925.79075141645,57.00523050964759,0x7bea39867e4169dbe237d55c8242a8f2fcdcc387
2026-06-01 00:00:00.000 UTC,uniswap_v3_1.0_ethusdc,1k-10k,58,100751.96708285177,59.979130147292125,0x7bea39867e4169dbe237d55c8242a8f2fcdcc387
2026-06-08 00:00:00.000 UTC,curve_usdcwbtcweth,0.5k-1k,3622,2620059.596833282,1214.761853395835,0x7f86bf177dd4f3494b841a37e810a34dd56c829b
2026-06-08 00:00:00.000 UTC,curve_usdcwbtcweth,10k-100k,69,910234.6765371597,391.9516226050396,0x7f86bf177dd4f3494b841a37e810a34dd56c829b
2026-06-08 00:00:00.000 UTC,curve_usdcwbtcweth,1k-10k,4787,10797815.218580836,4591.137353886428,0x7f86bf177dd4f3494b841a37e810a34dd56c829b
2026-06-08 00:00:00.000 UTC,curve_usdt,0.5k-1k,11,8458.841679101723,1.9155019382925604,0xf5f5b97624542d72a9e06f04804bf81baa15e2b4
2026-06-08 00:00:00.000 UTC,curve_usdt,10k-100k,1,10158.1323825911,0,0xf5f5b97624542d72a9e06f04804bf81baa15e2b4
2026-06-08 00:00:00.000 UTC,curve_usdt,1k-10k,33,93502.67444628938,16.254650927034962,0xf5f5b97624542d72a9e06f04804bf81baa15e2b4
2026-06-08 00:00:00.000 UTC,curve_usdtwbtcweth,0.5k-1k,2390,1817202.3070998925,873.537426137591,0xd51a44d3fae010294c616388b506acda1bfaae46
2026-06-08 00:00:00.000 UTC,curve_usdtwbtcweth,10k-100k,117,1686830.598776071,775.4139199373566,0xd51a44d3fae010294c616388b506acda1bfaae46
2026-06-08 00:00:00.000 UTC,curve_usdtwbtcweth,1k-10k,5389,12968634.899486214,5927.441695377009,0xd51a44d3fae010294c616388b506acda1bfaae46
2026-06-08 00:00:00.000 UTC,sushiv2_ethusdt,0.5k-1k,29,21409.5428721431,12.741604577494435,0x06da0fd433c1a5d7a4faa01111c044910a184553
2026-06-08 00:00:00.000 UTC,sushiv2_ethusdt,1k-10k,16,47980.38335586306,28.265689671007483,0x06da0fd433c1a5d7a4faa01111c044910a184553
2026-06-08 00:00:00.000 UTC,sushiv2_usdceth,0.5k-1k,12,10140.117748408198,6.039544379251597,0x397ff1542f962076d0bfe58ea045ffa2d347aca0
2026-06-08 00:00:00.000 UTC,sushiv2_usdceth,1k-10k,10,15734.599380004986,9.330955129679198,0x397ff1542f962076d0bfe58ea045ffa2d347aca0
2026-06-08 00:00:00.000 UTC,uniswap_v3_0.01_ethusdc,0.5k-1k,17512,12804451.719903646,7690.664613903797,0xe0554a476a092703abdb3ef35c80e0d76d32939f
2026-06-08 00:00:00.000 UTC,uniswap_v3_0.01_ethusdc,100k+,123,29322583.730326463,17512.864325760795,0xe0554a476a092703abdb3ef35c80e0d76d32939f
2026-06-08 00:00:00.000 UTC,uniswap_v3_0.01_ethusdc,10k-100k,908,24781039.779730584,14872.402733190944,0xe0554a476a092703abdb3ef35c80e0d76d32939f
2026-06-08 00:00:00.000 UTC,uniswap_v3_0.01_ethusdc,1k-10k,35102,90255511.01549794,54214.260690759744,0xe0554a476a092703abdb3ef35c80e0d76d32939f
2026-06-08 00:00:00.000 UTC,uniswap_v3_0.01_ethusdt,0.5k-1k,16223,11772823.107534328,7073.431369668976,0xc7bbec68d12a0d1830360f8ec58fa599ba1b0e9b
2026-06-08 00:00:00.000 UTC,uniswap_v3_0.01_ethusdt,100k+,82,23143556.464547567,13111.669190109737,0xc7bbec68d12a0d1830360f8ec58fa599ba1b0e9b
2026-06-08 00:00:00.000 UTC,uniswap_v3_0.01_ethusdt,10k-100k,545,14640587.726593427,8783.193286289383,0xc7bbec68d12a0d1830360f8ec58fa599ba1b0e9b
2026-06-08 00:00:00.000 UTC,uniswap_v3_0.01_ethusdt,1k-10k,18368,33888470.15650997,20335.888782661998,0xc7bbec68d12a0d1830360f8ec58fa599ba1b0e9b
2026-06-08 00:00:00.000 UTC,uniswap_v3_0.05_ethusdc,0.5k-1k,2858,2083961.4247216524,1246.9242578648254,0x88e6a0c2ddd26feeb64f039a2c41296fcb3f5640
2026-06-08 00:00:00.000 UTC,uniswap_v3_0.05_ethusdc,100k+,318,58382124.17979877,34889.854729529,0x88e6a0c2ddd26feeb64f039a2c41296fcb3f5640
2026-06-08 00:00:00.000 UTC,uniswap_v3_0.05_ethusdc,10k-100k,9133,249424499.73879355,149892.87256920975,0x88e6a0c2ddd26feeb64f039a2c41296fcb3f5640
2026-06-08 00:00:00.000 UTC,uniswap_v3_0.05_ethusdc,1k-10k,13316,49358587.2962987,29617.635936078666,0x88e6a0c2ddd26feeb64f039a2c41296fcb3f5640
2026-06-08 00:00:00.000 UTC,uniswap_v3_0.05_ethusdt,0.5k-1k,1671,1232090.5829526195,738.9882823563961,0x11b815efb8f581194ae79006d24e0d814b7697f6
2026-06-08 00:00:00.000 UTC,uniswap_v3_0.05_ethusdt,100k+,47,7220576.284581697,4308.496878735291,0x11b815efb8f581194ae79006d24e0d814b7697f6
2026-06-08 00:00:00.000 UTC,uniswap_v3_0.05_ethusdt,10k-100k,4902,99566735.19173361,59912.13104910011,0x11b815efb8f581194ae79006d24e0d814b7697f6
2026-06-08 00:00:00.000 UTC,uniswap_v3_0.05_ethusdt,1k-10k,12282,51802697.41221042,31141.64370041426,0x11b815efb8f581194ae79006d24e0d814b7697f6
2026-06-08 00:00:00.000 UTC,uniswap_v3_0.3_ethusdc,0.5k-1k,95,73477.5254164541,44.16794897513596,0x8ad599c3a0ff1de082011efddc58f1908eb6e6d8
2026-06-08 00:00:00.000 UTC,uniswap_v3_0.3_ethusdc,100k+,6,727476.2470777874,437.8984630882841,0x8ad599c3a0ff1de082011efddc58f1908eb6e6d8
2026-06-08 00:00:00.000 UTC,uniswap_v3_0.3_ethusdc,10k-100k,758,17511538.466239527,10544.770304777361,0x8ad599c3a0ff1de082011efddc58f1908eb6e6d8
2026-06-08 00:00:00.000 UTC,uniswap_v3_0.3_ethusdc,1k-10k,1248,5885713.952404908,3550.245377944975,0x8ad599c3a0ff1de082011efddc58f1908eb6e6d8
2026-06-08 00:00:00.000 UTC,uniswap_v3_0.3_ethusdt,0.5k-1k,404,348049.33399638504,206.93955201655115,0x4e68ccd3e89f51c3074ca5072bbac773960dfa36
2026-06-08 00:00:00.000 UTC,uniswap_v3_0.3_ethusdt,100k+,413,87405889.43583925,52641.63293225825,0x4e68ccd3e89f51c3074ca5072bbac773960dfa36
2026-06-08 00:00:00.000 UTC,uniswap_v3_0.3_ethusdt,10k-100k,1504,61278872.18829259,36966.94757812624,0x4e68ccd3e89f51c3074ca5072bbac773960dfa36
2026-06-08 00:00:00.000 UTC,uniswap_v3_0.3_ethusdt,1k-10k,915,3781358.0044635274,2277.270374173164,0x4e68ccd3e89f51c3074ca5072bbac773960dfa36
2026-06-08 00:00:00.000 UTC,uniswap_v3_1.0_ethusdc,0.5k-1k,34,22424.73696869471,13.53263522934773,0x7bea39867e4169dbe237d55c8242a8f2fcdcc387
2026-06-08 00:00:00.000 UTC,uniswap_v3_1.0_ethusdc,1k-10k,10,12186.192006902998,7.294997466393514,0x7bea39867e4169dbe237d55c8242a8f2fcdcc387
2026-06-15 00:00:00.000 UTC,curve_usdcwbtcweth,0.5k-1k,3254,2319430.9652495487,1041.2188970325456,0x7f86bf177dd4f3494b841a37e810a34dd56c829b
2026-06-15 00:00:00.000 UTC,curve_usdcwbtcweth,10k-100k,60,843041.1238732149,319.27479001989786,0x7f86bf177dd4f3494b841a37e810a34dd56c829b
2026-06-15 00:00:00.000 UTC,curve_usdcwbtcweth,1k-10k,3558,7811938.333078906,3395.6573101561135,0x7f86bf177dd4f3494b841a37e810a34dd56c829b
2026-06-15 00:00:00.000 UTC,curve_usdt,0.5k-1k,20,16134.38843468445,3.1027120989799553,0xf5f5b97624542d72a9e06f04804bf81baa15e2b4
2026-06-15 00:00:00.000 UTC,curve_usdt,10k-100k,9,217832.25972194184,107.33462101255857,0xf5f5b97624542d72a9e06f04804bf81baa15e2b4
2026-06-15 00:00:00.000 UTC,curve_usdt,1k-10k,152,460135.57276979747,160.89476724409644,0xf5f5b97624542d72a9e06f04804bf81baa15e2b4
2026-06-15 00:00:00.000 UTC,curve_usdtwbtcweth,0.5k-1k,1945,1463410.842575757,669.7293840023858,0xd51a44d3fae010294c616388b506acda1bfaae46
2026-06-15 00:00:00.000 UTC,curve_usdtwbtcweth,10k-100k,66,860222.5390943099,384.11512438166307,0xd51a44d3fae010294c616388b506acda1bfaae46
2026-06-15 00:00:00.000 UTC,curve_usdtwbtcweth,1k-10k,3607,8006958.264236557,3595.554000071787,0xd51a44d3fae010294c616388b506acda1bfaae46
2026-06-15 00:00:00.000 UTC,sushiv2_ethusdt,0.5k-1k,19,11224.115723017758,6.422744997073018,0x06da0fd433c1a5d7a4faa01111c044910a184553
2026-06-15 00:00:00.000 UTC,sushiv2_ethusdt,1k-10k,1,1015.547986114623,0.5720073043143423,0x06da0fd433c1a5d7a4faa01111c044910a184553
2026-06-15 00:00:00.000 UTC,sushiv2_usdceth,0.5k-1k,8,5382.5073186247055,3.117214566164188,0x397ff1542f962076d0bfe58ea045ffa2d347aca0
2026-06-15 00:00:00.000 UTC,uniswap_v3_0.01_ethusdc,0.5k-1k,16130,11831331.377765361,6785.706830008191,0xe0554a476a092703abdb3ef35c80e0d76d32939f
2026-06-15 00:00:00.000 UTC,uniswap_v3_0.01_ethusdc,100k+,163,50258148.39644361,29011.62594037221,0xe0554a476a092703abdb3ef35c80e0d76d32939f
2026-06-15 00:00:00.000 UTC,uniswap_v3_0.01_ethusdc,10k-100k,1007,25505389.255704682,14578.044776492143,0xe0554a476a092703abdb3ef35c80e0d76d32939f
2026-06-15 00:00:00.000 UTC,uniswap_v3_0.01_ethusdc,1k-10k,34920,92671979.39223854,53011.66308104452,0xe0554a476a092703abdb3ef35c80e0d76d32939f
2026-06-15 00:00:00.000 UTC,uniswap_v3_0.01_ethusdt,0.5k-1k,14544,10442183.664760945,5993.787887616726,0xc7bbec68d12a0d1830360f8ec58fa599ba1b0e9b
2026-06-15 00:00:00.000 UTC,uniswap_v3_0.01_ethusdt,100k+,100,23664046.523718327,13301.369105461303,0xc7bbec68d12a0d1830360f8ec58fa599ba1b0e9b
2026-06-15 00:00:00.000 UTC,uniswap_v3_0.01_ethusdt,10k-100k,593,15650761.913208872,9006.993270093131,0xc7bbec68d12a0d1830360f8ec58fa599ba1b0e9b
2026-06-15 00:00:00.000 UTC,uniswap_v3_0.01_ethusdt,1k-10k,13523,25162036.307107925,14414.628799098675,0xc7bbec68d12a0d1830360f8ec58fa599ba1b0e9b
2026-06-15 00:00:00.000 UTC,uniswap_v3_0.05_ethusdc,0.5k-1k,2908,2112956.7248961367,1207.5517888700329,0x88e6a0c2ddd26feeb64f039a2c41296fcb3f5640
2026-06-15 00:00:00.000 UTC,uniswap_v3_0.05_ethusdc,100k+,870,149483168.43990406,84984.35070473872,0x88e6a0c2ddd26feeb64f039a2c41296fcb3f5640
2026-06-15 00:00:00.000 UTC,uniswap_v3_0.05_ethusdc,10k-100k,9614,323517789.6064974,184808.93777853547,0x88e6a0c2ddd26feeb64f039a2c41296fcb3f5640
2026-06-15 00:00:00.000 UTC,uniswap_v3_0.05_ethusdc,1k-10k,9998,39851528.79122448,22844.884879400066,0x88e6a0c2ddd26feeb64f039a2c41296fcb3f5640
2026-06-15 00:00:00.000 UTC,uniswap_v3_0.05_ethusdt,0.5k-1k,1494,1108541.596978794,634.740154441379,0x11b815efb8f581194ae79006d24e0d814b7697f6
2026-06-15 00:00:00.000 UTC,uniswap_v3_0.05_ethusdt,100k+,85,14495830.508354308,8351.838788797242,0x11b815efb8f581194ae79006d24e0d814b7697f6
2026-06-15 00:00:00.000 UTC,uniswap_v3_0.05_ethusdt,10k-100k,4582,98361110.52780528,56213.062381873766,0x11b815efb8f581194ae79006d24e0d814b7697f6
2026-06-15 00:00:00.000 UTC,uniswap_v3_0.05_ethusdt,1k-10k,10830,45813484.21604647,26260.019285500144,0x11b815efb8f581194ae79006d24e0d814b7697f6
2026-06-15 00:00:00.000 UTC,uniswap_v3_0.3_ethusdc,0.5k-1k,71,55737.57128745952,32.160464160533074,0x8ad599c3a0ff1de082011efddc58f1908eb6e6d8
2026-06-15 00:00:00.000 UTC,uniswap_v3_0.3_ethusdc,100k+,13,1711043.2781353365,982.9422315216667,0x8ad599c3a0ff1de082011efddc58f1908eb6e6d8
2026-06-15 00:00:00.000 UTC,uniswap_v3_0.3_ethusdc,10k-100k,690,16813479.58759134,9574.132820099627,0x8ad599c3a0ff1de082011efddc58f1908eb6e6d8
2026-06-15 00:00:00.000 UTC,uniswap_v3_0.3_ethusdc,1k-10k,1057,4817246.1694339495,2761.4761850205155,0x8ad599c3a0ff1de082011efddc58f1908eb6e6d8
2026-06-15 00:00:00.000 UTC,uniswap_v3_0.3_ethusdt,0.5k-1k,151,110570.51928134276,63.55774538696894,0x4e68ccd3e89f51c3074ca5072bbac773960dfa36
2026-06-15 00:00:00.000 UTC,uniswap_v3_0.3_ethusdt,100k+,462,95957088.20166263,54765.3373842781,0x4e68ccd3e89f51c3074ca5072bbac773960dfa36
2026-06-15 00:00:00.000 UTC,uniswap_v3_0.3_ethusdt,10k-100k,1202,49059554.527863525,28055.529859281945,0x4e68ccd3e89f51c3074ca5072bbac773960dfa36
2026-06-15 00:00:00.000 UTC,uniswap_v3_0.3_ethusdt,1k-10k,775,3463970.112559172,1992.7268736903648,0x4e68ccd3e89f51c3074ca5072bbac773960dfa36
2026-06-15 00:00:00.000 UTC,uniswap_v3_1.0_ethusdc,0.5k-1k,51,33910.465543437575,19.165654787808545,0x7bea39867e4169dbe237d55c8242a8f2fcdcc387
2026-06-15 00:00:00.000 UTC,uniswap_v3_1.0_ethusdc,1k-10k,10,13069.93893002496,7.4724890589732045,0x7bea39867e4169dbe237d55c8242a8f2fcdcc387
2026-06-22 00:00:00.000 UTC,curve_usdcwbtcweth,0.5k-1k,4027,2846790.976534652,1264.4628348143835,0x7f86bf177dd4f3494b841a37e810a34dd56c829b
2026-06-22 00:00:00.000 UTC,curve_usdcwbtcweth,10k-100k,92,1494196.3898734648,378.13683311608014,0x7f86bf177dd4f3494b841a37e810a34dd56c829b
2026-06-22 00:00:00.000 UTC,curve_usdcwbtcweth,1k-10k,4557,10544438.428540481,3888.5884532738078,0x7f86bf177dd4f3494b841a37e810a34dd56c829b
2026-06-22 00:00:00.000 UTC,curve_usdt,0.5k-1k,41,29657.945599687402,17.690074890420473,0xf5f5b97624542d72a9e06f04804bf81baa15e2b4
2026-06-22 00:00:00.000 UTC,curve_usdt,10k-100k,12,298357.2227648859,129.97262328077028,0xf5f5b97624542d72a9e06f04804bf81baa15e2b4
2026-06-22 00:00:00.000 UTC,curve_usdt,1k-10k,112,361392.1622377869,152.76683499812742,0xf5f5b97624542d72a9e06f04804bf81baa15e2b4
2026-06-22 00:00:00.000 UTC,curve_usdtwbtcweth,0.5k-1k,2375,1787090.339691891,846.444973334189,0xd51a44d3fae010294c616388b506acda1bfaae46
2026-06-22 00:00:00.000 UTC,curve_usdtwbtcweth,10k-100k,124,1859377.3919974668,889.7228281901027,0xd51a44d3fae010294c616388b506acda1bfaae46
2026-06-22 00:00:00.000 UTC,curve_usdtwbtcweth,1k-10k,5426,13485438.261848,6238.222017266565,0xd51a44d3fae010294c616388b506acda1bfaae46
2026-06-22 00:00:00.000 UTC,sushiv2_ethusdt,0.5k-1k,30,19405.304896923237,12.30483489955693,0x06da0fd433c1a5d7a4faa01111c044910a184553
2026-06-22 00:00:00.000 UTC,sushiv2_ethusdt,1k-10k,3,3304.9013963937186,2.072005499258127,0x06da0fd433c1a5d7a4faa01111c044910a184553
2026-06-22 00:00:00.000 UTC,sushiv2_usdceth,0.5k-1k,9,5436.9424688090085,3.377612567209855,0x397ff1542f962076d0bfe58ea045ffa2d347aca0
2026-06-22 00:00:00.000 UTC,sushiv2_usdceth,1k-10k,2,2882.782209871534,1.6801708655488532,0x397ff1542f962076d0bfe58ea045ffa2d347aca0
2026-06-22 00:00:00.000 UTC,uniswap_v3_0.01_ethusdc,0.5k-1k,15367,11249371.041324882,6940.225670569565,0xe0554a476a092703abdb3ef35c80e0d76d32939f
2026-06-22 00:00:00.000 UTC,uniswap_v3_0.01_ethusdc,100k+,183,46568915.37833937,28515.544455822168,0xe0554a476a092703abdb3ef35c80e0d76d32939f
2026-06-22 00:00:00.000 UTC,uniswap_v3_0.01_ethusdc,10k-100k,1376,29613676.647277802,18345.734654488544,0xe0554a476a092703abdb3ef35c80e0d76d32939f
2026-06-22 00:00:00.000 UTC,uniswap_v3_0.01_ethusdc,1k-10k,36726,104224674.31222346,64288.93532131479,0xe0554a476a092703abdb3ef35c80e0d76d32939f
2026-06-22 00:00:00.000 UTC,uniswap_v3_0.01_ethusdt,0.5k-1k,9716,6896268.92078123,4169.990696254998,0xc7bbec68d12a0d1830360f8ec58fa599ba1b0e9b
2026-06-22 00:00:00.000 UTC,uniswap_v3_0.01_ethusdt,100k+,42,8682085.396435251,5115.402545157263,0xc7bbec68d12a0d1830360f8ec58fa599ba1b0e9b
2026-06-22 00:00:00.000 UTC,uniswap_v3_0.01_ethusdt,10k-100k,369,10838262.381339543,6619.4298676056105,0xc7bbec68d12a0d1830360f8ec58fa599ba1b0e9b
2026-06-22 00:00:00.000 UTC,uniswap_v3_0.01_ethusdt,1k-10k,8212,15563179.460876295,9372.941973548373,0xc7bbec68d12a0d1830360f8ec58fa599ba1b0e9b
2026-06-22 00:00:00.000 UTC,uniswap_v3_0.05_ethusdc,0.5k-1k,2976,2214345.3602564824,1356.275167162819,0x88e6a0c2ddd26feeb64f039a2c41296fcb3f5640
2026-06-22 00:00:00.000 UTC,uniswap_v3_0.05_ethusdc,100k+,443,76357895.34234211,46622.05864501766,0x88e6a0c2ddd26feeb64f039a2c41296fcb3f5640
2026-06-22 00:00:00.000 UTC,uniswap_v3_0.05_ethusdc,10k-100k,10017,290608266.56194496,179374.74374481163,0x88e6a0c2ddd26feeb64f039a2c41296fcb3f5640
2026-06-22 00:00:00.000 UTC,uniswap_v3_0.05_ethusdc,1k-10k,11453,48361114.76532237,29967.75792887416,0x88e6a0c2ddd26feeb64f039a2c41296fcb3f5640
2026-06-22 00:00:00.000 UTC,uniswap_v3_0.05_ethusdt,0.5k-1k,1557,1153057.7250544224,713.5889475140912,0x11b815efb8f581194ae79006d24e0d814b7697f6
2026-06-22 00:00:00.000 UTC,uniswap_v3_0.05_ethusdt,100k+,119,25984871.900598507,15957.877034625466,0x11b815efb8f581194ae79006d24e0d814b7697f6
2026-06-22 00:00:00.000 UTC,uniswap_v3_0.05_ethusdt,10k-100k,5656,130826992.85530531,81053.29121765509,0x11b815efb8f581194ae79006d24e0d814b7697f6
2026-06-22 00:00:00.000 UTC,uniswap_v3_0.05_ethusdt,1k-10k,11398,50138561.24853533,30990.2817568239,0x11b815efb8f581194ae79006d24e0d814b7697f6
2026-06-22 00:00:00.000 UTC,uniswap_v3_0.3_ethusdc,0.5k-1k,202,158543.7780621773,98.15889614274276,0x8ad599c3a0ff1de082011efddc58f1908eb6e6d8
2026-06-22 00:00:00.000 UTC,uniswap_v3_0.3_ethusdc,100k+,18,3708857.6319202124,2306.145923853365,0x8ad599c3a0ff1de082011efddc58f1908eb6e6d8
2026-06-22 00:00:00.000 UTC,uniswap_v3_0.3_ethusdc,10k-100k,939,23629901.527728237,14738.8589918366,0x8ad599c3a0ff1de082011efddc58f1908eb6e6d8
2026-06-22 00:00:00.000 UTC,uniswap_v3_0.3_ethusdc,1k-10k,1375,6231232.082602972,3871.355306907204,0x8ad599c3a0ff1de082011efddc58f1908eb6e6d8
2026-06-22 00:00:00.000 UTC,uniswap_v3_0.3_ethusdt,0.5k-1k,150,114935.97402637078,70.59616744744879,0x4e68ccd3e89f51c3074ca5072bbac773960dfa36
2026-06-22 00:00:00.000 UTC,uniswap_v3_0.3_ethusdt,100k+,604,136373914.15006357,84935.82335682225,0x4e68ccd3e89f51c3074ca5072bbac773960dfa36
2026-06-22 00:00:00.000 UTC,uniswap_v3_0.3_ethusdt,10k-100k,1563,64889893.046092525,40282.184571178266,0x4e68ccd3e89f51c3074ca5072bbac773960dfa36
2026-06-22 00:00:00.000 UTC,uniswap_v3_0.3_ethusdt,1k-10k,621,3088932.1719096536,1905.9159976453814,0x4e68ccd3e89f51c3074ca5072bbac773960dfa36
2026-06-22 00:00:00.000 UTC,uniswap_v3_1.0_ethusdc,0.5k-1k,71,48440.304370314894,30.35576739030935,0x7bea39867e4169dbe237d55c8242a8f2fcdcc387
2026-06-22 00:00:00.000 UTC,uniswap_v3_1.0_ethusdc,1k-10k,22,30859.708224780792,19.305358358755708,0x7bea39867e4169dbe237d55c8242a8f2fcdcc387
2026-06-29 00:00:00.000 UTC,curve_usdcwbtcweth,0.5k-1k,2987,2084301.476126498,944.314226672618,0x7f86bf177dd4f3494b841a37e810a34dd56c829b
2026-06-29 00:00:00.000 UTC,curve_usdcwbtcweth,10k-100k,50,822907.577677847,195.11068261743924,0x7f86bf177dd4f3494b841a37e810a34dd56c829b
2026-06-29 00:00:00.000 UTC,curve_usdcwbtcweth,1k-10k,3291,7438036.538901361,3084.6110199090513,0x7f86bf177dd4f3494b841a37e810a34dd56c829b
2026-06-29 00:00:00.000 UTC,curve_usdt,0.5k-1k,36,25181.424107053288,15.535469893712044,0xf5f5b97624542d72a9e06f04804bf81baa15e2b4
2026-06-29 00:00:00.000 UTC,curve_usdt,10k-100k,9,294025.91419126285,159.48745799410867,0xf5f5b97624542d72a9e06f04804bf81baa15e2b4
2026-06-29 00:00:00.000 UTC,curve_usdt,1k-10k,136,392605.22741507227,232.63365521149177,0xf5f5b97624542d72a9e06f04804bf81baa15e2b4
2026-06-29 00:00:00.000 UTC,curve_usdtwbtcweth,0.5k-1k,2199,1587134.8215416227,729.7424076303257,0xd51a44d3fae010294c616388b506acda1bfaae46
2026-06-29 00:00:00.000 UTC,curve_usdtwbtcweth,10k-100k,43,655545.3724247625,252.6368764839021,0xd51a44d3fae010294c616388b506acda1bfaae46
2026-06-29 00:00:00.000 UTC,curve_usdtwbtcweth,1k-10k,2558,5412657.459613958,2478.870505863854,0xd51a44d3fae010294c616388b506acda1bfaae46
2026-06-29 00:00:00.000 UTC,sushiv2_ethusdt,0.5k-1k,14,9715.914890796603,5.789143168704894,0x06da0fd433c1a5d7a4faa01111c044910a184553
2026-06-29 00:00:00.000 UTC,uniswap_v3_0.01_ethusdc,0.5k-1k,15373,11247744.326118192,6778.371152586999,0xe0554a476a092703abdb3ef35c80e0d76d32939f
2026-06-29 00:00:00.000 UTC,uniswap_v3_0.01_ethusdc,100k+,228,57473285.09048025,33996.165463571546,0xe0554a476a092703abdb3ef35c80e0d76d32939f
2026-06-29 00:00:00.000 UTC,uniswap_v3_0.01_ethusdc,10k-100k,1246,26735933.595844656,16172.134020324549,0xe0554a476a092703abdb3ef35c80e0d76d32939f
2026-06-29 00:00:00.000 UTC,uniswap_v3_0.01_ethusdc,1k-10k,35958,100013741.57718472,60406.15296274106,0xe0554a476a092703abdb3ef35c80e0d76d32939f
2026-06-29 00:00:00.000 UTC,uniswap_v3_0.01_ethusdt,0.5k-1k,11334,7966889.860714643,4741.373330206802,0xc7bbec68d12a0d1830360f8ec58fa599ba1b0e9b
2026-06-29 00:00:00.000 UTC,uniswap_v3_0.01_ethusdt,100k+,96,22688666.618113354,13224.48490603529,0xc7bbec68d12a0d1830360f8ec58fa599ba1b0e9b
2026-06-29 00:00:00.000 UTC,uniswap_v3_0.01_ethusdt,10k-100k,452,12372535.725849513,7361.443875628863,0xc7bbec68d12a0d1830360f8ec58fa599ba1b0e9b
2026-06-29 00:00:00.000 UTC,uniswap_v3_0.01_ethusdt,1k-10k,7900,14533271.187076543,8655.442665909331,0xc7bbec68d12a0d1830360f8ec58fa599ba1b0e9b
2026-06-29 00:00:00.000 UTC,uniswap_v3_0.05_ethusdc,0.5k-1k,2177,1619734.0874641486,985.0319646381994,0x88e6a0c2ddd26feeb64f039a2c41296fcb3f5640
2026-06-29 00:00:00.000 UTC,uniswap_v3_0.05_ethusdc,100k+,448,75497427.25833076,44795.70312629397,0x88e6a0c2ddd26feeb64f039a2c41296fcb3f5640
2026-06-29 00:00:00.000 UTC,uniswap_v3_0.05_ethusdc,10k-100k,9247,271021193.8637297,162869.02624203614,0x88e6a0c2ddd26feeb64f039a2c41296fcb3f5640
2026-06-29 00:00:00.000 UTC,uniswap_v3_0.05_ethusdc,1k-10k,9917,42610574.98777556,25835.092075072407,0x88e6a0c2ddd26feeb64f039a2c41296fcb3f5640
2026-06-29 00:00:00.000 UTC,uniswap_v3_0.05_ethusdt,0.5k-1k,1520,1120629.9601805296,674.5842247229301,0x11b815efb8f581194ae79006d24e0d814b7697f6
2026-06-29 00:00:00.000 UTC,uniswap_v3_0.05_ethusdt,100k+,67,8998677.134815702,5483.092310912877,0x11b815efb8f581194ae79006d24e0d814b7697f6
2026-06-29 00:00:00.000 UTC,uniswap_v3_0.05_ethusdt,10k-100k,4528,96361283.93048488,58578.92614824465,0x11b815efb8f581194ae79006d24e0d814b7697f6
2026-06-29 00:00:00.000 UTC,uniswap_v3_0.05_ethusdt,1k-10k,10803,46058717.16773641,27850.823726736475,0x11b815efb8f581194ae79006d24e0d814b7697f6
2026-06-29 00:00:00.000 UTC,uniswap_v3_0.3_ethusdc,0.5k-1k,138,112319.79490390194,68.55259907225114,0x8ad599c3a0ff1de082011efddc58f1908eb6e6d8
2026-06-29 00:00:00.000 UTC,uniswap_v3_0.3_ethusdc,100k+,11,1540333.2117834506,924.810370230757,0x8ad599c3a0ff1de082011efddc58f1908eb6e6d8
2026-06-29 00:00:00.000 UTC,uniswap_v3_0.3_ethusdc,10k-100k,726,16930058.861398738,10328.610824978237,0x8ad599c3a0ff1de082011efddc58f1908eb6e6d8
2026-06-29 00:00:00.000 UTC,uniswap_v3_0.3_ethusdc,1k-10k,1228,5426728.05481188,3316.1573201541482,0x8ad599c3a0ff1de082011efddc58f1908eb6e6d8
2026-06-29 00:00:00.000 UTC,uniswap_v3_0.3_ethusdt,0.5k-1k,138,108185.37256979186,66.15797622879744,0x4e68ccd3e89f51c3074ca5072bbac773960dfa36
2026-06-29 00:00:00.000 UTC,uniswap_v3_0.3_ethusdt,100k+,514,108697802.38658577,65834.48755941186,0x4e68ccd3e89f51c3074ca5072bbac773960dfa36
2026-06-29 00:00:00.000 UTC,uniswap_v3_0.3_ethusdt,10k-100k,1379,56707336.071837045,34680.39326163383,0x4e68ccd3e89f51c3074ca5072bbac773960dfa36
2026-06-29 00:00:00.000 UTC,uniswap_v3_0.3_ethusdt,1k-10k,587,2784559.2139564864,1695.4841445673096,0x4e68ccd3e89f51c3074ca5072bbac773960dfa36
2026-06-29 00:00:00.000 UTC,uniswap_v3_1.0_ethusdc,0.5k-1k,39,25125.04107394485,15.101681027347812,0x7bea39867e4169dbe237d55c8242a8f2fcdcc387
2026-06-29 00:00:00.000 UTC,uniswap_v3_1.0_ethusdc,1k-10k,9,12411.0133747057,7.4080226546626236,0x7bea39867e4169dbe237d55c8242a8f2fcdcc387
2026-07-06 00:00:00.000 UTC,curve_usdcwbtcweth,0.5k-1k,3407,2396007.0674555176,1026.4142631228208,0x7f86bf177dd4f3494b841a37e810a34dd56c829b
2026-07-06 00:00:00.000 UTC,curve_usdcwbtcweth,10k-100k,67,1104420.4663907078,204.91624480303506,0x7f86bf177dd4f3494b841a37e810a34dd56c829b
2026-07-06 00:00:00.000 UTC,curve_usdcwbtcweth,1k-10k,3316,7486904.1726763435,2841.8343502829284,0x7f86bf177dd4f3494b841a37e810a34dd56c829b
2026-07-06 00:00:00.000 UTC,curve_usdt,0.5k-1k,8,5712.001888978264,2.81576928106297,0xf5f5b97624542d72a9e06f04804bf81baa15e2b4
2026-07-06 00:00:00.000 UTC,curve_usdt,1k-10k,16,51347.36470462935,27.606033653315155,0xf5f5b97624542d72a9e06f04804bf81baa15e2b4
2026-07-06 00:00:00.000 UTC,curve_usdtwbtcweth,0.5k-1k,2528,1854231.2871649307,808.7145613756079,0xd51a44d3fae010294c616388b506acda1bfaae46
2026-07-06 00:00:00.000 UTC,curve_usdtwbtcweth,10k-100k,57,911597.1011074896,384.972446638789,0xd51a44d3fae010294c616388b506acda1bfaae46
2026-07-06 00:00:00.000 UTC,curve_usdtwbtcweth,1k-10k,3000,6373325.059915815,2703.1384274716697,0xd51a44d3fae010294c616388b506acda1bfaae46
2026-07-06 00:00:00.000 UTC,sushiv2_ethusdt,0.5k-1k,8,4976.348584961044,2.8216346880008123,0x06da0fd433c1a5d7a4faa01111c044910a184553
2026-07-06 00:00:00.000 UTC,sushiv2_ethusdt,1k-10k,2,2650.472363451612,1.4978672849788235,0x06da0fd433c1a5d7a4faa01111c044910a184553
2026-07-06 00:00:00.000 UTC,sushiv2_usdceth,0.5k-1k,2,1156.687948435075,0.653218728411618,0x397ff1542f962076d0bfe58ea045ffa2d347aca0
2026-07-06 00:00:00.000 UTC,uniswap_v3_0.01_ethusdc,0.5k-1k,15947,11742770.620974971,6614.725293117181,0xe0554a476a092703abdb3ef35c80e0d76d32939f
2026-07-06 00:00:00.000 UTC,uniswap_v3_0.01_ethusdc,100k+,231,54510543.88350068,30759.996820189728,0xe0554a476a092703abdb3ef35c80e0d76d32939f
2026-07-06 00:00:00.000 UTC,uniswap_v3_0.01_ethusdc,10k-100k,1569,33874392.98540892,19018.46289984289,0xe0554a476a092703abdb3ef35c80e0d76d32939f
2026-07-06 00:00:00.000 UTC,uniswap_v3_0.01_ethusdc,1k-10k,39163,114140799.01412892,64154.30772185275,0xe0554a476a092703abdb3ef35c80e0d76d32939f
2026-07-06 00:00:00.000 UTC,uniswap_v3_0.01_ethusdt,0.5k-1k,15360,10955601.793189572,6179.040349036786,0xc7bbec68d12a0d1830360f8ec58fa599ba1b0e9b
2026-07-06 00:00:00.000 UTC,uniswap_v3_0.01_ethusdt,100k+,140,32018703.00787656,17905.886912428938,0xc7bbec68d12a0d1830360f8ec58fa599ba1b0e9b
2026-07-06 00:00:00.000 UTC,uniswap_v3_0.01_ethusdt,10k-100k,515,16567493.619136777,9326.44697998263,0xc7bbec68d12a0d1830360f8ec58fa599ba1b0e9b
2026-07-06 00:00:00.000 UTC,uniswap_v3_0.01_ethusdt,1k-10k,10990,19780647.869372502,11163.237159465998,0xc7bbec68d12a0d1830360f8ec58fa599ba1b0e9b
2026-07-06 00:00:00.000 UTC,uniswap_v3_0.05_ethusdc,0.5k-1k,2002,1518428.3993408685,855.9161880401077,0x88e6a0c2ddd26feeb64f039a2c41296fcb3f5640
2026-07-06 00:00:00.000 UTC,uniswap_v3_0.05_ethusdc,100k+,725,123088206.99572513,69374.58222128887,0x88e6a0c2ddd26feeb64f039a2c41296fcb3f5640
2026-07-06 00:00:00.000 UTC,uniswap_v3_0.05_ethusdc,10k-100k,9560,310612853.80133873,175286.41650779528,0x88e6a0c2ddd26feeb64f039a2c41296fcb3f5640
2026-07-06 00:00:00.000 UTC,uniswap_v3_0.05_ethusdc,1k-10k,8562,37795977.547080725,21305.752205371544,0x88e6a0c2ddd26feeb64f039a2c41296fcb3f5640
2026-07-06 00:00:00.000 UTC,uniswap_v3_0.05_ethusdt,0.5k-1k,1591,1187603.8807845577,670.3008422582313,0x11b815efb8f581194ae79006d24e0d814b7697f6
2026-07-06 00:00:00.000 UTC,uniswap_v3_0.05_ethusdt,100k+,57,9841894.284125285,5543.569435696871,0x11b815efb8f581194ae79006d24e0d814b7697f6
2026-07-06 00:00:00.000 UTC,uniswap_v3_0.05_ethusdt,10k-100k,3471,69714146.86332741,39326.06017846789,0x11b815efb8f581194ae79006d24e0d814b7697f6
2026-07-06 00:00:00.000 UTC,uniswap_v3_0.05_ethusdt,1k-10k,10430,43414938.579813115,24482.86161694389,0x11b815efb8f581194ae79006d24e0d814b7697f6
2026-07-06 00:00:00.000 UTC,uniswap_v3_0.3_ethusdc,0.5k-1k,65,53747.24978097764,30.278740289302203,0x8ad599c3a0ff1de082011efddc58f1908eb6e6d8
2026-07-06 00:00:00.000 UTC,uniswap_v3_0.3_ethusdc,100k+,12,1958172.751310888,1110.9329847137633,0x8ad599c3a0ff1de082011efddc58f1908eb6e6d8
2026-07-06 00:00:00.000 UTC,uniswap_v3_0.3_ethusdc,10k-100k,551,12366791.396942314,6984.506163635087,0x8ad599c3a0ff1de082011efddc58f1908eb6e6d8
2026-07-06 00:00:00.000 UTC,uniswap_v3_0.3_ethusdc,1k-10k,939,4229168.465715879,2390.600765870598,0x8ad599c3a0ff1de082011efddc58f1908eb6e6d8
2026-07-06 00:00:00.000 UTC,uniswap_v3_0.3_ethusdt,0.5k-1k,102,72585.47922266729,40.99342639330328,0x4e68ccd3e89f51c3074ca5072bbac773960dfa36
2026-07-06 00:00:00.000 UTC,uniswap_v3_0.3_ethusdt,100k+,421,103659035.914853,58444.25570297287,0x4e68ccd3e89f51c3074ca5072bbac773960dfa36
2026-07-06 00:00:00.000 UTC,uniswap_v3_0.3_ethusdt,10k-100k,1086,44734605.88966424,25293.973276635526,0x4e68ccd3e89f51c3074ca5072bbac773960dfa36
2026-07-06 00:00:00.000 UTC,uniswap_v3_0.3_ethusdt,1k-10k,480,2237295.5382906436,1262.21802003028,0x4e68ccd3e89f51c3074ca5072bbac773960dfa36
2026-07-06 00:00:00.000 UTC,uniswap_v3_1.0_ethusdc,0.5k-1k,22,13918.341421630426,7.8507920443819454,0x7bea39867e4169dbe237d55c8242a8f2fcdcc387
2026-07-06 00:00:00.000 UTC,uniswap_v3_1.0_ethusdc,1k-10k,8,11053.719342984954,6.216877109554131,0x7bea39867e4169dbe237d55c8242a8f2fcdcc387
2026-07-13 00:00:00.000 UTC,curve_usdcwbtcweth,0.5k-1k,2687,1835603.45312062,790.7210421624402,0x7f86bf177dd4f3494b841a37e810a34dd56c829b
2026-07-13 00:00:00.000 UTC,curve_usdcwbtcweth,10k-100k,35,479707.22671070066,95.20901063847371,0x7f86bf177dd4f3494b841a37e810a34dd56c829b
2026-07-13 00:00:00.000 UTC,curve_usdcwbtcweth,1k-10k,2137,4718242.8773423415,1883.989747940054,0x7f86bf177dd4f3494b841a37e810a34dd56c829b
2026-07-13 00:00:00.000 UTC,curve_usdt,0.5k-1k,16,11561.94843512094,4.398064099928016,0xf5f5b97624542d72a9e06f04804bf81baa15e2b4
2026-07-13 00:00:00.000 UTC,curve_usdt,10k-100k,1,11972.590070814691,6.642376650171499,0xf5f5b97624542d72a9e06f04804bf81baa15e2b4
2026-07-13 00:00:00.000 UTC,curve_usdt,1k-10k,54,127202.37674836771,63.50735310572454,0xf5f5b97624542d72a9e06f04804bf81baa15e2b4
2026-07-13 00:00:00.000 UTC,curve_usdtwbtcweth,0.5k-1k,2125,1552888.9660883339,684.9420401410597,0xd51a44d3fae010294c616388b506acda1bfaae46
2026-07-13 00:00:00.000 UTC,curve_usdtwbtcweth,10k-100k,44,577389.2644595539,293.0594464854738,0xd51a44d3fae010294c616388b506acda1bfaae46
2026-07-13 00:00:00.000 UTC,curve_usdtwbtcweth,1k-10k,2460,5038181.951295808,2076.0568011092478,0xd51a44d3fae010294c616388b506acda1bfaae46
2026-07-13 00:00:00.000 UTC,sushiv2_ethusdt,0.5k-1k,10,6602.749361614067,3.569945092177404,0x06da0fd433c1a5d7a4faa01111c044910a184553
2026-07-13 00:00:00.000 UTC,uniswap_v3_0.01_ethusdc,0.5k-1k,12960,9585593.041423205,5188.871469070284,0xe0554a476a092703abdb3ef35c80e0d76d32939f
2026-07-13 00:00:00.000 UTC,uniswap_v3_0.01_ethusdc,100k+,235,83153615.99860941,43848.93051720719,0xe0554a476a092703abdb3ef35c80e0d76d32939f
2026-07-13 00:00:00.000 UTC,uniswap_v3_0.01_ethusdc,10k-100k,3366,61703753.924572945,33544.554372801205,0xe0554a476a092703abdb3ef35c80e0d76d32939f
2026-07-13 00:00:00.000 UTC,uniswap_v3_0.01_ethusdc,1k-10k,41237,141525714.13071314,76936.27497902879,0xe0554a476a092703abdb3ef35c80e0d76d32939f
2026-07-13 00:00:00.000 UTC,uniswap_v3_0.01_ethusdt,0.5k-1k,14333,10302351.200820662,5582.627647121862,0xc7bbec68d12a0d1830360f8ec58fa599ba1b0e9b
2026-07-13 00:00:00.000 UTC,uniswap_v3_0.01_ethusdt,100k+,186,40264926.5934794,21881.273011189016,0xc7bbec68d12a0d1830360f8ec58fa599ba1b0e9b
2026-07-13 00:00:00.000 UTC,uniswap_v3_0.01_ethusdt,10k-100k,336,10103889.412401974,5467.268749144974,0xc7bbec68d12a0d1830360f8ec58fa599ba1b0e9b
2026-07-13 00:00:00.000 UTC,uniswap_v3_0.01_ethusdt,1k-10k,12324,23187700.168609742,12578.137194197756,0xc7bbec68d12a0d1830360f8ec58fa599ba1b0e9b
2026-07-13 00:00:00.000 UTC,uniswap_v3_0.05_ethusdc,0.5k-1k,1627,1272572.0115152614,689.6606985910784,0x88e6a0c2ddd26feeb64f039a2c41296fcb3f5640
2026-07-13 00:00:00.000 UTC,uniswap_v3_0.05_ethusdc,100k+,1087,206659584.58998245,110364.38962870122,0x88e6a0c2ddd26feeb64f039a2c41296fcb3f5640
2026-07-13 00:00:00.000 UTC,uniswap_v3_0.05_ethusdc,10k-100k,9514,320524999.7376248,173230.49088952856,0x88e6a0c2ddd26feeb64f039a2c41296fcb3f5640
2026-07-13 00:00:00.000 UTC,uniswap_v3_0.05_ethusdc,1k-10k,7026,32108361.637055393,17401.99505565909,0x88e6a0c2ddd26feeb64f039a2c41296fcb3f5640
2026-07-13 00:00:00.000 UTC,uniswap_v3_0.05_ethusdt,0.5k-1k,1263,941843.493706774,506.69270322124805,0x11b815efb8f581194ae79006d24e0d814b7697f6
2026-07-13 00:00:00.000 UTC,uniswap_v3_0.05_ethusdt,100k+,68,11955477.39764003,6424.200397229976,0x11b815efb8f581194ae79006d24e0d814b7697f6
2026-07-13 00:00:00.000 UTC,uniswap_v3_0.05_ethusdt,10k-100k,3152,65779179.116923004,35744.105959531975,0x11b815efb8f581194ae79006d24e0d814b7697f6
2026-07-13 00:00:00.000 UTC,uniswap_v3_0.05_ethusdt,1k-10k,10024,42260620.64229137,22880.078388651647,0x11b815efb8f581194ae79006d24e0d814b7697f6
2026-07-13 00:00:00.000 UTC,uniswap_v3_0.3_ethusdc,0.5k-1k,59,46516.38085243933,25.18625141076748,0x8ad599c3a0ff1de082011efddc58f1908eb6e6d8
2026-07-13 00:00:00.000 UTC,uniswap_v3_0.3_ethusdc,100k+,5,664902.170675835,361.91428776258454,0x8ad599c3a0ff1de082011efddc58f1908eb6e6d8
2026-07-13 00:00:00.000 UTC,uniswap_v3_0.3_ethusdc,10k-100k,514,11274324.010448994,6142.3081657935,0x8ad599c3a0ff1de082011efddc58f1908eb6e6d8
2026-07-13 00:00:00.000 UTC,uniswap_v3_0.3_ethusdc,1k-10k,1007,4420182.173619052,2400.4396472991716,0x8ad599c3a0ff1de082011efddc58f1908eb6e6d8
2026-07-13 00:00:00.000 UTC,uniswap_v3_0.3_ethusdt,0.5k-1k,82,62909.9204569192,34.077577647113365,0x4e68ccd3e89f51c3074ca5072bbac773960dfa36
2026-07-13 00:00:00.000 UTC,uniswap_v3_0.3_ethusdt,100k+,431,91337571.33598587,49553.59953863599,0x4e68ccd3e89f51c3074ca5072bbac773960dfa36
2026-07-13 00:00:00.000 UTC,uniswap_v3_0.3_ethusdt,10k-100k,1131,47551835.79315525,25821.787667262826,0x4e68ccd3e89f51c3074ca5072bbac773960dfa36
2026-07-13 00:00:00.000 UTC,uniswap_v3_0.3_ethusdt,1k-10k,545,2581690.296254746,1394.0846723355037,0x4e68ccd3e89f51c3074ca5072bbac773960dfa36
2026-07-13 00:00:00.000 UTC,uniswap_v3_1.0_ethusdc,0.5k-1k,33,19976.94052750195,10.827403940136582,0x7bea39867e4169dbe237d55c8242a8f2fcdcc387
2026-07-13 00:00:00.000 UTC,uniswap_v3_1.0_ethusdc,1k-10k,8,11723.46321311198,6.311719556214231,0x7bea39867e4169dbe237d55c8242a8f2fcdcc387
2026-07-20 00:00:00.000 UTC,curve_usdcwbtcweth,0.5k-1k,2700,1892317.331182719,750.7728170943735,0x7f86bf177dd4f3494b841a37e810a34dd56c829b
2026-07-20 00:00:00.000 UTC,curve_usdcwbtcweth,10k-100k,63,848090.8242008304,173.88813109425928,0x7f86bf177dd4f3494b841a37e810a34dd56c829b
2026-07-20 00:00:00.000 UTC,curve_usdcwbtcweth,1k-10k,2426,5379265.496842889,1860.2015750974174,0x7f86bf177dd4f3494b841a37e810a34dd56c829b
2026-07-20 00:00:00.000 UTC,curve_usdt,0.5k-1k,17,13567.741235093277,7.026464329348738,0xf5f5b97624542d72a9e06f04804bf81baa15e2b4
2026-07-20 00:00:00.000 UTC,curve_usdt,1k-10k,23,47741.21581267316,23.984675933024864,0xf5f5b97624542d72a9e06f04804bf81baa15e2b4
2026-07-20 00:00:00.000 UTC,curve_usdtwbtcweth,0.5k-1k,1764,1302117.8624618722,569.9512954396102,0xd51a44d3fae010294c616388b506acda1bfaae46
2026-07-20 00:00:00.000 UTC,curve_usdtwbtcweth,10k-100k,39,522344.98406318884,251.4669034741177,0xd51a44d3fae010294c616388b506acda1bfaae46
2026-07-20 00:00:00.000 UTC,curve_usdtwbtcweth,1k-10k,2100,4299147.584636347,1703.3873473268109,0xd51a44d3fae010294c616388b506acda1bfaae46
2026-07-20 00:00:00.000 UTC,sushiv2_ethusdt,0.5k-1k,4,2210.3689410562934,1.149702432685851,0x06da0fd433c1a5d7a4faa01111c044910a184553
2026-07-20 00:00:00.000 UTC,sushiv2_usdceth,0.5k-1k,1,963.482646875957,0.4918172640088048,0x397ff1542f962076d0bfe58ea045ffa2d347aca0
2026-07-20 00:00:00.000 UTC,sushiv2_usdceth,1k-10k,1,1270.87583854049,0.6469052669914923,0x397ff1542f962076d0bfe58ea045ffa2d347aca0
2026-07-20 00:00:00.000 UTC,uniswap_v3_0.01_ethusdc,0.5k-1k,12918,9595887.384921491,5057.7010810334095,0xe0554a476a092703abdb3ef35c80e0d76d32939f
2026-07-20 00:00:00.000 UTC,uniswap_v3_0.01_ethusdc,100k+,179,61605403.64211264,32347.575872118898,0xe0554a476a092703abdb3ef35c80e0d76d32939f
2026-07-20 00:00:00.000 UTC,uniswap_v3_0.01_ethusdc,10k-100k,1534,29849836.38657294,15751.535692863843,0xe0554a476a092703abdb3ef35c80e0d76d32939f
2026-07-20 00:00:00.000 UTC,uniswap_v3_0.01_ethusdc,1k-10k,33869,102171191.46839178,53784.082875195265,0xe0554a476a092703abdb3ef35c80e0d76d32939f
2026-07-20 00:00:00.000 UTC,uniswap_v3_0.01_ethusdt,0.5k-1k,14208,10258565.780057035,5406.827749208106,0xc7bbec68d12a0d1830360f8ec58fa599ba1b0e9b
2026-07-20 00:00:00.000 UTC,uniswap_v3_0.01_ethusdt,100k+,104,22717677.502187017,12026.78523480443,0xc7bbec68d12a0d1830360f8ec58fa599ba1b0e9b
2026-07-20 00:00:00.000 UTC,uniswap_v3_0.01_ethusdt,10k-100k,415,11421586.53320581,6028.678915569851,0xc7bbec68d12a0d1830360f8ec58fa599ba1b0e9b
2026-07-20 00:00:00.000 UTC,uniswap_v3_0.01_ethusdt,1k-10k,12176,24206570.9098681,12757.749741549636,0xc7bbec68d12a0d1830360f8ec58fa599ba1b0e9b
2026-07-20 00:00:00.000 UTC,uniswap_v3_0.05_ethusdc,0.5k-1k,1417,1078736.4624472042,567.9245948046873,0x88e6a0c2ddd26feeb64f039a2c41296fcb3f5640
2026-07-20 00:00:00.000 UTC,uniswap_v3_0.05_ethusdc,100k+,1552,291704499.80491114,152457.73098414292,0x88e6a0c2ddd26feeb64f039a2c41296fcb3f5640
2026-07-20 00:00:00.000 UTC,uniswap_v3_0.05_ethusdc,10k-100k,8245,307369106.1940859,161610.196405069,0x88e6a0c2ddd26feeb64f039a2c41296fcb3f5640
2026-07-20 00:00:00.000 UTC,uniswap_v3_0.05_ethusdc,1k-10k,5873,25822379.52793451,13617.473693711056,0x88e6a0c2ddd26feeb64f039a2c41296fcb3f5640
2026-07-20 00:00:00.000 UTC,uniswap_v3_0.05_ethusdt,0.5k-1k,1329,1019264.6774806872,535.5982157465957,0x11b815efb8f581194ae79006d24e0d814b7697f6
2026-07-20 00:00:00.000 UTC,uniswap_v3_0.05_ethusdt,100k+,5,574284.8545849471,304.15721611312006,0x11b815efb8f581194ae79006d24e0d814b7697f6
2026-07-20 00:00:00.000 UTC,uniswap_v3_0.05_ethusdt,10k-100k,1700,33474842.12082404,17808.051128662726,0x11b815efb8f581194ae79006d24e0d814b7697f6
2026-07-20 00:00:00.000 UTC,uniswap_v3_0.05_ethusdt,1k-10k,8777,33559374.72702269,17716.066854576195,0x11b815efb8f581194ae79006d24e0d814b7697f6
2026-07-20 00:00:00.000 UTC,uniswap_v3_0.3_ethusdc,0.5k-1k,89,69970.49763304259,36.7845641905597,0x8ad599c3a0ff1de082011efddc58f1908eb6e6d8
2026-07-20 00:00:00.000 UTC,uniswap_v3_0.3_ethusdc,100k+,2,202855.0370305944,108.36323261307896,0x8ad599c3a0ff1de082011efddc58f1908eb6e6d8
2026-07-20 00:00:00.000 UTC,uniswap_v3_0.3_ethusdc,10k-100k,340,7377699.827591548,3921.1608205765665,0x8ad599c3a0ff1de082011efddc58f1908eb6e6d8
2026-07-20 00:00:00.000 UTC,uniswap_v3_0.3_ethusdc,1k-10k,948,3984730.843105723,2098.6533630654662,0x8ad599c3a0ff1de082011efddc58f1908eb6e6d8
2026-07-20 00:00:00.000 UTC,uniswap_v3_0.3_ethusdt,0.5k-1k,129,95075.26825861362,50.16432930852617,0x4e68ccd3e89f51c3074ca5072bbac773960dfa36
2026-07-20 00:00:00.000 UTC,uniswap_v3_0.3_ethusdt,100k+,347,67892090.78425118,35832.3746136425,0x4e68ccd3e89f51c3074ca5072bbac773960dfa36
2026-07-20 00:00:00.000 UTC,uniswap_v3_0.3_ethusdt,10k-100k,1025,41019848.06888198,21617.22166045627,0x4e68ccd3e89f51c3074ca5072bbac773960dfa36
2026-07-20 00:00:00.000 UTC,uniswap_v3_0.3_ethusdt,1k-10k,453,2049311.0506411076,1079.5535243836102,0x4e68ccd3e89f51c3074ca5072bbac773960dfa36
2026-07-20 00:00:00.000 UTC,uniswap_v3_1.0_ethusdc,0.5k-1k,30,18704.36673438939,9.840291731394412,0x7bea39867e4169dbe237d55c8242a8f2fcdcc387
2026-07-20 00:00:00.000 UTC,uniswap_v3_1.0_ethusdc,1k-10k,4,5081.109462944113,2.6329008779681877,0x7bea39867e4169dbe237d55c8242a8f2fcdcc387
2026-07-27 00:00:00.000 UTC,curve_usdcwbtcweth,0.5k-1k,2138,1478339.5638776962,630.1561581374767,0x7f86bf177dd4f3494b841a37e810a34dd56c829b
2026-07-27 00:00:00.000 UTC,curve_usdcwbtcweth,10k-100k,26,352482.79879064765,131.06793774277065,0x7f86bf177dd4f3494b841a37e810a34dd56c829b
2026-07-27 00:00:00.000 UTC,curve_usdcwbtcweth,1k-10k,1940,4249603.84950343,1665.2560525779845,0x7f86bf177dd4f3494b841a37e810a34dd56c829b
2026-07-27 00:00:00.000 UTC,curve_usdt,0.5k-1k,3,2573.0591923098027,0.8930931715937913,0xf5f5b97624542d72a9e06f04804bf81baa15e2b4
2026-07-27 00:00:00.000 UTC,curve_usdt,1k-10k,22,65326.57299908537,11.711728843835129,0xf5f5b97624542d72a9e06f04804bf81baa15e2b4
2026-07-27 00:00:00.000 UTC,curve_usdtwbtcweth,0.5k-1k,1620,1162278.9382312214,502.5864562448104,0xd51a44d3fae010294c616388b506acda1bfaae46
2026-07-27 00:00:00.000 UTC,curve_usdtwbtcweth,10k-100k,36,497283.98358468624,212.96053023832107,0xd51a44d3fae010294c616388b506acda1bfaae46
2026-07-27 00:00:00.000 UTC,curve_usdtwbtcweth,1k-10k,2261,5065541.191299573,2023.9033338667834,0xd51a44d3fae010294c616388b506acda1bfaae46
2026-07-27 00:00:00.000 UTC,sushiv2_ethusdt,0.5k-1k,12,7343.193444584268,3.878007787260053,0x06da0fd433c1a5d7a4faa01111c044910a184553
2026-07-27 00:00:00.000 UTC,sushiv2_ethusdt,1k-10k,2,2486.987853626675,1.2953091705468316,0x06da0fd433c1a5d7a4faa01111c044910a184553
2026-07-27 00:00:00.000 UTC,sushiv2_usdceth,0.5k-1k,1,644.547916467546,0.3483608038466541,0x397ff1542f962076d0bfe58ea045ffa2d347aca0
2026-07-27 00:00:00.000 UTC,uniswap_v3_0.01_ethusdc,0.5k-1k,14228,10576445.572267335,5571.149818741967,0xe0554a476a092703abdb3ef35c80e0d76d32939f
2026-07-27 00:00:00.000 UTC,uniswap_v3_0.01_ethusdc,100k+,222,82771606.83857018,42989.5565290256,0xe0554a476a092703abdb3ef35c80e0d76d32939f
2026-07-27 00:00:00.000 UTC,uniswap_v3_0.01_ethusdc,10k-100k,1634,30687587.507173013,16211.92176863953,0xe0554a476a092703abdb3ef35c80e0d76d32939f
2026-07-27 00:00:00.000 UTC,uniswap_v3_0.01_ethusdc,1k-10k,35484,109976341.55405203,57947.68625227891,0xe0554a476a092703abdb3ef35c80e0d76d32939f
2026-07-27 00:00:00.000 UTC,uniswap_v3_0.01_ethusdt,0.5k-1k,13628,9955842.3678214,5245.313917920162,0xc7bbec68d12a0d1830360f8ec58fa599ba1b0e9b
2026-07-27 00:00:00.000 UTC,uniswap_v3_0.01_ethusdt,100k+,116,26007574.49304998,13732.266385878997,0xc7bbec68d12a0d1830360f8ec58fa599ba1b0e9b
2026-07-27 00:00:00.000 UTC,uniswap_v3_0.01_ethusdt,10k-100k,556,15474336.839384124,8174.181307498419,0xc7bbec68d12a0d1830360f8ec58fa599ba1b0e9b
2026-07-27 00:00:00.000 UTC,uniswap_v3_0.01_ethusdt,1k-10k,18797,42903327.43685754,22560.23532750658,0xc7bbec68d12a0d1830360f8ec58fa599ba1b0e9b
2026-07-27 00:00:00.000 UTC,uniswap_v3_0.05_ethusdc,0.5k-1k,2052,1516016.9948405134,797.66650694573,0x88e6a0c2ddd26feeb64f039a2c41296fcb3f5640
2026-07-27 00:00:00.000 UTC,uniswap_v3_0.05_ethusdc,100k+,2024,384238709.62089837,201163.7727225752,0x88e6a0c2ddd26feeb64f039a2c41296fcb3f5640
2026-07-27 00:00:00.000 UTC,uniswap_v3_0.05_ethusdc,10k-100k,8294,310866145.4082632,163480.0489394439,0x88e6a0c2ddd26feeb64f039a2c41296fcb3f5640
2026-07-27 00:00:00.000 UTC,uniswap_v3_0.05_ethusdc,1k-10k,5806,24495807.33889619,12925.806412105356,0x88e6a0c2ddd26feeb64f039a2c41296fcb3f5640
2026-07-27 00:00:00.000 UTC,uniswap_v3_0.05_ethusdt,0.5k-1k,1271,965945.4863358322,507.90260144313265,0x11b815efb8f581194ae79006d24e0d814b7697f6
2026-07-27 00:00:00.000 UTC,uniswap_v3_0.05_ethusdt,100k+,27,3884085.44266364,2087.5677512541806,0x11b815efb8f581194ae79006d24e0d814b7697f6
2026-07-27 00:00:00.000 UTC,uniswap_v3_0.05_ethusdt,10k-100k,2562,54604918.18210703,29016.601913537987,0x11b815efb8f581194ae79006d24e0d814b7697f6
2026-07-27 00:00:00.000 UTC,uniswap_v3_0.05_ethusdt,1k-10k,8619,36125334.80219464,19051.90117141533,0x11b815efb8f581194ae79006d24e0d814b7697f6
2026-07-27 00:00:00.000 UTC,uniswap_v3_0.3_ethusdc,0.5k-1k,211,167880.4476886138,88.1163691410388,0x8ad599c3a0ff1de082011efddc58f1908eb6e6d8
2026-07-27 00:00:00.000 UTC,uniswap_v3_0.3_ethusdc,100k+,5,577623.3887929018,310.53662069003474,0x8ad599c3a0ff1de082011efddc58f1908eb6e6d8
2026-07-27 00:00:00.000 UTC,uniswap_v3_0.3_ethusdc,10k-100k,353,7840119.3239386305,4169.136498529745,0x8ad599c3a0ff1de082011efddc58f1908eb6e6d8
2026-07-27 00:00:00.000 UTC,uniswap_v3_0.3_ethusdc,1k-10k,999,4199352.975153461,2210.9820746689334,0x8ad599c3a0ff1de082011efddc58f1908eb6e6d8
2026-07-27 00:00:00.000 UTC,uniswap_v3_0.3_ethusdt,0.5k-1k,185,140211.57315770304,73.94764742731181,0x4e68ccd3e89f51c3074ca5072bbac773960dfa36
2026-07-27 00:00:00.000 UTC,uniswap_v3_0.3_ethusdt,100k+,407,87024392.75286244,45957.5729890554,0x4e68ccd3e89f51c3074ca5072bbac773960dfa36
2026-07-27 00:00:00.000 UTC,uniswap_v3_0.3_ethusdt,10k-100k,1154,46606197.20864216,24556.515792588023,0x4e68ccd3e89f51c3074ca5072bbac773960dfa36
2026-07-27 00:00:00.000 UTC,uniswap_v3_0.3_ethusdt,1k-10k,449,1942283.7179227334,1023.6804965657707,0x4e68ccd3e89f51c3074ca5072bbac773960dfa36
2026-07-27 00:00:00.000 UTC,uniswap_v3_1.0_ethusdc,0.5k-1k,41,28749.188814088386,15.249017861044097,0x7bea39867e4169dbe237d55c8242a8f2fcdcc387
2026-07-27 00:00:00.000 UTC,uniswap_v3_1.0_ethusdc,1k-10k,5,5773.405841707722,3.0563243150908876,0x7bea39867e4169dbe237d55c8242a8f2fcdcc387
2026-08-03 00:00:00.000 UTC,curve_usdcwbtcweth,0.5k-1k,2503,1808845.3097780626,724.6528216094766,0x7f86bf177dd4f3494b841a37e810a34dd56c829b
2026-08-03 00:00:00.000 UTC,curve_usdcwbtcweth,10k-100k,38,591522.1662299453,117.5532770511042,0x7f86bf177dd4f3494b841a37e810a34dd56c829b
2026-08-03 00:00:00.000 UTC,curve_usdcwbtcweth,1k-10k,3310,7442830.239207626,2694.676642487073,0x7f86bf177dd4f3494b841a37e810a34dd56c829b
2026-08-03 00:00:00.000 UTC,curve_usdt,0.5k-1k,84,57472.84028360767,25.56379480208117,0xf5f5b97624542d72a9e06f04804bf81baa15e2b4
2026-08-03 00:00:00.000 UTC,curve_usdt,10k-100k,2,33426.56139916555,17.71197466278879,0xf5f5b97624542d72a9e06f04804bf81baa15e2b4
2026-08-03 00:00:00.000 UTC,curve_usdt,1k-10k,71,175249.11227160427,60.69484608628506,0xf5f5b97624542d72a9e06f04804bf81baa15e2b4
2026-08-03 00:00:00.000 UTC,curve_usdtwbtcweth,0.5k-1k,1409,1085096.737748034,448.53303571224006,0xd51a44d3fae010294c616388b506acda1bfaae46
2026-08-03 00:00:00.000 UTC,curve_usdtwbtcweth,10k-100k,41,586427.6380384329,253.52893285730667,0xd51a44d3fae010294c616388b506acda1bfaae46
2026-08-03 00:00:00.000 UTC,curve_usdtwbtcweth,1k-10k,3222,7346557.90494951,2791.773431803113,0xd51a44d3fae010294c616388b506acda1bfaae46
2026-08-03 00:00:00.000 UTC,sushiv2_ethusdt,0.5k-1k,4,2750.748346898495,1.4581377777055076,0x06da0fd433c1a5d7a4faa01111c044910a184553
2026-08-03 00:00:00.000 UTC,sushiv2_usdceth,0.5k-1k,1,593.2581093775801,0.3199999992872773,0x397ff1542f962076d0bfe58ea045ffa2d347aca0
2026-08-03 00:00:00.000 UTC,uniswap_v3_0.01_ethusdc,0.5k-1k,10932,8132893.0993573265,4294.954872321104,0xe0554a476a092703abdb3ef35c80e0d76d32939f
2026-08-03 00:00:00.000 UTC,uniswap_v3_0.01_ethusdc,100k+,110,28934782.071940295,15188.335014106278,0xe0554a476a092703abdb3ef35c80e0d76d32939f
2026-08-03 00:00:00.000 UTC,uniswap_v3_0.01_ethusdc,10k-100k,1469,29316404.080258776,15489.229918926503,0xe0554a476a092703abdb3ef35c80e0d76d32939f
2026-08-03 00:00:00.000 UTC,uniswap_v3_0.01_ethusdc,1k-10k,30248,92192709.3154082,48772.80779526092,0xe0554a476a092703abdb3ef35c80e0d76d32939f
2026-08-03 00:00:00.000 UTC,uniswap_v3_0.01_ethusdt,0.5k-1k,11746,8624418.55922999,4560.437504599208,0xc7bbec68d12a0d1830360f8ec58fa599ba1b0e9b
2026-08-03 00:00:00.000 UTC,uniswap_v3_0.01_ethusdt,100k+,122,32168644.933287315,16887.639242102567,0xc7bbec68d12a0d1830360f8ec58fa599ba1b0e9b
2026-08-03 00:00:00.000 UTC,uniswap_v3_0.01_ethusdt,10k-100k,377,10942073.81138832,5780.479425019321,0xc7bbec68d12a0d1830360f8ec58fa599ba1b0e9b
2026-08-03 00:00:00.000 UTC,uniswap_v3_0.01_ethusdt,1k-10k,14198,29193788.315893188,15404.809429186766,0xc7bbec68d12a0d1830360f8ec58fa599ba1b0e9b
2026-08-03 00:00:00.000 UTC,uniswap_v3_0.05_ethusdc,0.5k-1k,1258,939664.2081639088,496.8785015735325,0x88e6a0c2ddd26feeb64f039a2c41296fcb3f5640
2026-08-03 00:00:00.000 UTC,uniswap_v3_0.05_ethusdc,100k+,1018,189742342.00388777,99763.59891169726,0x88e6a0c2ddd26feeb64f039a2c41296fcb3f5640
2026-08-03 00:00:00.000 UTC,uniswap_v3_0.05_ethusdc,10k-100k,6368,228734293.84495753,121056.30663946338,0x88e6a0c2ddd26feeb64f039a2c41296fcb3f5640
2026-08-03 00:00:00.000 UTC,uniswap_v3_0.05_ethusdc,1k-10k,4320,18780820.10063615,9949.071763756372,0x88e6a0c2ddd26feeb64f039a2c41296fcb3f5640
2026-08-03 00:00:00.000 UTC,uniswap_v3_0.05_ethusdt,0.5k-1k,858,643978.2717113764,340.02835291929244,0x11b815efb8f581194ae79006d24e0d814b7697f6
2026-08-03 00:00:00.000 UTC,uniswap_v3_0.05_ethusdt,100k+,20,2857983.5142718367,1520.0288374108873,0x11b815efb8f581194ae79006d24e0d814b7697f6
2026-08-03 00:00:00.000 UTC,uniswap_v3_0.05_ethusdt,10k-100k,2422,53035801.9228273,28316.30552320378,0x11b815efb8f581194ae79006d24e0d814b7697f6
2026-08-03 00:00:00.000 UTC,uniswap_v3_0.05_ethusdt,1k-10k,6155,26621205.568418447,14113.613015108363,0x11b815efb8f581194ae79006d24e0d814b7697f6
2026-08-03 00:00:00.000 UTC,uniswap_v3_0.3_ethusdc,0.5k-1k,93,75479.85427619918,40.05985935039219,0x8ad599c3a0ff1de082011efddc58f1908eb6e6d8
2026-08-03 00:00:00.000 UTC,uniswap_v3_0.3_ethusdc,100k+,1,112220.4353966746,59.33570671538566,0x8ad599c3a0ff1de082011efddc58f1908eb6e6d8
2026-08-03 00:00:00.000 UTC,uniswap_v3_0.3_ethusdc,10k-100k,191,4375530.453050955,2344.529352368664,0x8ad599c3a0ff1de082011efddc58f1908eb6e6d8
2026-08-03 00:00:00.000 UTC,uniswap_v3_0.3_ethusdc,1k-10k,537,2113106.1295521455,1123.019139704131,0x8ad599c3a0ff1de082011efddc58f1908eb6e6d8
2026-08-03 00:00:00.000 UTC,uniswap_v3_0.3_ethusdt,0.5k-1k,157,117026.7814874217,62.12705414369873,0x4e68ccd3e89f51c3074ca5072bbac773960dfa36
2026-08-03 00:00:00.000 UTC,uniswap_v3_0.3_ethusdt,100k+,200,43579326.526139885,23196.612528621812,0x4e68ccd3e89f51c3074ca5072bbac773960dfa36
2026-08-03 00:00:00.000 UTC,uniswap_v3_0.3_ethusdt,10k-100k,625,24232309.284865174,12873.2183062817,0x4e68ccd3e89f51c3074ca5072bbac773960dfa36
2026-08-03 00:00:00.000 UTC,uniswap_v3_0.3_ethusdt,1k-10k,302,1338845.4899949995,712.3211089732897,0x4e68ccd3e89f51c3074ca5072bbac773960dfa36
2026-08-03 00:00:00.000 UTC,uniswap_v3_1.0_ethusdc,0.5k-1k,12,8413.7073237809,4.4536274582567845,0x7bea39867e4169dbe237d55c8242a8f2fcdcc387
2026-08-10 00:00:00.000 UTC,curve_usdcwbtcweth,0.5k-1k,2406,1685732.4737521347,645.9298265821536,0x7f86bf177dd4f3494b841a37e810a34dd56c829b
2026-08-10 00:00:00.000 UTC,curve_usdcwbtcweth,10k-100k,19,248846.4891192813,120.13139006364786,0x7f86bf177dd4f3494b841a37e810a34dd56c829b
2026-08-10 00:00:00.000 UTC,curve_usdcwbtcweth,1k-10k,2015,4180382.052374056,1485.1001465135914,0x7f86bf177dd4f3494b841a37e810a34dd56c829b
2026-08-10 00:00:00.000 UTC,curve_usdt,0.5k-1k,118,82361.8305927518,33.356333289838986,0xf5f5b97624542d72a9e06f04804bf81baa15e2b4
2026-08-10 00:00:00.000 UTC,curve_usdt,10k-100k,3,37283.427037945075,19.83466643425639,0xf5f5b97624542d72a9e06f04804bf81baa15e2b4
2026-08-10 00:00:00.000 UTC,curve_usdt,1k-10k,87,195660.2754915613,82.63850745223988,0xf5f5b97624542d72a9e06f04804bf81baa15e2b4
2026-08-10 00:00:00.000 UTC,curve_usdtwbtcweth,0.5k-1k,1549,1167646.0120265875,474.99571858106145,0xd51a44d3fae010294c616388b506acda1bfaae46
2026-08-10 00:00:00.000 UTC,curve_usdtwbtcweth,10k-100k,33,401975.7324611555,187.77165201200847,0xd51a44d3fae010294c616388b506acda1bfaae46
2026-08-10 00:00:00.000 UTC,curve_usdtwbtcweth,1k-10k,2132,4713339.830618285,1837.7263295811583,0xd51a44d3fae010294c616388b506acda1bfaae46
2026-08-10 00:00:00.000 UTC,sushiv2_ethusdt,0.5k-1k,3,1865.7250834096437,0.991934303641141,0x06da0fd433c1a5d7a4faa01111c044910a184553
2026-08-10 00:00:00.000 UTC,uniswap_v3_0.01_ethusdc,0.5k-1k,11731,8713968.740445752,4625.536673083981,0xe0554a476a092703abdb3ef35c80e0d76d32939f
2026-08-10 00:00:00.000 UTC,uniswap_v3_0.01_ethusdc,100k+,139,62892528.68651456,33174.29539429975,0xe0554a476a092703abdb3ef35c80e0d76d32939f
2026-08-10 00:00:00.000 UTC,uniswap_v3_0.01_ethusdc,10k-100k,1659,29607301.003486406,15718.459342688737,0xe0554a476a092703abdb3ef35c80e0d76d32939f
2026-08-10 00:00:00.000 UTC,uniswap_v3_0.01_ethusdc,1k-10k,31979,99314164.57856545,52708.0479873652,0xe0554a476a092703abdb3ef35c80e0d76d32939f
2026-08-10 00:00:00.000 UTC,uniswap_v3_0.01_ethusdt,0.5k-1k,13460,9813691.177368823,5208.536523241404,0xc7bbec68d12a0d1830360f8ec58fa599ba1b0e9b
2026-08-10 00:00:00.000 UTC,uniswap_v3_0.01_ethusdt,100k+,97,21166028.64103306,11393.007914187989,0xc7bbec68d12a0d1830360f8ec58fa599ba1b0e9b
2026-08-10 00:00:00.000 UTC,uniswap_v3_0.01_ethusdt,10k-100k,304,10823931.705998398,5757.304250755316,0xc7bbec68d12a0d1830360f8ec58fa599ba1b0e9b
2026-08-10 00:00:00.000 UTC,uniswap_v3_0.01_ethusdt,1k-10k,14668,29580836.934001263,15691.784584293033,0xc7bbec68d12a0d1830360f8ec58fa599ba1b0e9b
2026-08-10 00:00:00.000 UTC,uniswap_v3_0.05_ethusdc,0.5k-1k,1118,842183.0508677356,447.39092382994806,0x88e6a0c2ddd26feeb64f039a2c41296fcb3f5640
2026-08-10 00:00:00.000 UTC,uniswap_v3_0.05_ethusdc,100k+,671,138103378.8702354,72939.65384793568,0x88e6a0c2ddd26feeb64f039a2c41296fcb3f5640
2026-08-10 00:00:00.000 UTC,uniswap_v3_0.05_ethusdc,10k-100k,5397,181642994.76036918,96318.948567069,0x88e6a0c2ddd26feeb64f039a2c41296fcb3f5640
2026-08-10 00:00:00.000 UTC,uniswap_v3_0.05_ethusdc,1k-10k,4205,18584983.161423627,9869.244424126204,0x88e6a0c2ddd26feeb64f039a2c41296fcb3f5640
2026-08-10 00:00:00.000 UTC,uniswap_v3_0.05_ethusdt,0.5k-1k,857,649594.3632138387,344.7774485550125,0x11b815efb8f581194ae79006d24e0d814b7697f6
2026-08-10 00:00:00.000 UTC,uniswap_v3_0.05_ethusdt,100k+,11,1826106.4007198177,971.3795094853773,0x11b815efb8f581194ae79006d24e0d814b7697f6
2026-08-10 00:00:00.000 UTC,uniswap_v3_0.05_ethusdt,10k-100k,1347,26488711.17654015,14078.933481503658,0x11b815efb8f581194ae79006d24e0d814b7697f6
2026-08-10 00:00:00.000 UTC,uniswap_v3_0.05_ethusdt,1k-10k,6481,25775340.31511168,13681.96191719453,0x11b815efb8f581194ae79006d24e0d814b7697f6
2026-08-10 00:00:00.000 UTC,uniswap_v3_0.3_ethusdc,0.5k-1k,68,53544.961682235975,28.429210616933982,0x8ad599c3a0ff1de082011efddc58f1908eb6e6d8
2026-08-10 00:00:00.000 UTC,uniswap_v3_0.3_ethusdc,10k-100k,60,1077342.4077250278,571.127638496395,0x8ad599c3a0ff1de082011efddc58f1908eb6e6d8
2026-08-10 00:00:00.000 UTC,uniswap_v3_0.3_ethusdc,1k-10k,465,1611679.020823374,854.3413285541089,0x8ad599c3a0ff1de082011efddc58f1908eb6e6d8
2026-08-10 00:00:00.000 UTC,uniswap_v3_0.3_ethusdt,0.5k-1k,85,61326.08030498501,32.530543153928015,0x4e68ccd3e89f51c3074ca5072bbac773960dfa36
2026-08-10 00:00:00.000 UTC,uniswap_v3_0.3_ethusdt,100k+,155,33611088.78132763,17814.669665957885,0x4e68ccd3e89f51c3074ca5072bbac773960dfa36
2026-08-10 00:00:00.000 UTC,uniswap_v3_0.3_ethusdt,10k-100k,492,19535208.405851554,10364.110396173583,0x4e68ccd3e89f51c3074ca5072bbac773960dfa36
2026-08-10 00:00:00.000 UTC,uniswap_v3_0.3_ethusdt,1k-10k,256,1183640.4119168483,628.0169652230617,0x4e68ccd3e89f51c3074ca5072bbac773960dfa36
2026-08-10 00:00:00.000 UTC,uniswap_v3_1.0_ethusdc,0.5k-1k,12,7790.63001252849,4.138419848062,0x7bea39867e4169dbe237d55c8242a8f2fcdcc387
2026-08-10 00:00:00.000 UTC,uniswap_v3_1.0_ethusdc,1k-10k,1,1387.5449218124127,0.7325190563941762,0x7bea39867e4169dbe237d55c8242a8f2fcdcc387
2026-08-17 00:00:00.000 UTC,curve_usdcwbtcweth,0.5k-1k,1973,1332695.6390497042,441.9583015880561,0x7f86bf177dd4f3494b841a37e810a34dd56c829b
2026-08-17 00:00:00.000 UTC,curve_usdcwbtcweth,10k-100k,9,109585.09837810036,47.84062526685016,0x7f86bf177dd4f3494b841a37e810a34dd56c829b
2026-08-17 00:00:00.000 UTC,curve_usdcwbtcweth,1k-10k,1289,2639374.0697676777,839.8248835939446,0x7f86bf177dd4f3494b841a37e810a34dd56c829b
2026-08-17 00:00:00.000 UTC,curve_usdt,0.5k-1k,141,100937.57306939377,28.186349105473347,0xf5f5b97624542d72a9e06f04804bf81baa15e2b4
2026-08-17 00:00:00.000 UTC,curve_usdt,10k-100k,28,512226.45038586936,207.9705065139591,0xf5f5b97624542d72a9e06f04804bf81baa15e2b4
2026-08-17 00:00:00.000 UTC,curve_usdt,1k-10k,419,1239672.4214088062,378.3965687058251,0xf5f5b97624542d72a9e06f04804bf81baa15e2b4
2026-08-17 00:00:00.000 UTC,curve_usdtwbtcweth,0.5k-1k,1517,1132003.3050179721,426.77585143361085,0xd51a44d3fae010294c616388b506acda1bfaae46
2026-08-17 00:00:00.000 UTC,curve_usdtwbtcweth,10k-100k,149,2461328.0043557095,826.2377903375275,0xd51a44d3fae010294c616388b506acda1bfaae46
2026-08-17 00:00:00.000 UTC,curve_usdtwbtcweth,1k-10k,4000,10443447.250605898,3401.188500231068,0xd51a44d3fae010294c616388b506acda1bfaae46
2026-08-17 00:00:00.000 UTC,sushiv2_ethusdt,0.5k-1k,68,44294.60675456241,19.27422263123621,0x06da0fd433c1a5d7a4faa01111c044910a184553
2026-08-17 00:00:00.000 UTC,sushiv2_ethusdt,1k-10k,22,36682.62008996435,16.19983655708444,0x06da0fd433c1a5d7a4faa01111c044910a184553
2026-08-17 00:00:00.000 UTC,sushiv2_usdceth,0.5k-1k,27,18102.666289586567,7.883906995277883,0x397ff1542f962076d0bfe58ea045ffa2d347aca0
2026-08-17 00:00:00.000 UTC,sushiv2_usdceth,1k-10k,7,8001.314325932242,3.5401222898805407,0x397ff1542f962076d0bfe58ea045ffa2d347aca0
2026-08-17 00:00:00.000 UTC,uniswap_v3_0.01_ethusdc,0.5k-1k,16765,12393397.172188552,5556.048869211148,0xe0554a476a092703abdb3ef35c80e0d76d32939f
2026-08-17 00:00:00.000 UTC,uniswap_v3_0.01_ethusdc,100k+,391,117237557.71436699,52675.299658914766,0xe0554a476a092703abdb3ef35c80e0d76d32939f
2026-08-17 00:00:00.000 UTC,uniswap_v3_0.01_ethusdc,10k-100k,8124,154855319.08825734,68194.21125938582,0xe0554a476a092703abdb3ef35c80e0d76d32939f
2026-08-17 00:00:00.000 UTC,uniswap_v3_0.01_ethusdc,1k-10k,57257,202714517.1440072,90287.92545860603,0xe0554a476a092703abdb3ef35c80e0d76d32939f
2026-08-17 00:00:00.000 UTC,uniswap_v3_0.01_ethusdt,0.5k-1k,16828,12444819.186535545,5655.50046758387,0xc7bbec68d12a0d1830360f8ec58fa599ba1b0e9b
2026-08-17 00:00:00.000 UTC,uniswap_v3_0.01_ethusdt,100k+,202,53186080.22242057,26997.13517619192,0xc7bbec68d12a0d1830360f8ec58fa599ba1b0e9b
2026-08-17 00:00:00.000 UTC,uniswap_v3_0.01_ethusdt,10k-100k,2035,41485598.81571938,18572.070822389054,0xc7bbec68d12a0d1830360f8ec58fa599ba1b0e9b
2026-08-17 00:00:00.000 UTC,uniswap_v3_0.01_ethusdt,1k-10k,32348,83917187.10389411,37288.01981535362,0xc7bbec68d12a0d1830360f8ec58fa599ba1b0e9b
2026-08-17 00:00:00.000 UTC,uniswap_v3_0.05_ethusdc,0.5k-1k,2375,1738376.5020019964,771.6079021647952,0x88e6a0c2ddd26feeb64f039a2c41296fcb3f5640
2026-08-17 00:00:00.000 UTC,uniswap_v3_0.05_ethusdc,100k+,2096,451343591.25437987,209577.45257683337,0x88e6a0c2ddd26feeb64f039a2c41296fcb3f5640
2026-08-17 00:00:00.000 UTC,uniswap_v3_0.05_ethusdc,10k-100k,13484,473794110.445842,212204.53802859454,0x88e6a0c2ddd26feeb64f039a2c41296fcb3f5640
2026-08-17 00:00:00.000 UTC,uniswap_v3_0.05_ethusdc,1k-10k,10787,48079115.11528909,21146.136686302583,0x88e6a0c2ddd26feeb64f039a2c41296fcb3f5640
2026-08-17 00:00:00.000 UTC,uniswap_v3_0.05_ethusdt,0.5k-1k,2211,1676758.1163332206,738.160932860986,0x11b815efb8f581194ae79006d24e0d814b7697f6
2026-08-17 00:00:00.000 UTC,uniswap_v3_0.05_ethusdt,100k+,32,6453006.778352095,2831.389860394959,0x11b815efb8f581194ae79006d24e0d814b7697f6
2026-08-17 00:00:00.000 UTC,uniswap_v3_0.05_ethusdt,10k-100k,2718,61128303.23338717,27182.272774078825,0x11b815efb8f581194ae79006d24e0d814b7697f6
2026-08-17 00:00:00.000 UTC,uniswap_v3_0.05_ethusdt,1k-10k,15268,58341322.07631484,25919.499952902093,0x11b815efb8f581194ae79006d24e0d814b7697f6
2026-08-17 00:00:00.000 UTC,uniswap_v3_0.3_ethusdc,0.5k-1k,139,112166.89850694574,52.123138545934076,0x8ad599c3a0ff1de082011efddc58f1908eb6e6d8
2026-08-17 00:00:00.000 UTC,uniswap_v3_0.3_ethusdc,100k+,113,23113002.13619772,9528.210335942445,0x8ad599c3a0ff1de082011efddc58f1908eb6e6d8
2026-08-17 00:00:00.000 UTC,uniswap_v3_0.3_ethusdc,10k-100k,1083,32340816.382078156,13656.551618915166,0x8ad599c3a0ff1de082011efddc58f1908eb6e6d8
2026-08-17 00:00:00.000 UTC,uniswap_v3_0.3_ethusdc,1k-10k,1056,4876602.082936874,2151.5030662950903,0x8ad599c3a0ff1de082011efddc58f1908eb6e6d8
2026-08-17 00:00:00.000 UTC,uniswap_v3_0.3_ethusdt,0.5k-1k,288,209313.95802811877,89.25316491832412,0x4e68ccd3e89f51c3074ca5072bbac773960dfa36
2026-08-17 00:00:00.000 UTC,uniswap_v3_0.3_ethusdt,100k+,1067,363315849.65187716,155743.06776409782,0x4e68ccd3e89f51c3074ca5072bbac773960dfa36
2026-08-17 00:00:00.000 UTC,uniswap_v3_0.3_ethusdt,10k-100k,1728,74113726.49711859,32440.793952107073,0x4e68ccd3e89f51c3074ca5072bbac773960dfa36
2026-08-17 00:00:00.000 UTC,uniswap_v3_0.3_ethusdt,1k-10k,1064,4761785.901421295,2093.9776891482725,0x4e68ccd3e89f51c3074ca5072bbac773960dfa36
2026-08-17 00:00:00.000 UTC,uniswap_v3_1.0_ethusdc,0.5k-1k,70,49790.46039339446,21.59849993419556,0x7bea39867e4169dbe237d55c8242a8f2fcdcc387
2026-08-17 00:00:00.000 UTC,uniswap_v3_1.0_ethusdc,1k-10k,57,130495.41171686468,58.271407630256334,0x7bea39867e4169dbe237d55c8242a8f2fcdcc387
2026-08-24 00:00:00.000 UTC,curve_usdcwbtcweth,0.5k-1k,2700,1816853.9324269963,546.0305853555079,0x7f86bf177dd4f3494b841a37e810a34dd56c829b
2026-08-24 00:00:00.000 UTC,curve_usdcwbtcweth,10k-100k,5,62581.70936542165,25.210695311275924,0x7f86bf177dd4f3494b841a37e810a34dd56c829b
2026-08-24 00:00:00.000 UTC,curve_usdcwbtcweth,1k-10k,1787,3498081.6662067096,968.2960035349222,0x7f86bf177dd4f3494b841a37e810a34dd56c829b
2026-08-24 00:00:00.000 UTC,curve_usdt,0.5k-1k,224,161408.43521850524,45.22258921574339,0xf5f5b97624542d72a9e06f04804bf81baa15e2b4
2026-08-24 00:00:00.000 UTC,curve_usdt,10k-100k,38,832620.7668496033,220.09146414982206,0xf5f5b97624542d72a9e06f04804bf81baa15e2b4
2026-08-24 00:00:00.000 UTC,curve_usdt,1k-10k,534,1566974.2557661843,465.0888075429899,0xf5f5b97624542d72a9e06f04804bf81baa15e2b4
2026-08-24 00:00:00.000 UTC,curve_usdtwbtcweth,0.5k-1k,1987,1516875.3960212588,446.56378015625677,0xd51a44d3fae010294c616388b506acda1bfaae46
2026-08-24 00:00:00.000 UTC,curve_usdtwbtcweth,10k-100k,136,1910403.874242444,623.9999407957882,0xd51a44d3fae010294c616388b506acda1bfaae46
2026-08-24 00:00:00.000 UTC,curve_usdtwbtcweth,1k-10k,5209,12643434.665984973,3812.7357496370128,0xd51a44d3fae010294c616388b506acda1bfaae46
2026-08-24 00:00:00.000 UTC,sushiv2_ethusdt,0.5k-1k,34,21725.256476635866,8.768798993674148,0x06da0fd433c1a5d7a4faa01111c044910a184553
2026-08-24 00:00:00.000 UTC,sushiv2_ethusdt,1k-10k,3,3727.2353429497657,1.5034206152266463,0x06da0fd433c1a5d7a4faa01111c044910a184553
2026-08-24 00:00:00.000 UTC,sushiv2_usdceth,0.5k-1k,3,1892.961375915677,0.7654809340380881,0x397ff1542f962076d0bfe58ea045ffa2d347aca0
2026-08-24 00:00:00.000 UTC,uniswap_v3_0.01_ethusdc,0.5k-1k,18719,13837056.870490858,5593.939670728121,0xe0554a476a092703abdb3ef35c80e0d76d32939f
2026-08-24 00:00:00.000 UTC,uniswap_v3_0.01_ethusdc,100k+,285,86588280.73108956,35167.64092180745,0xe0554a476a092703abdb3ef35c80e0d76d32939f
2026-08-24 00:00:00.000 UTC,uniswap_v3_0.01_ethusdc,10k-100k,2880,53812230.9620933,21722.803385721636,0xe0554a476a092703abdb3ef35c80e0d76d32939f
2026-08-24 00:00:00.000 UTC,uniswap_v3_0.01_ethusdc,1k-10k,51298,157735097.84779212,63694.28341758344,0xe0554a476a092703abdb3ef35c80e0d76d32939f
2026-08-24 00:00:00.000 UTC,uniswap_v3_0.01_ethusdt,0.5k-1k,17422,12692370.550262641,5132.7992296594275,0xc7bbec68d12a0d1830360f8ec58fa599ba1b0e9b
2026-08-24 00:00:00.000 UTC,uniswap_v3_0.01_ethusdt,100k+,90,22684259.289508358,9416.96814226345,0xc7bbec68d12a0d1830360f8ec58fa599ba1b0e9b
2026-08-24 00:00:00.000 UTC,uniswap_v3_0.01_ethusdt,10k-100k,483,13718131.529523354,5529.293438182976,0xc7bbec68d12a0d1830360f8ec58fa599ba1b0e9b
2026-08-24 00:00:00.000 UTC,uniswap_v3_0.01_ethusdt,1k-10k,24226,51479650.640726924,20730.042546287546,0xc7bbec68d12a0d1830360f8ec58fa599ba1b0e9b
2026-08-24 00:00:00.000 UTC,uniswap_v3_0.05_ethusdc,0.5k-1k,1900,1415842.2491414933,571.6511287689366,0x88e6a0c2ddd26feeb64f039a2c41296fcb3f5640
2026-08-24 00:00:00.000 UTC,uniswap_v3_0.05_ethusdc,100k+,819,148683891.779728,60021.17949342648,0x88e6a0c2ddd26feeb64f039a2c41296fcb3f5640
2026-08-24 00:00:00.000 UTC,uniswap_v3_0.05_ethusdc,10k-100k,10571,332044196.5538132,134019.55265443405,0x88e6a0c2ddd26feeb64f039a2c41296fcb3f5640
2026-08-24 00:00:00.000 UTC,uniswap_v3_0.05_ethusdc,1k-10k,10092,45937833.03611483,18560.937743673294,0x88e6a0c2ddd26feeb64f039a2c41296fcb3f5640
2026-08-24 00:00:00.000 UTC,uniswap_v3_0.05_ethusdt,0.5k-1k,1903,1441657.0266343572,583.0676362236441,0x11b815efb8f581194ae79006d24e0d814b7697f6
2026-08-24 00:00:00.000 UTC,uniswap_v3_0.05_ethusdt,100k+,14,2041589.6409594486,822.5245655217321,0x11b815efb8f581194ae79006d24e0d814b7697f6
2026-08-24 00:00:00.000 UTC,uniswap_v3_0.05_ethusdt,10k-100k,1861,35058277.32272436,14114.681826622284,0x11b815efb8f581194ae79006d24e0d814b7697f6
2026-08-24 00:00:00.000 UTC,uniswap_v3_0.05_ethusdt,1k-10k,12555,47062300.01179979,18991.054629419712,0x11b815efb8f581194ae79006d24e0d814b7697f6
2026-08-24 00:00:00.000 UTC,uniswap_v3_0.3_ethusdc,0.5k-1k,60,45343.97954836785,18.338248246787806,0x8ad599c3a0ff1de082011efddc58f1908eb6e6d8
2026-08-24 00:00:00.000 UTC,uniswap_v3_0.3_ethusdc,100k+,90,15387753.91803968,6217.57441206982,0x8ad599c3a0ff1de082011efddc58f1908eb6e6d8
2026-08-24 00:00:00.000 UTC,uniswap_v3_0.3_ethusdc,10k-100k,1133,34638079.387197666,13984.111197377068,0x8ad599c3a0ff1de082011efddc58f1908eb6e6d8
2026-08-24 00:00:00.000 UTC,uniswap_v3_0.3_ethusdc,1k-10k,691,3555047.7188809244,1437.3460793977515,0x8ad599c3a0ff1de082011efddc58f1908eb6e6d8
2026-08-24 00:00:00.000 UTC,uniswap_v3_0.3_ethusdt,0.5k-1k,140,101658.6720832502,41.07462958608798,0x4e68ccd3e89f51c3074ca5072bbac773960dfa36
2026-08-24 00:00:00.000 UTC,uniswap_v3_0.3_ethusdt,100k+,905,300080104.1250761,121188.07180649247,0x4e68ccd3e89f51c3074ca5072bbac773960dfa36
2026-08-24 00:00:00.000 UTC,uniswap_v3_0.3_ethusdt,10k-100k,1338,58229505.72135982,23524.43709326196,0x4e68ccd3e89f51c3074ca5072bbac773960dfa36
2026-08-24 00:00:00.000 UTC,uniswap_v3_0.3_ethusdt,1k-10k,622,2972677.510343338,1201.5170553613705,0x4e68ccd3e89f51c3074ca5072bbac773960dfa36
2026-08-24 00:00:00.000 UTC,uniswap_v3_1.0_ethusdc,0.5k-1k,48,32803.02909037244,13.268062960374499,0x7bea39867e4169dbe237d55c8242a8f2fcdcc387
2026-08-24 00:00:00.000 UTC,uniswap_v3_1.0_ethusdc,1k-10k,23,36416.7035652305,14.751091444761325,0x7bea39867e4169dbe237d55c8242a8f2fcdcc387
2026-08-31 00:00:00.000 UTC,curve_usdcwbtcweth,0.5k-1k,2410,1621228.6681832979,496.8035961147587,0x7f86bf177dd4f3494b841a37e810a34dd56c829b
2026-08-31 00:00:00.000 UTC,curve_usdcwbtcweth,10k-100k,6,97131.3389139961,30.56999469255953,0x7f86bf177dd4f3494b841a37e810a34dd56c829b
2026-08-31 00:00:00.000 UTC,curve_usdcwbtcweth,1k-10k,1446,2806016.3784097065,802.8365640874065,0x7f86bf177dd4f3494b841a37e810a34dd56c829b
2026-08-31 00:00:00.000 UTC,curve_usdt,0.5k-1k,167,122474.75839572714,36.19221771992414,0xf5f5b97624542d72a9e06f04804bf81baa15e2b4
2026-08-31 00:00:00.000 UTC,curve_usdt,10k-100k,41,827243.6026414465,270.8406336947945,0xf5f5b97624542d72a9e06f04804bf81baa15e2b4
2026-08-31 00:00:00.000 UTC,curve_usdt,1k-10k,398,1037561.1853504252,292.83303829074333,0xf5f5b97624542d72a9e06f04804bf81baa15e2b4
2026-08-31 00:00:00.000 UTC,curve_usdtwbtcweth,0.5k-1k,1716,1312966.9716161124,423.4470147055465,0xd51a44d3fae010294c616388b506acda1bfaae46
2026-08-31 00:00:00.000 UTC,curve_usdtwbtcweth,10k-100k,87,1295994.3762869653,383.8163719647723,0xd51a44d3fae010294c616388b506acda1bfaae46
2026-08-31 00:00:00.000 UTC,curve_usdtwbtcweth,1k-10k,4029,9395282.138795543,2795.307758300623,0xd51a44d3fae010294c616388b506acda1bfaae46
2026-08-31 00:00:00.000 UTC,sushiv2_ethusdt,0.5k-1k,20,13563.53323836523,5.503525777368291,0x06da0fd433c1a5d7a4faa01111c044910a184553
2026-08-31 00:00:00.000 UTC,sushiv2_ethusdt,1k-10k,44,101864.47597054025,41.40960302574867,0x06da0fd433c1a5d7a4faa01111c044910a184553
2026-08-31 00:00:00.000 UTC,sushiv2_usdceth,0.5k-1k,1,583.28265817854,0.23273164711049352,0x397ff1542f962076d0bfe58ea045ffa2d347aca0
2026-08-31 00:00:00.000 UTC,sushiv2_usdceth,1k-10k,1,1028.100987275175,0.4181455502848718,0x397ff1542f962076d0bfe58ea045ffa2d347aca0
2026-08-31 00:00:00.000 UTC,uniswap_v3_0.01_ethusdc,0.5k-1k,16444,12049602.31657061,4907.6002022398625,0xe0554a476a092703abdb3ef35c80e0d76d32939f
2026-08-31 00:00:00.000 UTC,uniswap_v3_0.01_ethusdc,100k+,194,54702585.17898409,22309.51723970886,0xe0554a476a092703abdb3ef35c80e0d76d32939f
2026-08-31 00:00:00.000 UTC,uniswap_v3_0.01_ethusdc,10k-100k,2415,48220787.21666465,19616.81537763668,0xe0554a476a092703abdb3ef35c80e0d76d32939f
2026-08-31 00:00:00.000 UTC,uniswap_v3_0.01_ethusdc,1k-10k,48057,148537842.2077965,60578.73113093946,0xe0554a476a092703abdb3ef35c80e0d76d32939f
2026-08-31 00:00:00.000 UTC,uniswap_v3_0.01_ethusdt,0.5k-1k,16375,11790831.822562544,4805.027350108906,0xc7bbec68d12a0d1830360f8ec58fa599ba1b0e9b
2026-08-31 00:00:00.000 UTC,uniswap_v3_0.01_ethusdt,100k+,107,24652532.76812858,10263.947048720467,0xc7bbec68d12a0d1830360f8ec58fa599ba1b0e9b
2026-08-31 00:00:00.000 UTC,uniswap_v3_0.01_ethusdt,10k-100k,453,13727378.406578366,5600.253311939059,0xc7bbec68d12a0d1830360f8ec58fa599ba1b0e9b
2026-08-31 00:00:00.000 UTC,uniswap_v3_0.01_ethusdt,1k-10k,18952,38498047.279987335,15695.9253362614,0xc7bbec68d12a0d1830360f8ec58fa599ba1b0e9b
2026-08-31 00:00:00.000 UTC,uniswap_v3_0.05_ethusdc,0.5k-1k,2364,1755474.4774811172,712.6765945628699,0x88e6a0c2ddd26feeb64f039a2c41296fcb3f5640
2026-08-31 00:00:00.000 UTC,uniswap_v3_0.05_ethusdc,100k+,656,116287030.97131754,47215.69536898777,0x88e6a0c2ddd26feeb64f039a2c41296fcb3f5640
2026-08-31 00:00:00.000 UTC,uniswap_v3_0.05_ethusdc,10k-100k,9859,302112500.79711306,123233.23018805495,0x88e6a0c2ddd26feeb64f039a2c41296fcb3f5640
2026-08-31 00:00:00.000 UTC,uniswap_v3_0.05_ethusdc,1k-10k,10679,47927330.99948984,19552.18662464767,0x88e6a0c2ddd26feeb64f039a2c41296fcb3f5640
2026-08-31 00:00:00.000 UTC,uniswap_v3_0.05_ethusdt,0.5k-1k,1985,1494528.2222605036,624.1294394925187,0x11b815efb8f581194ae79006d24e0d814b7697f6
2026-08-31 00:00:00.000 UTC,uniswap_v3_0.05_ethusdt,100k+,31,23761551.51491357,9569.203504019377,0x11b815efb8f581194ae79006d24e0d814b7697f6
2026-08-31 00:00:00.000 UTC,uniswap_v3_0.05_ethusdt,10k-100k,1052,20863910.747164182,8475.025623043124,0x11b815efb8f581194ae79006d24e0d814b7697f6
2026-08-31 00:00:00.000 UTC,uniswap_v3_0.05_ethusdt,1k-10k,11123,37708892.902866356,15369.12072558845,0x11b815efb8f581194ae79006d24e0d814b7697f6
2026-08-31 00:00:00.000 UTC,uniswap_v3_0.3_ethusdc,0.5k-1k,70,50514.82481921818,20.623065083944955,0x8ad599c3a0ff1de082011efddc58f1908eb6e6d8
2026-08-31 00:00:00.000 UTC,uniswap_v3_0.3_ethusdc,100k+,46,8150856.784984702,3301.259120772704,0x8ad599c3a0ff1de082011efddc58f1908eb6e6d8
2026-08-31 00:00:00.000 UTC,uniswap_v3_0.3_ethusdc,10k-100k,835,22439606.01528368,9148.627508475616,0x8ad599c3a0ff1de082011efddc58f1908eb6e6d8
2026-08-31 00:00:00.000 UTC,uniswap_v3_0.3_ethusdc,1k-10k,853,4115953.5293140137,1683.7969360036268,0x8ad599c3a0ff1de082011efddc58f1908eb6e6d8
2026-08-31 00:00:00.000 UTC,uniswap_v3_0.3_ethusdt,0.5k-1k,158,118513.3757878698,48.27957828397092,0x4e68ccd3e89f51c3074ca5072bbac773960dfa36
2026-08-31 00:00:00.000 UTC,uniswap_v3_0.3_ethusdt,100k+,705,193526050.36177272,79074.41856190303,0x4e68ccd3e89f51c3074ca5072bbac773960dfa36
2026-08-31 00:00:00.000 UTC,uniswap_v3_0.3_ethusdt,10k-100k,1206,52277188.9557385,21383.06939985462,0x4e68ccd3e89f51c3074ca5072bbac773960dfa36
2026-08-31 00:00:00.000 UTC,uniswap_v3_0.3_ethusdt,1k-10k,699,3285911.716071257,1345.5852758086917,0x4e68ccd3e89f51c3074ca5072bbac773960dfa36
2026-08-31 00:00:00.000 UTC,uniswap_v3_1.0_ethusdc,0.5k-1k,36,24839.99749911306,10.16592935346545,0x7bea39867e4169dbe237d55c8242a8f2fcdcc387
2026-08-31 00:00:00.000 UTC,uniswap_v3_1.0_ethusdc,1k-10k,7,11353.532853491932,4.592289148618509,0x7bea39867e4169dbe237d55c8242a8f2fcdcc387
2026-09-07 00:00:00.000 UTC,curve_usdcwbtcweth,0.5k-1k,2412,1616127.7908654977,499.14162677563627,0x7f86bf177dd4f3494b841a37e810a34dd56c829b
2026-09-07 00:00:00.000 UTC,curve_usdcwbtcweth,10k-100k,6,94532.14220665679,27.202457376053992,0x7f86bf177dd4f3494b841a37e810a34dd56c829b
2026-09-07 00:00:00.000 UTC,curve_usdcwbtcweth,1k-10k,1486,2940896.6261450546,906.4132651651723,0x7f86bf177dd4f3494b841a37e810a34dd56c829b
2026-09-07 00:00:00.000 UTC,curve_usdt,0.5k-1k,224,159370.40333627397,51.36927567102091,0xf5f5b97624542d72a9e06f04804bf81baa15e2b4
2026-09-07 00:00:00.000 UTC,curve_usdt,10k-100k,35,831908.2783029302,303.6867214452404,0xf5f5b97624542d72a9e06f04804bf81baa15e2b4
2026-09-07 00:00:00.000 UTC,curve_usdt,1k-10k,405,1148645.7378457708,363.7096170622102,0xf5f5b97624542d72a9e06f04804bf81baa15e2b4
2026-09-07 00:00:00.000 UTC,curve_usdtwbtcweth,0.5k-1k,1760,1338279.296117571,432.52826758903905,0xd51a44d3fae010294c616388b506acda1bfaae46
2026-09-07 00:00:00.000 UTC,curve_usdtwbtcweth,10k-100k,116,1986165.6708736385,686.1275576114109,0xd51a44d3fae010294c616388b506acda1bfaae46
2026-09-07 00:00:00.000 UTC,curve_usdtwbtcweth,1k-10k,4084,9840866.160079403,3090.5593616970214,0xd51a44d3fae010294c616388b506acda1bfaae46
2026-09-07 00:00:00.000 UTC,sushiv2_ethusdt,0.5k-1k,25,16339.765528170628,6.398385932593569,0x06da0fd433c1a5d7a4faa01111c044910a184553
2026-09-07 00:00:00.000 UTC,sushiv2_ethusdt,1k-10k,6,14501.296584536653,5.78632072325903,0x06da0fd433c1a5d7a4faa01111c044910a184553
2026-09-07 00:00:00.000 UTC,sushiv2_usdceth,0.5k-1k,10,7943.998912225502,3.1957882512375573,0x397ff1542f962076d0bfe58ea045ffa2d347aca0
2026-09-07 00:00:00.000 UTC,sushiv2_usdceth,1k-10k,2,5709.054285052737,2.3449601083860583,0x397ff1542f962076d0bfe58ea045ffa2d347aca0
2026-09-07 00:00:00.000 UTC,uniswap_v3_0.01_ethusdc,0.5k-1k,15850,11629649.49122681,4660.354100772871,0xe0554a476a092703abdb3ef35c80e0d76d32939f
2026-09-07 00:00:00.000 UTC,uniswap_v3_0.01_ethusdc,100k+,175,51969995.51259945,20813.43811421639,0xe0554a476a092703abdb3ef35c80e0d76d32939f
2026-09-07 00:00:00.000 UTC,uniswap_v3_0.01_ethusdc,10k-100k,2381,44269317.98050779,17692.479438349474,0xe0554a476a092703abdb3ef35c80e0d76d32939f
2026-09-07 00:00:00.000 UTC,uniswap_v3_0.01_ethusdc,1k-10k,40897,124716593.08941945,50028.94663602035,0xe0554a476a092703abdb3ef35c80e0d76d32939f
2026-09-07 00:00:00.000 UTC,uniswap_v3_0.01_ethusdt,0.5k-1k,15282,11072576.468516191,4443.16969168541,0xc7bbec68d12a0d1830360f8ec58fa599ba1b0e9b
2026-09-07 00:00:00.000 UTC,uniswap_v3_0.01_ethusdt,100k+,137,30582375.085515246,12371.716918646358,0xc7bbec68d12a0d1830360f8ec58fa599ba1b0e9b
2026-09-07 00:00:00.000 UTC,uniswap_v3_0.01_ethusdt,10k-100k,427,12749124.772513535,5108.215168738367,0xc7bbec68d12a0d1830360f8ec58fa599ba1b0e9b
2026-09-07 00:00:00.000 UTC,uniswap_v3_0.01_ethusdt,1k-10k,16972,34532996.699311085,13826.656763536843,0xc7bbec68d12a0d1830360f8ec58fa599ba1b0e9b
2026-09-07 00:00:00.000 UTC,uniswap_v3_0.05_ethusdc,0.5k-1k,2844,2067364.9698549923,827.3417127826667,0x88e6a0c2ddd26feeb64f039a2c41296fcb3f5640
2026-09-07 00:00:00.000 UTC,uniswap_v3_0.05_ethusdc,100k+,807,160074313.96425802,63743.23175779715,0x88e6a0c2ddd26feeb64f039a2c41296fcb3f5640
2026-09-07 00:00:00.000 UTC,uniswap_v3_0.05_ethusdc,10k-100k,8716,277279151.7603756,111095.01543158256,0x88e6a0c2ddd26feeb64f039a2c41296fcb3f5640
2026-09-07 00:00:00.000 UTC,uniswap_v3_0.05_ethusdc,1k-10k,9503,40294884.711002186,16157.885483307922,0x88e6a0c2ddd26feeb64f039a2c41296fcb3f5640
2026-09-07 00:00:00.000 UTC,uniswap_v3_0.05_ethusdt,0.5k-1k,1873,1413846.231243332,567.3606398053262,0x11b815efb8f581194ae79006d24e0d814b7697f6
2026-09-07 00:00:00.000 UTC,uniswap_v3_0.05_ethusdt,100k+,7,802575.1685805671,321.39774798280973,0x11b815efb8f581194ae79006d24e0d814b7697f6
2026-09-07 00:00:00.000 UTC,uniswap_v3_0.05_ethusdt,10k-100k,1206,23849015.9913581,9504.705818795064,0x11b815efb8f581194ae79006d24e0d814b7697f6
2026-09-07 00:00:00.000 UTC,uniswap_v3_0.05_ethusdt,1k-10k,9991,34590046.3170854,13865.720936209525,0x11b815efb8f581194ae79006d24e0d814b7697f6
2026-09-07 00:00:00.000 UTC,uniswap_v3_0.3_ethusdc,0.5k-1k,94,67706.14722668931,27.16450488688029,0x8ad599c3a0ff1de082011efddc58f1908eb6e6d8
2026-09-07 00:00:00.000 UTC,uniswap_v3_0.3_ethusdc,100k+,54,10791754.195966594,4308.4053208234,0x8ad599c3a0ff1de082011efddc58f1908eb6e6d8
2026-09-07 00:00:00.000 UTC,uniswap_v3_0.3_ethusdc,10k-100k,941,28196542.771636125,11300.081889725101,0x8ad599c3a0ff1de082011efddc58f1908eb6e6d8
2026-09-07 00:00:00.000 UTC,uniswap_v3_0.3_ethusdc,1k-10k,733,3808840.1091147605,1530.6755338383591,0x8ad599c3a0ff1de082011efddc58f1908eb6e6d8
2026-09-07 00:00:00.000 UTC,uniswap_v3_0.3_ethusdt,0.5k-1k,198,147539.70109827016,59.56332318551114,0x4e68ccd3e89f51c3074ca5072bbac773960dfa36
2026-09-07 00:00:00.000 UTC,uniswap_v3_0.3_ethusdt,100k+,700,207540873.8356514,83109.53770659487,0x4e68ccd3e89f51c3074ca5072bbac773960dfa36
2026-09-07 00:00:00.000 UTC,uniswap_v3_0.3_ethusdt,10k-100k,1235,51896532.56592516,20850.881354145127,0x4e68ccd3e89f51c3074ca5072bbac773960dfa36
2026-09-07 00:00:00.000 UTC,uniswap_v3_0.3_ethusdt,1k-10k,906,4461198.254645211,1787.813112664155,0x4e68ccd3e89f51c3074ca5072bbac773960dfa36
2026-09-07 00:00:00.000 UTC,uniswap_v3_1.0_ethusdc,0.5k-1k,40,26633.703812123786,10.667051300077873,0x7bea39867e4169dbe237d55c8242a8f2fcdcc387
2026-09-07 00:00:00.000 UTC,uniswap_v3_1.0_ethusdc,1k-10k,17,24523.252388329107,9.650004880943442,0x7bea39867e4169dbe237d55c8242a8f2fcdcc387
2026-09-14 00:00:00.000 UTC,curve_usdcwbtcweth,0.5k-1k,1579,1085604.3521534535,348.1290951801639,0x7f86bf177dd4f3494b841a37e810a34dd56c829b
2026-09-14 00:00:00.000 UTC,curve_usdcwbtcweth,10k-100k,13,175215.57579583087,9.63747964103802,0x7f86bf177dd4f3494b841a37e810a34dd56c829b
2026-09-14 00:00:00.000 UTC,curve_usdcwbtcweth,1k-10k,1516,3519610.192134281,1049.7919874489453,0x7f86bf177dd4f3494b841a37e810a34dd56c829b
2026-09-14 00:00:00.000 UTC,curve_usdt,0.5k-1k,106,80730.81240545161,23.95193025894517,0xf5f5b97624542d72a9e06f04804bf81baa15e2b4
2026-09-14 00:00:00.000 UTC,curve_usdt,10k-100k,8,177283.03400402627,71.82212637975293,0xf5f5b97624542d72a9e06f04804bf81baa15e2b4
2026-09-14 00:00:00.000 UTC,curve_usdt,1k-10k,269,677237.6229338812,212.92927645276194,0xf5f5b97624542d72a9e06f04804bf81baa15e2b4
2026-09-14 00:00:00.000 UTC,curve_usdtwbtcweth,0.5k-1k,1090,797895.6421828016,263.1948380716381,0xd51a44d3fae010294c616388b506acda1bfaae46
2026-09-14 00:00:00.000 UTC,curve_usdtwbtcweth,10k-100k,28,395681.56076808966,125.12249176010906,0xd51a44d3fae010294c616388b506acda1bfaae46
2026-09-14 00:00:00.000 UTC,curve_usdtwbtcweth,1k-10k,1508,3302882.7429713183,1086.6918020125559,0xd51a44d3fae010294c616388b506acda1bfaae46
2026-09-14 00:00:00.000 UTC,sushiv2_ethusdt,0.5k-1k,23,13725.033450262426,5.624112811008069,0x06da0fd433c1a5d7a4faa01111c044910a184553
2026-09-14 00:00:00.000 UTC,sushiv2_ethusdt,1k-10k,1,2652.961992340528,1.1044459933154511,0x06da0fd433c1a5d7a4faa01111c044910a184553
2026-09-14 00:00:00.000 UTC,sushiv2_usdceth,0.5k-1k,2,1128.8825405734337,0.4710929233423146,0x397ff1542f962076d0bfe58ea045ffa2d347aca0
2026-09-14 00:00:00.000 UTC,sushiv2_usdceth,1k-10k,1,1240.1330843865271,0.5161227488009094,0x397ff1542f962076d0bfe58ea045ffa2d347aca0
2026-09-14 00:00:00.000 UTC,uniswap_v3_0.01_ethusdc,0.5k-1k,8524,6223779.449916491,2539.501021975775,0xe0554a476a092703abdb3ef35c80e0d76d32939f
2026-09-14 00:00:00.000 UTC,uniswap_v3_0.01_ethusdc,100k+,97,29603379.96624481,12215.16408438809,0xe0554a476a092703abdb3ef35c80e0d76d32939f
2026-09-14 00:00:00.000 UTC,uniswap_v3_0.01_ethusdc,10k-100k,1662,31284036.282730356,12812.411933268315,0xe0554a476a092703abdb3ef35c80e0d76d32939f
2026-09-14 00:00:00.000 UTC,uniswap_v3_0.01_ethusdc,1k-10k,24596,80129518.87314977,32704.768037400572,0xe0554a476a092703abdb3ef35c80e0d76d32939f
2026-09-14 00:00:00.000 UTC,uniswap_v3_0.01_ethusdt,0.5k-1k,8274,6084640.446205346,2483.1571451578966,0xc7bbec68d12a0d1830360f8ec58fa599ba1b0e9b
2026-09-14 00:00:00.000 UTC,uniswap_v3_0.01_ethusdt,100k+,78,21867933.052517988,9121.68036160977,0xc7bbec68d12a0d1830360f8ec58fa599ba1b0e9b
2026-09-14 00:00:00.000 UTC,uniswap_v3_0.01_ethusdt,10k-100k,274,7596117.558255373,3104.106621858911,0xc7bbec68d12a0d1830360f8ec58fa599ba1b0e9b
2026-09-14 00:00:00.000 UTC,uniswap_v3_0.01_ethusdt,1k-10k,12211,26681954.93555799,10890.72007920676,0xc7bbec68d12a0d1830360f8ec58fa599ba1b0e9b
2026-09-14 00:00:00.000 UTC,uniswap_v3_0.05_ethusdc,0.5k-1k,977,711885.9672096211,289.87004441730585,0x88e6a0c2ddd26feeb64f039a2c41296fcb3f5640
2026-09-14 00:00:00.000 UTC,uniswap_v3_0.05_ethusdc,100k+,671,118714775.70275062,48678.44820894266,0x88e6a0c2ddd26feeb64f039a2c41296fcb3f5640
2026-09-14 00:00:00.000 UTC,uniswap_v3_0.05_ethusdc,10k-100k,6227,210746984.77430376,86019.67409580109,0x88e6a0c2ddd26feeb64f039a2c41296fcb3f5640
2026-09-14 00:00:00.000 UTC,uniswap_v3_0.05_ethusdc,1k-10k,5054,23043647.801617753,9413.589162858336,0x88e6a0c2ddd26feeb64f039a2c41296fcb3f5640
2026-09-14 00:00:00.000 UTC,uniswap_v3_0.05_ethusdt,0.5k-1k,958,730027.6007852938,298.2550947109836,0x11b815efb8f581194ae79006d24e0d814b7697f6
2026-09-14 00:00:00.000 UTC,uniswap_v3_0.05_ethusdt,100k+,20,2363906.55806607,977.2118852238659,0x11b815efb8f581194ae79006d24e0d814b7697f6
2026-09-14 00:00:00.000 UTC,uniswap_v3_0.05_ethusdt,10k-100k,770,14546714.420771915,5937.478850891816,0x11b815efb8f581194ae79006d24e0d814b7697f6
2026-09-14 00:00:00.000 UTC,uniswap_v3_0.05_ethusdt,1k-10k,6455,23067447.776649244,9407.466256228257,0x11b815efb8f581194ae79006d24e0d814b7697f6
2026-09-14 00:00:00.000 UTC,uniswap_v3_0.3_ethusdc,0.5k-1k,28,19356.59035849999,7.925488681443493,0x8ad599c3a0ff1de082011efddc58f1908eb6e6d8
2026-09-14 00:00:00.000 UTC,uniswap_v3_0.3_ethusdc,100k+,36,6431507.741643888,2616.5790133128507,0x8ad599c3a0ff1de082011efddc58f1908eb6e6d8
2026-09-14 00:00:00.000 UTC,uniswap_v3_0.3_ethusdc,10k-100k,715,21739503.707412623,8852.775182013276,0x8ad599c3a0ff1de082011efddc58f1908eb6e6d8
2026-09-14 00:00:00.000 UTC,uniswap_v3_0.3_ethusdc,1k-10k,568,3074023.970680814,1255.3900734244025,0x8ad599c3a0ff1de082011efddc58f1908eb6e6d8
2026-09-14 00:00:00.000 UTC,uniswap_v3_0.3_ethusdt,0.5k-1k,85,65282.841537302535,26.403647977289594,0x4e68ccd3e89f51c3074ca5072bbac773960dfa36
2026-09-14 00:00:00.000 UTC,uniswap_v3_0.3_ethusdt,100k+,609,177743647.63248733,72851.05709156313,0x4e68ccd3e89f51c3074ca5072bbac773960dfa36
2026-09-14 00:00:00.000 UTC,uniswap_v3_0.3_ethusdt,10k-100k,840,38219619.33736685,15567.632820221239,0x4e68ccd3e89f51c3074ca5072bbac773960dfa36
2026-09-14 00:00:00.000 UTC,uniswap_v3_0.3_ethusdt,1k-10k,376,1794142.0811832706,730.4947704775175,0x4e68ccd3e89f51c3074ca5072bbac773960dfa36
2026-09-14 00:00:00.000 UTC,uniswap_v3_1.0_ethusdc,0.5k-1k,40,25654.031040446924,10.394939857351794,0x7bea39867e4169dbe237d55c8242a8f2fcdcc387
2026-09-14 00:00:00.000 UTC,uniswap_v3_1.0_ethusdc,1k-10k,9,13597.802029728382,5.569538378280091,0x7bea39867e4169dbe237d55c8242a8f2fcdcc387
