week,venue,size_bucket,swap_count,total_volume_usd,total_eth_traded,total_stable_traded
2025-07-14 00:00:00.000 UTC,curve_usdcwbtcweth,0.5k-1k,104,77741.36188788745,18.85393902315538,62760.41106500002
2025-07-14 00:00:00.000 UTC,curve_usdcwbtcweth,100k+,4,727262.4685390661,197.99344146946692,719569.660749
2025-07-14 00:00:00.000 UTC,curve_usdcwbtcweth,10k-100k,471,8054658.118910768,2112.02351960719,5976935.066168997
2025-07-14 00:00:00.000 UTC,curve_usdcwbtcweth,1k-10k,2026,10121506.590298047,2544.1494244590504,7732273.784393012
2025-07-14 00:00:00.000 UTC,curve_usdt,0.5k-1k,4,3155.8251288510683,0.9311117331336893,3162.146169
2025-07-14 00:00:00.000 UTC,curve_usdt,10k-100k,64,836419.3470371357,231.9983833136427,603644.7946700003
2025-07-14 00:00:00.000 UTC,curve_usdt,1k-10k,269,1515845.3948172901,405.6436025869077,1104985.721407
2025-07-14 00:00:00.000 UTC,curve_usdtwbtcweth,0.5k-1k,81,58426.20895443611,13.671768881340553,50437.76861500001
2025-07-14 00:00:00.000 UTC,curve_usdtwbtcweth,100k+,3,805528.7017546487,219.01971298909658,824916.345336
2025-07-14 00:00:00.000 UTC,curve_usdtwbtcweth,10k-100k,607,10834531.762719119,2754.988538582721,7896797.436267999
2025-07-14 00:00:00.000 UTC,curve_usdtwbtcweth,1k-10k,1709,8938597.262252793,2274.364462456554,6584863.575065001
2025-07-14 00:00:00.000 UTC,sushiv2_ethusdt,0.5k-1k,237,175557.10101171065,50.416470921437046,175883.12884400002
2025-07-14 00:00:00.000 UTC,sushiv2_ethusdt,1k-10k,197,356271.6401684872,101.27978057246278,356855.30938400025
2025-07-14 00:00:00.000 UTC,sushiv2_usdceth,0.5k-1k,259,192054.97172172237,55.167139854544814,192550.65117699988
2025-07-14 00:00:00.000 UTC,sushiv2_usdceth,1k-10k,289,526227.1691663247,150.56973637407043,527756.0880339998
2025-07-14 00:00:00.000 UTC,uniswap_v3_0.01_ethusdc,0.5k-1k,5405,4003883.559372846,1146.0460856914804,4006476.150541
2025-07-14 00:00:00.000 UTC,uniswap_v3_0.01_ethusdc,100k+,1039,321912213.2356747,92296.5291979868,321747580.345849
2025-07-14 00:00:00.000 UTC,uniswap_v3_0.01_ethusdc,10k-100k,9309,183811558.54918733,52725.911246052616,184024139.35667711
2025-07-14 00:00:00.000 UTC,uniswap_v3_0.01_ethusdc,1k-10k,19863,87082734.60827038,24893.595280681642,87173574.74966799
2025-07-14 00:00:00.000 UTC,uniswap_v3_0.01_ethusdt,0.5k-1k,5110,3777847.0472024977,1085.5554364339403,3778430.8242309997
2025-07-14 00:00:00.000 UTC,uniswap_v3_0.01_ethusdt,100k+,1401,471792288.5098354,136209.82439001085,470951188.27052194
2025-07-14 00:00:00.000 UTC,uniswap_v3_0.01_ethusdt,10k-100k,11382,240918690.61733642,69257.99774295738,241060298.1374489
2025-07-14 00:00:00.000 UTC,uniswap_v3_0.01_ethusdt,1k-10k,19570,85719535.8158298,24553.23598106915,85766357.37575306
2025-07-14 00:00:00.000 UTC,uniswap_v3_0.05_ethusdc,0.5k-1k,2254,1631774.900692279,468.27898634851226,1633077.4978470001
2025-07-14 00:00:00.000 UTC,uniswap_v3_0.05_ethusdc,100k+,1080,216367140.50678265,60494.17919550374,216676922.66986197
2025-07-14 00:00:00.000 UTC,uniswap_v3_0.05_ethusdc,10k-100k,10390,369532331.1475209,105172.39800876842,370009975.4327698
2025-07-14 00:00:00.000 UTC,uniswap_v3_0.05_ethusdc,1k-10k,6025,24097684.010187503,6904.895865995218,24119131.047544006
2025-07-14 00:00:00.000 UTC,uniswap_v3_0.05_ethusdt,0.5k-1k,1034,780350.667851876,223.7317492435278,780550.1091829998
2025-07-14 00:00:00.000 UTC,uniswap_v3_0.05_ethusdt,100k+,945,176176898.15434834,50065.73851006808,176329208.369288
2025-07-14 00:00:00.000 UTC,uniswap_v3_0.05_ethusdt,10k-100k,9525,344712404.527876,98650.51454154022,344971250.5659009
2025-07-14 00:00:00.000 UTC,uniswap_v3_0.05_ethusdt,1k-10k,3430,14624239.267635947,4183.408254106473,14629622.651585
2025-07-14 00:00:00.000 UTC,uniswap_v3_0.3_ethusdc,0.5k-1k,86,64016.46857198067,18.438148702348087,64160.726759000005
2025-07-14 00:00:00.000 UTC,uniswap_v3_0.3_ethusdc,100k+,51,8352137.139094714,2407.7418364623513,8376117.605033
2025-07-14 00:00:00.000 UTC,uniswap_v3_0.3_ethusdc,10k-100k,1310,38142902.25500736,10935.345721977726,38251375.31234599
2025-07-14 00:00:00.000 UTC,uniswap_v3_0.3_ethusdc,1k-10k,439,2413345.0428144764,689.4953889356217,2417927.910284
2025-07-14 00:00:00.000 UTC,uniswap_v3_0.3_ethusdt,0.5k-1k,285,194833.01709768813,56.34649291058758,195285.222379
2025-07-14 00:00:00.000 UTC,uniswap_v3_0.3_ethusdt,100k+,474,105745736.04681064,30003.104265821836,105960236.952572
2025-07-14 00:00:00.000 UTC,uniswap_v3_0.3_ethusdt,10k-100k,1615,70651560.87800883,20131.551114716807,70784356.88971101
2025-07-14 00:00:00.000 UTC,uniswap_v3_0.3_ethusdt,1k-10k,359,1354898.5519909516,391.0776202285387,1356581.029857
2025-07-14 00:00:00.000 UTC,uniswap_v3_1.0_ethusdc,0.5k-1k,44,34329.76247296146,9.774047430764188,34462.293347
2025-07-14 00:00:00.000 UTC,uniswap_v3_1.0_ethusdc,1k-10k,69,128638.40145397653,37.534121817647694,129179.41535
2025-07-21 00:00:00.000 UTC,curve_usdcwbtcweth,0.5k-1k,363,278397.81846511015,66.57627395132464,231271.3614719999
2025-07-21 00:00:00.000 UTC,curve_usdcwbtcweth,100k+,4,480656.8093623492,129.55944082595914,0
2025-07-21 00:00:00.000 UTC,curve_usdcwbtcweth,10k-100k,575,10292939.982336298,2421.1904947213384,7776748.237909002
2025-07-21 00:00:00.000 UTC,curve_usdcwbtcweth,1k-10k,5610,22118338.14749153,5089.875117925093,16822266.560581964
2025-07-21 00:00:00.000 UTC,curve_usdt,0.5k-1k,44,36356.767172924425,8.391476015002903,35261.503291999994
2025-07-21 00:00:00.000 UTC,curve_usdt,10k-100k,290,5813774.30138358,1419.8871429283074,4980708.029061999
2025-07-21 00:00:00.000 UTC,curve_usdt,1k-10k,1113,5552799.332299722,1293.5663710008441,4413432.17701
2025-07-21 00:00:00.000 UTC,curve_usdtwbtcweth,0.5k-1k,151,115688.42801362573,25.556038404388655,99611.22232599993
2025-07-21 00:00:00.000 UTC,curve_usdtwbtcweth,10k-100k,269,4407957.038697619,1063.4021886798566,3603500.5255190004
2025-07-21 00:00:00.000 UTC,curve_usdtwbtcweth,1k-10k,4261,15753469.51403511,3816.2945762998747,12178045.402427997
2025-07-21 00:00:00.000 UTC,sushiv2_ethusdt,0.5k-1k,388,272693.66904138203,74.03178445426965,273112.645976
2025-07-21 00:00:00.000 UTC,sushiv2_ethusdt,1k-10k,136,181775.97229134373,49.2772653713687,182113.6852
2025-07-21 00:00:00.000 UTC,sushiv2_usdceth,0.5k-1k,441,325763.12459790905,88.28224224077272,326318.7141339998
2025-07-21 00:00:00.000 UTC,sushiv2_usdceth,1k-10k,304,459644.819672666,124.5577307327567,460673.782264
2025-07-21 00:00:00.000 UTC,uniswap_v3_0.01_ethusdc,0.5k-1k,11392,8374028.12188207,2257.377366700933,8376489.839435001
2025-07-21 00:00:00.000 UTC,uniswap_v3_0.01_ethusdc,100k+,1185,407794421.3274565,110221.90556980995,408038529.8572621
2025-07-21 00:00:00.000 UTC,uniswap_v3_0.01_ethusdc,10k-100k,12205,229739027.00233775,62193.03096184566,229942841.56179804
2025-07-21 00:00:00.000 UTC,uniswap_v3_0.01_ethusdc,1k-10k,38535,162892987.06794164,43928.780602420906,163018233.019487
2025-07-21 00:00:00.000 UTC,uniswap_v3_0.01_ethusdt,0.5k-1k,10287,7592667.979698577,2045.768563435168,7592303.259015998
2025-07-21 00:00:00.000 UTC,uniswap_v3_0.01_ethusdt,100k+,1559,532573934.1751449,144042.21227843635,529828143.623173
2025-07-21 00:00:00.000 UTC,uniswap_v3_0.01_ethusdt,10k-100k,13188,260014778.4200778,70185.2060690398,260104297.2623929
2025-07-21 00:00:00.000 UTC,uniswap_v3_0.01_ethusdt,1k-10k,40892,175600724.15294817,47347.06987802275,175652103.92330304
2025-07-21 00:00:00.000 UTC,uniswap_v3_0.05_ethusdc,0.5k-1k,3395,2452118.6686841515,660.964728630277,2453454.582176
2025-07-21 00:00:00.000 UTC,uniswap_v3_0.05_ethusdc,100k+,1637,323012847.81075734,87127.90164591561,323392177.09698904
2025-07-21 00:00:00.000 UTC,uniswap_v3_0.05_ethusdc,10k-100k,13876,500387632.85175794,134891.32721035348,500923541.82580787
2025-07-21 00:00:00.000 UTC,uniswap_v3_0.05_ethusdc,1k-10k,8380,34171483.27830624,9228.933356135918,34197728.752903
2025-07-21 00:00:00.000 UTC,uniswap_v3_0.05_ethusdt,0.5k-1k,1208,880566.1010526693,237.5417395616611,880694.9328300001
2025-07-21 00:00:00.000 UTC,uniswap_v3_0.05_ethusdt,100k+,654,115073698.234476,31023.761004978365,115124760.493332
2025-07-21 00:00:00.000 UTC,uniswap_v3_0.05_ethusdt,10k-100k,12492,396565937.30680436,107118.85479830683,396830201.7681865
2025-07-21 00:00:00.000 UTC,uniswap_v3_0.05_ethusdt,1k-10k,4937,24814845.377452902,6699.095725368219,24825860.306458008
2025-07-21 00:00:00.000 UTC,uniswap_v3_0.3_ethusdc,0.5k-1k,97,73413.94193388332,19.843684426912088,73539.961617
2025-07-21 00:00:00.000 UTC,uniswap_v3_0.3_ethusdc,100k+,29,6461180.881556235,1704.303577796765,6480128.722522
2025-07-21 00:00:00.000 UTC,uniswap_v3_0.3_ethusdc,10k-100k,1655,42573402.19882607,11531.582673718827,42665315.264837
2025-07-21 00:00:00.000 UTC,uniswap_v3_0.3_ethusdc,1k-10k,1091,6441056.256802794,1742.6359436812784,6452595.762844002
2025-07-21 00:00:00.000 UTC,uniswap_v3_0.3_ethusdt,0.5k-1k,310,221391.46535865645,59.90646418018041,221719.134961
2025-07-21 00:00:00.000 UTC,uniswap_v3_0.3_ethusdt,100k+,889,190992159.16592765,51600.08603061091,191294914.81041
2025-07-21 00:00:00.000 UTC,uniswap_v3_0.3_ethusdt,10k-100k,2450,108774049.14535108,29457.537201134695,108943142.39595902
2025-07-21 00:00:00.000 UTC,uniswap_v3_0.3_ethusdt,1k-10k,712,2776547.8362284214,753.7696497139323,2780079.0071729994
2025-07-21 00:00:00.000 UTC,uniswap_v3_1.0_ethusdc,0.5k-1k,89,62136.004397311655,16.94563434918085,62292.084512999994
2025-07-21 00:00:00.000 UTC,uniswap_v3_1.0_ethusdc,1k-10k,31,39955.8742251043,10.870964675454273,40074.435131
2025-07-28 00:00:00.000 UTC,curve_usdcwbtcweth,0.5k-1k,366,280705.8502684974,68.74275090011287,232873.72625899993
2025-07-28 00:00:00.000 UTC,curve_usdcwbtcweth,100k+,5,701600.0473813532,152.08594122661054,699531.704198
2025-07-28 00:00:00.000 UTC,curve_usdcwbtcweth,10k-100k,776,14648918.305366125,3449.451427789697,12704132.932377994
2025-07-28 00:00:00.000 UTC,curve_usdcwbtcweth,1k-10k,5472,22552813.8400675,5272.558955481452,18811105.265401997
2025-07-28 00:00:00.000 UTC,curve_usdt,0.5k-1k,39,30808.576490492815,7.96288291596529,30157.475374
2025-07-28 00:00:00.000 UTC,curve_usdt,10k-100k,730,15699536.097597934,3932.156899944709,13676224.071544003
2025-07-28 00:00:00.000 UTC,curve_usdt,1k-10k,1312,6747429.664728309,1653.845251539278,6063860.296588996
2025-07-28 00:00:00.000 UTC,curve_usdtwbtcweth,0.5k-1k,143,111504.58795628474,26.50489155175561,98914.77702499999
2025-07-28 00:00:00.000 UTC,curve_usdtwbtcweth,10k-100k,382,6476323.333211235,1502.9196785435893,5551907.443857001
2025-07-28 00:00:00.000 UTC,curve_usdtwbtcweth,1k-10k,4490,16570861.58654693,4071.298686074236,13464073.923104018
2025-07-28 00:00:00.000 UTC,sushiv2_ethusdt,0.5k-1k,353,247428.33543888637,67.83273670161097,247729.81717100012
2025-07-28 00:00:00.000 UTC,sushiv2_ethusdt,10k-100k,3,35849.05156763054,9.42139599452825,36044.655497
2025-07-28 00:00:00.000 UTC,sushiv2_ethusdt,1k-10k,139,214202.056609743,57.98528821686223,214448.95871100004
2025-07-28 00:00:00.000 UTC,sushiv2_usdceth,0.5k-1k,439,310526.8663513084,85.60698080690486,310855.2447589998
2025-07-28 00:00:00.000 UTC,sushiv2_usdceth,1k-10k,316,485185.2623702005,132.02728883909896,485712.1487830001
2025-07-28 00:00:00.000 UTC,uniswap_v3_0.01_ethusdc,0.5k-1k,9762,7126127.045729144,1947.0808140211386,7122748.327373004
2025-07-28 00:00:00.000 UTC,uniswap_v3_0.01_ethusdc,100k+,987,383444518.49825925,104763.56398067104,382376072.100478
2025-07-28 00:00:00.000 UTC,uniswap_v3_0.01_ethusdc,10k-100k,13851,269489949.9064259,73031.0921447249,269530128.65005004
2025-07-28 00:00:00.000 UTC,uniswap_v3_0.01_ethusdc,1k-10k,34505,145108427.0886733,39676.69720761699,145110422.15206
2025-07-28 00:00:00.000 UTC,uniswap_v3_0.01_ethusdt,0.5k-1k,8624,6311707.30384735,1716.2212826074428,6309877.050790998
2025-07-28 00:00:00.000 UTC,uniswap_v3_0.01_ethusdt,100k+,1090,375936673.0807843,101532.35235740838,376968131.313982
2025-07-28 00:00:00.000 UTC,uniswap_v3_0.01_ethusdt,10k-100k,13455,271130784.96425986,73042.19898410671,271187285.5017351
2025-07-28 00:00:00.000 UTC,uniswap_v3_0.01_ethusdt,1k-10k,35177,147431288.88084757,40225.892531453,147443110.67389998
2025-07-28 00:00:00.000 UTC,uniswap_v3_0.05_ethusdc,0.5k-1k,2699,1945655.8736601695,528.0151620472337,1945375.8208049997
2025-07-28 00:00:00.000 UTC,uniswap_v3_0.05_ethusdc,100k+,917,167162347.17472696,45050.672920876015,167115876.307334
2025-07-28 00:00:00.000 UTC,uniswap_v3_0.05_ethusdc,10k-100k,12562,421311935.3301595,113773.87904708064,421481855.61939025
2025-07-28 00:00:00.000 UTC,uniswap_v3_0.05_ethusdc,1k-10k,8248,35561383.04525335,9792.852593362348,35561758.12125701
2025-07-28 00:00:00.000 UTC,uniswap_v3_0.05_ethusdt,0.5k-1k,1353,990744.9278508,270.78053416294097,990520.015746
2025-07-28 00:00:00.000 UTC,uniswap_v3_0.05_ethusdt,100k+,1462,266779070.59762946,72274.90206993831,266824000.88487795
2025-07-28 00:00:00.000 UTC,uniswap_v3_0.05_ethusdt,10k-100k,12959,476418851.2425458,128969.08413129419,476637962.39089686
2025-07-28 00:00:00.000 UTC,uniswap_v3_0.05_ethusdt,1k-10k,5308,25453635.217906408,7069.7633618123455,25454334.989375
2025-07-28 00:00:00.000 UTC,uniswap_v3_0.3_ethusdc,0.5k-1k,92,66780.60297669162,18.1808445623424,66865.606698
2025-07-28 00:00:00.000 UTC,uniswap_v3_0.3_ethusdc,100k+,27,5389412.718145307,1519.6460615283627,5381604.558021
2025-07-28 00:00:00.000 UTC,uniswap_v3_0.3_ethusdc,10k-100k,1493,37843576.20787575,10319.575742039699,37886412.687079005
2025-07-28 00:00:00.000 UTC,uniswap_v3_0.3_ethusdc,1k-10k,1112,6331030.007867621,1742.8996486681729,6338385.524469
2025-07-28 00:00:00.000 UTC,uniswap_v3_0.3_ethusdt,0.5k-1k,221,154428.5623091828,41.60460325403769,154624.282067
2025-07-28 00:00:00.000 UTC,uniswap_v3_0.3_ethusdt,100k+,904,205149367.3625462,55864.96133597,205384951.376639
2025-07-28 00:00:00.000 UTC,uniswap_v3_0.3_ethusdt,10k-100k,2216,99404342.34835659,27124.353837081624,99532464.431537
2025-07-28 00:00:00.000 UTC,uniswap_v3_0.3_ethusdt,1k-10k,561,2429566.8677526596,668.4433020280757,2431989.017231
2025-07-28 00:00:00.000 UTC,uniswap_v3_1.0_ethusdc,0.5k-1k,79,56589.40628107758,15.478379344299187,56635.632482999994
2025-07-28 00:00:00.000 UTC,uniswap_v3_1.0_ethusdc,1k-10k,26,33761.012031222854,9.228217632659199,33768.996266
2025-08-04 00:00:00.000 UTC,curve_usdcwbtcweth,0.5k-1k,236,188852.4447119822,43.85464791758078,164716.93762800004
2025-08-04 00:00:00.000 UTC,curve_usdcwbtcweth,100k+,2,231297.67471637152,55.954804570478935,230270.41469399998
2025-08-04 00:00:00.000 UTC,curve_usdcwbtcweth,10k-100k,300,5960110.427235648,1418.989364767153,4954272.294400996
2025-08-04 00:00:00.000 UTC,curve_usdcwbtcweth,1k-10k,3422,12587621.615137307,2869.9082628842125,10149441.52608698
2025-08-04 00:00:00.000 UTC,curve_usdt,0.5k-1k,26,19024.504582460686,4.841037110557826,16860.448377999997
2025-08-04 00:00:00.000 UTC,curve_usdt,10k-100k,215,4475264.859885797,1086.0416613215064,3807614.547505001
2025-08-04 00:00:00.000 UTC,curve_usdt,1k-10k,720,3494776.347428129,844.4038751813307,2711104.099059003
2025-08-04 00:00:00.000 UTC,curve_usdtwbtcweth,0.5k-1k,80,60171.17717642041,13.474800449065997,49946.800444
2025-08-04 00:00:00.000 UTC,curve_usdtwbtcweth,10k-100k,163,2670556.1761017437,595.0608935201717,2357081.539611999
2025-08-04 00:00:00.000 UTC,curve_usdtwbtcweth,1k-10k,3014,10353596.169854071,2412.923188197751,7924677.079281021
2025-08-04 00:00:00.000 UTC,sushiv2_ethusdt,0.5k-1k,265,182873.06760349713,47.68731582521247,183206.81184000004
2025-08-04 00:00:00.000 UTC,sushiv2_ethusdt,10k-100k,4,101972.45185828485,28.11883092635184,99521.04335100001
2025-08-04 00:00:00.000 UTC,sushiv2_ethusdt,1k-10k,105,167017.10966558394,42.854337142404376,167555.54501499998
2025-08-04 00:00:00.000 UTC,sushiv2_usdceth,0.5k-1k,349,253484.05511872814,65.90640090070161,253910.9070079999
2025-08-04 00:00:00.000 UTC,sushiv2_usdceth,10k-100k,1,11710.014954207545,3.155598270542365,11845.782557
2025-08-04 00:00:00.000 UTC,sushiv2_usdceth,1k-10k,219,365478.709316545,94.13429426530134,366622.55710099975
2025-08-04 00:00:00.000 UTC,uniswap_v3_0.01_ethusdc,0.5k-1k,9841,7145004.042100975,1856.3588529590743,7144901.933745002
2025-08-04 00:00:00.000 UTC,uniswap_v3_0.01_ethusdc,100k+,1125,454469888.89730024,116370.56134379875,455544433.1289859
2025-08-04 00:00:00.000 UTC,uniswap_v3_0.01_ethusdc,10k-100k,13570,269309241.05478793,70488.78264309467,269487765.90173334
2025-08-04 00:00:00.000 UTC,uniswap_v3_0.01_ethusdc,1k-10k,38056,162292476.61526987,41932.310585086096,162357343.12425733
2025-08-04 00:00:00.000 UTC,uniswap_v3_0.01_ethusdt,0.5k-1k,8726,6426976.747671403,1665.7247699134812,6426266.153471006
2025-08-04 00:00:00.000 UTC,uniswap_v3_0.01_ethusdt,100k+,1302,478716212.74894917,121494.34690926838,477063898.04169506
2025-08-04 00:00:00.000 UTC,uniswap_v3_0.01_ethusdt,10k-100k,11749,227562430.3059711,58276.41276463124,227686133.32530084
2025-08-04 00:00:00.000 UTC,uniswap_v3_0.01_ethusdt,1k-10k,37991,164294190.65060997,42389.35485618887,164335816.60133782
2025-08-04 00:00:00.000 UTC,uniswap_v3_0.05_ethusdc,0.5k-1k,2765,1972846.1915228528,508.3873563976527,1973505.6379129998
2025-08-04 00:00:00.000 UTC,uniswap_v3_0.05_ethusdc,100k+,532,103403557.42786825,26004.079328465148,103540660.037388
2025-08-04 00:00:00.000 UTC,uniswap_v3_0.05_ethusdc,10k-100k,11126,302434839.04840916,78142.1145357589,302672221.8837112
2025-08-04 00:00:00.000 UTC,uniswap_v3_0.05_ethusdc,1k-10k,9751,43993770.30450509,11323.613568595367,44018374.933189005
2025-08-04 00:00:00.000 UTC,uniswap_v3_0.05_ethusdt,0.5k-1k,1738,1257136.4466963524,326.04633560755985,1257376.543273
2025-08-04 00:00:00.000 UTC,uniswap_v3_0.05_ethusdt,100k+,1620,348241213.03598905,89417.44505751353,348296303.590016
2025-08-04 00:00:00.000 UTC,uniswap_v3_0.05_ethusdt,10k-100k,13529,477726778.18829024,124571.75758639287,477964199.443352
2025-08-04 00:00:00.000 UTC,uniswap_v3_0.05_ethusdt,1k-10k,6685,31655726.619654153,8151.188293376474,31667155.227490995
2025-08-04 00:00:00.000 UTC,uniswap_v3_0.3_ethusdc,0.5k-1k,72,53197.884377017625,13.600409643840644,53269.741735999996
2025-08-04 00:00:00.000 UTC,uniswap_v3_0.3_ethusdc,100k+,32,6445774.173538519,1659.9957239662867,6471736.738964001
2025-08-04 00:00:00.000 UTC,uniswap_v3_0.3_ethusdc,10k-100k,998,25437529.908880703,6690.182495321105,25493525.470013
2025-08-04 00:00:00.000 UTC,uniswap_v3_0.3_ethusdc,1k-10k,1039,5842762.666836694,1517.1217062808416,5851736.161891
2025-08-04 00:00:00.000 UTC,uniswap_v3_0.3_ethusdt,0.5k-1k,167,115696.92105653298,29.39246607050482,115896.230984
2025-08-04 00:00:00.000 UTC,uniswap_v3_0.3_ethusdt,100k+,706,189624021.9469993,48388.88014257002,190042476.03227597
2025-08-04 00:00:00.000 UTC,uniswap_v3_0.3_ethusdt,10k-100k,2032,90059472.84668197,23340.480418448005,90203181.69082299
2025-08-04 00:00:00.000 UTC,uniswap_v3_0.3_ethusdt,1k-10k,468,2235642.1954072397,579.3448661938476,2238114.5954569997
2025-08-04 00:00:00.000 UTC,uniswap_v3_1.0_ethusdc,0.5k-1k,67,47877.99623938469,12.637000987900382,48052.541208999995
2025-08-04 00:00:00.000 UTC,uniswap_v3_1.0_ethusdc,1k-10k,34,50452.48224537512,13.133288542854046,50721.467238000005
2025-08-11 00:00:00.000 UTC,curve_usdcwbtcweth,0.5k-1k,284,219254.11703722266,40.52640083390295,190602.17798999994
2025-08-11 00:00:00.000 UTC,curve_usdcwbtcweth,100k+,3,563144.3391430115,129.14384840976214,100126.434517
2025-08-11 00:00:00.000 UTC,curve_usdcwbtcweth,10k-100k,902,16886368.075136714,3479.3094838247657,13663669.89302802
2025-08-11 00:00:00.000 UTC,curve_usdcwbtcweth,1k-10k,5225,22768610.45600241,4367.028930992842,18100922.124873057
2025-08-11 00:00:00.000 UTC,curve_usdt,0.5k-1k,21,15721.441200098468,2.4144571806600057,14838.998667999998
2025-08-11 00:00:00.000 UTC,curve_usdt,100k+,1,109131.55813830112,25.54284694365607,111171.060312
2025-08-11 00:00:00.000 UTC,curve_usdt,10k-100k,338,7049235.405175511,1507.548761170196,5891916.272297996
2025-08-11 00:00:00.000 UTC,curve_usdt,1k-10k,827,4295200.758375249,836.4550540119069,3468987.2594300043
2025-08-11 00:00:00.000 UTC,curve_usdtwbtcweth,0.5k-1k,71,53663.96858771926,10.68556024413015,44196.888879000006
2025-08-11 00:00:00.000 UTC,curve_usdtwbtcweth,100k+,1,129667.73424259071,0,129743.37463
2025-08-11 00:00:00.000 UTC,curve_usdtwbtcweth,10k-100k,305,4994333.615314908,1000.885388019255,4084163.113552002
2025-08-11 00:00:00.000 UTC,curve_usdtwbtcweth,1k-10k,3519,13765958.564509388,2792.312355420998,10749875.546615968
2025-08-11 00:00:00.000 UTC,sushiv2_ethusdt,0.5k-1k,329,233806.57258562619,52.10968874288793,234075.69789799995
2025-08-11 00:00:00.000 UTC,sushiv2_ethusdt,10k-100k,2,31751.46876636945,6.952394699854912,31764.157819
2025-08-11 00:00:00.000 UTC,sushiv2_ethusdt,1k-10k,247,418478.9549354096,92.88303732661898,419407.6441550001
2025-08-11 00:00:00.000 UTC,sushiv2_usdceth,0.5k-1k,389,284649.8901946448,63.57384304142803,285129.91432699974
2025-08-11 00:00:00.000 UTC,sushiv2_usdceth,1k-10k,416,803276.9646119565,178.34954172750375,805034.1952770002
2025-08-11 00:00:00.000 UTC,uniswap_v3_0.01_ethusdc,0.5k-1k,8374,6140126.690860286,1369.9079230662853,6140979.887598001
2025-08-11 00:00:00.000 UTC,uniswap_v3_0.01_ethusdc,100k+,1288,469275914.4228319,104829.96666377578,467911085.350832
2025-08-11 00:00:00.000 UTC,uniswap_v3_0.01_ethusdc,10k-100k,17780,387529170.2636211,86297.37351637063,387822558.60846794
2025-08-11 00:00:00.000 UTC,uniswap_v3_0.01_ethusdc,1k-10k,36660,163334752.52643904,36365.72004843077,163399514.92975307
2025-08-11 00:00:00.000 UTC,uniswap_v3_0.01_ethusdt,0.5k-1k,7868,5806803.518138456,1293.54739835802,5805611.6870099995
2025-08-11 00:00:00.000 UTC,uniswap_v3_0.01_ethusdt,100k+,1608,629977390.1854444,141072.93939738692,625343673.327485
2025-08-11 00:00:00.000 UTC,uniswap_v3_0.01_ethusdt,10k-100k,18506,396166488.66291773,87633.08451717581,396307071.25922716
2025-08-11 00:00:00.000 UTC,uniswap_v3_0.01_ethusdt,1k-10k,37623,167313417.72849104,37239.28994296742,167312217.1863331
2025-08-11 00:00:00.000 UTC,uniswap_v3_0.05_ethusdc,0.5k-1k,2877,2056363.4452335269,457.5334620874717,2057106.7005909998
2025-08-11 00:00:00.000 UTC,uniswap_v3_0.05_ethusdc,100k+,2021,578712683.6368526,127249.28172640715,578749761.3109071
2025-08-11 00:00:00.000 UTC,uniswap_v3_0.05_ethusdc,10k-100k,15952,518227606.3562873,114729.57585082913,518578218.00721484
2025-08-11 00:00:00.000 UTC,uniswap_v3_0.05_ethusdc,1k-10k,9273,41864881.70264814,9321.100762171201,41884940.801603
2025-08-11 00:00:00.000 UTC,uniswap_v3_0.05_ethusdt,0.5k-1k,1419,1048747.883356325,233.30868865177226,1048669.259366
2025-08-11 00:00:00.000 UTC,uniswap_v3_0.05_ethusdt,100k+,705,149719497.78734258,33746.31970153443,149695278.747523
2025-08-11 00:00:00.000 UTC,uniswap_v3_0.05_ethusdt,10k-100k,10890,319859911.7727464,71323.54923741445,320034805.6559669
2025-08-11 00:00:00.000 UTC,uniswap_v3_0.05_ethusdt,1k-10k,8426,41477873.28057825,9217.430914713912,41481282.391258
2025-08-11 00:00:00.000 UTC,uniswap_v3_0.3_ethusdc,0.5k-1k,85,67016.801848854,14.892053436809517,67131.157532
2025-08-11 00:00:00.000 UTC,uniswap_v3_0.3_ethusdc,100k+,593,162319820.41275293,36689.99870935898,162577554.503659
2025-08-11 00:00:00.000 UTC,uniswap_v3_0.3_ethusdc,10k-100k,1797,64107472.86765199,14295.957097863486,64218305.939824
2025-08-11 00:00:00.000 UTC,uniswap_v3_0.3_ethusdc,1k-10k,827,4708003.505899122,1045.5008309644759,4715683.239142
2025-08-11 00:00:00.000 UTC,uniswap_v3_0.3_ethusdt,0.5k-1k,213,154358.63929779077,34.47298457205293,154594.93065399997
2025-08-11 00:00:00.000 UTC,uniswap_v3_0.3_ethusdt,100k+,998,276871711.8051578,61798.951307966985,277060933.2059121
2025-08-11 00:00:00.000 UTC,uniswap_v3_0.3_ethusdt,10k-100k,2600,112150410.56294876,24922.015065966025,112307771.89293799
2025-08-11 00:00:00.000 UTC,uniswap_v3_0.3_ethusdt,1k-10k,511,2309170.501450409,514.1540502579041,2311246.253459
2025-08-11 00:00:00.000 UTC,uniswap_v3_1.0_ethusdc,0.5k-1k,74,53407.07624750884,12.022659381478224,53537.157273
2025-08-11 00:00:00.000 UTC,uniswap_v3_1.0_ethusdc,1k-10k,65,104156.46713330885,23.22516622258325,104555.47138
2025-08-18 00:00:00.000 UTC,curve_usdcwbtcweth,0.5k-1k,464,357013.0706286067,59.64282446010015,312498.76355100004
2025-08-18 00:00:00.000 UTC,curve_usdcwbtcweth,100k+,4,438127.9887385741,98.32735509646507,331450.56513500004
2025-08-18 00:00:00.000 UTC,curve_usdcwbtcweth,10k-100k,1169,21436339.52107002,4238.1384167528995,15910289.269124037
2025-08-18 00:00:00.000 UTC,curve_usdcwbtcweth,1k-10k,7205,29242005.458434444,5574.9646002691625,22885484.436839968
2025-08-18 00:00:00.000 UTC,curve_usdt,0.5k-1k,26,20333.52431405181,4.617992075068093,19795.660550999997
2025-08-18 00:00:00.000 UTC,curve_usdt,10k-100k,362,7419252.86537242,1582.820561932301,6269397.147033998
2025-08-18 00:00:00.000 UTC,curve_usdt,1k-10k,1081,5100012.758730694,1051.9557112256675,4228764.523013998
2025-08-18 00:00:00.000 UTC,curve_usdtwbtcweth,0.5k-1k,93,70165.4582599204,13.902754368463961,56929.89918799999
2025-08-18 00:00:00.000 UTC,curve_usdtwbtcweth,100k+,2,217634.42612214247,0,216083.226692
2025-08-18 00:00:00.000 UTC,curve_usdtwbtcweth,10k-100k,383,6474543.938308586,1348.6002032392803,5489701.487794
2025-08-18 00:00:00.000 UTC,curve_usdtwbtcweth,1k-10k,4838,16755816.445067499,3424.4900773145373,13043705.53459201
2025-08-18 00:00:00.000 UTC,sushiv2_ethusdt,0.5k-1k,414,288751.6307898526,65.56515398928153,289142.9190079997
2025-08-18 00:00:00.000 UTC,sushiv2_ethusdt,1k-10k,228,397662.8005144153,89.59153183388392,398942.03606899973
2025-08-18 00:00:00.000 UTC,sushiv2_usdceth,0.5k-1k,585,408117.0602277949,93.028646815351,408655.4698509998
2025-08-18 00:00:00.000 UTC,sushiv2_usdceth,1k-10k,394,729829.760295525,164.37979792202978,731827.3893670009
2025-08-18 00:00:00.000 UTC,uniswap_v3_0.01_ethusdc,0.5k-1k,8163,5919531.073338265,1340.316400751367,5916882.444690002
2025-08-18 00:00:00.000 UTC,uniswap_v3_0.01_ethusdc,100k+,960,281819692.786623,64918.54683008991,279931512.652726
2025-08-18 00:00:00.000 UTC,uniswap_v3_0.01_ethusdc,10k-100k,11842,248462958.45649076,57041.62538266272,248486162.5381471
2025-08-18 00:00:00.000 UTC,uniswap_v3_0.01_ethusdc,1k-10k,40644,171685402.30664137,39156.30544802903,171667863.024719
2025-08-18 00:00:00.000 UTC,uniswap_v3_0.01_ethusdt,0.5k-1k,8323,6066953.997506652,1370.6982817961475,6063836.663888996
2025-08-18 00:00:00.000 UTC,uniswap_v3_0.01_ethusdt,100k+,1577,542155368.8158386,121049.7771080624,538335002.7580538
2025-08-18 00:00:00.000 UTC,uniswap_v3_0.01_ethusdt,10k-100k,15776,326378639.5811411,72969.79719505143,326440365.909268
2025-08-18 00:00:00.000 UTC,uniswap_v3_0.01_ethusdt,1k-10k,43314,192012806.8703705,43318.72442430032,191991449.71949422
2025-08-18 00:00:00.000 UTC,uniswap_v3_0.05_ethusdc,0.5k-1k,2796,2010875.198738034,452.1327237058058,2010773.5012940003
2025-08-18 00:00:00.000 UTC,uniswap_v3_0.05_ethusdc,100k+,2559,645702523.0667372,144709.03890680108,645538493.7319741
2025-08-18 00:00:00.000 UTC,uniswap_v3_0.05_ethusdc,10k-100k,16592,568083147.2229347,127745.7686778856,568269368.7841952
2025-08-18 00:00:00.000 UTC,uniswap_v3_0.05_ethusdc,1k-10k,9752,44808793.05370729,10086.882885392135,44810250.57053399
2025-08-18 00:00:00.000 UTC,uniswap_v3_0.05_ethusdt,0.5k-1k,1465,1055115.643542313,236.58820411540393,1054907.066717
2025-08-18 00:00:00.000 UTC,uniswap_v3_0.05_ethusdt,100k+,840,192823901.8532787,41565.291738938904,192638613.420664
2025-08-18 00:00:00.000 UTC,uniswap_v3_0.05_ethusdt,10k-100k,12501,356905674.19096017,78948.82280054956,357095763.2739389
2025-08-18 00:00:00.000 UTC,uniswap_v3_0.05_ethusdt,1k-10k,9297,48127429.63432279,10963.75372653413,48125700.09799602
2025-08-18 00:00:00.000 UTC,uniswap_v3_0.3_ethusdc,0.5k-1k,108,80082.14283211439,18.152251870710376,80101.84751999998
2025-08-18 00:00:00.000 UTC,uniswap_v3_0.3_ethusdc,100k+,195,40594136.11681386,9083.343154832015,40656940.484678
2025-08-18 00:00:00.000 UTC,uniswap_v3_0.3_ethusdc,10k-100k,2132,63050644.04086989,14243.651124264137,63163404.83229697
2025-08-18 00:00:00.000 UTC,uniswap_v3_0.3_ethusdc,1k-10k,1211,6960177.716248614,1596.2099287160386,6967543.592661002
2025-08-18 00:00:00.000 UTC,uniswap_v3_0.3_ethusdt,0.5k-1k,243,181371.60693840348,40.9529131964835,181565.283381
2025-08-18 00:00:00.000 UTC,uniswap_v3_0.3_ethusdt,100k+,1435,415013231.5600941,93519.69287672816,415732386.7293149
2025-08-18 00:00:00.000 UTC,uniswap_v3_0.3_ethusdt,10k-100k,3024,132336285.19321625,30120.960556011243,132509813.21405196
2025-08-18 00:00:00.000 UTC,uniswap_v3_0.3_ethusdt,1k-10k,661,3085945.049214935,701.3692477015763,3089183.0398410005
2025-08-18 00:00:00.000 UTC,uniswap_v3_1.0_ethusdc,0.5k-1k,89,63859.62866311417,14.507149099420495,63948.48337499999
2025-08-18 00:00:00.000 UTC,uniswap_v3_1.0_ethusdc,1k-10k,69,119269.5579431094,26.75272778868103,120094.697258
2025-08-25 00:00:00.000 UTC,curve_usdcwbtcweth,0.5k-1k,289,215939.5210292151,30.57170295913087,183199.0059580001
2025-08-25 00:00:00.000 UTC,curve_usdcwbtcweth,100k+,4,684357.5577582765,25.029067498457195,677700.250911
2025-08-25 00:00:00.000 UTC,curve_usdcwbtcweth,10k-100k,613,10794188.751660272,2072.7704668037277,9194595.096781999
2025-08-25 00:00:00.000 UTC,curve_usdcwbtcweth,1k-10k,6364,23081153.21633626,4384.917906259098,18731568.729883116
2025-08-25 00:00:00.000 UTC,curve_usdt,0.5k-1k,26,19826.677475000317,2.951029757941673,18207.987785999994
2025-08-25 00:00:00.000 UTC,curve_usdt,100k+,3,431425.2654919914,93.43639854809194,434657.725231
2025-08-25 00:00:00.000 UTC,curve_usdt,10k-100k,604,12156626.790370645,2431.556691467533,10229229.418079
2025-08-25 00:00:00.000 UTC,curve_usdt,1k-10k,1481,6838682.878224115,1332.8499014660933,5568479.855199999
2025-08-25 00:00:00.000 UTC,curve_usdtwbtcweth,0.5k-1k,77,59518.91455502223,11.270017304579214,46988.94575400001
2025-08-25 00:00:00.000 UTC,curve_usdtwbtcweth,10k-100k,413,6848065.71273835,1311.2698944515655,6047270.119241003
2025-08-25 00:00:00.000 UTC,curve_usdtwbtcweth,1k-10k,4921,17779911.60150248,3487.013466965443,14091534.66639398
2025-08-25 00:00:00.000 UTC,sushiv2_ethusdt,0.5k-1k,372,256395.5676138672,57.01166754081316,256610.68934999994
2025-08-25 00:00:00.000 UTC,sushiv2_ethusdt,10k-100k,2,37465.31756171568,8.632827401474504,37159.020592
2025-08-25 00:00:00.000 UTC,sushiv2_ethusdt,1k-10k,203,313257.21656147984,70.30108281313491,313570.33272499987
2025-08-25 00:00:00.000 UTC,sushiv2_usdceth,0.5k-1k,460,327251.2443110552,73.05032199802594,327539.254251
2025-08-25 00:00:00.000 UTC,sushiv2_usdceth,10k-100k,2,31469.163249300866,7.065115065374441,31331.745228
2025-08-25 00:00:00.000 UTC,sushiv2_usdceth,1k-10k,388,675606.8894203082,151.1446437644592,676649.4860890002
2025-08-25 00:00:00.000 UTC,uniswap_v3_0.01_ethusdc,0.5k-1k,6815,4904964.0817085225,1091.7528829323526,4900874.806847001
2025-08-25 00:00:00.000 UTC,uniswap_v3_0.01_ethusdc,100k+,772,234995056.97580734,52570.66621100752,234867202.591273
2025-08-25 00:00:00.000 UTC,uniswap_v3_0.01_ethusdc,10k-100k,7776,143667848.47431096,32121.489500083742,143594014.60673806
2025-08-25 00:00:00.000 UTC,uniswap_v3_0.01_ethusdc,1k-10k,39080,161478835.2328263,35976.33580393892,161426617.8139184
2025-08-25 00:00:00.000 UTC,uniswap_v3_0.01_ethusdt,0.5k-1k,7134,5199910.008190171,1158.1866641930555,5194762.986547001
2025-08-25 00:00:00.000 UTC,uniswap_v3_0.01_ethusdt,100k+,1044,396878854.5649638,88755.59091088937,394681411.034933
2025-08-25 00:00:00.000 UTC,uniswap_v3_0.01_ethusdt,10k-100k,13481,263269656.14354736,58554.324996467854,263120890.16046482
2025-08-25 00:00:00.000 UTC,uniswap_v3_0.01_ethusdt,1k-10k,42053,185340025.62247688,41260.34094119062,185234346.80669206
2025-08-25 00:00:00.000 UTC,uniswap_v3_0.05_ethusdc,0.5k-1k,2239,1578910.548479351,351.6674671230638,1577805.995517
2025-08-25 00:00:00.000 UTC,uniswap_v3_0.05_ethusdc,100k+,2267,552952266.71708,120784.12599225303,553037493.2439109
2025-08-25 00:00:00.000 UTC,uniswap_v3_0.05_ethusdc,10k-100k,11459,362318994.26734465,80171.1986808156,362280761.6189152
2025-08-25 00:00:00.000 UTC,uniswap_v3_0.05_ethusdc,1k-10k,9043,43577096.94467487,9754.428623465043,43559841.34137699
2025-08-25 00:00:00.000 UTC,uniswap_v3_0.05_ethusdt,0.5k-1k,1171,842542.0125756736,187.72163997752423,841776.6005649999
2025-08-25 00:00:00.000 UTC,uniswap_v3_0.05_ethusdt,100k+,225,41903360.99327847,9394.604139399686,41862028.847959
2025-08-25 00:00:00.000 UTC,uniswap_v3_0.05_ethusdt,10k-100k,7217,166805421.32364494,37089.132715455795,166759807.40311292
2025-08-25 00:00:00.000 UTC,uniswap_v3_0.05_ethusdt,1k-10k,9447,50541280.53390922,11278.178681264564,50524214.20591497
2025-08-25 00:00:00.000 UTC,uniswap_v3_0.3_ethusdc,0.5k-1k,79,55995.397535167656,12.506682247859867,56012.088466999994
2025-08-25 00:00:00.000 UTC,uniswap_v3_0.3_ethusdc,100k+,112,26624639.981089205,6039.84578965674,26573185.812849
2025-08-25 00:00:00.000 UTC,uniswap_v3_0.3_ethusdc,10k-100k,1969,55843278.124734044,12459.124636347911,55897436.839377016
2025-08-25 00:00:00.000 UTC,uniswap_v3_0.3_ethusdc,1k-10k,889,5378839.72278686,1200.370140550854,5382861.835905
2025-08-25 00:00:00.000 UTC,uniswap_v3_0.3_ethusdt,0.5k-1k,254,182795.106903883,40.87419119476278,182930.87424499998
2025-08-25 00:00:00.000 UTC,uniswap_v3_0.3_ethusdt,100k+,1411,417615927.35311234,93878.5943851367,417369261.7904728
2025-08-25 00:00:00.000 UTC,uniswap_v3_0.3_ethusdt,10k-100k,2572,115655605.53760365,25790.35055210893,115722420.03237
2025-08-25 00:00:00.000 UTC,uniswap_v3_0.3_ethusdt,1k-10k,603,2544617.8646915536,567.3954811433358,2545102.381799
2025-08-25 00:00:00.000 UTC,uniswap_v3_1.0_ethusdc,0.5k-1k,74,50762.15458932428,11.292032174071853,50830.41934600001
2025-08-25 00:00:00.000 UTC,uniswap_v3_1.0_ethusdc,1k-10k,41,59773.249145822505,13.423097775620384,59853.165201
2025-09-01 00:00:00.000 UTC,curve_usdcwbtcweth,0.5k-1k,218,164162.2962549879,26.66898126306254,128409.832903
2025-09-01 00:00:00.000 UTC,curve_usdcwbtcweth,100k+,2,363305.7021268047,0,366816.65064400004
2025-09-01 00:00:00.000 UTC,curve_usdcwbtcweth,10k-100k,351,6195631.434416597,1191.5021036766261,4910890.343232003
2025-09-01 00:00:00.000 UTC,curve_usdcwbtcweth,1k-10k,5079,16402584.426164186,3121.9361182841385,12931238.203402104
2025-09-01 00:00:00.000 UTC,curve_usdt,0.5k-1k,25,21298.236552879473,2.9200261424662877,16638.082803
2025-09-01 00:00:00.000 UTC,curve_usdt,10k-100k,583,12022150.383285541,2328.6548309165105,10341541.947095988
2025-09-01 00:00:00.000 UTC,curve_usdt,1k-10k,1948,8656031.753776558,1707.032256873407,6976729.642129003
2025-09-01 00:00:00.000 UTC,curve_usdtwbtcweth,0.5k-1k,106,82476.68829172656,15.634408880273536,61065.93002400001
2025-09-01 00:00:00.000 UTC,curve_usdtwbtcweth,10k-100k,237,4226873.343585116,676.3001084902587,3579484.6346270004
2025-09-01 00:00:00.000 UTC,curve_usdtwbtcweth,1k-10k,3724,12749556.757809667,2437.3219155654224,10012714.816467013
2025-09-01 00:00:00.000 UTC,sushiv2_ethusdt,0.5k-1k,186,128414.82246633597,29.535636860865253,128575.08297699998
2025-09-01 00:00:00.000 UTC,sushiv2_ethusdt,10k-100k,4,46241.084362456975,10.74594702705232,46350.45787699999
2025-09-01 00:00:00.000 UTC,sushiv2_ethusdt,1k-10k,116,189994.53641348067,43.66464116715499,190335.69239399998
2025-09-01 00:00:00.000 UTC,sushiv2_usdceth,0.5k-1k,269,188074.3921202776,43.27041296598794,188313.67900700003
2025-09-01 00:00:00.000 UTC,sushiv2_usdceth,10k-100k,2,41926.943239714215,9.66531926398018,41671.376176
2025-09-01 00:00:00.000 UTC,sushiv2_usdceth,1k-10k,192,324290.21856160735,74.45071987242947,324835.6759649998
2025-09-01 00:00:00.000 UTC,uniswap_v3_0.01_ethusdc,0.5k-1k,6244,4556764.08395039,1049.0180449633613,4554873.868644
2025-09-01 00:00:00.000 UTC,uniswap_v3_0.01_ethusdc,100k+,599,251828645.93662408,58630.16326012706,249365356.52980596
2025-09-01 00:00:00.000 UTC,uniswap_v3_0.01_ethusdc,10k-100k,7178,134549644.71054012,30917.167755094037,134543681.44804305
2025-09-01 00:00:00.000 UTC,uniswap_v3_0.01_ethusdc,1k-10k,33721,138603635.86635143,31876.24541349754,138593680.860323
2025-09-01 00:00:00.000 UTC,uniswap_v3_0.01_ethusdt,0.5k-1k,6873,4990718.092501271,1149.161643477753,4987921.917021001
2025-09-01 00:00:00.000 UTC,uniswap_v3_0.01_ethusdt,100k+,846,386917250.81767076,89373.88338009539,384638840.8587671
2025-09-01 00:00:00.000 UTC,uniswap_v3_0.01_ethusdt,10k-100k,10538,206114839.80141413,47323.493504213024,206084433.54212204
2025-09-01 00:00:00.000 UTC,uniswap_v3_0.01_ethusdt,1k-10k,33307,144916801.59312025,33338.31953516804,144887042.5308559
2025-09-01 00:00:00.000 UTC,uniswap_v3_0.05_ethusdc,0.5k-1k,2065,1460259.2688048894,335.54180622154377,1459954.038491
2025-09-01 00:00:00.000 UTC,uniswap_v3_0.05_ethusdc,100k+,728,170481751.75392473,38698.804764337285,170584878.12346292
2025-09-01 00:00:00.000 UTC,uniswap_v3_0.05_ethusdc,10k-100k,8973,248857142.9530291,57103.15245788876,248924546.53916112
2025-09-01 00:00:00.000 UTC,uniswap_v3_0.05_ethusdc,1k-10k,7850,36962956.08939781,8506.11793989603,36962859.85857099
2025-09-01 00:00:00.000 UTC,uniswap_v3_0.05_ethusdt,0.5k-1k,1293,942314.8117461714,216.52953571590032,941956.9944090002
2025-09-01 00:00:00.000 UTC,uniswap_v3_0.05_ethusdt,100k+,624,142816071.2650666,32708.782047243585,142844677.09796596
2025-09-01 00:00:00.000 UTC,uniswap_v3_0.05_ethusdt,10k-100k,9137,260321729.78950006,59794.71140241262,260345679.02381495
2025-09-01 00:00:00.000 UTC,uniswap_v3_0.05_ethusdt,1k-10k,5717,29397923.609387167,6766.013728426582,29393329.45753099
2025-09-01 00:00:00.000 UTC,uniswap_v3_0.3_ethusdc,0.5k-1k,84,61921.79411295431,14.243915504843555,61999.663897
2025-09-01 00:00:00.000 UTC,uniswap_v3_0.3_ethusdc,100k+,81,18298407.452105913,4226.714175145754,18296781.074676
2025-09-01 00:00:00.000 UTC,uniswap_v3_0.3_ethusdc,10k-100k,1319,40062519.00603964,9221.630113063184,40109518.17608999
2025-09-01 00:00:00.000 UTC,uniswap_v3_0.3_ethusdc,1k-10k,544,3105538.2315891185,714.8863450124347,3108724.460218
2025-09-01 00:00:00.000 UTC,uniswap_v3_0.3_ethusdt,0.5k-1k,207,150739.82630358974,34.637056908727594,150921.468434
2025-09-01 00:00:00.000 UTC,uniswap_v3_0.3_ethusdt,100k+,1090,392635230.0434937,90239.03145819496,393021779.49128914
2025-09-01 00:00:00.000 UTC,uniswap_v3_0.3_ethusdt,10k-100k,1509,70427525.35212699,16221.064018151468,70488785.58845901
2025-09-01 00:00:00.000 UTC,uniswap_v3_0.3_ethusdt,1k-10k,460,1912181.9991882131,439.739060508327,1913925.8479160003
2025-09-01 00:00:00.000 UTC,uniswap_v3_1.0_ethusdc,0.5k-1k,62,43711.74314609076,10.019973984849283,43779.188104
2025-09-01 00:00:00.000 UTC,uniswap_v3_1.0_ethusdc,1k-10k,54,113875.83900057666,26.43698242240123,114050.698504
2025-09-08 00:00:00.000 UTC,curve_usdcwbtcweth,0.5k-1k,243,188697.69749025756,30.21562192217617,149723.43862999993
2025-09-08 00:00:00.000 UTC,curve_usdcwbtcweth,100k+,1,114221.46789294052,25.840119258019822,114244.888095
2025-09-08 00:00:00.000 UTC,curve_usdcwbtcweth,10k-100k,298,5247600.922649458,1013.8062723592708,4265883.448793002
2025-09-08 00:00:00.000 UTC,curve_usdcwbtcweth,1k-10k,4353,13998686.488436077,2634.5702417144325,11002726.688480062
2025-09-08 00:00:00.000 UTC,curve_usdt,0.5k-1k,29,22328.062258886923,4.659008925708896,11955.010628
2025-09-08 00:00:00.000 UTC,curve_usdt,100k+,1,157932.88324996724,35.83782826571123,157907.302267
2025-09-08 00:00:00.000 UTC,curve_usdt,10k-100k,488,10252454.336635457,1968.1343471354837,8817856.964279998
2025-09-08 00:00:00.000 UTC,curve_usdt,1k-10k,1666,7234474.946297338,1384.1740532841477,5898857.932779996
2025-09-08 00:00:00.000 UTC,curve_usdtwbtcweth,0.5k-1k,116,88815.30919115414,16.038661324566917,66975.97771499996
2025-09-08 00:00:00.000 UTC,curve_usdtwbtcweth,100k+,2,222402.11708304798,0,223634.96801900002
2025-09-08 00:00:00.000 UTC,curve_usdtwbtcweth,10k-100k,146,2470140.331610334,484.4613876373626,2097199.342067001
2025-09-08 00:00:00.000 UTC,curve_usdtwbtcweth,1k-10k,3116,9969744.178229433,1910.042144456361,7731489.851413003
2025-09-08 00:00:00.000 UTC,sushiv2_ethusdt,0.5k-1k,145,98685.29323105629,22.049009001436154,98803.535273
2025-09-08 00:00:00.000 UTC,sushiv2_ethusdt,10k-100k,2,27004.56413274997,5.999375580575252,26865.227790999998
2025-09-08 00:00:00.000 UTC,sushiv2_ethusdt,1k-10k,75,150911.7949978419,33.44265739634441,151208.92597699995
2025-09-08 00:00:00.000 UTC,sushiv2_usdceth,0.5k-1k,178,127793.73072796695,28.595660237982916,127971.937007
2025-09-08 00:00:00.000 UTC,sushiv2_usdceth,1k-10k,126,218004.6540969468,48.72555336806677,218644.39768500006
2025-09-08 00:00:00.000 UTC,uniswap_v3_0.01_ethusdc,0.5k-1k,6825,5003951.221203556,1118.0599819941408,5004700.269906005
2025-09-08 00:00:00.000 UTC,uniswap_v3_0.01_ethusdc,100k+,487,200326566.12655944,44605.912756448466,201722077.962575
2025-09-08 00:00:00.000 UTC,uniswap_v3_0.01_ethusdc,10k-100k,6560,117154885.98993851,26489.69238304477,117206715.80528697
2025-09-08 00:00:00.000 UTC,uniswap_v3_0.01_ethusdc,1k-10k,34489,136709979.2562431,30670.475927300948,136763621.107153
2025-09-08 00:00:00.000 UTC,uniswap_v3_0.01_ethusdt,0.5k-1k,7675,5630664.195102146,1256.0345664974052,5629255.455051003
2025-09-08 00:00:00.000 UTC,uniswap_v3_0.01_ethusdt,100k+,787,346791684.1470707,78158.51396450322,343972948.4085109
2025-09-08 00:00:00.000 UTC,uniswap_v3_0.01_ethusdt,10k-100k,11387,215242510.45957893,48075.7996686047,215275124.25310612
2025-09-08 00:00:00.000 UTC,uniswap_v3_0.01_ethusdt,1k-10k,34924,150901996.863403,33671.23669749165,150892494.81314424
2025-09-08 00:00:00.000 UTC,uniswap_v3_0.05_ethusdc,0.5k-1k,2047,1518301.4636322788,338.586748563577,1518903.2765020002
2025-09-08 00:00:00.000 UTC,uniswap_v3_0.05_ethusdc,100k+,790,170807624.20550945,37203.829006569686,171000108.536364
2025-09-08 00:00:00.000 UTC,uniswap_v3_0.05_ethusdc,10k-100k,8309,253968227.01945755,56327.112947235706,254162921.38705498
2025-09-08 00:00:00.000 UTC,uniswap_v3_0.05_ethusdc,1k-10k,6413,29815390.536806237,6680.661046734667,29828196.318484984
2025-09-08 00:00:00.000 UTC,uniswap_v3_0.05_ethusdt,0.5k-1k,1073,785909.8235263198,177.06245509362645,785903.3082439998
2025-09-08 00:00:00.000 UTC,uniswap_v3_0.05_ethusdt,100k+,206,44875059.91841479,10160.287685694973,44857372.64636801
2025-09-08 00:00:00.000 UTC,uniswap_v3_0.05_ethusdt,10k-100k,6025,148369947.1092308,33524.65198988609,148411602.34676406
2025-09-08 00:00:00.000 UTC,uniswap_v3_0.05_ethusdt,1k-10k,5923,29536359.150168512,6598.256117997079,29541750.689569004
2025-09-08 00:00:00.000 UTC,uniswap_v3_0.3_ethusdc,0.5k-1k,98,78173.40565780368,17.341462107590882,78275.65393500001
2025-09-08 00:00:00.000 UTC,uniswap_v3_0.3_ethusdc,100k+,125,27958624.95898246,6200.062919317301,28026504.547116995
2025-09-08 00:00:00.000 UTC,uniswap_v3_0.3_ethusdc,10k-100k,1232,40322974.6099571,9005.292774836427,40385492.172676004
2025-09-08 00:00:00.000 UTC,uniswap_v3_0.3_ethusdc,1k-10k,378,1962190.0547704669,440.168133039535,1964100.311737
2025-09-08 00:00:00.000 UTC,uniswap_v3_0.3_ethusdt,0.5k-1k,182,131489.6492864358,29.442597709444705,131632.879437
2025-09-08 00:00:00.000 UTC,uniswap_v3_0.3_ethusdt,100k+,742,218796580.2597816,49044.71423967031,219079420.103083
2025-09-08 00:00:00.000 UTC,uniswap_v3_0.3_ethusdt,10k-100k,1328,60286496.34775813,13470.606356141252,60346711.50316201
2025-09-08 00:00:00.000 UTC,uniswap_v3_0.3_ethusdt,1k-10k,428,1566241.2214094393,347.75279849799585,1567308.7126339998
2025-09-08 00:00:00.000 UTC,uniswap_v3_1.0_ethusdc,0.5k-1k,32,22532.194070840203,5.014648304622764,22582.973157
2025-09-08 00:00:00.000 UTC,uniswap_v3_1.0_ethusdc,1k-10k,22,40617.79171645125,9.197510258139062,40773.473299000005
2025-09-15 00:00:00.000 UTC,curve_usdcwbtcweth,0.5k-1k,206,161186.20970081518,28.49047067285517,135754.69223700004
2025-09-15 00:00:00.000 UTC,curve_usdcwbtcweth,100k+,2,428635.8033704199,96.41937226237224,424843.98166000005
2025-09-15 00:00:00.000 UTC,curve_usdcwbtcweth,10k-100k,149,2398574.8930796315,475.26031044244763,2060838.335196
2025-09-15 00:00:00.000 UTC,curve_usdcwbtcweth,1k-10k,2937,9241290.589598319,1643.604483018641,7448393.9892289955
2025-09-15 00:00:00.000 UTC,curve_usdt,0.5k-1k,12,8533.654835425661,1.1855046658799628,7372.945263
2025-09-15 00:00:00.000 UTC,curve_usdt,10k-100k,207,4296761.403032687,812.4742412293471,3483109.0053290003
2025-09-15 00:00:00.000 UTC,curve_usdt,1k-10k,618,2738028.5161585137,473.6535060586095,2244710.7773580006
2025-09-15 00:00:00.000 UTC,curve_usdtwbtcweth,0.5k-1k,77,58236.46555280926,11.846803623628878,54937.61268799999
2025-09-15 00:00:00.000 UTC,curve_usdtwbtcweth,10k-100k,72,1139153.1053848881,193.4316317284133,1054738.9028189997
2025-09-15 00:00:00.000 UTC,curve_usdtwbtcweth,1k-10k,1903,5724143.507152708,1050.5828848115943,4483361.081731001
2025-09-15 00:00:00.000 UTC,sushiv2_ethusdt,0.5k-1k,112,76509.50588894698,16.913915772487577,76556.84303500001
2025-09-15 00:00:00.000 UTC,sushiv2_ethusdt,10k-100k,2,22910.437101809897,4.952008519221668,23077.823832000002
2025-09-15 00:00:00.000 UTC,sushiv2_ethusdt,1k-10k,60,112128.61258116727,24.827932970400088,112291.918135
2025-09-15 00:00:00.000 UTC,sushiv2_usdceth,0.5k-1k,149,102255.25447529272,22.516919953607268,102367.90049699998
2025-09-15 00:00:00.000 UTC,sushiv2_usdceth,1k-10k,97,154043.65706599786,34.161418866983844,154193.76840099998
2025-09-15 00:00:00.000 UTC,uniswap_v3_0.01_ethusdc,0.5k-1k,7522,5463745.6021155985,1208.6459926974208,5462506.282370998
2025-09-15 00:00:00.000 UTC,uniswap_v3_0.01_ethusdc,100k+,448,221913876.5926158,49308.509096737114,221049787.605263
2025-09-15 00:00:00.000 UTC,uniswap_v3_0.01_ethusdc,10k-100k,7497,137066702.90418115,30338.27048171597,137054382.18135005
2025-09-15 00:00:00.000 UTC,uniswap_v3_0.01_ethusdc,1k-10k,30391,123442727.10880497,27286.872580947118,123443401.68298005
2025-09-15 00:00:00.000 UTC,uniswap_v3_0.01_ethusdt,0.5k-1k,8279,5980146.983340239,1322.5052158050491,5975908.281084998
2025-09-15 00:00:00.000 UTC,uniswap_v3_0.01_ethusdt,100k+,613,287458375.2673714,64188.92218858901,285280164.39109296
2025-09-15 00:00:00.000 UTC,uniswap_v3_0.01_ethusdt,10k-100k,13976,293910713.2948249,64964.396720893696,293746338.1278932
2025-09-15 00:00:00.000 UTC,uniswap_v3_0.01_ethusdt,1k-10k,30185,127055505.24894547,28074.549550975004,126979458.21627416
2025-09-15 00:00:00.000 UTC,uniswap_v3_0.05_ethusdc,0.5k-1k,1903,1378628.378941848,305.1182142903903,1378599.000876
2025-09-15 00:00:00.000 UTC,uniswap_v3_0.05_ethusdc,100k+,490,176711042.54806465,38596.80545293928,176783711.409858
2025-09-15 00:00:00.000 UTC,uniswap_v3_0.05_ethusdc,10k-100k,6837,190772011.65633473,42126.21973316256,190805711.071117
2025-09-15 00:00:00.000 UTC,uniswap_v3_0.05_ethusdc,1k-10k,5864,26123807.898443375,5781.024478483043,26125772.982750002
2025-09-15 00:00:00.000 UTC,uniswap_v3_0.05_ethusdt,0.5k-1k,1057,763928.1392414914,168.91436995076572,763553.029281
2025-09-15 00:00:00.000 UTC,uniswap_v3_0.05_ethusdt,100k+,236,41309024.89277011,9157.595047292774,41285553.135497995
2025-09-15 00:00:00.000 UTC,uniswap_v3_0.05_ethusdt,10k-100k,5792,149908082.94666272,33124.28959173404,149877743.81390497
2025-09-15 00:00:00.000 UTC,uniswap_v3_0.05_ethusdt,1k-10k,4637,22903051.11049231,5065.20928347448,22894175.326716
2025-09-15 00:00:00.000 UTC,uniswap_v3_0.3_ethusdc,0.5k-1k,83,62952.228212611735,13.95216100594368,62999.116311
2025-09-15 00:00:00.000 UTC,uniswap_v3_0.3_ethusdc,100k+,297,79422272.58615345,17638.923906737575,79564134.670437
2025-09-15 00:00:00.000 UTC,uniswap_v3_0.3_ethusdc,10k-100k,1072,44995921.640777625,9941.900175335435,45037242.84974103
2025-09-15 00:00:00.000 UTC,uniswap_v3_0.3_ethusdc,1k-10k,284,1355547.269928852,299.1900652165641,1356467.02701
2025-09-15 00:00:00.000 UTC,uniswap_v3_0.3_ethusdt,0.5k-1k,304,225687.3472758411,50.01241807462903,225778.45308299994
2025-09-15 00:00:00.000 UTC,uniswap_v3_0.3_ethusdt,100k+,673,201720493.92895317,44716.93253326588,201757039.1775
2025-09-15 00:00:00.000 UTC,uniswap_v3_0.3_ethusdt,10k-100k,1035,46302245.399563655,10224.96409816869,46317465.72378198
2025-09-15 00:00:00.000 UTC,uniswap_v3_0.3_ethusdt,1k-10k,507,1753143.826229534,388.2503706895196,1753148.581719
2025-09-15 00:00:00.000 UTC,uniswap_v3_1.0_ethusdc,0.5k-1k,22,14790.207838979153,3.2605428155953873,14811.885799999998
2025-09-15 00:00:00.000 UTC,uniswap_v3_1.0_ethusdc,1k-10k,8,10732.564491924943,2.3840255498783387,10730.223026
2025-09-22 00:00:00.000 UTC,curve_usdcwbtcweth,0.5k-1k,306,238387.12748505652,47.717194489383665,208215.26575900023
2025-09-22 00:00:00.000 UTC,curve_usdcwbtcweth,10k-100k,603,11316876.338413425,2320.797305458892,9360465.641051998
2025-09-22 00:00:00.000 UTC,curve_usdcwbtcweth,1k-10k,6477,22466032.44987149,4742.174512289975,17876240.076163143
2025-09-22 00:00:00.000 UTC,curve_usdt,0.5k-1k,27,18908.839690156303,4.220945194102285,16049.376945
2025-09-22 00:00:00.000 UTC,curve_usdt,10k-100k,395,9004219.311241658,2052.451751222959,7551674.321667
2025-09-22 00:00:00.000 UTC,curve_usdt,1k-10k,1284,5395572.335025967,1209.8970031621918,4206979.6108199945
2025-09-22 00:00:00.000 UTC,curve_usdtwbtcweth,0.5k-1k,164,126634.60126964087,26.508437100832285,111950.22087800002
2025-09-22 00:00:00.000 UTC,curve_usdtwbtcweth,100k+,4,726369.6444374379,175.98277478103307,745580.8440379999
2025-09-22 00:00:00.000 UTC,curve_usdtwbtcweth,10k-100k,399,7507138.385246728,1508.8242690751504,6212554.975347001
2025-09-22 00:00:00.000 UTC,curve_usdtwbtcweth,1k-10k,4609,16507848.237461366,3563.193655254949,13013389.48514801
2025-09-22 00:00:00.000 UTC,sushiv2_ethusdt,0.5k-1k,250,173298.91653776844,42.7439878934156,173351.224713
2025-09-22 00:00:00.000 UTC,sushiv2_ethusdt,1k-10k,128,246757.03004412394,60.5347845320584,246815.272524
2025-09-22 00:00:00.000 UTC,sushiv2_usdceth,0.5k-1k,309,214157.64320316707,52.891591968321436,214362.07858100024
2025-09-22 00:00:00.000 UTC,sushiv2_usdceth,10k-100k,3,33805.399745275485,8.068017959665475,33791.632211000004
2025-09-22 00:00:00.000 UTC,sushiv2_usdceth,1k-10k,220,404449.49291459756,99.71185700798969,404216.92284600023
2025-09-22 00:00:00.000 UTC,uniswap_v3_0.01_ethusdc,0.5k-1k,8772,6376302.070977375,1561.424386705379,6371695.142748
2025-09-22 00:00:00.000 UTC,uniswap_v3_0.01_ethusdc,100k+,601,179931757.78857362,43892.78963462425,180165282.16041103
2025-09-22 00:00:00.000 UTC,uniswap_v3_0.01_ethusdc,10k-100k,7498,140468287.7280485,34269.05163594052,140390777.48232397
2025-09-22 00:00:00.000 UTC,uniswap_v3_0.01_ethusdc,1k-10k,39538,155336643.26262605,38036.488005855856,155278693.65795815
2025-09-22 00:00:00.000 UTC,uniswap_v3_0.01_ethusdt,0.5k-1k,9954,7253884.68860916,1777.9773329332156,7244345.593160007
2025-09-22 00:00:00.000 UTC,uniswap_v3_0.01_ethusdt,100k+,916,303000092.4449941,73908.99348854872,302395081.89611906
2025-09-22 00:00:00.000 UTC,uniswap_v3_0.01_ethusdt,10k-100k,12459,250702866.7069251,61143.804966581294,250463056.2646921
2025-09-22 00:00:00.000 UTC,uniswap_v3_0.01_ethusdt,1k-10k,41275,168829480.72519976,41388.68404465691,168658330.2240309
2025-09-22 00:00:00.000 UTC,uniswap_v3_0.05_ethusdc,0.5k-1k,2120,1525298.0212961668,374.3023199862455,1524476.7931859998
2025-09-22 00:00:00.000 UTC,uniswap_v3_0.05_ethusdc,100k+,621,125928748.33061777,30841.867978178976,125754711.11590403
2025-09-22 00:00:00.000 UTC,uniswap_v3_0.05_ethusdc,10k-100k,11072,313935374.5230706,77189.27858905868,313855198.7484602
2025-09-22 00:00:00.000 UTC,uniswap_v3_0.05_ethusdc,1k-10k,9587,45418250.99238543,11160.476377915722,45403639.77282199
2025-09-22 00:00:00.000 UTC,uniswap_v3_0.05_ethusdt,0.5k-1k,1349,976494.1926169998,239.73045081639805,975639.0206589999
2025-09-22 00:00:00.000 UTC,uniswap_v3_0.05_ethusdt,100k+,77,18644258.104330774,4506.192130338317,18573124.770944
2025-09-22 00:00:00.000 UTC,uniswap_v3_0.05_ethusdt,10k-100k,4935,86635625.03328572,21119.698197175123,86547253.41128097
2025-09-22 00:00:00.000 UTC,uniswap_v3_0.05_ethusdt,1k-10k,10542,47846029.82634221,11760.194342531511,47814487.159707
2025-09-22 00:00:00.000 UTC,uniswap_v3_0.3_ethusdc,0.5k-1k,87,66779.59693214027,16.24918708862135,66731.117766
2025-09-22 00:00:00.000 UTC,uniswap_v3_0.3_ethusdc,100k+,207,55808211.93275757,13401.51602388033,55789002.471873
2025-09-22 00:00:00.000 UTC,uniswap_v3_0.3_ethusdc,10k-100k,1538,53404073.67767341,13088.354118127474,53440086.53620002
2025-09-22 00:00:00.000 UTC,uniswap_v3_0.3_ethusdc,1k-10k,571,3182655.153005825,786.3924707685849,3182635.061965
2025-09-22 00:00:00.000 UTC,uniswap_v3_0.3_ethusdt,0.5k-1k,323,232270.1644801581,57.452875092003765,232228.79114900003
2025-09-22 00:00:00.000 UTC,uniswap_v3_0.3_ethusdt,100k+,1131,366289135.17543256,90313.75774997621,365934652.49915904
2025-09-22 00:00:00.000 UTC,uniswap_v3_0.3_ethusdt,10k-100k,1714,77759815.20860896,19159.40244692163,77724710.362872
2025-09-22 00:00:00.000 UTC,uniswap_v3_0.3_ethusdt,1k-10k,744,3046275.483697259,751.1880239109361,3043717.071472001
2025-09-22 00:00:00.000 UTC,uniswap_v3_1.0_ethusdc,0.5k-1k,50,36407.93723376318,8.92854795903311,36424.841893
2025-09-22 00:00:00.000 UTC,uniswap_v3_1.0_ethusdc,1k-10k,35,65266.319545120714,16.037394619129238,65309.145006000006
2025-09-29 00:00:00.000 UTC,curve_usdcwbtcweth,0.5k-1k,260,206135.9623877727,36.72620759885826,166784.06067900002
2025-09-29 00:00:00.000 UTC,curve_usdcwbtcweth,10k-100k,283,4809790.521619544,851.8929285793956,3994934.0596199995
2025-09-29 00:00:00.000 UTC,curve_usdcwbtcweth,1k-10k,4962,15562713.221274763,2818.45951000737,12282773.787089989
2025-09-29 00:00:00.000 UTC,curve_usdt,0.5k-1k,14,10513.03242484573,2.498457382970776,8244.162014
2025-09-29 00:00:00.000 UTC,curve_usdt,10k-100k,224,4588908.389971004,763.7599739980244,4055077.838257001
2025-09-29 00:00:00.000 UTC,curve_usdt,1k-10k,804,3473543.01011049,643.6355637574518,2944771.4538509995
2025-09-29 00:00:00.000 UTC,curve_usdtwbtcweth,0.5k-1k,157,122202.92584112458,23.152282932692614,104570.500392
2025-09-29 00:00:00.000 UTC,curve_usdtwbtcweth,10k-100k,220,3562581.631095703,607.8202144038087,3019020.0055360002
2025-09-29 00:00:00.000 UTC,curve_usdtwbtcweth,1k-10k,3582,11740506.911313415,2186.4327427576286,9346325.558332
2025-09-29 00:00:00.000 UTC,sushiv2_ethusdt,0.5k-1k,158,111117.61777576218,25.630911198337348,111224.36075000002
2025-09-29 00:00:00.000 UTC,sushiv2_ethusdt,10k-100k,1,10854.010220708113,2.668886819134367,10843.177886
2025-09-29 00:00:00.000 UTC,sushiv2_ethusdt,1k-10k,90,138956.4924477371,31.983855442156884,139211.45776899997
2025-09-29 00:00:00.000 UTC,sushiv2_usdceth,0.5k-1k,244,171808.53485735768,39.472478069572226,172048.98462600002
2025-09-29 00:00:00.000 UTC,sushiv2_usdceth,1k-10k,161,268616.4121734061,61.80564247097132,269325.957564
2025-09-29 00:00:00.000 UTC,uniswap_v3_0.01_ethusdc,0.5k-1k,8897,6475900.7570150765,1488.1815138934262,6475231.217073998
2025-09-29 00:00:00.000 UTC,uniswap_v3_0.01_ethusdc,100k+,480,170375213.20390397,39515.43747979338,169582754.92430797
2025-09-29 00:00:00.000 UTC,uniswap_v3_0.01_ethusdc,10k-100k,6138,113639980.36878955,26205.1225327297,113684566.22887197
2025-09-29 00:00:00.000 UTC,uniswap_v3_0.01_ethusdc,1k-10k,36903,137328204.49162954,31525.145865748407,137357156.1494591
2025-09-29 00:00:00.000 UTC,uniswap_v3_0.01_ethusdt,0.5k-1k,9954,7311044.856085447,1674.6803787469764,7305932.052412001
2025-09-29 00:00:00.000 UTC,uniswap_v3_0.01_ethusdt,100k+,887,386646973.23218024,88809.60986851768,385186573.00613904
2025-09-29 00:00:00.000 UTC,uniswap_v3_0.01_ethusdt,10k-100k,19648,444931270.35444176,101388.2225386627,444781230.4625431
2025-09-29 00:00:00.000 UTC,uniswap_v3_0.01_ethusdt,1k-10k,40112,160624875.99975595,36866.73172704858,160541230.12225783
2025-09-29 00:00:00.000 UTC,uniswap_v3_0.05_ethusdc,0.5k-1k,2303,1661484.497445426,381.96262801468845,1661743.332321
2025-09-29 00:00:00.000 UTC,uniswap_v3_0.05_ethusdc,100k+,431,98457997.0500531,22539.150149128487,98618989.871327
2025-09-29 00:00:00.000 UTC,uniswap_v3_0.05_ethusdc,10k-100k,8225,217905792.6065589,50077.60538734038,218035205.69614694
2025-09-29 00:00:00.000 UTC,uniswap_v3_0.05_ethusdc,1k-10k,8568,39291927.52820136,9036.152798182118,39304884.696353994
2025-09-29 00:00:00.000 UTC,uniswap_v3_0.05_ethusdt,0.5k-1k,914,670222.0239023301,155.73279289175966,669981.9701960001
2025-09-29 00:00:00.000 UTC,uniswap_v3_0.05_ethusdt,100k+,46,18430395.35542107,4286.361346903591,17936102.827608
2025-09-29 00:00:00.000 UTC,uniswap_v3_0.05_ethusdt,10k-100k,3647,66020610.375338525,15032.375425203074,66025408.939210996
2025-09-29 00:00:00.000 UTC,uniswap_v3_0.05_ethusdt,1k-10k,8242,40330047.23901022,9289.695704839178,40324280.469427004
2025-09-29 00:00:00.000 UTC,uniswap_v3_0.3_ethusdc,0.5k-1k,103,76654.5543523978,17.788485736277153,76736.42667900001
2025-09-29 00:00:00.000 UTC,uniswap_v3_0.3_ethusdc,100k+,241,49686182.87810324,11267.32959699244,49829990.753593
2025-09-29 00:00:00.000 UTC,uniswap_v3_0.3_ethusdc,10k-100k,1439,52313362.11169911,11970.645162570083,52394373.36291199
2025-09-29 00:00:00.000 UTC,uniswap_v3_0.3_ethusdc,1k-10k,513,2582305.243038711,597.5364596074477,2584899.572455
2025-09-29 00:00:00.000 UTC,uniswap_v3_0.3_ethusdt,0.5k-1k,363,265376.129541905,61.5005232213193,265486.90177399997
2025-09-29 00:00:00.000 UTC,uniswap_v3_0.3_ethusdt,100k+,1041,295264278.52140665,67863.36756920283,295666327.533246
2025-09-29 00:00:00.000 UTC,uniswap_v3_0.3_ethusdt,10k-100k,1423,65390761.39172268,15076.853394305075,65441646.73232199
2025-09-29 00:00:00.000 UTC,uniswap_v3_0.3_ethusdt,1k-10k,644,2479277.6637260355,574.5929045700958,2480188.827347
2025-09-29 00:00:00.000 UTC,uniswap_v3_1.0_ethusdc,0.5k-1k,41,28765.637187844983,6.599085062458395,28858.956502
2025-09-29 00:00:00.000 UTC,uniswap_v3_1.0_ethusdc,1k-10k,25,35967.22622721357,8.233627437447204,36151.970286
2025-10-06 00:00:00.000 UTC,curve_usdcwbtcweth,0.5k-1k,356,278381.6250088835,50.67443262819099,219952.6348239999
2025-10-06 00:00:00.000 UTC,curve_usdcwbtcweth,100k+,39,6702774.625323106,917.9952936576236,5988988.444887002
2025-10-06 00:00:00.000 UTC,curve_usdcwbtcweth,10k-100k,1043,21223409.305977516,4543.721005692098,16976802.094019
2025-10-06 00:00:00.000 UTC,curve_usdcwbtcweth,1k-10k,7974,29832616.613389738,5626.4677206213455,24548064.915994007
2025-10-06 00:00:00.000 UTC,curve_usdt,0.5k-1k,35,26612.109074946795,3.830976670810795,24261.400201999997
2025-10-06 00:00:00.000 UTC,curve_usdt,100k+,21,3671480.934169187,409.29015843913896,3375985.4236540003
2025-10-06 00:00:00.000 UTC,curve_usdt,10k-100k,934,22457620.959354237,4799.219494050298,19435950.469368
2025-10-06 00:00:00.000 UTC,curve_usdt,1k-10k,2190,10125960.68500304,2041.3631988119503,8588891.862582011
2025-10-06 00:00:00.000 UTC,curve_usdtwbtcweth,0.5k-1k,236,180606.14999841552,35.066900761745515,153772.37324599997
2025-10-06 00:00:00.000 UTC,curve_usdtwbtcweth,100k+,9,1207018.0028439574,178.81619152733634,1174533.154882
2025-10-06 00:00:00.000 UTC,curve_usdtwbtcweth,10k-100k,612,11818629.984479733,2580.9360830698874,9583610.979793001
2025-10-06 00:00:00.000 UTC,curve_usdtwbtcweth,1k-10k,5698,21240010.065633994,4068.6788263819362,17622480.38352598
2025-10-06 00:00:00.000 UTC,sushiv2_ethusdt,0.5k-1k,356,255656.85436504375,62.59657088682719,255610.262848
2025-10-06 00:00:00.000 UTC,sushiv2_ethusdt,10k-100k,26,787891.6938332467,222.80380155896904,754139.3260869998
2025-10-06 00:00:00.000 UTC,sushiv2_ethusdt,1k-10k,328,722429.4141633916,183.20277066507091,718806.3595630002
2025-10-06 00:00:00.000 UTC,sushiv2_usdceth,0.5k-1k,412,295878.78748833993,71.70959181139891,296153.9338809999
2025-10-06 00:00:00.000 UTC,sushiv2_usdceth,10k-100k,51,1668693.2085897939,459.6126374059756,1631231.8612669995
2025-10-06 00:00:00.000 UTC,sushiv2_usdceth,1k-10k,506,1115868.4185141313,279.1080112679185,1113975.1518660001
2025-10-06 00:00:00.000 UTC,uniswap_v3_0.01_ethusdc,0.5k-1k,10230,7535861.384582325,1775.4686297093774,7531942.521095991
2025-10-06 00:00:00.000 UTC,uniswap_v3_0.01_ethusdc,100k+,649,204218634.38835767,47374.02607025572,204367040.656092
2025-10-06 00:00:00.000 UTC,uniswap_v3_0.01_ethusdc,10k-100k,8884,176374745.6842066,41830.50778742305,176236570.74389604
2025-10-06 00:00:00.000 UTC,uniswap_v3_0.01_ethusdc,1k-10k,45759,171225087.26128873,40268.89782304099,171200864.63181287
2025-10-06 00:00:00.000 UTC,uniswap_v3_0.01_ethusdt,0.5k-1k,10986,8125061.59728222,1909.8858404472069,8115464.569125994
2025-10-06 00:00:00.000 UTC,uniswap_v3_0.01_ethusdt,100k+,1516,524427164.3103671,124225.65880001958,520037448.95850503
2025-10-06 00:00:00.000 UTC,uniswap_v3_0.01_ethusdt,10k-100k,30683,748912780.6941372,176199.3937763471,748082091.3898273
2025-10-06 00:00:00.000 UTC,uniswap_v3_0.01_ethusdt,1k-10k,49862,202419879.5167485,47965.79293723823,202200218.4857932
2025-10-06 00:00:00.000 UTC,uniswap_v3_0.05_ethusdc,0.5k-1k,3224,2374844.0392268607,564.246656472474,2373695.8564870004
2025-10-06 00:00:00.000 UTC,uniswap_v3_0.05_ethusdc,100k+,1017,243798772.64988804,59987.5355137334,242572830.79068503
2025-10-06 00:00:00.000 UTC,uniswap_v3_0.05_ethusdc,10k-100k,13808,396405150.3572973,95271.5122063606,396102813.1743783
2025-10-06 00:00:00.000 UTC,uniswap_v3_0.05_ethusdc,1k-10k,12567,56630238.39462059,13539.630438146769,56604466.84242697
2025-10-06 00:00:00.000 UTC,uniswap_v3_0.05_ethusdt,0.5k-1k,983,723279.8469831558,174.11642602957457,722278.9105649999
2025-10-06 00:00:00.000 UTC,uniswap_v3_0.05_ethusdt,100k+,92,13457372.798786797,3417.442514436046,13272843.191012
2025-10-06 00:00:00.000 UTC,uniswap_v3_0.05_ethusdt,10k-100k,6741,134094593.60072586,31788.845205950973,133888400.443684
2025-10-06 00:00:00.000 UTC,uniswap_v3_0.05_ethusdt,1k-10k,10385,51333382.09405114,12309.939422449876,51291149.33019699
2025-10-06 00:00:00.000 UTC,uniswap_v3_0.3_ethusdc,0.5k-1k,167,126685.38425909527,30.369551672227903,126682.653129
2025-10-06 00:00:00.000 UTC,uniswap_v3_0.3_ethusdc,100k+,648,165020119.89535028,42262.063083879104,163944123.066036
2025-10-06 00:00:00.000 UTC,uniswap_v3_0.3_ethusdc,10k-100k,2585,102121783.00330763,24758.990053980437,102076575.24714297
2025-10-06 00:00:00.000 UTC,uniswap_v3_0.3_ethusdc,1k-10k,812,3973986.668534305,947.3943082113439,3976016.738786999
2025-10-06 00:00:00.000 UTC,uniswap_v3_0.3_ethusdt,0.5k-1k,513,364686.6035836767,85.7494134726987,364762.13873500004
2025-10-06 00:00:00.000 UTC,uniswap_v3_0.3_ethusdt,100k+,2156,704532856.3569169,170859.16874670968,702026980.1720477
2025-10-06 00:00:00.000 UTC,uniswap_v3_0.3_ethusdt,10k-100k,2600,124952900.62395248,30158.478874624787,124806372.97867607
2025-10-06 00:00:00.000 UTC,uniswap_v3_0.3_ethusdt,1k-10k,1016,4042361.727966553,965.6635173959309,4036514.503200999
2025-10-06 00:00:00.000 UTC,uniswap_v3_1.0_ethusdc,0.5k-1k,74,53511.57787667963,13.077595378823828,53571.26001999999
2025-10-06 00:00:00.000 UTC,uniswap_v3_1.0_ethusdc,10k-100k,16,339657.5862752275,93.77522117591523,332301.173113
2025-10-06 00:00:00.000 UTC,uniswap_v3_1.0_ethusdc,1k-10k,104,260500.17412245658,68.4831614990826,259392.447439
2025-10-13 00:00:00.000 UTC,curve_usdcwbtcweth,0.5k-1k,537,416021.0887017644,77.515044705812,333360.0702750003
2025-10-13 00:00:00.000 UTC,curve_usdcwbtcweth,100k+,4,464083.40254882036,78.29484831538207,153210.101523
2025-10-13 00:00:00.000 UTC,curve_usdcwbtcweth,10k-100k,1388,26553801.914394885,5087.860298144353,23806997.26693398
2025-10-13 00:00:00.000 UTC,curve_usdcwbtcweth,1k-10k,11462,42279477.73024731,8229.99249892599,35141545.81749703
2025-10-13 00:00:00.000 UTC,curve_usdt,0.5k-1k,85,66579.45084941923,12.110528099181966,46737.731769
2025-10-13 00:00:00.000 UTC,curve_usdt,100k+,17,1823941.6681155479,30.0096,1821175.848451
2025-10-13 00:00:00.000 UTC,curve_usdt,10k-100k,2067,46830867.7378644,9386.649569618055,42044528.61163997
2025-10-13 00:00:00.000 UTC,curve_usdt,1k-10k,4912,22216492.629591793,4479.018388818086,19403547.93786999
2025-10-13 00:00:00.000 UTC,curve_usdtwbtcweth,0.5k-1k,266,208852.32660371275,41.48638852887621,174876.818242
2025-10-13 00:00:00.000 UTC,curve_usdtwbtcweth,10k-100k,663,11820852.494270964,2111.4521211659135,10846409.975166
2025-10-13 00:00:00.000 UTC,curve_usdtwbtcweth,1k-10k,6992,24723170.572002117,4914.850714251878,20906143.666416954
2025-10-13 00:00:00.000 UTC,sushiv2_ethusdt,0.5k-1k,412,289207.99279352743,72.44700272138698,289524.02257400024
2025-10-13 00:00:00.000 UTC,sushiv2_ethusdt,1k-10k,300,474247.44996637595,119.73800116945634,475153.04329700005
2025-10-13 00:00:00.000 UTC,sushiv2_usdceth,0.5k-1k,429,305952.42701583385,76.58148676760766,306318.767079
2025-10-13 00:00:00.000 UTC,sushiv2_usdceth,10k-100k,3,62474.296838001545,15.535300334173963,62060.947703
2025-10-13 00:00:00.000 UTC,sushiv2_usdceth,1k-10k,491,837019.314147464,210.69689267938833,838950.4418349995
2025-10-13 00:00:00.000 UTC,uniswap_v3_0.01_ethusdc,0.5k-1k,11212,8167556.33477582,2041.7770464935888,8161440.57171499
2025-10-13 00:00:00.000 UTC,uniswap_v3_0.01_ethusdc,100k+,464,137386048.30816776,34216.282119207324,137239962.791696
2025-10-13 00:00:00.000 UTC,uniswap_v3_0.01_ethusdc,10k-100k,6046,116951424.74610417,29357.92452912312,116924875.64320898
2025-10-13 00:00:00.000 UTC,uniswap_v3_0.01_ethusdc,1k-10k,45328,162263712.50779894,40572.95514394421,162229565.45962304
2025-10-13 00:00:00.000 UTC,uniswap_v3_0.01_ethusdt,0.5k-1k,11905,8814061.77054484,2205.0944289427107,8802773.669281991
2025-10-13 00:00:00.000 UTC,uniswap_v3_0.01_ethusdt,100k+,1049,341284525.4455059,85809.11649301664,340259936.87198406
2025-10-13 00:00:00.000 UTC,uniswap_v3_0.01_ethusdt,10k-100k,25505,581031405.2075176,145107.76393712478,580659344.7652464
2025-10-13 00:00:00.000 UTC,uniswap_v3_0.01_ethusdt,1k-10k,52561,217958387.16483375,54555.73557725076,217758080.16969717
2025-10-13 00:00:00.000 UTC,uniswap_v3_0.05_ethusdc,0.5k-1k,2550,1822616.3141352097,457.0307436488058,1821590.4365229995
2025-10-13 00:00:00.000 UTC,uniswap_v3_0.05_ethusdc,100k+,760,193026498.53980154,47431.94178125473,193155684.724644
2025-10-13 00:00:00.000 UTC,uniswap_v3_0.05_ethusdc,10k-100k,12342,340260227.3580844,85242.20785528305,340319658.4864088
2025-10-13 00:00:00.000 UTC,uniswap_v3_0.05_ethusdc,1k-10k,12479,58950626.38280982,14806.027284913842,58941790.02475899
2025-10-13 00:00:00.000 UTC,uniswap_v3_0.05_ethusdt,0.5k-1k,1049,762876.9085478905,191.92356801399256,762064.300616
2025-10-13 00:00:00.000 UTC,uniswap_v3_0.05_ethusdt,100k+,1,175672.23537500002,42.47409264876713,175437.5
2025-10-13 00:00:00.000 UTC,uniswap_v3_0.05_ethusdt,10k-100k,4628,74136522.82902724,18448.665028976742,74120483.45254703
2025-10-13 00:00:00.000 UTC,uniswap_v3_0.05_ethusdt,1k-10k,12539,55105750.59246182,13811.229150009545,55079522.46011299
2025-10-13 00:00:00.000 UTC,uniswap_v3_0.3_ethusdc,0.5k-1k,81,58055.107067508216,14.563631043928634,58105.53321
2025-10-13 00:00:00.000 UTC,uniswap_v3_0.3_ethusdc,100k+,652,124407828.5469591,31628.1525169557,124696912.60012901
2025-10-13 00:00:00.000 UTC,uniswap_v3_0.3_ethusdc,10k-100k,2466,99410292.44255354,25045.58846120874,99540896.211769
2025-10-13 00:00:00.000 UTC,uniswap_v3_0.3_ethusdc,1k-10k,617,3417710.7242844785,854.7317750021308,3420073.3478550003
2025-10-13 00:00:00.000 UTC,uniswap_v3_0.3_ethusdt,0.5k-1k,300,203830.89692716848,51.125809475501434,203899.241677
2025-10-13 00:00:00.000 UTC,uniswap_v3_0.3_ethusdt,100k+,1548,418336508.40117025,104087.34374718678,418953585.188784
2025-10-13 00:00:00.000 UTC,uniswap_v3_0.3_ethusdt,10k-100k,2502,114476165.19823891,28818.60592740923,114551955.18292907
2025-10-13 00:00:00.000 UTC,uniswap_v3_0.3_ethusdt,1k-10k,610,2674490.703251994,675.0145899032464,2674476.4885109994
2025-10-13 00:00:00.000 UTC,uniswap_v3_1.0_ethusdc,0.5k-1k,99,68506.44490470667,17.1233847882472,68661.139207
2025-10-13 00:00:00.000 UTC,uniswap_v3_1.0_ethusdc,1k-10k,68,100075.53069108255,25.322028366491796,100494.77185499998
2025-10-20 00:00:00.000 UTC,curve_usdcwbtcweth,0.5k-1k,683,559965.0375868567,110.64980045839414,486591.62052799977
2025-10-20 00:00:00.000 UTC,curve_usdcwbtcweth,10k-100k,409,7270160.37099542,1286.2365265379044,6559470.637601003
2025-10-20 00:00:00.000 UTC,curve_usdcwbtcweth,1k-10k,7416,21614578.153502706,4088.817395352663,18565254.66446099
2025-10-20 00:00:00.000 UTC,curve_usdt,0.5k-1k,46,38170.83568386561,8.86717631260075,33509.228968
2025-10-20 00:00:00.000 UTC,curve_usdt,10k-100k,351,6821467.335243882,1358.912308106813,6170479.893178004
2025-10-20 00:00:00.000 UTC,curve_usdt,1k-10k,1934,7248561.808188945,1433.6631491467933,6301398.9000130035
2025-10-20 00:00:00.000 UTC,curve_usdtwbtcweth,0.5k-1k,320,258593.7468206981,53.15854069967842,216408.92062
2025-10-20 00:00:00.000 UTC,curve_usdtwbtcweth,10k-100k,212,3559478.0131891626,588.6942553620778,3276977.766470998
2025-10-20 00:00:00.000 UTC,curve_usdtwbtcweth,1k-10k,5172,14292494.93234714,2766.169374247138,12133122.592157999
2025-10-20 00:00:00.000 UTC,sushiv2_ethusdt,0.5k-1k,230,159166.36016607325,40.72842749359323,159388.23676299994
2025-10-20 00:00:00.000 UTC,sushiv2_ethusdt,1k-10k,116,184003.21648451488,46.90948427402827,184283.81314099996
2025-10-20 00:00:00.000 UTC,sushiv2_usdceth,0.5k-1k,336,232351.44718646514,59.44214617825493,232677.5157600001
2025-10-20 00:00:00.000 UTC,sushiv2_usdceth,1k-10k,220,364399.73995019105,93.04894256581254,365412.6822719999
2025-10-20 00:00:00.000 UTC,uniswap_v3_0.01_ethusdc,0.5k-1k,10580,7721832.957094164,1966.2633480344352,7718607.9312120015
2025-10-20 00:00:00.000 UTC,uniswap_v3_0.01_ethusdc,100k+,410,160342470.28960842,41655.92271325887,156436445.99252102
2025-10-20 00:00:00.000 UTC,uniswap_v3_0.01_ethusdc,10k-100k,3141,63552169.80599257,16171.65868051386,63564501.424958006
2025-10-20 00:00:00.000 UTC,uniswap_v3_0.01_ethusdc,1k-10k,38748,126252534.2600868,32129.283822544563,126261719.05046803
2025-10-20 00:00:00.000 UTC,uniswap_v3_0.01_ethusdt,0.5k-1k,11936,8763991.47249789,2232.0631998548024,8757457.192669
2025-10-20 00:00:00.000 UTC,uniswap_v3_0.01_ethusdt,100k+,968,328077889.60494626,84229.6796611987,324978138.65686506
2025-10-20 00:00:00.000 UTC,uniswap_v3_0.01_ethusdt,10k-100k,13952,296019478.21454,75116.95495004523,295967695.41136503
2025-10-20 00:00:00.000 UTC,uniswap_v3_0.01_ethusdt,1k-10k,48262,187356620.09436643,47683.89195674578,187276506.22123486
2025-10-20 00:00:00.000 UTC,uniswap_v3_0.05_ethusdc,0.5k-1k,1740,1253211.6169997852,318.8175021394161,1252825.6727380003
2025-10-20 00:00:00.000 UTC,uniswap_v3_0.05_ethusdc,100k+,311,60303394.66184878,15250.892386286114,60347090.93869401
2025-10-20 00:00:00.000 UTC,uniswap_v3_0.05_ethusdc,10k-100k,8313,222028001.73846385,56503.00445866615,222120785.300383
2025-10-20 00:00:00.000 UTC,uniswap_v3_0.05_ethusdc,1k-10k,9698,45549848.10164687,11606.47836356143,45556690.71868602
2025-10-20 00:00:00.000 UTC,uniswap_v3_0.05_ethusdt,0.5k-1k,900,669871.2455522044,170.6072264725529,669532.3942109998
2025-10-20 00:00:00.000 UTC,uniswap_v3_0.05_ethusdt,100k+,3,361243.34059562953,91.69841331657105,362003.92044799996
2025-10-20 00:00:00.000 UTC,uniswap_v3_0.05_ethusdt,10k-100k,1711,27796985.06914574,7035.433255622282,27807214.438491
2025-10-20 00:00:00.000 UTC,uniswap_v3_0.05_ethusdt,1k-10k,10434,39997556.65775741,10180.745561922415,39996752.23210499
2025-10-20 00:00:00.000 UTC,uniswap_v3_0.3_ethusdc,0.5k-1k,113,85256.20117980614,21.65223111964006,85375.653957
2025-10-20 00:00:00.000 UTC,uniswap_v3_0.3_ethusdc,100k+,446,88953546.96224347,22761.561527938076,89167857.40605198
2025-10-20 00:00:00.000 UTC,uniswap_v3_0.3_ethusdc,10k-100k,1671,64879867.11218339,16552.699126666907,64966906.757791
2025-10-20 00:00:00.000 UTC,uniswap_v3_0.3_ethusdc,1k-10k,615,3099236.3080545785,789.8776654876831,3102479.401085
2025-10-20 00:00:00.000 UTC,uniswap_v3_0.3_ethusdt,0.5k-1k,264,187807.0253804611,47.88648223045522,187940.42324499998
2025-10-20 00:00:00.000 UTC,uniswap_v3_0.3_ethusdt,100k+,867,238203129.3111766,60248.98525058157,238751698.10983998
2025-10-20 00:00:00.000 UTC,uniswap_v3_0.3_ethusdt,10k-100k,1766,74221446.87558973,18924.115890966772,74297773.544063
2025-10-20 00:00:00.000 UTC,uniswap_v3_0.3_ethusdt,1k-10k,583,2620525.527969402,668.6065907872353,2621887.9611529997
2025-10-20 00:00:00.000 UTC,uniswap_v3_1.0_ethusdc,0.5k-1k,58,40662.49490261344,10.330671816909067,40773.005968
2025-10-20 00:00:00.000 UTC,uniswap_v3_1.0_ethusdc,10k-100k,2,33838.80799529746,8.602389303406285,33832.647332
2025-10-20 00:00:00.000 UTC,uniswap_v3_1.0_ethusdc,1k-10k,54,107594.6792216277,27.432673919797224,107800.17250700001
2025-10-27 00:00:00.000 UTC,curve_usdcwbtcweth,0.5k-1k,587,481565.0174372612,92.33926833928594,400864.224969
2025-10-27 00:00:00.000 UTC,curve_usdcwbtcweth,10k-100k,409,6942085.794238444,1398.7097355713145,6288157.045262001
2025-10-27 00:00:00.000 UTC,curve_usdcwbtcweth,1k-10k,6945,20771293.7839537,3978.3521422141225,17404649.331845008
2025-10-27 00:00:00.000 UTC,curve_usdt,0.5k-1k,57,46173.04349756925,10.74116680461059,38135.743984999994
2025-10-27 00:00:00.000 UTC,curve_usdt,100k+,1,107762.76527973429,28.0833084,107763.088569
2025-10-27 00:00:00.000 UTC,curve_usdt,10k-100k,547,11378716.028800903,2177.223871514233,10343228.224967998
2025-10-27 00:00:00.000 UTC,curve_usdt,1k-10k,2481,9673220.110468738,1895.0882756449246,8543105.518249996
2025-10-27 00:00:00.000 UTC,curve_usdtwbtcweth,0.5k-1k,326,258349.6958501336,49.05178930659265,200169.63545400003
2025-10-27 00:00:00.000 UTC,curve_usdtwbtcweth,10k-100k,257,4203317.332186954,793.654764136209,3622412.158803998
2025-10-27 00:00:00.000 UTC,curve_usdtwbtcweth,1k-10k,5434,16241763.342717467,3166.7714195033955,13270330.11212502
2025-10-27 00:00:00.000 UTC,sushiv2_ethusdt,0.5k-1k,250,173450.7710839626,44.008041540062926,173600.37258200007
2025-10-27 00:00:00.000 UTC,sushiv2_ethusdt,1k-10k,110,176326.92718040055,45.10101240412977,176578.97450699995
2025-10-27 00:00:00.000 UTC,sushiv2_usdceth,0.5k-1k,309,218701.40880989717,55.43794308967864,218912.38301099982
2025-10-27 00:00:00.000 UTC,sushiv2_usdceth,10k-100k,1,12721.002272343478,3.226812698282316,12720.239058
2025-10-27 00:00:00.000 UTC,sushiv2_usdceth,1k-10k,213,328889.8929212023,83.21705979107625,329220.534996
2025-10-27 00:00:00.000 UTC,uniswap_v3_0.01_ethusdc,0.5k-1k,10112,7384095.344459554,1867.274863605081,7378434.700135003
2025-10-27 00:00:00.000 UTC,uniswap_v3_0.01_ethusdc,100k+,398,138769254.2856483,35188.77444681138,137384720.423318
2025-10-27 00:00:00.000 UTC,uniswap_v3_0.01_ethusdc,10k-100k,3784,68837616.5598042,17429.048292264742,68792606.66981702
2025-10-27 00:00:00.000 UTC,uniswap_v3_0.01_ethusdc,1k-10k,38660,130212435.71873836,32913.36838091637,130166021.44272296
2025-10-27 00:00:00.000 UTC,uniswap_v3_0.01_ethusdt,0.5k-1k,11677,8503317.967817046,2143.915372806551,8496484.113356
2025-10-27 00:00:00.000 UTC,uniswap_v3_0.01_ethusdt,100k+,1007,388806003.5545552,97724.36818516297,387116117.42514205
2025-10-27 00:00:00.000 UTC,uniswap_v3_0.01_ethusdt,10k-100k,15209,328996184.7036564,82903.18335561089,328839708.3047819
2025-10-27 00:00:00.000 UTC,uniswap_v3_0.01_ethusdt,1k-10k,46349,185291399.9076307,46771.51525255661,185207513.79272273
2025-10-27 00:00:00.000 UTC,uniswap_v3_0.05_ethusdc,0.5k-1k,1865,1326056.8643956075,334.0707550730651,1325132.339917
2025-10-27 00:00:00.000 UTC,uniswap_v3_0.05_ethusdc,100k+,244,48820868.45344372,12459.121766921256,48796564.88578
2025-10-27 00:00:00.000 UTC,uniswap_v3_0.05_ethusdc,10k-100k,8095,209463257.30797178,53110.032802811766,209426009.58215097
2025-10-27 00:00:00.000 UTC,uniswap_v3_0.05_ethusdc,1k-10k,9736,45594409.5693473,11537.009402003481,45584567.79292897
2025-10-27 00:00:00.000 UTC,uniswap_v3_0.05_ethusdt,0.5k-1k,900,679792.1325867448,171.8565869097025,679413.9345089998
2025-10-27 00:00:00.000 UTC,uniswap_v3_0.05_ethusdt,100k+,25,5554232.938424462,1430.7083118801424,5543919.163087999
2025-10-27 00:00:00.000 UTC,uniswap_v3_0.05_ethusdt,10k-100k,2218,38688304.50588818,9819.291384711541,38676864.03646998
2025-10-27 00:00:00.000 UTC,uniswap_v3_0.05_ethusdt,1k-10k,10297,41126557.35235229,10409.142911505149,41115410.177815974
2025-10-27 00:00:00.000 UTC,uniswap_v3_0.3_ethusdc,0.5k-1k,102,73182.67378453632,18.622903561076672,73229.119578
2025-10-27 00:00:00.000 UTC,uniswap_v3_0.3_ethusdc,100k+,581,136604404.12135926,35079.46556995858,136728606.597565
2025-10-27 00:00:00.000 UTC,uniswap_v3_0.3_ethusdc,10k-100k,1729,69518779.05463883,17673.49706579492,69575226.787537
2025-10-27 00:00:00.000 UTC,uniswap_v3_0.3_ethusdc,1k-10k,511,2668237.6132400692,674.0836495861346,2669952.1551669994
2025-10-27 00:00:00.000 UTC,uniswap_v3_0.3_ethusdt,0.5k-1k,267,183047.14999452283,46.28458589139286,183201.470589
2025-10-27 00:00:00.000 UTC,uniswap_v3_0.3_ethusdt,100k+,905,245482981.13826036,61513.268464017594,245683753.63304105
2025-10-27 00:00:00.000 UTC,uniswap_v3_0.3_ethusdt,10k-100k,1768,76451721.99757461,19362.892792360417,76504228.59750599
2025-10-27 00:00:00.000 UTC,uniswap_v3_0.3_ethusdt,1k-10k,526,2487127.7809168776,633.1338210878655,2488352.238949
2025-10-27 00:00:00.000 UTC,uniswap_v3_1.0_ethusdc,0.5k-1k,40,27017.031043120765,6.8546785267761745,27045.686998000005
2025-10-27 00:00:00.000 UTC,uniswap_v3_1.0_ethusdc,1k-10k,26,34218.23123372244,8.70590832355441,34201.393216
2025-11-03 00:00:00.000 UTC,curve_usdcwbtcweth,0.5k-1k,665,527630.5015192743,114.99472688884889,448738.78382000024
2025-11-03 00:00:00.000 UTC,curve_usdcwbtcweth,100k+,5,1021899.5864066563,31.69406011199447,999730.4134810001
2025-11-03 00:00:00.000 UTC,curve_usdcwbtcweth,10k-100k,817,15774341.801693087,3513.4556090978303,14117015.92243003
2025-11-03 00:00:00.000 UTC,curve_usdcwbtcweth,1k-10k,8317,28926522.42928483,6434.242079880677,24782869.184629012
2025-11-03 00:00:00.000 UTC,curve_usdt,0.5k-1k,58,48609.55228360244,12.255144576290215,41670.20717199998
2025-11-03 00:00:00.000 UTC,curve_usdt,100k+,1,102023.38060187765,29.834908182377468,101951.504791
2025-11-03 00:00:00.000 UTC,curve_usdt,10k-100k,433,8963735.484820329,2279.430518887535,7933434.253434002
2025-11-03 00:00:00.000 UTC,curve_usdt,1k-10k,1774,7021758.461036323,1749.7921399002257,6071886.812153004
2025-11-03 00:00:00.000 UTC,curve_usdtwbtcweth,0.5k-1k,249,193666.13822125306,46.87653444245847,147717.42622399997
2025-11-03 00:00:00.000 UTC,curve_usdtwbtcweth,10k-100k,449,7808136.318779395,1804.2082291134034,6880105.027978005
2025-11-03 00:00:00.000 UTC,curve_usdtwbtcweth,1k-10k,5576,18481360.34408635,4257.725149959867,15918299.699701985
2025-11-03 00:00:00.000 UTC,sushiv2_ethusdt,0.5k-1k,433,306026.6409669396,89.5125405041529,306441.290916
2025-11-03 00:00:00.000 UTC,sushiv2_ethusdt,1k-10k,319,512020.13533065247,153.04828475875095,513088.4460169996
2025-11-03 00:00:00.000 UTC,sushiv2_usdceth,0.5k-1k,524,376823.8648840819,110.1276363748567,377195.21202400007
2025-11-03 00:00:00.000 UTC,sushiv2_usdceth,10k-100k,6,111313.93691817216,33.51334307804159,110533.844804
2025-11-03 00:00:00.000 UTC,sushiv2_usdceth,1k-10k,544,978357.6759089456,290.20588286302814,979820.7125339988
2025-11-03 00:00:00.000 UTC,uniswap_v3_0.01_ethusdc,0.5k-1k,13695,9998375.010837574,2893.834413383077,9991628.657028994
2025-11-03 00:00:00.000 UTC,uniswap_v3_0.01_ethusdc,100k+,324,89933705.78795095,25949.469014961127,88392155.40018302
2025-11-03 00:00:00.000 UTC,uniswap_v3_0.01_ethusdc,10k-100k,2815,74382826.93616383,21417.35506313784,74266099.57766005
2025-11-03 00:00:00.000 UTC,uniswap_v3_0.01_ethusdc,1k-10k,37653,109852290.55527005,31619.07604210225,109819951.53709511
2025-11-03 00:00:00.000 UTC,uniswap_v3_0.01_ethusdt,0.5k-1k,12798,9370497.43121548,2711.57187147362,9364082.743686
2025-11-03 00:00:00.000 UTC,uniswap_v3_0.01_ethusdt,100k+,894,250053286.64762205,73037.5559464169,248092670.088779
2025-11-03 00:00:00.000 UTC,uniswap_v3_0.01_ethusdt,10k-100k,13601,260939094.39875555,75994.8465081119,260899964.86623624
2025-11-03 00:00:00.000 UTC,uniswap_v3_0.01_ethusdt,1k-10k,53756,211636627.58739528,61530.00774651107,211597137.88660473
2025-11-03 00:00:00.000 UTC,uniswap_v3_0.05_ethusdc,0.5k-1k,2822,2036415.9491697717,592.4409421473387,2034522.879992001
2025-11-03 00:00:00.000 UTC,uniswap_v3_0.05_ethusdc,100k+,522,95317314.86241025,27927.743449282618,95193149.045605
2025-11-03 00:00:00.000 UTC,uniswap_v3_0.05_ethusdc,10k-100k,13757,364859222.0860797,106725.0825527288,364821099.33549285
2025-11-03 00:00:00.000 UTC,uniswap_v3_0.05_ethusdc,1k-10k,14394,67018588.07874895,19501.892017316808,66998553.56160599
2025-11-03 00:00:00.000 UTC,uniswap_v3_0.05_ethusdt,0.5k-1k,1771,1310297.656128635,381.6203575824052,1309737.3258249993
2025-11-03 00:00:00.000 UTC,uniswap_v3_0.05_ethusdt,100k+,833,159854356.48718172,48262.448060252165,159786361.362555
2025-11-03 00:00:00.000 UTC,uniswap_v3_0.05_ethusdt,10k-100k,13921,430452771.8307504,127966.63801899098,430522256.08179533
2025-11-03 00:00:00.000 UTC,uniswap_v3_0.05_ethusdt,1k-10k,12763,61311764.912116945,17823.36238043239,61301002.82676503
2025-11-03 00:00:00.000 UTC,uniswap_v3_0.3_ethusdc,0.5k-1k,140,101705.76872677194,29.511469325873378,101767.597162
2025-11-03 00:00:00.000 UTC,uniswap_v3_0.3_ethusdc,100k+,807,195812176.58115467,56529.95993742345,195956465.936485
2025-11-03 00:00:00.000 UTC,uniswap_v3_0.3_ethusdc,10k-100k,3252,125935672.0626199,36896.80153845341,126063300.85962409
2025-11-03 00:00:00.000 UTC,uniswap_v3_0.3_ethusdc,1k-10k,1006,5187140.704629263,1511.299785217748,5190576.102
2025-11-03 00:00:00.000 UTC,uniswap_v3_0.3_ethusdt,0.5k-1k,496,330800.7385084016,95.54362032103197,331059.69884200004
2025-11-03 00:00:00.000 UTC,uniswap_v3_0.3_ethusdt,100k+,1441,330348663.4474448,97024.75234427504,330822213.8842669
2025-11-03 00:00:00.000 UTC,uniswap_v3_0.3_ethusdt,10k-100k,3316,144491278.06582385,42431.92128640858,144656415.11146903
2025-11-03 00:00:00.000 UTC,uniswap_v3_0.3_ethusdt,1k-10k,974,4277409.883325929,1249.0460193428987,4280521.680746
2025-11-03 00:00:00.000 UTC,uniswap_v3_1.0_ethusdc,0.5k-1k,108,74706.21605384626,21.90726510980347,74839.098438
2025-11-03 00:00:00.000 UTC,uniswap_v3_1.0_ethusdc,10k-100k,1,10115.858464599032,3.0924091126773825,10108.640895
2025-11-03 00:00:00.000 UTC,uniswap_v3_1.0_ethusdc,1k-10k,83,128335.70485705449,38.303603403626525,128566.111078
2025-11-10 00:00:00.000 UTC,curve_usdcwbtcweth,0.5k-1k,1563,1219912.286589499,274.95823275356304,1034685.2194330007
2025-11-10 00:00:00.000 UTC,curve_usdcwbtcweth,100k+,5,669231.4408543535,169.47553471561605,420200.173307
2025-11-10 00:00:00.000 UTC,curve_usdcwbtcweth,10k-100k,440,7779793.554880439,1702.8780393470693,7178262.065315008
2025-11-10 00:00:00.000 UTC,curve_usdcwbtcweth,1k-10k,10106,29131056.235128384,6505.172956447955,24369079.70949202
2025-11-10 00:00:00.000 UTC,curve_usdt,0.5k-1k,138,111748.07614070694,25.438526233983538,100681.18338799998
2025-11-10 00:00:00.000 UTC,curve_usdt,10k-100k,468,9322987.162560733,2133.1645241618717,8527335.873901002
2025-11-10 00:00:00.000 UTC,curve_usdt,1k-10k,2328,8532518.845849968,2019.3536413049758,7326245.218637012
2025-11-10 00:00:00.000 UTC,curve_usdtwbtcweth,0.5k-1k,959,741882.9556150216,197.07606247520968,614507.7109510007
2025-11-10 00:00:00.000 UTC,curve_usdtwbtcweth,10k-100k,282,4710924.672176892,983.9615642470201,4415909.638028998
2025-11-10 00:00:00.000 UTC,curve_usdtwbtcweth,1k-10k,7356,20678248.2745065,4703.882573802285,17796592.509473994
2025-11-10 00:00:00.000 UTC,sushiv2_ethusdt,0.5k-1k,457,320474.0085042243,97.40367378879013,321029.84571199975
2025-11-10 00:00:00.000 UTC,sushiv2_ethusdt,10k-100k,2,29405.630398763242,9.489892137274179,29672.773382
2025-11-10 00:00:00.000 UTC,sushiv2_ethusdt,1k-10k,236,328793.17558509385,101.27555693730517,329630.9613909999
2025-11-10 00:00:00.000 UTC,sushiv2_usdceth,0.5k-1k,538,378318.32336558023,114.05683104771896,378823.225302
2025-11-10 00:00:00.000 UTC,sushiv2_usdceth,1k-10k,448,669472.4911807693,204.44304055208852,670666.1239209996
2025-11-10 00:00:00.000 UTC,uniswap_v3_0.01_ethusdc,0.5k-1k,18540,13201994.339722749,3979.771656392432,13191573.647123037
2025-11-10 00:00:00.000 UTC,uniswap_v3_0.01_ethusdc,100k+,374,133232993.1553725,36018.14639114808,143683303.334445
2025-11-10 00:00:00.000 UTC,uniswap_v3_0.01_ethusdc,10k-100k,2126,66005381.43449493,19988.416521793035,65918244.64027302
2025-11-10 00:00:00.000 UTC,uniswap_v3_0.01_ethusdc,1k-10k,40355,107349940.7982194,32091.63438664189,107327289.56853607
2025-11-10 00:00:00.000 UTC,uniswap_v3_0.01_ethusdt,0.5k-1k,19622,14201122.877902716,4287.610463683949,14191338.072905011
2025-11-10 00:00:00.000 UTC,uniswap_v3_0.01_ethusdt,100k+,753,214326384.97742307,64992.26895931679,213054323.76147202
2025-11-10 00:00:00.000 UTC,uniswap_v3_0.01_ethusdt,10k-100k,11225,208420117.3917669,62607.31072257734,208428963.95744303
2025-11-10 00:00:00.000 UTC,uniswap_v3_0.01_ethusdt,1k-10k,61880,222766764.41799632,66944.05484397989,222729699.91439795
2025-11-10 00:00:00.000 UTC,uniswap_v3_0.05_ethusdc,0.5k-1k,2869,2043506.23569288,619.2211083078205,2041232.7154889996
2025-11-10 00:00:00.000 UTC,uniswap_v3_0.05_ethusdc,100k+,411,74309233.28909853,23108.49214132212,74229031.22544602
2025-11-10 00:00:00.000 UTC,uniswap_v3_0.05_ethusdc,10k-100k,13365,379482331.5929815,115036.63216972497,379441867.0763451
2025-11-10 00:00:00.000 UTC,uniswap_v3_0.05_ethusdc,1k-10k,14271,63994985.86706343,19245.15580779822,63971954.82256698
2025-11-10 00:00:00.000 UTC,uniswap_v3_0.05_ethusdt,0.5k-1k,2279,1649053.1251561374,500.33852706679227,1647611.7066229996
2025-11-10 00:00:00.000 UTC,uniswap_v3_0.05_ethusdt,100k+,950,212509412.4820173,66882.17869273578,212498786.653714
2025-11-10 00:00:00.000 UTC,uniswap_v3_0.05_ethusdt,10k-100k,14603,460736004.2020809,139674.9697460846,460855431.4110076
2025-11-10 00:00:00.000 UTC,uniswap_v3_0.05_ethusdt,1k-10k,12857,62015180.99917311,18678.32360589142,62003329.660875976
2025-11-10 00:00:00.000 UTC,uniswap_v3_0.3_ethusdc,0.5k-1k,101,75115.17016229102,22.510524484979832,75161.069745
2025-11-10 00:00:00.000 UTC,uniswap_v3_0.3_ethusdc,100k+,566,99890925.23139638,30591.60819090793,100044390.669494
2025-11-10 00:00:00.000 UTC,uniswap_v3_0.3_ethusdc,10k-100k,2862,108587611.16159177,32815.15379070276,108720160.64418694
2025-11-10 00:00:00.000 UTC,uniswap_v3_0.3_ethusdc,1k-10k,1004,5422865.130697907,1630.089710010138,5427788.793423999
2025-11-10 00:00:00.000 UTC,uniswap_v3_0.3_ethusdt,0.5k-1k,380,260032.26506107842,77.66820574362127,260303.18752000004
2025-11-10 00:00:00.000 UTC,uniswap_v3_0.3_ethusdt,100k+,1427,342191428.43738323,102035.07816450197,342823669.592784
2025-11-10 00:00:00.000 UTC,uniswap_v3_0.3_ethusdt,10k-100k,2846,120477866.58981633,36274.689231422155,120635796.97919697
2025-11-10 00:00:00.000 UTC,uniswap_v3_0.3_ethusdt,1k-10k,859,4272749.757256909,1284.9543735427812,4276992.6315790005
2025-11-10 00:00:00.000 UTC,uniswap_v3_1.0_ethusdc,0.5k-1k,146,100241.4592418015,30.539543633961703,100406.65140700003
2025-11-10 00:00:00.000 UTC,uniswap_v3_1.0_ethusdc,1k-10k,48,63214.92260105021,19.378280246275835,63371.27390999999
2025-11-17 00:00:00.000 UTC,curve_usdcwbtcweth,0.5k-1k,1957,1500819.406127443,346.8443228519275,1189210.651686003
2025-11-17 00:00:00.000 UTC,curve_usdcwbtcweth,100k+,8,1505441.4198477308,295.0631016782396,1467144.292229
2025-11-17 00:00:00.000 UTC,curve_usdcwbtcweth,10k-100k,1297,23514734.473474197,5738.701630370966,21253245.92901302
2025-11-17 00:00:00.000 UTC,curve_usdcwbtcweth,1k-10k,14361,46318655.557139605,11589.934911601535,39258033.341037944
2025-11-17 00:00:00.000 UTC,curve_usdt,0.5k-1k,279,225305.81794747335,57.7795785709613,183517.77560900003
2025-11-17 00:00:00.000 UTC,curve_usdt,100k+,2,228684.73568382603,80.55647672019835,226527.708751
2025-11-17 00:00:00.000 UTC,curve_usdt,10k-100k,1150,23777423.13837739,6498.783752985542,22078126.889850978
2025-11-17 00:00:00.000 UTC,curve_usdt,1k-10k,4397,17051127.211318493,4452.812582518584,15139136.648374993
2025-11-17 00:00:00.000 UTC,curve_usdtwbtcweth,0.5k-1k,1996,1528699.7688109104,467.4202065680984,1175715.5638700002
2025-11-17 00:00:00.000 UTC,curve_usdtwbtcweth,100k+,1,108383.01627239761,42.21399962545973,108446.023412
2025-11-17 00:00:00.000 UTC,curve_usdtwbtcweth,10k-100k,489,8517201.909425922,2099.5418930334786,7861046.020887996
2025-11-17 00:00:00.000 UTC,curve_usdtwbtcweth,1k-10k,8602,26163905.909065057,6294.966844826109,22914683.56433891
2025-11-17 00:00:00.000 UTC,sushiv2_ethusdt,0.5k-1k,597,414448.5190190409,142.23441833867145,415238.24121599994
2025-11-17 00:00:00.000 UTC,sushiv2_ethusdt,10k-100k,2,30650.914965158576,10.912503036876528,30377.033692999998
2025-11-17 00:00:00.000 UTC,sushiv2_ethusdt,1k-10k,255,390281.11056993966,135.39107004808275,391083.7106970002
2025-11-17 00:00:00.000 UTC,sushiv2_usdceth,0.5k-1k,593,415664.617658206,142.7826031147901,416196.641658
2025-11-17 00:00:00.000 UTC,sushiv2_usdceth,10k-100k,8,119194.81591577819,41.702757868564284,117691.596399
2025-11-17 00:00:00.000 UTC,sushiv2_usdceth,1k-10k,263,423531.7265453273,147.0711379237035,423764.68441799993
2025-11-17 00:00:00.000 UTC,uniswap_v3_0.01_ethusdc,0.5k-1k,20388,14926345.684755208,5085.080041330141,14916867.14746902
2025-11-17 00:00:00.000 UTC,uniswap_v3_0.01_ethusdc,100k+,381,95508330.65751606,32606.109417235588,94533803.728067
2025-11-17 00:00:00.000 UTC,uniswap_v3_0.01_ethusdc,10k-100k,2977,92931299.92519763,31285.42301448068,92794647.213754
2025-11-17 00:00:00.000 UTC,uniswap_v3_0.01_ethusdc,1k-10k,43177,111694055.48169325,37972.2243276846,111658315.05817299
2025-11-17 00:00:00.000 UTC,uniswap_v3_0.01_ethusdt,0.5k-1k,29226,21949572.30138792,7388.808934631099,21947441.666795
2025-11-17 00:00:00.000 UTC,uniswap_v3_0.01_ethusdt,100k+,685,194643187.75390118,65942.61658117537,193764423.64042103
2025-11-17 00:00:00.000 UTC,uniswap_v3_0.01_ethusdt,10k-100k,7769,191873250.9990651,64801.80720625091,191832848.37456304
2025-11-17 00:00:00.000 UTC,uniswap_v3_0.01_ethusdt,1k-10k,72151,236373183.70011777,80239.89459605483,236432256.43302676
2025-11-17 00:00:00.000 UTC,uniswap_v3_0.05_ethusdc,0.5k-1k,3525,2580381.4075959907,883.1517937353992,2577716.7847659998
2025-11-17 00:00:00.000 UTC,uniswap_v3_0.05_ethusdc,100k+,575,118928011.33445084,41351.07403694224,118606386.038141
2025-11-17 00:00:00.000 UTC,uniswap_v3_0.05_ethusdc,10k-100k,14236,366527687.47323424,124970.4410900005,366377484.4812788
2025-11-17 00:00:00.000 UTC,uniswap_v3_0.05_ethusdc,1k-10k,20544,89646356.359252,30868.180294371137,89602914.62031507
2025-11-17 00:00:00.000 UTC,uniswap_v3_0.05_ethusdt,0.5k-1k,4022,3045330.0117778205,1030.6864598745601,3045291.153516999
2025-11-17 00:00:00.000 UTC,uniswap_v3_0.05_ethusdt,100k+,426,83638516.22065617,27441.76624463299,83631556.48139301
2025-11-17 00:00:00.000 UTC,uniswap_v3_0.05_ethusdt,10k-100k,10991,288484368.67762774,96164.6751120992,288626116.4123174
2025-11-17 00:00:00.000 UTC,uniswap_v3_0.05_ethusdt,1k-10k,21508,93054029.83106509,32003.861067444497,93082271.10236393
2025-11-17 00:00:00.000 UTC,uniswap_v3_0.3_ethusdc,0.5k-1k,121,93056.5326495033,32.013272374414875,93091.03962600001
2025-11-17 00:00:00.000 UTC,uniswap_v3_0.3_ethusdc,100k+,397,89362827.70159253,30655.980860767522,89007753.26762602
2025-11-17 00:00:00.000 UTC,uniswap_v3_0.3_ethusdc,10k-100k,3149,103945844.51213466,35458.440777072545,104025256.67783591
2025-11-17 00:00:00.000 UTC,uniswap_v3_0.3_ethusdc,1k-10k,1570,8560168.294296443,2976.1586866444695,8564908.501955997
2025-11-17 00:00:00.000 UTC,uniswap_v3_0.3_ethusdt,0.5k-1k,486,348761.14036856906,118.19554552992912,349260.67895000003
2025-11-17 00:00:00.000 UTC,uniswap_v3_0.3_ethusdt,100k+,841,207779188.5187185,70085.20117010758,208043133.54417294
2025-11-17 00:00:00.000 UTC,uniswap_v3_0.3_ethusdt,10k-100k,3614,136936488.68371573,46977.80008302927,137163489.29140395
2025-11-17 00:00:00.000 UTC,uniswap_v3_0.3_ethusdt,1k-10k,1635,8138609.604904797,2825.3827400064906,8149455.105911
2025-11-17 00:00:00.000 UTC,uniswap_v3_1.0_ethusdc,0.5k-1k,129,90253.45787122837,30.8553928805653,90378.18655
2025-11-17 00:00:00.000 UTC,uniswap_v3_1.0_ethusdc,1k-10k,76,131979.02526748867,47.14562296112193,132041.61793900002
2025-11-24 00:00:00.000 UTC,curve_usdcwbtcweth,0.5k-1k,2710,2022356.6069877811,449.4573638707011,1607700.8380190013
2025-11-24 00:00:00.000 UTC,curve_usdcwbtcweth,10k-100k,267,4246011.590570456,1110.0503130352668,3963966.2255089995
2025-11-24 00:00:00.000 UTC,curve_usdcwbtcweth,1k-10k,7623,19646357.100472525,4613.9114250324665,16839969.56619397
2025-11-24 00:00:00.000 UTC,curve_usdt,0.5k-1k,283,221385.93027362134,48.70913442208492,165491.21019899996
2025-11-24 00:00:00.000 UTC,curve_usdt,10k-100k,320,6478294.327497826,1777.7696186881576,5965984.838630001
2025-11-24 00:00:00.000 UTC,curve_usdt,1k-10k,2028,6700590.440414211,1704.0317178749774,5743081.180280994
2025-11-24 00:00:00.000 UTC,curve_usdtwbtcweth,0.5k-1k,1482,1122898.8822745504,292.17413681895465,877762.035376001
2025-11-24 00:00:00.000 UTC,curve_usdtwbtcweth,10k-100k,172,2605760.30224983,718.2716921829077,2435011.1393570015
2025-11-24 00:00:00.000 UTC,curve_usdtwbtcweth,1k-10k,6072,14101786.368199093,3414.450759625656,12292859.219749976
2025-11-24 00:00:00.000 UTC,sushiv2_ethusdt,0.5k-1k,206,137353.77728387222,47.00922411247517,137674.4965809999
2025-11-24 00:00:00.000 UTC,sushiv2_ethusdt,10k-100k,4,55083.43675709641,18.238081419203912,55013.649392
2025-11-24 00:00:00.000 UTC,sushiv2_ethusdt,1k-10k,72,106031.81549892592,36.059586268328246,106413.59687999995
2025-11-24 00:00:00.000 UTC,sushiv2_usdceth,0.5k-1k,197,130804.69929269841,44.83343904490074,131089.84735800006
2025-11-24 00:00:00.000 UTC,sushiv2_usdceth,1k-10k,77,115434.96086828191,39.17185096430701,115833.93838899996
2025-11-24 00:00:00.000 UTC,uniswap_v3_0.01_ethusdc,0.5k-1k,17325,12471788.705437481,4201.728106212176,12467511.468877994
2025-11-24 00:00:00.000 UTC,uniswap_v3_0.01_ethusdc,100k+,268,70821760.55188163,24270.758141748163,69451734.210086
2025-11-24 00:00:00.000 UTC,uniswap_v3_0.01_ethusdc,10k-100k,1234,41044169.73774555,13846.882530067549,40993919.87372699
2025-11-24 00:00:00.000 UTC,uniswap_v3_0.01_ethusdc,1k-10k,26077,57082382.745489374,19304.790490007745,57082572.71923
2025-11-24 00:00:00.000 UTC,uniswap_v3_0.01_ethusdt,0.5k-1k,18343,13383340.720119921,4503.516790080056,13374680.152777001
2025-11-24 00:00:00.000 UTC,uniswap_v3_0.01_ethusdt,100k+,610,153853780.0154229,51969.35587484657,152292617.041637
2025-11-24 00:00:00.000 UTC,uniswap_v3_0.01_ethusdt,10k-100k,3855,92722285.04759167,31234.993262371525,92681837.82917002
2025-11-24 00:00:00.000 UTC,uniswap_v3_0.01_ethusdt,1k-10k,48901,148756467.9713385,50151.616803670186,148729641.83266008
2025-11-24 00:00:00.000 UTC,uniswap_v3_0.05_ethusdc,0.5k-1k,2320,1706152.5401755143,575.518451211385,1705583.869552
2025-11-24 00:00:00.000 UTC,uniswap_v3_0.05_ethusdc,100k+,181,34427062.949660465,11608.589112087895,34395821.537372
2025-11-24 00:00:00.000 UTC,uniswap_v3_0.05_ethusdc,10k-100k,6225,150768107.12186947,51025.819231395515,150824393.30502006
2025-11-24 00:00:00.000 UTC,uniswap_v3_0.05_ethusdc,1k-10k,13865,57955690.976078086,19559.347628064297,57954595.00814394
2025-11-24 00:00:00.000 UTC,uniswap_v3_0.05_ethusdt,0.5k-1k,2005,1500906.6376509585,505.27953992751367,1500490.239476
2025-11-24 00:00:00.000 UTC,uniswap_v3_0.05_ethusdt,100k+,25,4872927.331911287,1630.791450277437,4871382.388203001
2025-11-24 00:00:00.000 UTC,uniswap_v3_0.05_ethusdt,10k-100k,2568,49656882.852152355,16827.33124852002,49690246.119802006
2025-11-24 00:00:00.000 UTC,uniswap_v3_0.05_ethusdt,1k-10k,13665,51172133.41917868,17308.430113806935,51174887.04775399
2025-11-24 00:00:00.000 UTC,uniswap_v3_0.3_ethusdc,0.5k-1k,64,47790.95721466605,16.084068168419826,47846.411382
2025-11-24 00:00:00.000 UTC,uniswap_v3_0.3_ethusdc,100k+,61,10731336.326449193,3627.8286243473,10762734.891104002
2025-11-24 00:00:00.000 UTC,uniswap_v3_0.3_ethusdc,10k-100k,1129,35328607.484796666,12055.715291967224,35386957.07891
2025-11-24 00:00:00.000 UTC,uniswap_v3_0.3_ethusdc,1k-10k,938,4764295.9476382155,1617.2726665656048,4769006.199846
2025-11-24 00:00:00.000 UTC,uniswap_v3_0.3_ethusdt,0.5k-1k,234,167196.0170780324,56.57231441710397,167341.67364699996
2025-11-24 00:00:00.000 UTC,uniswap_v3_0.3_ethusdt,100k+,208,40978199.477516904,13846.261102058823,41093382.813215
2025-11-24 00:00:00.000 UTC,uniswap_v3_0.3_ethusdt,10k-100k,1479,54231810.7235415,18460.716653417734,54315203.049159
2025-11-24 00:00:00.000 UTC,uniswap_v3_0.3_ethusdt,1k-10k,914,4261633.312696742,1449.1906584788371,4265839.2941729985
2025-11-24 00:00:00.000 UTC,uniswap_v3_1.0_ethusdc,0.5k-1k,58,38622.09623768352,13.308535957114236,38751.46989600001
2025-11-24 00:00:00.000 UTC,uniswap_v3_1.0_ethusdc,1k-10k,15,17810.905789520566,5.9752991617062,17894.430977999997
2025-12-01 00:00:00.000 UTC,curve_usdcwbtcweth,0.5k-1k,3022,2206471.9039570782,508.9353230221584,1839417.2772379993
2025-12-01 00:00:00.000 UTC,curve_usdcwbtcweth,10k-100k,253,4530315.76696572,1064.232607464635,4240176.431012002
2025-12-01 00:00:00.000 UTC,curve_usdcwbtcweth,1k-10k,6696,17501165.497444734,3985.630392375608,15354919.475295026
2025-12-01 00:00:00.000 UTC,curve_usdt,0.5k-1k,217,162711.81340938577,35.27254134929915,129874.41826899999
2025-12-01 00:00:00.000 UTC,curve_usdt,10k-100k,151,3068965.4136007703,820.1224209236245,2746944.322739
2025-12-01 00:00:00.000 UTC,curve_usdt,1k-10k,1089,3739096.4501747545,898.2519315568375,3281778.635914
2025-12-01 00:00:00.000 UTC,curve_usdtwbtcweth,0.5k-1k,2238,1635621.903599286,419.43279964965626,1349691.3576230013
2025-12-01 00:00:00.000 UTC,curve_usdtwbtcweth,10k-100k,147,2561880.2186563085,592.5830780221696,2453970.4664169988
2025-12-01 00:00:00.000 UTC,curve_usdtwbtcweth,1k-10k,5056,12799009.069179315,3104.8624942586544,11105996.44966501
2025-12-01 00:00:00.000 UTC,sushiv2_ethusdt,0.5k-1k,299,206041.87512486702,68.25704163405231,206328.10769699985
2025-12-01 00:00:00.000 UTC,sushiv2_ethusdt,1k-10k,112,192684.23147052247,64.59019516861638,193190.0997010001
2025-12-01 00:00:00.000 UTC,sushiv2_usdceth,0.5k-1k,308,211147.42783919186,69.94263882822216,211499.56388199993
2025-12-01 00:00:00.000 UTC,sushiv2_usdceth,10k-100k,3,37805.176436293405,13.037918072323997,37561.224844
2025-12-01 00:00:00.000 UTC,sushiv2_usdceth,1k-10k,111,200471.157026655,67.41298430233238,200813.30242799997
2025-12-01 00:00:00.000 UTC,uniswap_v3_0.01_ethusdc,0.5k-1k,19387,13831316.064412793,4586.982275768679,13827741.687935006
2025-12-01 00:00:00.000 UTC,uniswap_v3_0.01_ethusdc,100k+,271,98752662.93109077,32426.65949834397,98790567.56438099
2025-12-01 00:00:00.000 UTC,uniswap_v3_0.01_ethusdc,10k-100k,1266,38275288.49569949,12804.631473499816,38233862.571776
2025-12-01 00:00:00.000 UTC,uniswap_v3_0.01_ethusdc,1k-10k,29012,69962459.36795625,23104.960677317496,69973009.86672305
2025-12-01 00:00:00.000 UTC,uniswap_v3_0.01_ethusdt,0.5k-1k,20907,15057345.430188932,4998.692149447741,15045709.656383015
2025-12-01 00:00:00.000 UTC,uniswap_v3_0.01_ethusdt,100k+,650,190864151.13602456,63309.146759355484,191603997.56071904
2025-12-01 00:00:00.000 UTC,uniswap_v3_0.01_ethusdt,10k-100k,6617,141591627.63268918,47098.57922150285,141521422.828817
2025-12-01 00:00:00.000 UTC,uniswap_v3_0.01_ethusdt,1k-10k,54390,177635722.20172983,58977.26712468738,177565173.36495882
2025-12-01 00:00:00.000 UTC,uniswap_v3_0.05_ethusdc,0.5k-1k,2706,1982600.5876458485,658.8818704089398,1981599.521341
2025-12-01 00:00:00.000 UTC,uniswap_v3_0.05_ethusdc,100k+,277,53866250.22046437,18165.660973253827,53820477.680648
2025-12-01 00:00:00.000 UTC,uniswap_v3_0.05_ethusdc,10k-100k,8160,204614863.3953794,67883.63446219827,204634144.687692
2025-12-01 00:00:00.000 UTC,uniswap_v3_0.05_ethusdc,1k-10k,14745,63131843.602991104,21047.059222018474,63126718.178126946
2025-12-01 00:00:00.000 UTC,uniswap_v3_0.05_ethusdt,0.5k-1k,2769,2058830.8499127196,686.5471792954314,2057512.0470960017
2025-12-01 00:00:00.000 UTC,uniswap_v3_0.05_ethusdt,100k+,92,25008709.731993563,8874.1928987987,24949640.840902
2025-12-01 00:00:00.000 UTC,uniswap_v3_0.05_ethusdt,10k-100k,3097,61852682.51006433,20506.740382801458,61850194.368098974
2025-12-01 00:00:00.000 UTC,uniswap_v3_0.05_ethusdt,1k-10k,14618,57462463.05368071,19110.252442855348,57444444.24629897
2025-12-01 00:00:00.000 UTC,uniswap_v3_0.3_ethusdc,0.5k-1k,66,50791.57304869645,16.965736812020225,50825.808271
2025-12-01 00:00:00.000 UTC,uniswap_v3_0.3_ethusdc,100k+,145,34153394.149128966,11633.139275277319,34164637.776539996
2025-12-01 00:00:00.000 UTC,uniswap_v3_0.3_ethusdc,10k-100k,1611,53327673.70310778,17745.150194365375,53403937.029601
2025-12-01 00:00:00.000 UTC,uniswap_v3_0.3_ethusdc,1k-10k,1087,5550333.667992617,1845.1396509319088,5555373.054294001
2025-12-01 00:00:00.000 UTC,uniswap_v3_0.3_ethusdt,0.5k-1k,219,154913.1080238586,52.11561464188223,154989.274048
2025-12-01 00:00:00.000 UTC,uniswap_v3_0.3_ethusdt,100k+,615,142941829.27694833,47132.56737265108,143120150.17306393
2025-12-01 00:00:00.000 UTC,uniswap_v3_0.3_ethusdt,10k-100k,1948,78820958.48852329,26153.91577841941,78891399.23608598
2025-12-01 00:00:00.000 UTC,uniswap_v3_0.3_ethusdt,1k-10k,823,3836621.5928835776,1282.9634506787638,3838777.6793119996
2025-12-01 00:00:00.000 UTC,uniswap_v3_1.0_ethusdc,0.5k-1k,98,67662.7232407826,22.679435441655734,67806.074106
2025-12-01 00:00:00.000 UTC,uniswap_v3_1.0_ethusdc,10k-100k,2,21185.47156481639,7.108795836762254,21423.50032
2025-12-01 00:00:00.000 UTC,uniswap_v3_1.0_ethusdc,1k-10k,90,210332.34897477136,71.5484335200663,211322.11192599995
2025-12-08 00:00:00.000 UTC,curve_usdcwbtcweth,0.5k-1k,1650,1259867.746702288,302.4388919776414,1073116.6052240003
2025-12-08 00:00:00.000 UTC,curve_usdcwbtcweth,10k-100k,336,5440470.731291648,1420.2786733051914,4955893.621340998
2025-12-08 00:00:00.000 UTC,curve_usdcwbtcweth,1k-10k,7485,20742719.797552127,4950.463892446649,17634009.929238014
2025-12-08 00:00:00.000 UTC,curve_usdt,0.5k-1k,92,72873.8268644943,17.538854115559975,64542.072515000036
2025-12-08 00:00:00.000 UTC,curve_usdt,10k-100k,289,5761512.617921953,1412.5752679672066,5467906.500393
2025-12-08 00:00:00.000 UTC,curve_usdt,1k-10k,1579,5844494.777075952,1316.4550700146274,5265235.646327008
2025-12-08 00:00:00.000 UTC,curve_usdtwbtcweth,0.5k-1k,1223,939734.5976499768,246.2484708604413,746676.5313550009
2025-12-08 00:00:00.000 UTC,curve_usdtwbtcweth,10k-100k,321,5411635.926872641,1459.1990613646562,5105806.725306997
2025-12-08 00:00:00.000 UTC,curve_usdtwbtcweth,1k-10k,6128,17157007.82586625,4225.929328425195,14593519.846203014
2025-12-08 00:00:00.000 UTC,sushiv2_ethusdt,0.5k-1k,332,224205.08286677554,69.83072157025543,224517.00628199984
2025-12-08 00:00:00.000 UTC,sushiv2_ethusdt,1k-10k,109,199048.73174678956,61.375876443453485,199780.57961299995
2025-12-08 00:00:00.000 UTC,sushiv2_usdceth,0.5k-1k,309,206920.7146952803,64.49247297042228,207316.81939900003
2025-12-08 00:00:00.000 UTC,sushiv2_usdceth,1k-10k,94,141005.38898010016,43.79161111928052,141453.99974600002
2025-12-08 00:00:00.000 UTC,uniswap_v3_0.01_ethusdc,0.5k-1k,15806,11398000.085069947,3579.8684915820363,11394104.021956991
2025-12-08 00:00:00.000 UTC,uniswap_v3_0.01_ethusdc,100k+,207,59682404.44964141,19078.274323474034,58808430.583969004
2025-12-08 00:00:00.000 UTC,uniswap_v3_0.01_ethusdc,10k-100k,1023,33893730.377009794,10618.201614056266,33844384.912887
2025-12-08 00:00:00.000 UTC,uniswap_v3_0.01_ethusdc,1k-10k,27944,67618089.22395389,21196.366080490952,67623792.00644594
2025-12-08 00:00:00.000 UTC,uniswap_v3_0.01_ethusdt,0.5k-1k,15247,11007496.223513046,3457.400373954689,10998786.855611984
2025-12-08 00:00:00.000 UTC,uniswap_v3_0.01_ethusdt,100k+,525,114526924.68320738,35905.99676125613,113670488.27768601
2025-12-08 00:00:00.000 UTC,uniswap_v3_0.01_ethusdt,10k-100k,5990,124160479.82529332,38227.924384509926,124137559.98352498
2025-12-08 00:00:00.000 UTC,uniswap_v3_0.01_ethusdt,1k-10k,47645,157326952.21564567,49185.60477904512,157275510.8833399
2025-12-08 00:00:00.000 UTC,uniswap_v3_0.05_ethusdc,0.5k-1k,1909,1383007.5406081825,432.5822761789191,1382310.391824
2025-12-08 00:00:00.000 UTC,uniswap_v3_0.05_ethusdc,100k+,256,48708974.38480147,15167.596814135555,48737197.223837
2025-12-08 00:00:00.000 UTC,uniswap_v3_0.05_ethusdc,10k-100k,8053,207574657.7905725,64591.73725034349,207656865.60322803
2025-12-08 00:00:00.000 UTC,uniswap_v3_0.05_ethusdc,1k-10k,11624,52408509.9931539,16400.606798982713,52411894.76271398
2025-12-08 00:00:00.000 UTC,uniswap_v3_0.05_ethusdt,0.5k-1k,1762,1301542.7092114475,409.7494312418697,1300894.6943680001
2025-12-08 00:00:00.000 UTC,uniswap_v3_0.05_ethusdt,100k+,23,4067991.110827477,1280.6327421165427,4060864.744682
2025-12-08 00:00:00.000 UTC,uniswap_v3_0.05_ethusdt,10k-100k,3183,61400717.400788605,19046.6928453933,61426854.244900055
2025-12-08 00:00:00.000 UTC,uniswap_v3_0.05_ethusdt,1k-10k,12407,51878572.655205876,16218.011852459791,51870533.34756106
2025-12-08 00:00:00.000 UTC,uniswap_v3_0.3_ethusdc,0.5k-1k,62,48024.073402779395,15.08588710540474,48071.58493499999
2025-12-08 00:00:00.000 UTC,uniswap_v3_0.3_ethusdc,100k+,87,15160587.65226049,4759.441530679809,15193628.712619003
2025-12-08 00:00:00.000 UTC,uniswap_v3_0.3_ethusdc,10k-100k,1479,46508246.353512734,14554.193191843508,46582694.863536984
2025-12-08 00:00:00.000 UTC,uniswap_v3_0.3_ethusdc,1k-10k,967,5282773.911588192,1654.8697611580956,5289088.501514001
2025-12-08 00:00:00.000 UTC,uniswap_v3_0.3_ethusdt,0.5k-1k,295,202914.53934970376,63.96547815152466,203051.775909
2025-12-08 00:00:00.000 UTC,uniswap_v3_0.3_ethusdt,100k+,796,219121887.42098862,68330.1714017159,219364571.43453407
2025-12-08 00:00:00.000 UTC,uniswap_v3_0.3_ethusdt,10k-100k,1889,79886013.78935578,24997.05801192556,79961338.79653801
2025-12-08 00:00:00.000 UTC,uniswap_v3_0.3_ethusdt,1k-10k,639,3297368.941176385,1030.9635598276666,3299359.892646
2025-12-08 00:00:00.000 UTC,uniswap_v3_1.0_ethusdc,0.5k-1k,82,57146.92740033402,17.72733100203208,57337.15532999999
2025-12-08 00:00:00.000 UTC,uniswap_v3_1.0_ethusdc,1k-10k,14,19922.800210170426,6.287593923869848,19987.609766999998
2025-12-15 00:00:00.000 UTC,curve_usdcwbtcweth,0.5k-1k,3386,2459944.8031447507,601.4806183686688,2013217.2726680029
2025-12-15 00:00:00.000 UTC,curve_usdcwbtcweth,10k-100k,328,5411015.204256605,1259.0040565109814,5109168.433466997
2025-12-15 00:00:00.000 UTC,curve_usdcwbtcweth,1k-10k,7344,19903918.386286575,4718.230185069753,17270780.397120036
2025-12-15 00:00:00.000 UTC,curve_usdt,0.5k-1k,238,176100.61800403515,45.73126186078219,160965.72231200009
2025-12-15 00:00:00.000 UTC,curve_usdt,10k-100k,157,2987934.4466286763,724.1143195471552,2863076.207180999
2025-12-15 00:00:00.000 UTC,curve_usdt,1k-10k,1016,3433517.5923453616,800.643513068734,3220105.815119002
2025-12-15 00:00:00.000 UTC,curve_usdtwbtcweth,0.5k-1k,2708,1973249.989307067,526.0110166885935,1628638.7432440026
2025-12-15 00:00:00.000 UTC,curve_usdtwbtcweth,10k-100k,391,7354900.308771135,2149.0053831503824,7120289.134556004
2025-12-15 00:00:00.000 UTC,curve_usdtwbtcweth,1k-10k,6479,17640957.510007154,4396.869399312687,15034242.41196197
2025-12-15 00:00:00.000 UTC,sushiv2_ethusdt,0.5k-1k,326,222026.77107038995,75.54014787786492,222420.0910500001
2025-12-15 00:00:00.000 UTC,sushiv2_ethusdt,1k-10k,124,183153.5198899191,62.56202060075627,183636.97578099996
2025-12-15 00:00:00.000 UTC,sushiv2_usdceth,0.5k-1k,311,212236.9602985648,72.31041187441335,212580.32994400017
2025-12-15 00:00:00.000 UTC,sushiv2_usdceth,1k-10k,116,163712.1051506329,55.791236111862005,164192.84753599996
2025-12-15 00:00:00.000 UTC,uniswap_v3_0.01_ethusdc,0.5k-1k,19220,13648332.743322708,4632.7137095242815,13643160.209471991
2025-12-15 00:00:00.000 UTC,uniswap_v3_0.01_ethusdc,100k+,180,40387886.42500392,13832.986032978879,39823511.488983
2025-12-15 00:00:00.000 UTC,uniswap_v3_0.01_ethusdc,10k-100k,974,29532755.140145995,10039.82534997954,29509716.044623002
2025-12-15 00:00:00.000 UTC,uniswap_v3_0.01_ethusdc,1k-10k,24951,59918074.266038276,20323.842334563622,59911158.77075604
2025-12-15 00:00:00.000 UTC,uniswap_v3_0.01_ethusdt,0.5k-1k,21255,15314763.256345667,5203.290067610926,15308382.271923982
2025-12-15 00:00:00.000 UTC,uniswap_v3_0.01_ethusdt,100k+,470,131288806.46665706,44859.53890828186,131379512.684538
2025-12-15 00:00:00.000 UTC,uniswap_v3_0.01_ethusdt,10k-100k,5828,124475338.51579025,42448.27731651751,124483999.06472793
2025-12-15 00:00:00.000 UTC,uniswap_v3_0.01_ethusdt,1k-10k,49837,159396627.0837626,54201.71764523229,159389248.88209227
2025-12-15 00:00:00.000 UTC,uniswap_v3_0.05_ethusdc,0.5k-1k,2699,2013397.9712840316,686.1187015539003,2012139.560939
2025-12-15 00:00:00.000 UTC,uniswap_v3_0.05_ethusdc,100k+,120,20471157.266412552,6960.574779931252,20447169.637985002
2025-12-15 00:00:00.000 UTC,uniswap_v3_0.05_ethusdc,10k-100k,5641,130656874.43426153,44428.061823447715,130703893.928524
2025-12-15 00:00:00.000 UTC,uniswap_v3_0.05_ethusdc,1k-10k,13201,53182583.17106155,18103.45037721336,53179884.11152097
2025-12-15 00:00:00.000 UTC,uniswap_v3_0.05_ethusdt,0.5k-1k,2708,2019901.702079906,687.4077226867128,2019563.6777789998
2025-12-15 00:00:00.000 UTC,uniswap_v3_0.05_ethusdt,100k+,11,2835609.3811078826,968.7867430608114,2815011.805799
2025-12-15 00:00:00.000 UTC,uniswap_v3_0.05_ethusdt,10k-100k,2578,49952829.48651865,16988.642653861123,49987954.146904
2025-12-15 00:00:00.000 UTC,uniswap_v3_0.05_ethusdt,1k-10k,12951,50478760.02508488,17162.535133385027,50484186.999652036
2025-12-15 00:00:00.000 UTC,uniswap_v3_0.3_ethusdc,0.5k-1k,67,50776.23253083239,17.32091350149813,50809.42677600001
2025-12-15 00:00:00.000 UTC,uniswap_v3_0.3_ethusdc,100k+,111,17581850.572227243,5946.686421841326,17612540.581154
2025-12-15 00:00:00.000 UTC,uniswap_v3_0.3_ethusdc,10k-100k,1430,46030089.37264151,15670.556187150058,46110646.09831101
2025-12-15 00:00:00.000 UTC,uniswap_v3_0.3_ethusdc,1k-10k,1061,5133075.534937151,1747.7350292879853,5139542.479639
2025-12-15 00:00:00.000 UTC,uniswap_v3_0.3_ethusdt,0.5k-1k,236,167421.02798105442,56.918030578403005,167616.681996
2025-12-15 00:00:00.000 UTC,uniswap_v3_0.3_ethusdt,100k+,847,246998018.6370224,83860.8904095911,247519988.0459409
2025-12-15 00:00:00.000 UTC,uniswap_v3_0.3_ethusdt,10k-100k,1887,79950604.48480392,27202.207128218353,80076019.01070598
2025-12-15 00:00:00.000 UTC,uniswap_v3_0.3_ethusdt,1k-10k,797,3701066.1913070604,1259.4802333063078,3705657.1484319996
2025-12-15 00:00:00.000 UTC,uniswap_v3_1.0_ethusdc,0.5k-1k,107,75282.74450164875,25.755790058422747,75511.203099
2025-12-15 00:00:00.000 UTC,uniswap_v3_1.0_ethusdc,1k-10k,30,41672.714000944296,14.136553171203227,41761.379945
2025-12-22 00:00:00.000 UTC,curve_usdcwbtcweth,0.5k-1k,3460,2515806.4384718346,607.9989171752201,2021527.8394479982
2025-12-22 00:00:00.000 UTC,curve_usdcwbtcweth,100k+,2,283681.77252079756,98.21071279163081,279436.920692
2025-12-22 00:00:00.000 UTC,curve_usdcwbtcweth,10k-100k,324,5201255.113987199,1218.0321851037013,4887780.176275001
2025-12-22 00:00:00.000 UTC,curve_usdcwbtcweth,1k-10k,7095,18939150.45406957,4124.767154117598,15974051.324554013
2025-12-22 00:00:00.000 UTC,curve_usdt,0.5k-1k,574,436371.45944262,113.80931306667054,365066.3675430002
2025-12-22 00:00:00.000 UTC,curve_usdt,10k-100k,434,8023748.83510101,2098.156013808727,7347365.779896
2025-12-22 00:00:00.000 UTC,curve_usdt,1k-10k,2397,8017441.030603069,2011.4650664672247,7033301.0899729915
2025-12-22 00:00:00.000 UTC,curve_usdtwbtcweth,0.5k-1k,2628,1936430.3301902325,521.5614095467691,1587718.1949250016
2025-12-22 00:00:00.000 UTC,curve_usdtwbtcweth,10k-100k,335,5644154.354848629,1593.0080746916415,5328768.644080997
2025-12-22 00:00:00.000 UTC,curve_usdtwbtcweth,1k-10k,5965,16183152.541937206,3963.950629358527,13707190.726494972
2025-12-22 00:00:00.000 UTC,sushiv2_ethusdt,0.5k-1k,106,70627.91230643107,23.86555764093295,70778.008842
2025-12-22 00:00:00.000 UTC,sushiv2_ethusdt,1k-10k,48,65326.13276579265,21.99026364578463,65484.20250500001
2025-12-22 00:00:00.000 UTC,sushiv2_usdceth,0.5k-1k,85,56767.696241410325,19.18809633329272,56873.806729
2025-12-22 00:00:00.000 UTC,sushiv2_usdceth,1k-10k,42,57904.75878094563,19.50567397125961,58029.262182000006
2025-12-22 00:00:00.000 UTC,uniswap_v3_0.01_ethusdc,0.5k-1k,17040,11984835.005175032,4048.4625388978525,11981404.416730009
2025-12-22 00:00:00.000 UTC,uniswap_v3_0.01_ethusdc,100k+,115,30929327.09154703,10840.812270662316,29722811.434908997
2025-12-22 00:00:00.000 UTC,uniswap_v3_0.01_ethusdc,10k-100k,492,18205166.125309497,6169.906617566727,18170212.012528006
2025-12-22 00:00:00.000 UTC,uniswap_v3_0.01_ethusdc,1k-10k,16122,33469925.831224516,11284.287821225824,33467195.08660696
2025-12-22 00:00:00.000 UTC,uniswap_v3_0.01_ethusdt,0.5k-1k,17750,12863256.5574828,4344.955607133064,12862978.083977005
2025-12-22 00:00:00.000 UTC,uniswap_v3_0.01_ethusdt,100k+,336,81707012.17017815,28174.79700344442,80033192.80000299
2025-12-22 00:00:00.000 UTC,uniswap_v3_0.01_ethusdt,10k-100k,2889,63820982.93306089,21575.54886663634,63836454.06904201
2025-12-22 00:00:00.000 UTC,uniswap_v3_0.01_ethusdt,1k-10k,37585,112880693.99461138,38106.476844532284,112902898.99532606
2025-12-22 00:00:00.000 UTC,uniswap_v3_0.05_ethusdc,0.5k-1k,1823,1368769.1629961317,462.58905241123466,1368424.5939940007
2025-12-22 00:00:00.000 UTC,uniswap_v3_0.05_ethusdc,100k+,62,12345915.748927627,4155.695237582584,12351275.066003999
2025-12-22 00:00:00.000 UTC,uniswap_v3_0.05_ethusdc,10k-100k,3220,72953531.571051,24557.30347612371,72975079.12427402
2025-12-22 00:00:00.000 UTC,uniswap_v3_0.05_ethusdc,1k-10k,9495,37056422.99813408,12509.300759465563,37057408.75653801
2025-12-22 00:00:00.000 UTC,uniswap_v3_0.05_ethusdt,0.5k-1k,1815,1372334.2206427539,463.4837772456065,1372782.5870689994
2025-12-22 00:00:00.000 UTC,uniswap_v3_0.05_ethusdt,100k+,15,2440929.363623811,824.7119653747322,2438026.9936809996
2025-12-22 00:00:00.000 UTC,uniswap_v3_0.05_ethusdt,10k-100k,1732,33283333.29802719,11232.005218822334,33309610.434890985
2025-12-22 00:00:00.000 UTC,uniswap_v3_0.05_ethusdt,1k-10k,9609,35196418.17599886,11868.346026658834,35209214.135942996
2025-12-22 00:00:00.000 UTC,uniswap_v3_0.3_ethusdc,0.5k-1k,65,50706.30101984838,17.186948723936403,50745.379017
2025-12-22 00:00:00.000 UTC,uniswap_v3_0.3_ethusdc,100k+,63,9617685.152483076,3259.9951704691466,9637993.26003
2025-12-22 00:00:00.000 UTC,uniswap_v3_0.3_ethusdc,10k-100k,713,22520715.725541122,7618.2769176639595,22544230.419366
2025-12-22 00:00:00.000 UTC,uniswap_v3_0.3_ethusdc,1k-10k,633,2832686.957171377,955.4020382450557,2834954.9169520005
2025-12-22 00:00:00.000 UTC,uniswap_v3_0.3_ethusdt,0.5k-1k,175,122188.63615247594,41.33861776516506,122337.40505600002
2025-12-22 00:00:00.000 UTC,uniswap_v3_0.3_ethusdt,100k+,477,148630547.40604693,50168.59765051027,148908251.591527
2025-12-22 00:00:00.000 UTC,uniswap_v3_0.3_ethusdt,10k-100k,943,40024000.15719036,13515.14030664974,40072771.40361601
2025-12-22 00:00:00.000 UTC,uniswap_v3_0.3_ethusdt,1k-10k,438,1874814.8923014486,633.9692168088241,1876462.8383230004
2025-12-22 00:00:00.000 UTC,uniswap_v3_1.0_ethusdc,0.5k-1k,32,22454.331771988043,7.613286120258429,22488.701134
2025-12-22 00:00:00.000 UTC,uniswap_v3_1.0_ethusdc,1k-10k,11,14808.942950969682,4.972135415409049,14869.482515
2025-12-29 00:00:00.000 UTC,curve_usdcwbtcweth,0.5k-1k,2650,1959323.1003258566,464.186639859767,1587051.7472060001
2025-12-29 00:00:00.000 UTC,curve_usdcwbtcweth,10k-100k,216,3267169.6895466154,851.074954493029,3022312.686625
2025-12-29 00:00:00.000 UTC,curve_usdcwbtcweth,1k-10k,6003,15607958.945960239,3726.269961255178,13073005.860734014
2025-12-29 00:00:00.000 UTC,curve_usdt,0.5k-1k,385,295663.0460303464,67.09357851776971,255625.60408000005
2025-12-29 00:00:00.000 UTC,curve_usdt,10k-100k,379,7422195.674508583,1807.59728166846,6734108.057611002
2025-12-29 00:00:00.000 UTC,curve_usdt,1k-10k,2187,7584702.829016172,1788.179743221472,6617068.346224007
2025-12-29 00:00:00.000 UTC,curve_usdtwbtcweth,0.5k-1k,2020,1502971.4120731894,391.9062440547591,1243030.8624850023
2025-12-29 00:00:00.000 UTC,curve_usdtwbtcweth,10k-100k,126,2072102.9559524737,554.8837142798131,1951453.0707790002
2025-12-29 00:00:00.000 UTC,curve_usdtwbtcweth,1k-10k,4416,10997896.31254916,2803.085330325446,9216213.367158007
2025-12-29 00:00:00.000 UTC,sushiv2_ethusdt,0.5k-1k,111,76590.56813679196,25.38831313441888,76781.38893500002
2025-12-29 00:00:00.000 UTC,sushiv2_ethusdt,1k-10k,46,96442.87864528853,31.755876162654108,96548.076444
2025-12-29 00:00:00.000 UTC,sushiv2_usdceth,0.5k-1k,98,64402.94808690798,21.356582247184463,64526.067297
2025-12-29 00:00:00.000 UTC,sushiv2_usdceth,1k-10k,31,45145.98707778685,14.935027904774305,45293.152604999996
2025-12-29 00:00:00.000 UTC,uniswap_v3_0.01_ethusdc,0.5k-1k,16279,11582154.994753445,3829.877473057449,11581148.882607004
2025-12-29 00:00:00.000 UTC,uniswap_v3_0.01_ethusdc,100k+,122,38122023.70650844,12872.180834017243,37468474.146964
2025-12-29 00:00:00.000 UTC,uniswap_v3_0.01_ethusdc,10k-100k,562,17960358.23896808,5945.447011951399,17947690.822643
2025-12-29 00:00:00.000 UTC,uniswap_v3_0.01_ethusdc,1k-10k,17622,36636069.14015097,12100.68923400004,36641989.47634702
2025-12-29 00:00:00.000 UTC,uniswap_v3_0.01_ethusdt,0.5k-1k,16055,11619163.527276907,3844.37328630795,11625027.29639499
2025-12-29 00:00:00.000 UTC,uniswap_v3_0.01_ethusdt,100k+,339,91058737.04513079,30260.88733457708,90327115.56215502
2025-12-29 00:00:00.000 UTC,uniswap_v3_0.01_ethusdt,10k-100k,3567,73032145.04816045,24128.872172504543,73087797.987502
2025-12-29 00:00:00.000 UTC,uniswap_v3_0.01_ethusdt,1k-10k,41187,128941555.88607436,42567.60807332539,129030149.04336187
2025-12-29 00:00:00.000 UTC,uniswap_v3_0.05_ethusdc,0.5k-1k,1682,1239895.370312047,410.0782344881244,1239927.9482930002
2025-12-29 00:00:00.000 UTC,uniswap_v3_0.05_ethusdc,100k+,197,48656083.05993503,16317.732323168322,48671499.249523014
2025-12-29 00:00:00.000 UTC,uniswap_v3_0.05_ethusdc,10k-100k,3782,91424978.73091827,30329.89214652204,91467377.40629698
2025-12-29 00:00:00.000 UTC,uniswap_v3_0.05_ethusdc,1k-10k,9614,39148814.47748813,12931.550040535738,39156102.624696024
2025-12-29 00:00:00.000 UTC,uniswap_v3_0.05_ethusdt,0.5k-1k,1310,980663.8936631009,323.95731259673477,981454.795417
2025-12-29 00:00:00.000 UTC,uniswap_v3_0.05_ethusdt,100k+,23,14638769.974163244,5429.135019691865,12994272.212057002
2025-12-29 00:00:00.000 UTC,uniswap_v3_0.05_ethusdt,10k-100k,2009,40781444.1308827,13408.72584943445,40827926.19315901
2025-12-29 00:00:00.000 UTC,uniswap_v3_0.05_ethusdt,1k-10k,8911,34680835.69631989,11464.48814878275,34712225.719211996
2025-12-29 00:00:00.000 UTC,uniswap_v3_0.3_ethusdc,0.5k-1k,39,28476.702039212865,9.436412342205612,28495.313167000004
2025-12-29 00:00:00.000 UTC,uniswap_v3_0.3_ethusdc,100k+,54,9502914.361540958,3158.378417633412,9527712.780397002
2025-12-29 00:00:00.000 UTC,uniswap_v3_0.3_ethusdc,10k-100k,584,18394453.551482946,6114.164259176799,18423938.956158996
2025-12-29 00:00:00.000 UTC,uniswap_v3_0.3_ethusdc,1k-10k,521,2423889.4043318843,799.3782436702136,2426379.4442989994
2025-12-29 00:00:00.000 UTC,uniswap_v3_0.3_ethusdt,0.5k-1k,178,124425.17803900663,40.98777817501935,124628.27871299998
2025-12-29 00:00:00.000 UTC,uniswap_v3_0.3_ethusdt,100k+,411,127476666.67100959,42176.6283465639,127796271.87550001
2025-12-29 00:00:00.000 UTC,uniswap_v3_0.3_ethusdt,10k-100k,738,32925272.820578903,10893.458330665246,32984227.368956994
2025-12-29 00:00:00.000 UTC,uniswap_v3_0.3_ethusdt,1k-10k,381,1618861.157355802,534.4834066480458,1621252.4642010003
2025-12-29 00:00:00.000 UTC,uniswap_v3_1.0_ethusdc,0.5k-1k,22,15028.15817105235,5.005226595781736,15078.567476
2025-12-29 00:00:00.000 UTC,uniswap_v3_1.0_ethusdc,1k-10k,11,15577.844371042913,5.142703406364764,15641.289394
2026-01-05 00:00:00.000 UTC,curve_usdcwbtcweth,0.5k-1k,2542,1887312.7488799219,431.5080208468869,1596920.5500070038
2026-01-05 00:00:00.000 UTC,curve_usdcwbtcweth,10k-100k,225,3991400.856316288,998.0999654000536,3756080.341558999
2026-01-05 00:00:00.000 UTC,curve_usdcwbtcweth,1k-10k,5963,15047727.15688217,3454.353443426884,12976583.505952056
2026-01-05 00:00:00.000 UTC,curve_usdt,0.5k-1k,240,184680.6840140201,43.59389124029367,163099.934716
2026-01-05 00:00:00.000 UTC,curve_usdt,10k-100k,369,7216970.526199101,1623.3740793866093,6575849.832238996
2026-01-05 00:00:00.000 UTC,curve_usdt,1k-10k,1752,6427476.109357567,1459.7745420268366,5758335.319235997
2026-01-05 00:00:00.000 UTC,curve_usdtwbtcweth,0.5k-1k,1964,1468466.4473640993,374.8114388841821,1246878.042857002
2026-01-05 00:00:00.000 UTC,curve_usdtwbtcweth,10k-100k,223,3661169.274219369,966.883859351921,3461539.3610509997
2026-01-05 00:00:00.000 UTC,curve_usdtwbtcweth,1k-10k,4843,12605540.97959318,3113.437892422395,10578928.34545001
2026-01-05 00:00:00.000 UTC,sushiv2_ethusdt,0.5k-1k,141,96507.53328655641,30.52357921013639,96715.40398600003
2026-01-05 00:00:00.000 UTC,sushiv2_ethusdt,1k-10k,56,96210.44749948005,30.5532816584615,96485.62899599997
2026-01-05 00:00:00.000 UTC,sushiv2_usdceth,0.5k-1k,153,101400.23443033692,32.07953085758277,101579.23098799997
2026-01-05 00:00:00.000 UTC,sushiv2_usdceth,1k-10k,37,53102.89157478472,16.75071127594897,53242.881949999995
2026-01-05 00:00:00.000 UTC,uniswap_v3_0.01_ethusdc,0.5k-1k,14967,10589846.45906033,3353.9783521658146,10588143.844740989
2026-01-05 00:00:00.000 UTC,uniswap_v3_0.01_ethusdc,100k+,82,21503121.87888047,6810.826141565388,21564376.877198
2026-01-05 00:00:00.000 UTC,uniswap_v3_0.01_ethusdc,10k-100k,543,15138886.417647352,4801.24573190908,15116054.056464003
2026-01-05 00:00:00.000 UTC,uniswap_v3_0.01_ethusdc,1k-10k,18194,39499390.117075495,12519.983515055404,39500874.46479401
2026-01-05 00:00:00.000 UTC,uniswap_v3_0.01_ethusdt,0.5k-1k,15840,11447989.887394471,3627.5978995565342,11451543.728839003
2026-01-05 00:00:00.000 UTC,uniswap_v3_0.01_ethusdt,100k+,282,84707806.54008785,27146.62913530635,83701867.803588
2026-01-05 00:00:00.000 UTC,uniswap_v3_0.01_ethusdt,10k-100k,5862,113174138.52097528,35784.03837733391,113255615.08711798
2026-01-05 00:00:00.000 UTC,uniswap_v3_0.01_ethusdt,1k-10k,44637,150161847.18394965,47496.26977381011,150236904.83195692
2026-01-05 00:00:00.000 UTC,uniswap_v3_0.05_ethusdc,0.5k-1k,1603,1173100.7670906028,371.20373106855385,1172916.8011679999
2026-01-05 00:00:00.000 UTC,uniswap_v3_0.05_ethusdc,100k+,270,50166071.31701659,15995.715572922285,50148462.854922
2026-01-05 00:00:00.000 UTC,uniswap_v3_0.05_ethusdc,10k-100k,5983,153363091.41134706,48519.84244885902,153398867.02850097
2026-01-05 00:00:00.000 UTC,uniswap_v3_0.05_ethusdc,1k-10k,8845,38878613.421167605,12301.905926056526,38882186.290274985
2026-01-05 00:00:00.000 UTC,uniswap_v3_0.05_ethusdt,0.5k-1k,1386,995715.0908057464,314.83245301087385,996158.4138040001
2026-01-05 00:00:00.000 UTC,uniswap_v3_0.05_ethusdt,100k+,261,53939305.18541912,17160.70880848331,53972875.07333201
2026-01-05 00:00:00.000 UTC,uniswap_v3_0.05_ethusdt,10k-100k,5932,157571003.61649242,49863.806879878226,157708093.216241
2026-01-05 00:00:00.000 UTC,uniswap_v3_0.05_ethusdt,1k-10k,8574,39579329.27865784,12522.154486176014,39604033.873020016
2026-01-05 00:00:00.000 UTC,uniswap_v3_0.3_ethusdc,0.5k-1k,54,41330.7832759284,13.056921933606434,41367.087512
2026-01-05 00:00:00.000 UTC,uniswap_v3_0.3_ethusdc,100k+,123,20039815.320438474,6344.166755820801,20082788.946489997
2026-01-05 00:00:00.000 UTC,uniswap_v3_0.3_ethusdc,10k-100k,1141,39728505.26478925,12580.865077518243,39776776.101320006
2026-01-05 00:00:00.000 UTC,uniswap_v3_0.3_ethusdc,1k-10k,655,3348827.3577059475,1059.6621340970082,3351278.5191769996
2026-01-05 00:00:00.000 UTC,uniswap_v3_0.3_ethusdt,0.5k-1k,232,163737.01423563447,51.69460949672776,164029.97222199998
2026-01-05 00:00:00.000 UTC,uniswap_v3_0.3_ethusdt,100k+,766,218922643.5529656,69569.78144137588,219379622.17525497
2026-01-05 00:00:00.000 UTC,uniswap_v3_0.3_ethusdt,10k-100k,1192,55006716.91389228,17390.173991359985,55088018.818467975
2026-01-05 00:00:00.000 UTC,uniswap_v3_0.3_ethusdt,1k-10k,533,2473329.1979432376,780.6888344988806,2476784.0914200004
2026-01-05 00:00:00.000 UTC,uniswap_v3_1.0_ethusdc,0.5k-1k,32,21466.56160961878,6.751988041813937,21515.857609
2026-01-05 00:00:00.000 UTC,uniswap_v3_1.0_ethusdc,1k-10k,12,15637.61336288294,4.902186063793225,15688.925997000002
2026-01-12 00:00:00.000 UTC,curve_usdcwbtcweth,0.5k-1k,2400,1793109.219382173,382.84077230464754,1496423.3365660023
2026-01-12 00:00:00.000 UTC,curve_usdcwbtcweth,10k-100k,184,3067390.4431863166,769.4080518399277,2797765.7398750004
2026-01-12 00:00:00.000 UTC,curve_usdcwbtcweth,1k-10k,5578,14080224.743291557,3037.6603695850513,12095560.223257964
2026-01-12 00:00:00.000 UTC,curve_usdt,0.5k-1k,395,305661.803620499,66.52724170165524,270676.9130829997
2026-01-12 00:00:00.000 UTC,curve_usdt,100k+,4,708925.3385699721,0,703464.169291
2026-01-12 00:00:00.000 UTC,curve_usdt,10k-100k,560,11559194.234791236,2399.864336645198,11076794.028556997
2026-01-12 00:00:00.000 UTC,curve_usdt,1k-10k,2683,9335714.63670407,1978.249393868762,8421376.570242006
2026-01-12 00:00:00.000 UTC,curve_usdtwbtcweth,0.5k-1k,1716,1279286.6414457206,310.5904341850523,1075811.9539640015
2026-01-12 00:00:00.000 UTC,curve_usdtwbtcweth,10k-100k,77,1349004.1724098814,354.583779675882,1316553.3375909997
2026-01-12 00:00:00.000 UTC,curve_usdtwbtcweth,1k-10k,3648,8867555.431827573,2041.5922487882647,7782473.39695001
2026-01-12 00:00:00.000 UTC,sushiv2_ethusdt,0.5k-1k,142,96553.91392975354,29.519824793888844,96753.56465000003
2026-01-12 00:00:00.000 UTC,sushiv2_ethusdt,1k-10k,49,90726.0222450432,27.70575498490002,91417.49815000003
2026-01-12 00:00:00.000 UTC,sushiv2_usdceth,0.5k-1k,133,90201.04203091474,27.595294529425278,90382.90497200005
2026-01-12 00:00:00.000 UTC,sushiv2_usdceth,1k-10k,41,63139.7420942812,19.319501935572955,63633.214421000004
2026-01-12 00:00:00.000 UTC,uniswap_v3_0.01_ethusdc,0.5k-1k,14190,10072695.56896359,3088.023066047455,10073827.826005014
2026-01-12 00:00:00.000 UTC,uniswap_v3_0.01_ethusdc,100k+,101,25099369.76031788,7871.531884247673,24316806.009118
2026-01-12 00:00:00.000 UTC,uniswap_v3_0.01_ethusdc,10k-100k,574,16497008.970038742,5061.410856483569,16499767.004823998
2026-01-12 00:00:00.000 UTC,uniswap_v3_0.01_ethusdc,1k-10k,16513,35312586.07356423,10878.784256882345,35325715.986210965
2026-01-12 00:00:00.000 UTC,uniswap_v3_0.01_ethusdt,0.5k-1k,14252,10356790.550296541,3181.01107624837,10359405.984955007
2026-01-12 00:00:00.000 UTC,uniswap_v3_0.01_ethusdt,100k+,348,106856904.30108252,32878.202812248885,107605811.11663899
2026-01-12 00:00:00.000 UTC,uniswap_v3_0.01_ethusdt,10k-100k,6819,138218301.96948227,42837.5327394821,138341475.34124002
2026-01-12 00:00:00.000 UTC,uniswap_v3_0.01_ethusdt,1k-10k,43867,149488850.83276942,45891.02368242114,149561769.79826894
2026-01-12 00:00:00.000 UTC,uniswap_v3_0.05_ethusdc,0.5k-1k,1455,1073314.3857709493,328.80825048830087,1073460.533081
2026-01-12 00:00:00.000 UTC,uniswap_v3_0.05_ethusdc,100k+,257,46767467.41037853,14220.02929984633,46853596.688834995
2026-01-12 00:00:00.000 UTC,uniswap_v3_0.05_ethusdc,10k-100k,6094,159512026.23621276,48761.47916449092,159623409.94418508
2026-01-12 00:00:00.000 UTC,uniswap_v3_0.05_ethusdc,1k-10k,8783,39037825.28620996,11960.853469441834,39052974.82532495
2026-01-12 00:00:00.000 UTC,uniswap_v3_0.05_ethusdt,0.5k-1k,1083,793452.0562635165,242.92635769161834,793897.2662780001
2026-01-12 00:00:00.000 UTC,uniswap_v3_0.05_ethusdt,100k+,224,42328399.464664966,12898.689043860182,42441261.115487
2026-01-12 00:00:00.000 UTC,uniswap_v3_0.05_ethusdt,10k-100k,5935,156040794.99808243,47849.8155237496,156199750.06706095
2026-01-12 00:00:00.000 UTC,uniswap_v3_0.05_ethusdt,1k-10k,8472,39647676.15853821,12139.924722948559,39671866.78266898
2026-01-12 00:00:00.000 UTC,uniswap_v3_0.3_ethusdc,0.5k-1k,63,47128.43174651928,14.462396502133613,47181.52188
2026-01-12 00:00:00.000 UTC,uniswap_v3_0.3_ethusdc,100k+,105,19940926.560716677,6107.293885840064,20055244.651040997
2026-01-12 00:00:00.000 UTC,uniswap_v3_0.3_ethusdc,10k-100k,991,34606266.370131284,10640.135245706702,34662332.530255005
2026-01-12 00:00:00.000 UTC,uniswap_v3_0.3_ethusdc,1k-10k,530,2677580.5082055326,820.9082752846263,2680065.1419969997
2026-01-12 00:00:00.000 UTC,uniswap_v3_0.3_ethusdt,0.5k-1k,160,120523.44139337425,36.72150381635455,120745.909395
2026-01-12 00:00:00.000 UTC,uniswap_v3_0.3_ethusdt,100k+,642,202102814.03665808,62039.915649305716,202682833.43350297
2026-01-12 00:00:00.000 UTC,uniswap_v3_0.3_ethusdt,10k-100k,1058,47174166.2874116,14455.842716352488,47251737.815615
2026-01-12 00:00:00.000 UTC,uniswap_v3_0.3_ethusdt,1k-10k,498,2157764.4226456126,662.0960056826276,2160485.547818
2026-01-12 00:00:00.000 UTC,uniswap_v3_1.0_ethusdc,0.5k-1k,26,18560.141733764292,5.718415128820633,18621.319509
2026-01-12 00:00:00.000 UTC,uniswap_v3_1.0_ethusdc,1k-10k,11,19277.025855772605,5.938697162040577,19576.048375000002
2026-01-19 00:00:00.000 UTC,curve_usdcwbtcweth,0.5k-1k,2588,1913886.9156473728,477.3028549958632,1624910.615107003
2026-01-19 00:00:00.000 UTC,curve_usdcwbtcweth,100k+,1,113166.67055288085,39.05105511916288,113104.350056
2026-01-19 00:00:00.000 UTC,curve_usdcwbtcweth,10k-100k,254,4026895.4977862616,1081.7921105516577,3781994.2763969973
2026-01-19 00:00:00.000 UTC,curve_usdcwbtcweth,1k-10k,6308,16698483.072780045,4084.041803663103,13942479.495469978
2026-01-19 00:00:00.000 UTC,curve_usdt,0.5k-1k,297,224561.12850457957,61.63945570162029,194408.50304300006
2026-01-19 00:00:00.000 UTC,curve_usdt,10k-100k,273,5141178.2918919,1499.860431405889,4674407.541104005
2026-01-19 00:00:00.000 UTC,curve_usdt,1k-10k,1509,4980580.935527289,1387.3775518611246,4443203.276381992
2026-01-19 00:00:00.000 UTC,curve_usdtwbtcweth,0.5k-1k,1918,1445538.6993737502,384.88298196489336,1230745.4048340006
2026-01-19 00:00:00.000 UTC,curve_usdtwbtcweth,10k-100k,178,2662703.4741921877,768.9445810613324,2471623.203495002
2026-01-19 00:00:00.000 UTC,curve_usdtwbtcweth,1k-10k,5081,13092671.485648734,3251.983079428202,11121525.868701981
2026-01-19 00:00:00.000 UTC,sushiv2_ethusdt,0.5k-1k,227,154099.37713202133,51.85440955708609,154484.98712000006
2026-01-19 00:00:00.000 UTC,sushiv2_ethusdt,1k-10k,58,90774.47508364228,30.189531739724856,90950.14574299997
2026-01-19 00:00:00.000 UTC,sushiv2_usdceth,0.5k-1k,220,148605.57966869476,50.05067847259115,148861.41575000001
2026-01-19 00:00:00.000 UTC,sushiv2_usdceth,1k-10k,59,93553.30428353518,31.34409605366,93663.647865
2026-01-19 00:00:00.000 UTC,uniswap_v3_0.01_ethusdc,0.5k-1k,16558,11902090.89432303,3969.385831663677,11897678.865189012
2026-01-19 00:00:00.000 UTC,uniswap_v3_0.01_ethusdc,100k+,167,47293744.060414195,16076.422669167323,46876020.501175
2026-01-19 00:00:00.000 UTC,uniswap_v3_0.01_ethusdc,10k-100k,775,22416910.23999512,7524.6824050143305,22386834.565506004
2026-01-19 00:00:00.000 UTC,uniswap_v3_0.01_ethusdc,1k-10k,22155,49332378.108340226,16528.2117538185,49319552.75403909
2026-01-19 00:00:00.000 UTC,uniswap_v3_0.01_ethusdt,0.5k-1k,16301,12008307.56082746,4006.204321767139,12010549.465507992
2026-01-19 00:00:00.000 UTC,uniswap_v3_0.01_ethusdt,100k+,496,154067035.27547863,51770.827294869654,153374199.65235502
2026-01-19 00:00:00.000 UTC,uniswap_v3_0.01_ethusdt,10k-100k,9771,202731114.46018928,67814.16739496303,202867861.76426402
2026-01-19 00:00:00.000 UTC,uniswap_v3_0.01_ethusdt,1k-10k,48651,172062920.10860068,57449.428213772204,172141447.33922803
2026-01-19 00:00:00.000 UTC,uniswap_v3_0.05_ethusdc,0.5k-1k,1638,1212597.0111180176,403.97725437237125,1211835.2749060004
2026-01-19 00:00:00.000 UTC,uniswap_v3_0.05_ethusdc,100k+,287,50138388.00855437,16498.889762294075,50152193.920054
2026-01-19 00:00:00.000 UTC,uniswap_v3_0.05_ethusdc,10k-100k,6711,177282782.08056042,58749.98158725506,177277499.66444406
2026-01-19 00:00:00.000 UTC,uniswap_v3_0.05_ethusdc,1k-10k,10611,45602334.8592567,15251.600019480744,45592270.84916603
2026-01-19 00:00:00.000 UTC,uniswap_v3_0.05_ethusdt,0.5k-1k,1670,1264085.3776701437,421.9599934538688,1264643.2262930002
2026-01-19 00:00:00.000 UTC,uniswap_v3_0.05_ethusdt,100k+,105,18956938.610508174,6045.211203987814,18958535.885788
2026-01-19 00:00:00.000 UTC,uniswap_v3_0.05_ethusdt,10k-100k,3886,94118227.2196655,30690.45734439685,94177681.99285497
2026-01-19 00:00:00.000 UTC,uniswap_v3_0.05_ethusdt,1k-10k,11918,48465039.66135005,16177.457398193857,48495351.504379995
2026-01-19 00:00:00.000 UTC,uniswap_v3_0.3_ethusdc,0.5k-1k,84,63685.76268351256,21.003372060506766,63739.123886999994
2026-01-19 00:00:00.000 UTC,uniswap_v3_0.3_ethusdc,100k+,85,29072245.271434624,9320.24781442064,29117367.346191
2026-01-19 00:00:00.000 UTC,uniswap_v3_0.3_ethusdc,10k-100k,1030,33844873.21261462,11315.740723587609,33891954.358734995
2026-01-19 00:00:00.000 UTC,uniswap_v3_0.3_ethusdc,1k-10k,753,3824772.1816610126,1282.6685184194819,3827952.1466440004
2026-01-19 00:00:00.000 UTC,uniswap_v3_0.3_ethusdt,0.5k-1k,183,127551.50986227649,42.279980853728965,127813.95602000001
2026-01-19 00:00:00.000 UTC,uniswap_v3_0.3_ethusdt,100k+,757,195232708.39373577,65108.580165677275,195631734.66697702
2026-01-19 00:00:00.000 UTC,uniswap_v3_0.3_ethusdt,10k-100k,1219,51516981.24311564,17283.426781240596,51611757.07662403
2026-01-19 00:00:00.000 UTC,uniswap_v3_0.3_ethusdt,1k-10k,553,2510307.894000562,843.5044476424805,2513959.192738
2026-01-19 00:00:00.000 UTC,uniswap_v3_1.0_ethusdc,0.5k-1k,81,54851.84030193428,18.47268987834514,54969.787316
2026-01-19 00:00:00.000 UTC,uniswap_v3_1.0_ethusdc,1k-10k,31,48995.77362499747,16.28899167448405,49037.10476000001
2026-01-26 00:00:00.000 UTC,curve_usdcwbtcweth,0.5k-1k,2923,2165539.4189321348,587.0999183499098,1843775.6147629998
2026-01-26 00:00:00.000 UTC,curve_usdcwbtcweth,10k-100k,604,10316318.79642567,2965.528799996054,9383396.058159996
2026-01-26 00:00:00.000 UTC,curve_usdcwbtcweth,1k-10k,8566,25263456.238770388,7071.901334603772,21504826.761039007
2026-01-26 00:00:00.000 UTC,curve_usdt,0.5k-1k,420,318114.79125218815,92.0557863326046,269801.170763
2026-01-26 00:00:00.000 UTC,curve_usdt,100k+,1,105980.48608909347,44.47187757175647,105950.502097
2026-01-26 00:00:00.000 UTC,curve_usdt,10k-100k,521,10258146.612044953,3218.653987469842,9752447.828957997
2026-01-26 00:00:00.000 UTC,curve_usdt,1k-10k,2625,9476652.46106672,2828.317800880135,8277807.681337999
2026-01-26 00:00:00.000 UTC,curve_usdtwbtcweth,0.5k-1k,2128,1609706.8402386606,465.57105684472856,1339037.318217001
2026-01-26 00:00:00.000 UTC,curve_usdtwbtcweth,10k-100k,463,8015921.020894343,2465.4222908643806,7268726.3509639995
2026-01-26 00:00:00.000 UTC,curve_usdtwbtcweth,1k-10k,7544,21904887.773433436,6256.882550869379,18800677.74405598
2026-01-26 00:00:00.000 UTC,sushiv2_ethusdt,0.5k-1k,425,294409.25190972374,114.34588255309339,295147.858626
2026-01-26 00:00:00.000 UTC,sushiv2_ethusdt,10k-100k,2,21222.10047640923,8.542997274742383,21393.81561
2026-01-26 00:00:00.000 UTC,sushiv2_ethusdt,1k-10k,249,516075.1949921933,209.33628372665555,515109.55149000004
2026-01-26 00:00:00.000 UTC,sushiv2_usdceth,0.5k-1k,430,296049.357569446,114.79038034991818,296463.923087
2026-01-26 00:00:00.000 UTC,sushiv2_usdceth,10k-100k,2,23078.643948571575,9.554970432157063,22728.775067000002
2026-01-26 00:00:00.000 UTC,sushiv2_usdceth,1k-10k,226,456651.1163117646,185.24393618963185,455818.77804400004
2026-01-26 00:00:00.000 UTC,uniswap_v3_0.01_ethusdc,0.5k-1k,17594,12755294.11036111,4656.496555213713,12749013.545390006
2026-01-26 00:00:00.000 UTC,uniswap_v3_0.01_ethusdc,100k+,188,58076717.737326644,20289.90176278038,58981906.201074004
2026-01-26 00:00:00.000 UTC,uniswap_v3_0.01_ethusdc,10k-100k,1247,33906274.40108449,12776.418440735863,33816273.421688996
2026-01-26 00:00:00.000 UTC,uniswap_v3_0.01_ethusdc,1k-10k,28799,69170625.49040624,25585.068912278817,69142403.72841199
2026-01-26 00:00:00.000 UTC,uniswap_v3_0.01_ethusdt,0.5k-1k,16644,12232099.339855434,4452.577771006592,12233812.245772995
2026-01-26 00:00:00.000 UTC,uniswap_v3_0.01_ethusdt,100k+,907,253116190.43244854,94238.03529293928,254146149.515352
2026-01-26 00:00:00.000 UTC,uniswap_v3_0.01_ethusdt,10k-100k,16204,365584318.5923651,137014.20617080008,365591550.80810905
2026-01-26 00:00:00.000 UTC,uniswap_v3_0.01_ethusdt,1k-10k,56261,209936604.20982015,77693.21204667122,210038778.29503754
2026-01-26 00:00:00.000 UTC,uniswap_v3_0.05_ethusdc,0.5k-1k,2366,1737841.8565631101,658.1811867845901,1734956.5023150004
2026-01-26 00:00:00.000 UTC,uniswap_v3_0.05_ethusdc,100k+,592,151381452.5589849,59666.97800477926,149445491.56164202
2026-01-26 00:00:00.000 UTC,uniswap_v3_0.05_ethusdc,10k-100k,10282,278902262.57590854,104872.46239162487,278528188.62699884
2026-01-26 00:00:00.000 UTC,uniswap_v3_0.05_ethusdc,1k-10k,15686,66595521.84663108,25084.896804160664,66526000.05071702
2026-01-26 00:00:00.000 UTC,uniswap_v3_0.05_ethusdt,0.5k-1k,2327,1764830.6016311122,659.4441815901648,1765473.0193119997
2026-01-26 00:00:00.000 UTC,uniswap_v3_0.05_ethusdt,100k+,50,9150231.904417498,3537.54960722762,9095864.213991001
2026-01-26 00:00:00.000 UTC,uniswap_v3_0.05_ethusdt,10k-100k,3556,72535426.81171465,27357.338429486103,72490445.614561
2026-01-26 00:00:00.000 UTC,uniswap_v3_0.05_ethusdt,1k-10k,17736,71315093.48546872,26826.89300208819,71365540.27609898
2026-01-26 00:00:00.000 UTC,uniswap_v3_0.3_ethusdc,0.5k-1k,111,81845.59092875858,30.65303455309592,81713.87393100001
2026-01-26 00:00:00.000 UTC,uniswap_v3_0.3_ethusdc,100k+,176,36351283.84978745,14651.771487730328,36095821.229072995
2026-01-26 00:00:00.000 UTC,uniswap_v3_0.3_ethusdc,10k-100k,1952,58926246.51499369,22572.753865002116,58896848.110423006
2026-01-26 00:00:00.000 UTC,uniswap_v3_0.3_ethusdc,1k-10k,1690,8383516.576082177,3170.4547843806067,8379240.181937999
2026-01-26 00:00:00.000 UTC,uniswap_v3_0.3_ethusdt,0.5k-1k,234,163737.67842098133,61.75464464157756,163084.54763400002
2026-01-26 00:00:00.000 UTC,uniswap_v3_0.3_ethusdt,100k+,1181,337772865.41905737,130649.89172307216,337642325.44576293
2026-01-26 00:00:00.000 UTC,uniswap_v3_0.3_ethusdt,10k-100k,2767,117666114.66083933,44731.78726584091,117656678.62468702
2026-01-26 00:00:00.000 UTC,uniswap_v3_0.3_ethusdt,1k-10k,1279,5920124.323080272,2261.4682027973386,5909176.475625
2026-01-26 00:00:00.000 UTC,uniswap_v3_1.0_ethusdc,0.5k-1k,118,80673.04526843724,31.395683984754662,80825.955968
2026-01-26 00:00:00.000 UTC,uniswap_v3_1.0_ethusdc,1k-10k,81,163371.49332640984,66.51356920575361,163227.33469100003
2026-02-02 00:00:00.000 UTC,curve_usdcwbtcweth,0.5k-1k,4450,3326106.8517880905,1094.822864610086,2860425.5682960125
2026-02-02 00:00:00.000 UTC,curve_usdcwbtcweth,100k+,2,837052.892870638,0,789981.168945
2026-02-02 00:00:00.000 UTC,curve_usdcwbtcweth,10k-100k,753,13220033.784415087,4942.788032560263,12406819.380057001
2026-02-02 00:00:00.000 UTC,curve_usdcwbtcweth,1k-10k,14166,38436515.6390159,12725.900686129027,33417326.689576022
2026-02-02 00:00:00.000 UTC,curve_usdt,0.5k-1k,648,497836.903066285,176.12156426733412,454485.4759409997
2026-02-02 00:00:00.000 UTC,curve_usdt,10k-100k,816,16443788.65753893,6252.551746865044,15553743.394375006
2026-02-02 00:00:00.000 UTC,curve_usdt,1k-10k,4392,15515424.144923117,5333.409189830829,13944975.83153598
2026-02-02 00:00:00.000 UTC,curve_usdtwbtcweth,0.5k-1k,3128,2406036.258604996,829.874453671662,2068834.3410350073
2026-02-02 00:00:00.000 UTC,curve_usdtwbtcweth,10k-100k,776,13788622.816741187,5655.301892475786,12957470.397067007
2026-02-02 00:00:00.000 UTC,curve_usdtwbtcweth,1k-10k,12544,35757569.640395634,12250.797116827622,31310666.527487084
2026-02-02 00:00:00.000 UTC,sushiv2_ethusdt,0.5k-1k,906,623388.2885909246,297.554806594401,625357.9874189999
2026-02-02 00:00:00.000 UTC,sushiv2_ethusdt,10k-100k,4,44571.25830595019,22.906752130363568,44665.658439000006
2026-02-02 00:00:00.000 UTC,sushiv2_ethusdt,1k-10k,480,941054.7050270073,477.6691610678435,943392.824842
2026-02-02 00:00:00.000 UTC,sushiv2_usdceth,0.5k-1k,969,665403.2664445754,317.9767625848128,666582.9748559999
2026-02-02 00:00:00.000 UTC,sushiv2_usdceth,10k-100k,3,40722.94390922587,22.266261593897482,40645.350295
2026-02-02 00:00:00.000 UTC,sushiv2_usdceth,1k-10k,449,837619.9764321127,421.3525085795659,838722.3872930007
2026-02-02 00:00:00.000 UTC,uniswap_v3_0.01_ethusdc,0.5k-1k,21043,15214667.645444922,7164.787372299208,15210440.172105012
2026-02-02 00:00:00.000 UTC,uniswap_v3_0.01_ethusdc,100k+,167,42655098.33920588,19521.34040432688,43566213.053376
2026-02-02 00:00:00.000 UTC,uniswap_v3_0.01_ethusdc,10k-100k,1245,36899122.03754267,17342.780735448236,36885720.39256102
2026-02-02 00:00:00.000 UTC,uniswap_v3_0.01_ethusdc,1k-10k,28959,63041956.286633484,29651.97530915363,63038523.87724191
2026-02-02 00:00:00.000 UTC,uniswap_v3_0.01_ethusdt,0.5k-1k,20034,14708344.622648839,6921.331507323976,14710404.967346996
2026-02-02 00:00:00.000 UTC,uniswap_v3_0.01_ethusdt,100k+,753,195097774.40364984,89511.49300147768,195674167.66585803
2026-02-02 00:00:00.000 UTC,uniswap_v3_0.01_ethusdt,10k-100k,12050,246945415.20058787,113195.14034226522,247169859.69333
2026-02-02 00:00:00.000 UTC,uniswap_v3_0.01_ethusdt,1k-10k,60241,202709779.04028752,93969.61112498054,202859559.89044726
2026-02-02 00:00:00.000 UTC,uniswap_v3_0.05_ethusdc,0.5k-1k,4684,3440517.3305514553,1650.7430350486145,3434647.757795002
2026-02-02 00:00:00.000 UTC,uniswap_v3_0.05_ethusdc,100k+,8823,2484375942.664917,1229323.970546332,2483249763.6536207
2026-02-02 00:00:00.000 UTC,uniswap_v3_0.05_ethusdc,10k-100k,20679,804882496.1507638,394014.57555283746,804195950.2016283
2026-02-02 00:00:00.000 UTC,uniswap_v3_0.05_ethusdc,1k-10k,21895,90263824.3859177,42969.858862782094,90166946.67287797
2026-02-02 00:00:00.000 UTC,uniswap_v3_0.05_ethusdt,0.5k-1k,5466,4119363.3336192933,1958.5365241842073,4121969.8556689983
2026-02-02 00:00:00.000 UTC,uniswap_v3_0.05_ethusdt,100k+,10,3729817.323792887,1741.9179771873314,3858789.5212239996
2026-02-02 00:00:00.000 UTC,uniswap_v3_0.05_ethusdt,10k-100k,2535,45869640.32394573,22226.84021389515,45890165.79605498
2026-02-02 00:00:00.000 UTC,uniswap_v3_0.05_ethusdt,1k-10k,30184,103250173.94080216,49149.91144613524,103361650.85013597
2026-02-02 00:00:00.000 UTC,uniswap_v3_0.3_ethusdc,0.5k-1k,277,207916.1718269141,99.85317954641846,207535.18467499997
2026-02-02 00:00:00.000 UTC,uniswap_v3_0.3_ethusdc,100k+,101,17622876.225174036,8967.562586082042,17525487.320179
2026-02-02 00:00:00.000 UTC,uniswap_v3_0.3_ethusdc,10k-100k,2625,65580838.75419983,31703.714094007944,65622583.811921015
2026-02-02 00:00:00.000 UTC,uniswap_v3_0.3_ethusdc,1k-10k,3622,16953877.791988675,8108.584402772865,16967358.557425
2026-02-02 00:00:00.000 UTC,uniswap_v3_0.3_ethusdt,0.5k-1k,350,253932.9964802486,122.9465114315174,254064.861599
2026-02-02 00:00:00.000 UTC,uniswap_v3_0.3_ethusdt,100k+,1310,374829702.97535974,186568.61844959419,375601287.2733351
2026-02-02 00:00:00.000 UTC,uniswap_v3_0.3_ethusdt,10k-100k,4867,194531271.67457786,93440.64805945418,194921390.7971229
2026-02-02 00:00:00.000 UTC,uniswap_v3_0.3_ethusdt,1k-10k,2039,10190694.102933703,4918.7503332038095,10203985.566018997
2026-02-02 00:00:00.000 UTC,uniswap_v3_1.0_ethusdc,0.5k-1k,325,226247.1411592515,108.1055637455392,226768.827647
2026-02-02 00:00:00.000 UTC,uniswap_v3_1.0_ethusdc,10k-100k,1,12269.891186785595,7.077592097733758,12230.082269
2026-02-02 00:00:00.000 UTC,uniswap_v3_1.0_ethusdc,1k-10k,169,305715.20327728795,154.1596287924385,307121.297826
2026-02-09 00:00:00.000 UTC,curve_usdcwbtcweth,0.5k-1k,4207,3006478.3640772603,1069.0245991984682,2594823.0917670014
2026-02-09 00:00:00.000 UTC,curve_usdcwbtcweth,10k-100k,82,1224658.9993967179,497.94111043200513,1216203.395283
2026-02-09 00:00:00.000 UTC,curve_usdcwbtcweth,1k-10k,5176,11256653.957992462,3982.340093604593,10024018.276844982
2026-02-09 00:00:00.000 UTC,curve_usdt,0.5k-1k,591,437533.3043526685,153.774318937996,394635.381595
2026-02-09 00:00:00.000 UTC,curve_usdt,10k-100k,213,3524728.083520606,1317.1557824457889,3421065.0493460004
2026-02-09 00:00:00.000 UTC,curve_usdt,1k-10k,1895,6114366.812062178,2131.2514588999547,5533751.312906004
2026-02-09 00:00:00.000 UTC,curve_usdtwbtcweth,0.5k-1k,3506,2546961.065365424,944.5700304923611,2195852.601205995
2026-02-09 00:00:00.000 UTC,curve_usdtwbtcweth,10k-100k,104,1581376.7946256094,611.9151448217516,1505974.4776119997
2026-02-09 00:00:00.000 UTC,curve_usdtwbtcweth,1k-10k,5637,12542337.25716378,4537.274130026717,11218777.634502029
2026-02-09 00:00:00.000 UTC,sushiv2_ethusdt,0.5k-1k,294,193012.31325406386,96.37640462194699,193503.08265499995
2026-02-09 00:00:00.000 UTC,sushiv2_ethusdt,1k-10k,77,108890.38575739144,54.25095649920999,109274.412376
2026-02-09 00:00:00.000 UTC,sushiv2_usdceth,0.5k-1k,298,198134.9552918223,98.9907899397909,198526.87600700007
2026-02-09 00:00:00.000 UTC,sushiv2_usdceth,1k-10k,71,103002.62502078591,51.51989979223699,103295.44818899999
2026-02-09 00:00:00.000 UTC,uniswap_v3_0.01_ethusdc,0.5k-1k,20386,14377814.923340524,7146.799256999639,14376101.576336997
2026-02-09 00:00:00.000 UTC,uniswap_v3_0.01_ethusdc,100k+,148,35655595.333963394,17751.405895425316,35638919.179616004
2026-02-09 00:00:00.000 UTC,uniswap_v3_0.01_ethusdc,10k-100k,796,23128875.521264017,11512.216018961946,23080451.57626999
2026-02-09 00:00:00.000 UTC,uniswap_v3_0.01_ethusdc,1k-10k,13702,24901330.601108786,12353.565538058478,24901711.224067017
2026-02-09 00:00:00.000 UTC,uniswap_v3_0.01_ethusdt,0.5k-1k,23794,17171388.206133656,8531.28757426362,17174088.64752399
2026-02-09 00:00:00.000 UTC,uniswap_v3_0.01_ethusdt,100k+,337,93197960.36927329,46092.73823513924,93913981.998428
2026-02-09 00:00:00.000 UTC,uniswap_v3_0.01_ethusdt,10k-100k,2848,67967438.30616462,34400.83864390115,67940643.572574
2026-02-09 00:00:00.000 UTC,uniswap_v3_0.01_ethusdt,1k-10k,36768,91406485.48805593,45703.83213055956,91449800.88616696
2026-02-09 00:00:00.000 UTC,uniswap_v3_0.05_ethusdc,0.5k-1k,3892,2892828.8672714224,1437.6678525933166,2890560.7062650006
2026-02-09 00:00:00.000 UTC,uniswap_v3_0.05_ethusdc,100k+,5343,1236551158.8350098,619266.1727384531,1236949721.9582698
2026-02-09 00:00:00.000 UTC,uniswap_v3_0.05_ethusdc,10k-100k,13862,585742936.862231,291247.82920516084,585701889.5800011
2026-02-09 00:00:00.000 UTC,uniswap_v3_0.05_ethusdc,1k-10k,13339,51205941.49587867,25422.840755683803,51188805.915273994
2026-02-09 00:00:00.000 UTC,uniswap_v3_0.05_ethusdt,0.5k-1k,5525,4020540.515832794,1998.58406462778,4022394.2239130004
2026-02-09 00:00:00.000 UTC,uniswap_v3_0.05_ethusdt,10k-100k,696,9351501.390073992,4645.817113454977,9353419.306381999
2026-02-09 00:00:00.000 UTC,uniswap_v3_0.05_ethusdt,1k-10k,14369,41664449.63776017,20784.03614514561,41694642.099679925
2026-02-09 00:00:00.000 UTC,uniswap_v3_0.3_ethusdc,0.5k-1k,275,211435.07814020957,105.66523242890497,211620.68079800002
2026-02-09 00:00:00.000 UTC,uniswap_v3_0.3_ethusdc,100k+,5,705901.0759968349,350.3995141665697,707888.593187
2026-02-09 00:00:00.000 UTC,uniswap_v3_0.3_ethusdc,10k-100k,698,13727291.1259257,6832.725232757152,13753839.486972
2026-02-09 00:00:00.000 UTC,uniswap_v3_0.3_ethusdc,1k-10k,1939,8214374.569579061,4096.468127548901,8223368.546498997
2026-02-09 00:00:00.000 UTC,uniswap_v3_0.3_ethusdt,0.5k-1k,158,118701.10935884045,59.199771622588635,118886.557612
2026-02-09 00:00:00.000 UTC,uniswap_v3_0.3_ethusdt,100k+,503,99505899.35765728,49530.650740063196,99772392.27088201
2026-02-09 00:00:00.000 UTC,uniswap_v3_0.3_ethusdt,10k-100k,1961,78592314.08160023,39189.36660656487,78726317.461797
2026-02-09 00:00:00.000 UTC,uniswap_v3_0.3_ethusdt,1k-10k,1055,5286843.707713793,2632.637875090756,5294532.232964001
2026-02-09 00:00:00.000 UTC,uniswap_v3_1.0_ethusdc,0.5k-1k,120,80594.74284213214,40.25244851095132,80772.90154199999
2026-02-09 00:00:00.000 UTC,uniswap_v3_1.0_ethusdc,1k-10k,36,50443.37580971851,25.15063353245558,50622.780732
2026-02-16 00:00:00.000 UTC,curve_usdcwbtcweth,0.5k-1k,4677,3385459.055008824,1164.9359804929659,2756586.1147250026
2026-02-16 00:00:00.000 UTC,curve_usdcwbtcweth,10k-100k,148,2760741.269751554,724.0572248888684,2504033.192913
2026-02-16 00:00:00.000 UTC,curve_usdcwbtcweth,1k-10k,6689,15727633.873190224,5178.235128059774,13415066.570877047
2026-02-16 00:00:00.000 UTC,curve_usdt,0.5k-1k,741,546866.7914743006,207.29080444934579,472358.44839
2026-02-16 00:00:00.000 UTC,curve_usdt,10k-100k,309,5119263.817775107,1887.3109926191971,4965281.157252004
2026-02-16 00:00:00.000 UTC,curve_usdt,1k-10k,2268,7242010.725250556,2569.970586495055,6349689.873296996
2026-02-16 00:00:00.000 UTC,curve_usdtwbtcweth,0.5k-1k,3644,2677427.6766603556,973.1465588654515,2219731.885087007
2026-02-16 00:00:00.000 UTC,curve_usdtwbtcweth,10k-100k,139,2160271.12886745,762.7797583839491,1908836.066232001
2026-02-16 00:00:00.000 UTC,curve_usdtwbtcweth,1k-10k,6312,15169215.087925645,5396.55829083347,12661770.240295019
2026-02-16 00:00:00.000 UTC,sushiv2_ethusdt,0.5k-1k,161,106349.62957152117,54.17190072357884,106549.47409500003
2026-02-16 00:00:00.000 UTC,sushiv2_ethusdt,1k-10k,37,49845.12928589994,25.438269022033353,50001.761768
2026-02-16 00:00:00.000 UTC,sushiv2_usdceth,0.5k-1k,162,108422.47061144798,55.16882357669466,108610.40047800003
2026-02-16 00:00:00.000 UTC,sushiv2_usdceth,1k-10k,35,47454.55352779873,24.247959314667092,47574.506603
2026-02-16 00:00:00.000 UTC,uniswap_v3_0.01_ethusdc,0.5k-1k,20588,14678826.900510367,7463.625389224987,14674595.60393401
2026-02-16 00:00:00.000 UTC,uniswap_v3_0.01_ethusdc,100k+,127,29300484.933181927,15102.005840037426,28879075.438263
2026-02-16 00:00:00.000 UTC,uniswap_v3_0.01_ethusdc,10k-100k,564,16953651.728385836,8636.074397924505,16936802.911274
2026-02-16 00:00:00.000 UTC,uniswap_v3_0.01_ethusdc,1k-10k,13424,23874674.124654897,12158.374767633815,23870713.209560987
2026-02-16 00:00:00.000 UTC,uniswap_v3_0.01_ethusdt,0.5k-1k,21662,16357925.279573554,8304.311756397461,16354963.123737998
2026-02-16 00:00:00.000 UTC,uniswap_v3_0.01_ethusdt,100k+,391,136647401.55052748,69525.27166912689,136333362.52198702
2026-02-16 00:00:00.000 UTC,uniswap_v3_0.01_ethusdt,10k-100k,8481,152713370.8837,77910.89666538915,152724323.41248494
2026-02-16 00:00:00.000 UTC,uniswap_v3_0.01_ethusdt,1k-10k,76292,271309052.4767052,138129.74374639193,271304551.6618554
2026-02-16 00:00:00.000 UTC,uniswap_v3_0.05_ethusdc,0.5k-1k,2022,1510892.1166118956,765.7325816156472,1510021.1259960001
2026-02-16 00:00:00.000 UTC,uniswap_v3_0.05_ethusdc,100k+,3663,812635520.5671093,413716.5748649399,812935985.5105572
2026-02-16 00:00:00.000 UTC,uniswap_v3_0.05_ethusdc,10k-100k,10074,419047779.54726356,213082.05458473263,419001211.85469574
2026-02-16 00:00:00.000 UTC,uniswap_v3_0.05_ethusdc,1k-10k,8079,34401673.947838426,17479.47630146751,34389161.195186004
2026-02-16 00:00:00.000 UTC,uniswap_v3_0.05_ethusdt,0.5k-1k,3811,2771669.9187626857,1408.256884554192,2772520.1829770016
2026-02-16 00:00:00.000 UTC,uniswap_v3_0.05_ethusdt,10k-100k,514,7040125.3969439715,3578.34808152369,7042734.116361001
2026-02-16 00:00:00.000 UTC,uniswap_v3_0.05_ethusdt,1k-10k,8866,24952217.889675487,12687.776126690507,24965516.282553
2026-02-16 00:00:00.000 UTC,uniswap_v3_0.3_ethusdc,0.5k-1k,177,135982.3385210449,68.97422797962786,136060.35254999998
2026-02-16 00:00:00.000 UTC,uniswap_v3_0.3_ethusdc,100k+,4,560306.1601079396,287.5864463354318,560477.1370580001
2026-02-16 00:00:00.000 UTC,uniswap_v3_0.3_ethusdc,10k-100k,599,12594890.157604188,6416.9348476465775,12615367.929597
2026-02-16 00:00:00.000 UTC,uniswap_v3_0.3_ethusdc,1k-10k,1244,5244365.206031985,2667.6509241049134,5248812.190420997
2026-02-16 00:00:00.000 UTC,uniswap_v3_0.3_ethusdt,0.5k-1k,158,120425.84767256722,61.01741499452493,120585.79423999999
2026-02-16 00:00:00.000 UTC,uniswap_v3_0.3_ethusdt,100k+,196,34735414.94390916,17680.767095527193,34818970.437419996
2026-02-16 00:00:00.000 UTC,uniswap_v3_0.3_ethusdt,10k-100k,1330,50856701.75627042,25879.432635879806,50926580.13448399
2026-02-16 00:00:00.000 UTC,uniswap_v3_0.3_ethusdt,1k-10k,774,3577813.230319971,1817.7395968644869,3581754.609149
2026-02-16 00:00:00.000 UTC,uniswap_v3_1.0_ethusdc,0.5k-1k,60,40990.8263600227,20.804585735264794,41067.272781
2026-02-16 00:00:00.000 UTC,uniswap_v3_1.0_ethusdc,1k-10k,9,11867.62962544609,6.0766764279977,11903.318527999998
2026-02-23 00:00:00.000 UTC,curve_usdcwbtcweth,0.5k-1k,5486,3946224.7119897134,1375.4712814922693,3255511.437691008
2026-02-23 00:00:00.000 UTC,curve_usdcwbtcweth,100k+,2,271278.64082352264,133.21533219154816,277022.738683
2026-02-23 00:00:00.000 UTC,curve_usdcwbtcweth,10k-100k,261,4003415.563418544,1345.1377537520011,3906565.0019319993
2026-02-23 00:00:00.000 UTC,curve_usdcwbtcweth,1k-10k,8346,20044448.729740556,6786.6861243953135,17770508.45904805
2026-02-23 00:00:00.000 UTC,curve_usdt,0.5k-1k,614,453553.3727282168,167.9837624591438,390581.188436
2026-02-23 00:00:00.000 UTC,curve_usdt,10k-100k,213,3646745.3037233236,1425.4079273849327,3564494.9004269987
2026-02-23 00:00:00.000 UTC,curve_usdt,1k-10k,1767,5537372.750464134,1954.8290044224354,5054521.474034
2026-02-23 00:00:00.000 UTC,curve_usdtwbtcweth,0.5k-1k,3194,2325945.874710901,872.2793444407864,1990549.2927460005
2026-02-23 00:00:00.000 UTC,curve_usdtwbtcweth,10k-100k,89,1363958.6488864014,605.2987044135614,1292549.4313710001
2026-02-23 00:00:00.000 UTC,curve_usdtwbtcweth,1k-10k,4980,11085989.051088136,3952.613017765954,9885165.046610989
2026-02-23 00:00:00.000 UTC,sushiv2_ethusdt,0.5k-1k,323,217034.900302121,111.6720353671553,217417.085222
2026-02-23 00:00:00.000 UTC,sushiv2_ethusdt,10k-100k,2,150962.09322524862,81.38242084942291,141898.134848
2026-02-23 00:00:00.000 UTC,sushiv2_ethusdt,1k-10k,110,187010.8138162812,97.66373351765047,187697.07841299998
2026-02-23 00:00:00.000 UTC,sushiv2_usdceth,0.5k-1k,337,224785.1819762797,115.99367733466802,225172.92444800024
2026-02-23 00:00:00.000 UTC,sushiv2_usdceth,1k-10k,103,167131.98527680335,86.0874734060955,167831.35962000006
2026-02-23 00:00:00.000 UTC,uniswap_v3_0.01_ethusdc,0.5k-1k,23511,16734722.794046855,8631.9045874294,16728049.584295014
2026-02-23 00:00:00.000 UTC,uniswap_v3_0.01_ethusdc,100k+,164,38721525.11763137,21743.78248012214,35482513.307154
2026-02-23 00:00:00.000 UTC,uniswap_v3_0.01_ethusdc,10k-100k,749,22911950.55828659,11868.82457472348,22852235.752737004
2026-02-23 00:00:00.000 UTC,uniswap_v3_0.01_ethusdc,1k-10k,19764,37383820.7029837,19207.41650044355,37382323.97534402
2026-02-23 00:00:00.000 UTC,uniswap_v3_0.01_ethusdt,0.5k-1k,26680,19777846.109454624,10216.079034160733,19764672.779440984
2026-02-23 00:00:00.000 UTC,uniswap_v3_0.01_ethusdt,100k+,555,182343721.35448602,93560.88214657937,182759461.603861
2026-02-23 00:00:00.000 UTC,uniswap_v3_0.01_ethusdt,10k-100k,5755,118688867.27400379,60994.10610831159,118668915.47630708
2026-02-23 00:00:00.000 UTC,uniswap_v3_0.01_ethusdt,1k-10k,80400,256499447.03319693,132164.57538039106,256415230.01052615
2026-02-23 00:00:00.000 UTC,uniswap_v3_0.05_ethusdc,0.5k-1k,2683,1957195.6332802684,1007.8697427740054,1954479.9641159999
2026-02-23 00:00:00.000 UTC,uniswap_v3_0.05_ethusdc,100k+,5351,1323832631.3759263,673018.9788953755,1324614577.2537656
2026-02-23 00:00:00.000 UTC,uniswap_v3_0.05_ethusdc,10k-100k,15035,580788971.8530092,298250.2812717664,580671861.822412
2026-02-23 00:00:00.000 UTC,uniswap_v3_0.05_ethusdc,1k-10k,13526,58825239.13709858,30322.264602591164,58789999.54472702
2026-02-23 00:00:00.000 UTC,uniswap_v3_0.05_ethusdt,0.5k-1k,5880,4243460.424592763,2187.7282410641596,4242243.529421002
2026-02-23 00:00:00.000 UTC,uniswap_v3_0.05_ethusdt,100k+,5,2986457.4014140707,1865.2790746901933,2331103.713165
2026-02-23 00:00:00.000 UTC,uniswap_v3_0.05_ethusdt,10k-100k,1084,15717004.369149037,7981.804437915382,15723687.726237
2026-02-23 00:00:00.000 UTC,uniswap_v3_0.05_ethusdt,1k-10k,18016,53938241.44776776,27671.894654707015,53939770.621717975
2026-02-23 00:00:00.000 UTC,uniswap_v3_0.3_ethusdc,0.5k-1k,231,177519.57504776263,92.0294198540209,177658.27876100002
2026-02-23 00:00:00.000 UTC,uniswap_v3_0.3_ethusdc,100k+,23,3035291.29338685,1558.082629927145,3050281.616289
2026-02-23 00:00:00.000 UTC,uniswap_v3_0.3_ethusdc,10k-100k,1141,26446622.64641556,13595.814039066214,26504104.556772
2026-02-23 00:00:00.000 UTC,uniswap_v3_0.3_ethusdc,1k-10k,1813,7742133.4082615925,3985.5606435753966,7749526.822372
2026-02-23 00:00:00.000 UTC,uniswap_v3_0.3_ethusdt,0.5k-1k,158,116141.89431723554,60.157318340030606,116284.35381500001
2026-02-23 00:00:00.000 UTC,uniswap_v3_0.3_ethusdt,100k+,360,64875472.32077545,33275.92032749733,65082536.522486
2026-02-23 00:00:00.000 UTC,uniswap_v3_0.3_ethusdt,10k-100k,2127,81924050.81798601,42127.20570007077,82021423.95313801
2026-02-23 00:00:00.000 UTC,uniswap_v3_0.3_ethusdt,1k-10k,1102,5285696.531270607,2720.399380531466,5289401.049519999
2026-02-23 00:00:00.000 UTC,uniswap_v3_1.0_ethusdc,0.5k-1k,140,93076.29523802079,47.71995486378038,93310.882398
2026-02-23 00:00:00.000 UTC,uniswap_v3_1.0_ethusdc,1k-10k,55,90135.65919944807,46.30983026944395,90663.37366400001
2026-03-02 00:00:00.000 UTC,curve_usdcwbtcweth,0.5k-1k,3809,2755959.038662518,984.0311172585133,2399358.296479999
2026-03-02 00:00:00.000 UTC,curve_usdcwbtcweth,10k-100k,88,1263264.567282151,500.47198645250404,1232099.447092
2026-03-02 00:00:00.000 UTC,curve_usdcwbtcweth,1k-10k,5124,11579747.467808276,4190.0423839810965,10537035.06352996
2026-03-02 00:00:00.000 UTC,curve_usdt,0.5k-1k,558,418075.7668582044,145.35974787394508,386043.0536329999
2026-03-02 00:00:00.000 UTC,curve_usdt,10k-100k,293,5141558.047862266,1960.4578110137124,5057813.244279998
2026-03-02 00:00:00.000 UTC,curve_usdt,1k-10k,2021,6382739.387672032,2250.282869073824,5941353.003801002
2026-03-02 00:00:00.000 UTC,curve_usdtwbtcweth,0.5k-1k,3055,2233533.308694166,835.5044685911138,1939705.6651209972
2026-03-02 00:00:00.000 UTC,curve_usdtwbtcweth,10k-100k,133,2121491.194452285,828.7085463035161,2098244.0584730003
2026-03-02 00:00:00.000 UTC,curve_usdtwbtcweth,1k-10k,5612,13063084.81214303,4867.193520844618,11858527.59544297
2026-03-02 00:00:00.000 UTC,sushiv2_ethusdt,0.5k-1k,104,72591.22780468433,36.17032031765128,72894.794917
2026-03-02 00:00:00.000 UTC,sushiv2_ethusdt,1k-10k,17,31554.200992104194,15.84056383222227,31619.632560000002
2026-03-02 00:00:00.000 UTC,sushiv2_usdceth,0.5k-1k,85,57248.18528118218,28.62745431216856,57481.465298000025
2026-03-02 00:00:00.000 UTC,sushiv2_usdceth,1k-10k,12,16644.975883976218,8.315734236022838,16737.568124999998
2026-03-02 00:00:00.000 UTC,uniswap_v3_0.01_ethusdc,0.5k-1k,19634,13919150.575342918,6892.025273779841,13919654.202326015
2026-03-02 00:00:00.000 UTC,uniswap_v3_0.01_ethusdc,100k+,178,48387406.18982015,24088.994875441334,47111651.655253
2026-03-02 00:00:00.000 UTC,uniswap_v3_0.01_ethusdc,10k-100k,650,18379810.563218366,9034.260545109628,18373334.554155998
2026-03-02 00:00:00.000 UTC,uniswap_v3_0.01_ethusdc,1k-10k,20315,39650530.84502288,19577.130718343386,39667265.27861094
2026-03-02 00:00:00.000 UTC,uniswap_v3_0.01_ethusdt,0.5k-1k,20693,15237435.440696003,7571.999051663287,15233755.674176984
2026-03-02 00:00:00.000 UTC,uniswap_v3_0.01_ethusdt,100k+,286,93484597.25631711,46158.566519561435,93773640.60731399
2026-03-02 00:00:00.000 UTC,uniswap_v3_0.01_ethusdt,10k-100k,2843,69946232.66445805,34607.26867891467,69940044.42113496
2026-03-02 00:00:00.000 UTC,uniswap_v3_0.01_ethusdt,1k-10k,54150,163759640.12122864,81102.44839226581,163775196.84883857
2026-03-02 00:00:00.000 UTC,uniswap_v3_0.05_ethusdc,0.5k-1k,2250,1661927.7497140316,822.9504689899667,1661238.7969390003
2026-03-02 00:00:00.000 UTC,uniswap_v3_0.05_ethusdc,100k+,6188,1467538990.7390478,727409.1480158115,1468670312.901424
2026-03-02 00:00:00.000 UTC,uniswap_v3_0.05_ethusdc,10k-100k,13486,551762492.8127811,272767.8243281002,551908607.7044389
2026-03-02 00:00:00.000 UTC,uniswap_v3_0.05_ethusdc,1k-10k,10290,44321767.910592005,21895.442393560723,44317487.78695697
2026-03-02 00:00:00.000 UTC,uniswap_v3_0.05_ethusdt,0.5k-1k,4382,3194911.7346961075,1584.570197247388,3195566.7211360014
2026-03-02 00:00:00.000 UTC,uniswap_v3_0.05_ethusdt,100k+,2,304735.14328740083,147.41889152679207,303385.903559
2026-03-02 00:00:00.000 UTC,uniswap_v3_0.05_ethusdt,10k-100k,946,15486980.687951546,7626.016500363054,15495808.268569998
2026-03-02 00:00:00.000 UTC,uniswap_v3_0.05_ethusdt,1k-10k,17869,56920706.421606906,28149.67582364739,56950123.45096703
2026-03-02 00:00:00.000 UTC,uniswap_v3_0.3_ethusdc,0.5k-1k,139,108873.58976904137,54.365018750681614,108996.924842
2026-03-02 00:00:00.000 UTC,uniswap_v3_0.3_ethusdc,100k+,14,2100142.0870043384,1026.155352201565,2113015.4537440003
2026-03-02 00:00:00.000 UTC,uniswap_v3_0.3_ethusdc,10k-100k,1186,27919308.6117238,13793.481554087612,27987569.267807007
2026-03-02 00:00:00.000 UTC,uniswap_v3_0.3_ethusdc,1k-10k,1749,7582691.160666727,3749.8047534501306,7593986.711686999
2026-03-02 00:00:00.000 UTC,uniswap_v3_0.3_ethusdt,0.5k-1k,119,85296.9065569526,42.36668791247,85412.166616
2026-03-02 00:00:00.000 UTC,uniswap_v3_0.3_ethusdt,100k+,431,75493345.41919592,37260.29614427213,75702871.385937
2026-03-02 00:00:00.000 UTC,uniswap_v3_0.3_ethusdt,10k-100k,2122,83057901.17322378,41060.057416221054,83198078.30802898
2026-03-02 00:00:00.000 UTC,uniswap_v3_0.3_ethusdt,1k-10k,1032,5110848.159144152,2529.0379160416614,5117330.795144
2026-03-02 00:00:00.000 UTC,uniswap_v3_1.0_ethusdc,0.5k-1k,115,78235.48365908509,38.825338265956184,78485.09576
2026-03-02 00:00:00.000 UTC,uniswap_v3_1.0_ethusdc,1k-10k,39,53830.82769645193,26.451775983747513,54134.646207
2026-03-09 00:00:00.000 UTC,curve_usdcwbtcweth,0.5k-1k,3704,2674003.8728395486,869.5816326903999,2370247.4485310013
2026-03-09 00:00:00.000 UTC,curve_usdcwbtcweth,100k+,1,170410.35811284394,82.83123583732424,177434.550304
2026-03-09 00:00:00.000 UTC,curve_usdcwbtcweth,10k-100k,136,2348378.294607782,745.454192759391,2010581.969768
2026-03-09 00:00:00.000 UTC,curve_usdcwbtcweth,1k-10k,4883,11570050.662790183,3649.3386774309583,10572712.110464016
2026-03-09 00:00:00.000 UTC,curve_usdt,0.5k-1k,594,449422.644300233,159.95626525428347,402974.3101429997
2026-03-09 00:00:00.000 UTC,curve_usdt,100k+,1,101988.232313471,0,101957.543093
2026-03-09 00:00:00.000 UTC,curve_usdt,10k-100k,315,5595276.33272514,2006.653563519468,5359606.062316997
2026-03-09 00:00:00.000 UTC,curve_usdt,1k-10k,2237,7157098.817597825,2429.8374303163814,6524452.294486996
2026-03-09 00:00:00.000 UTC,curve_usdtwbtcweth,0.5k-1k,2961,2135636.9541781377,735.8315596283587,1859860.8862160018
2026-03-09 00:00:00.000 UTC,curve_usdtwbtcweth,10k-100k,105,1689961.8667818184,527.1729376930033,1619139.7667530007
2026-03-09 00:00:00.000 UTC,curve_usdtwbtcweth,1k-10k,4221,9645416.250712773,3151.0618034186855,8784338.626701996
2026-03-09 00:00:00.000 UTC,sushiv2_ethusdt,0.5k-1k,26,16631.85374147026,8.020010774475761,16688.068859
2026-03-09 00:00:00.000 UTC,sushiv2_ethusdt,1k-10k,6,15351.355325970973,7.416422496543927,15558.962566999999
2026-03-09 00:00:00.000 UTC,sushiv2_usdceth,0.5k-1k,5,3419.6341350253874,1.6432881187125807,3420.8820809999997
2026-03-09 00:00:00.000 UTC,sushiv2_usdceth,100k+,1,199575.64675955416,102.97967851536069,75940.449537
2026-03-09 00:00:00.000 UTC,sushiv2_usdceth,10k-100k,1,75955.48600105882,102.78504627304609,75940.449792
2026-03-09 00:00:00.000 UTC,sushiv2_usdceth,1k-10k,1,2095.804398671594,1.0187060829971,2133.572278
2026-03-09 00:00:00.000 UTC,uniswap_v3_0.01_ethusdc,0.5k-1k,17571,12320178.770326382,5974.095582745274,12324630.695753
2026-03-09 00:00:00.000 UTC,uniswap_v3_0.01_ethusdc,100k+,119,29438019.41678012,14005.898364841758,30061488.707724
2026-03-09 00:00:00.000 UTC,uniswap_v3_0.01_ethusdc,10k-100k,710,19832893.279172555,9596.115540828085,19840525.912888996
2026-03-09 00:00:00.000 UTC,uniswap_v3_0.01_ethusdc,1k-10k,16230,30614428.20578424,14818.67568996899,30637486.030900013
2026-03-09 00:00:00.000 UTC,uniswap_v3_0.01_ethusdt,0.5k-1k,18143,13155668.068436798,6382.714438856513,13154636.374099998
2026-03-09 00:00:00.000 UTC,uniswap_v3_0.01_ethusdt,100k+,260,98152347.48735462,47969.32663782894,97295097.524661
2026-03-09 00:00:00.000 UTC,uniswap_v3_0.01_ethusdt,10k-100k,2156,54462260.63484988,26393.776373005418,54477757.94810398
2026-03-09 00:00:00.000 UTC,uniswap_v3_0.01_ethusdt,1k-10k,45169,130852977.51004517,63489.339397669406,130894543.36184326
2026-03-09 00:00:00.000 UTC,uniswap_v3_0.05_ethusdc,0.5k-1k,1828,1332926.12835094,644.1423406214855,1332809.736446
2026-03-09 00:00:00.000 UTC,uniswap_v3_0.05_ethusdc,100k+,4302,1008460047.5110683,489549.42556415964,1011083053.7206527
2026-03-09 00:00:00.000 UTC,uniswap_v3_0.05_ethusdc,10k-100k,11190,455532681.4442513,220874.96629377716,455776189.796227
2026-03-09 00:00:00.000 UTC,uniswap_v3_0.05_ethusdc,1k-10k,8507,34810798.606055565,16846.652246479574,34818818.35108299
2026-03-09 00:00:00.000 UTC,uniswap_v3_0.05_ethusdt,0.5k-1k,3822,2795615.31580813,1353.886077147564,2796452.7080240007
2026-03-09 00:00:00.000 UTC,uniswap_v3_0.05_ethusdt,100k+,8,1596091.4358266299,754.8778461631437,1658448.599357
2026-03-09 00:00:00.000 UTC,uniswap_v3_0.05_ethusdt,10k-100k,809,13850492.996702936,6678.310597061727,13872336.524144001
2026-03-09 00:00:00.000 UTC,uniswap_v3_0.05_ethusdt,1k-10k,17777,59006009.018337235,28447.86383170214,59039574.33988799
2026-03-09 00:00:00.000 UTC,uniswap_v3_0.3_ethusdc,0.5k-1k,148,108887.29317372832,52.553442655519916,109015.275817
2026-03-09 00:00:00.000 UTC,uniswap_v3_0.3_ethusdc,100k+,22,9639997.487325307,4539.641016947723,9942912.403432
2026-03-09 00:00:00.000 UTC,uniswap_v3_0.3_ethusdc,10k-100k,946,22704942.058821224,10988.265566857996,22766264.473226
2026-03-09 00:00:00.000 UTC,uniswap_v3_0.3_ethusdc,1k-10k,1347,5783720.501461322,2808.9751979529124,5792385.734142
2026-03-09 00:00:00.000 UTC,uniswap_v3_0.3_ethusdt,0.5k-1k,87,64329.465910233295,31.229649408562604,64451.123984000005
2026-03-09 00:00:00.000 UTC,uniswap_v3_0.3_ethusdt,100k+,469,172689562.508008,76956.047356364,186665258.51882598
2026-03-09 00:00:00.000 UTC,uniswap_v3_0.3_ethusdt,10k-100k,1588,62981054.46493346,30584.234696534684,63097857.534490995
2026-03-09 00:00:00.000 UTC,uniswap_v3_0.3_ethusdt,1k-10k,662,3318728.438216489,1613.484775320348,3323642.4833270004
2026-03-09 00:00:00.000 UTC,uniswap_v3_1.0_ethusdc,0.5k-1k,103,69394.91006975442,33.45888399253984,69682.86689699999
2026-03-09 00:00:00.000 UTC,uniswap_v3_1.0_ethusdc,100k+,2,466209.6493096283,274.790665039637,376442.928292
2026-03-09 00:00:00.000 UTC,uniswap_v3_1.0_ethusdc,10k-100k,2,27449.013258423445,13.26037423312472,27898.981393000002
2026-03-09 00:00:00.000 UTC,uniswap_v3_1.0_ethusdc,1k-10k,26,38920.72567334066,18.70206227834433,39214.398772
2026-03-16 00:00:00.000 UTC,curve_usdcwbtcweth,0.5k-1k,3603,2610965.638390881,854.0163075672804,2328566.9056140007
2026-03-16 00:00:00.000 UTC,curve_usdcwbtcweth,10k-100k,109,1597106.7209993538,558.0665927754459,1518109.240619
2026-03-16 00:00:00.000 UTC,curve_usdcwbtcweth,1k-10k,4821,11189373.850725982,3596.332126466286,10144601.66859902
2026-03-16 00:00:00.000 UTC,curve_usdt,0.5k-1k,326,243165.3088477898,81.75122323287499,216553.15845799993
2026-03-16 00:00:00.000 UTC,curve_usdt,10k-100k,22,366341.617588775,143.86279030993163,366886.9135170001
2026-03-16 00:00:00.000 UTC,curve_usdt,1k-10k,604,1544355.398995666,541.5332645914033,1439190.8048779995
2026-03-16 00:00:00.000 UTC,curve_usdtwbtcweth,0.5k-1k,2475,1835756.6581700123,632.2088335372198,1629362.5470470004
2026-03-16 00:00:00.000 UTC,curve_usdtwbtcweth,10k-100k,103,1594879.3785012506,560.159518687999,1583353.3607319999
2026-03-16 00:00:00.000 UTC,curve_usdtwbtcweth,1k-10k,4364,9944775.123142628,3297.1611321657783,8973713.963387039
2026-03-16 00:00:00.000 UTC,sushiv2_ethusdt,0.5k-1k,33,21378.69133896234,9.81335781416643,21436.88694
2026-03-16 00:00:00.000 UTC,sushiv2_ethusdt,1k-10k,17,30211.142283436075,14.157367001147799,30354.539806
2026-03-16 00:00:00.000 UTC,sushiv2_usdceth,0.5k-1k,9,5616.758566785372,2.600548242367144,5615.381026
2026-03-16 00:00:00.000 UTC,sushiv2_usdceth,1k-10k,5,8320.519240128744,3.837366330173503,8395.907198
2026-03-16 00:00:00.000 UTC,uniswap_v3_0.01_ethusdc,0.5k-1k,19116,13635079.82882481,6187.90063539664,13638211.380960997
2026-03-16 00:00:00.000 UTC,uniswap_v3_0.01_ethusdc,100k+,181,56546717.72577573,25385.680105596948,55845195.55999099
2026-03-16 00:00:00.000 UTC,uniswap_v3_0.01_ethusdc,10k-100k,976,26644276.820828557,12026.058137908127,26632387.313782
2026-03-16 00:00:00.000 UTC,uniswap_v3_0.01_ethusdc,1k-10k,22800,45355445.65786279,20501.144636027366,45384212.87977215
2026-03-16 00:00:00.000 UTC,uniswap_v3_0.01_ethusdt,0.5k-1k,18315,13321847.537520345,6052.512777521507,13320937.261536008
2026-03-16 00:00:00.000 UTC,uniswap_v3_0.01_ethusdt,100k+,242,87800368.18375708,40044.96366725535,87139002.015337
2026-03-16 00:00:00.000 UTC,uniswap_v3_0.01_ethusdt,10k-100k,2343,54471012.033897966,24810.005485370297,54460620.03115201
2026-03-16 00:00:00.000 UTC,uniswap_v3_0.01_ethusdt,1k-10k,43255,114615066.04326296,52033.533757219484,114639051.13711236
2026-03-16 00:00:00.000 UTC,uniswap_v3_0.05_ethusdc,0.5k-1k,2177,1608251.1865091524,730.813770432327,1607824.9291230005
2026-03-16 00:00:00.000 UTC,uniswap_v3_0.05_ethusdc,100k+,2574,548495804.7897284,255828.88075639433,548888811.4560101
2026-03-16 00:00:00.000 UTC,uniswap_v3_0.05_ethusdc,10k-100k,12704,448233496.9232937,205060.37993067334,448414968.0772263
2026-03-16 00:00:00.000 UTC,uniswap_v3_0.05_ethusdc,1k-10k,11030,46591363.858483225,20960.18228394088,46597188.24686499
2026-03-16 00:00:00.000 UTC,uniswap_v3_0.05_ethusdt,0.5k-1k,2885,2155548.6734588593,977.9561600066041,2155622.636151
2026-03-16 00:00:00.000 UTC,uniswap_v3_0.05_ethusdt,100k+,26,6087019.110046682,2877.951700345494,6043250.477446
2026-03-16 00:00:00.000 UTC,uniswap_v3_0.05_ethusdt,10k-100k,2507,45256161.47597891,20687.385397829556,45275645.55908102
2026-03-16 00:00:00.000 UTC,uniswap_v3_0.05_ethusdt,1k-10k,18454,68136905.715049,30845.19407101321,68165966.204225
2026-03-16 00:00:00.000 UTC,uniswap_v3_0.3_ethusdc,0.5k-1k,99,76962.93560251345,35.250475995011456,77036.141305
2026-03-16 00:00:00.000 UTC,uniswap_v3_0.3_ethusdc,100k+,19,3529589.3213798497,1591.0498940252396,3524878.9358980004
2026-03-16 00:00:00.000 UTC,uniswap_v3_0.3_ethusdc,10k-100k,1019,26160261.88165502,11868.276424381234,26207019.808159005
2026-03-16 00:00:00.000 UTC,uniswap_v3_0.3_ethusdc,1k-10k,1596,7321847.306929905,3313.0547530759036,7330969.571688
2026-03-16 00:00:00.000 UTC,uniswap_v3_0.3_ethusdt,0.5k-1k,122,90490.39110383297,40.325121860850736,90580.552979
2026-03-16 00:00:00.000 UTC,uniswap_v3_0.3_ethusdt,100k+,398,80830839.92294443,36483.3185478797,80950634.494623
2026-03-16 00:00:00.000 UTC,uniswap_v3_0.3_ethusdt,10k-100k,1898,69587954.1641693,31530.91079260506,69682664.12303802
2026-03-16 00:00:00.000 UTC,uniswap_v3_0.3_ethusdt,1k-10k,860,4387804.239610857,1983.0641734353355,4391416.44812
2026-03-16 00:00:00.000 UTC,uniswap_v3_1.0_ethusdc,0.5k-1k,79,52050.453603863105,23.649102703837872,52139.00046400001
2026-03-16 00:00:00.000 UTC,uniswap_v3_1.0_ethusdc,100k+,1,120095.74215657734,54.59145513731412,121281.289989
2026-03-16 00:00:00.000 UTC,uniswap_v3_1.0_ethusdc,10k-100k,9,267516.2394812881,120.73203096392811,270565.89023699996
2026-03-16 00:00:00.000 UTC,uniswap_v3_1.0_ethusdc,1k-10k,29,45577.11998596166,21.036243551268242,45774.547687
2026-03-23 00:00:00.000 UTC,curve_usdcwbtcweth,0.5k-1k,3272,2336330.047084063,768.0196086527736,2078959.9738709955
2026-03-23 00:00:00.000 UTC,curve_usdcwbtcweth,10k-100k,93,1300851.9062547022,445.8668581374734,1303613.0268909996
2026-03-23 00:00:00.000 UTC,curve_usdcwbtcweth,1k-10k,4011,9260050.175366959,3044.820325674528,8520367.023630992
2026-03-23 00:00:00.000 UTC,curve_usdt,0.5k-1k,287,211349.9075891368,64.89268971855894,190892.40928299996
2026-03-23 00:00:00.000 UTC,curve_usdt,10k-100k,116,1885355.4926125116,673.5891651178231,1871041.0843469999
2026-03-23 00:00:00.000 UTC,curve_usdt,1k-10k,925,2698649.414962436,902.4915258092676,2487576.0425800006
2026-03-23 00:00:00.000 UTC,curve_usdtwbtcweth,0.5k-1k,2350,1731326.7661421753,582.5624940006445,1570941.307171999
2026-03-23 00:00:00.000 UTC,curve_usdtwbtcweth,100k+,2,290414.8737393427,133.4479509493661,296444.17295599997
2026-03-23 00:00:00.000 UTC,curve_usdtwbtcweth,10k-100k,104,1505673.3218957405,583.7751921673868,1403805.05301
2026-03-23 00:00:00.000 UTC,curve_usdtwbtcweth,1k-10k,3542,8166119.510327385,2797.9019735969464,7469775.627162003
2026-03-23 00:00:00.000 UTC,sushiv2_ethusdt,0.5k-1k,28,19828.26764973462,9.644240826607158,19981.466804999996
2026-03-23 00:00:00.000 UTC,sushiv2_ethusdt,1k-10k,6,9159.81117797089,4.4983673491074985,9317.721540000002
2026-03-23 00:00:00.000 UTC,sushiv2_usdceth,0.5k-1k,7,3999.245523598129,1.9577028309609907,4041.1753630000003
2026-03-23 00:00:00.000 UTC,sushiv2_usdceth,1k-10k,1,1471.998506018693,0.7178904660043859,1508.788987
2026-03-23 00:00:00.000 UTC,uniswap_v3_0.01_ethusdc,0.5k-1k,17712,12786878.939316139,6149.888806788491,12787366.91421301
2026-03-23 00:00:00.000 UTC,uniswap_v3_0.01_ethusdc,100k+,184,60645015.00184039,28963.495051455622,60308021.002425
2026-03-23 00:00:00.000 UTC,uniswap_v3_0.01_ethusdc,10k-100k,672,20332686.621841762,9800.224362877338,20326047.165236004
2026-03-23 00:00:00.000 UTC,uniswap_v3_0.01_ethusdc,1k-10k,18329,35749227.79682495,17114.834780703968,35767096.248717986
2026-03-23 00:00:00.000 UTC,uniswap_v3_0.01_ethusdt,0.5k-1k,16324,12017288.078121131,5777.1004508541855,12019891.693835007
2026-03-23 00:00:00.000 UTC,uniswap_v3_0.01_ethusdt,100k+,268,102910273.07512675,50017.21842472733,101823066.64623299
2026-03-23 00:00:00.000 UTC,uniswap_v3_0.01_ethusdt,10k-100k,1042,30487734.41411551,14652.459386778595,30514405.969453998
2026-03-23 00:00:00.000 UTC,uniswap_v3_0.01_ethusdt,1k-10k,32034,81504564.54836933,39067.271271236954,81547123.67375404
2026-03-23 00:00:00.000 UTC,uniswap_v3_0.05_ethusdc,0.5k-1k,1588,1163666.2630216558,559.4649454069252,1162867.885102
2026-03-23 00:00:00.000 UTC,uniswap_v3_0.05_ethusdc,100k+,3417,802455963.5721158,386236.07648133946,803522940.8304479
2026-03-23 00:00:00.000 UTC,uniswap_v3_0.05_ethusdc,10k-100k,10995,454688972.57250696,218281.71876727126,454829111.21295
2026-03-23 00:00:00.000 UTC,uniswap_v3_0.05_ethusdc,1k-10k,7244,30713187.702639133,14749.020408773322,30716302.381655023
2026-03-23 00:00:00.000 UTC,uniswap_v3_0.05_ethusdt,0.5k-1k,2526,1930450.9689229229,932.4426534894511,1931249.5261730005
2026-03-23 00:00:00.000 UTC,uniswap_v3_0.05_ethusdt,100k+,21,3776510.352587903,1840.2282354794188,3803645.965802
2026-03-23 00:00:00.000 UTC,uniswap_v3_0.05_ethusdt,10k-100k,1721,33719018.5183008,16143.022116497978,33778125.13978801
2026-03-23 00:00:00.000 UTC,uniswap_v3_0.05_ethusdt,1k-10k,14958,53610436.80462089,25814.52525930003,53648489.39645902
2026-03-23 00:00:00.000 UTC,uniswap_v3_0.3_ethusdc,0.5k-1k,86,67103.08676544385,32.19853849415747,67180.261298
2026-03-23 00:00:00.000 UTC,uniswap_v3_0.3_ethusdc,100k+,31,7161388.279594604,3475.840767085044,7224285.435020001
2026-03-23 00:00:00.000 UTC,uniswap_v3_0.3_ethusdc,10k-100k,581,15082747.830575358,7169.505681160997,15121493.185849998
2026-03-23 00:00:00.000 UTC,uniswap_v3_0.3_ethusdc,1k-10k,1132,4755619.846513017,2285.8533498207416,4761866.362683999
2026-03-23 00:00:00.000 UTC,uniswap_v3_0.3_ethusdt,0.5k-1k,67,50146.68040254598,24.20653261018007,50227.1395
2026-03-23 00:00:00.000 UTC,uniswap_v3_0.3_ethusdt,100k+,280,75162930.4008495,36380.79453578802,75528030.48087099
2026-03-23 00:00:00.000 UTC,uniswap_v3_0.3_ethusdt,10k-100k,1206,45619468.09535213,21845.58471333497,45698938.08320401
2026-03-23 00:00:00.000 UTC,uniswap_v3_0.3_ethusdt,1k-10k,583,3056980.688140029,1466.1134340532426,3061073.0668649995
2026-03-23 00:00:00.000 UTC,uniswap_v3_1.0_ethusdc,0.5k-1k,48,32833.558611673834,15.588931935410752,32887.02774599999
2026-03-23 00:00:00.000 UTC,uniswap_v3_1.0_ethusdc,1k-10k,31,58580.72030880918,28.56640692293498,59233.837016
2026-03-30 00:00:00.000 UTC,curve_usdcwbtcweth,0.5k-1k,2701,1948177.6255017542,661.0701162096465,1758892.7908539993
2026-03-30 00:00:00.000 UTC,curve_usdcwbtcweth,10k-100k,70,978378.0001040143,294.58457329251115,979075.2761250003
2026-03-30 00:00:00.000 UTC,curve_usdcwbtcweth,1k-10k,3631,8302976.116357585,2699.531687840855,7618352.3672360005
2026-03-30 00:00:00.000 UTC,curve_usdt,0.5k-1k,310,234212.67671229626,89.0495181532888,206410.52689200002
2026-03-30 00:00:00.000 UTC,curve_usdt,10k-100k,169,2838286.969368235,1070.5878714367,2807285.708118001
2026-03-30 00:00:00.000 UTC,curve_usdt,1k-10k,1280,3972848.651443144,1310.9003406618272,3724114.859875001
2026-03-30 00:00:00.000 UTC,curve_usdtwbtcweth,0.5k-1k,1600,1229949.856573741,443.6094099915836,1132681.0499210004
2026-03-30 00:00:00.000 UTC,curve_usdtwbtcweth,10k-100k,94,1342143.691973085,451.67290515041003,1316955.9673250003
2026-03-30 00:00:00.000 UTC,curve_usdtwbtcweth,1k-10k,3629,8507726.820791468,2845.8142119124336,7811252.519955004
2026-03-30 00:00:00.000 UTC,sushiv2_ethusdt,0.5k-1k,20,13955.037479817755,6.744206198748087,14017.865058
2026-03-30 00:00:00.000 UTC,sushiv2_ethusdt,1k-10k,6,10452.606738513206,4.912913302291871,10526.286961000002
2026-03-30 00:00:00.000 UTC,sushiv2_usdceth,0.5k-1k,1,542.8402847032909,0.26244961452710885,549.511133
2026-03-30 00:00:00.000 UTC,uniswap_v3_0.01_ethusdc,0.5k-1k,15212,10954809.56043556,5301.675158050656,10956544.78887
2026-03-30 00:00:00.000 UTC,uniswap_v3_0.01_ethusdc,100k+,124,35822815.44852378,17506.120518416898,35452962.275486
2026-03-30 00:00:00.000 UTC,uniswap_v3_0.01_ethusdc,10k-100k,875,21063406.79784495,10170.730482720743,21054752.531335995
2026-03-30 00:00:00.000 UTC,uniswap_v3_0.01_ethusdc,1k-10k,16316,31772559.154713776,15321.102449742331,31786637.51637101
2026-03-30 00:00:00.000 UTC,uniswap_v3_0.01_ethusdt,0.5k-1k,11907,8880161.26860865,4295.601259774161,8881930.646124
2026-03-30 00:00:00.000 UTC,uniswap_v3_0.01_ethusdt,100k+,173,57281334.213386685,27568.872752549938,57238950.465474
2026-03-30 00:00:00.000 UTC,uniswap_v3_0.01_ethusdt,10k-100k,1269,33060315.28314145,15918.876657771085,33082705.724055003
2026-03-30 00:00:00.000 UTC,uniswap_v3_0.01_ethusdt,1k-10k,33672,91452405.48620018,44199.07654394384,91503931.55339101
2026-03-30 00:00:00.000 UTC,uniswap_v3_0.05_ethusdc,0.5k-1k,1328,959565.9291918095,461.61002108719276,959531.4662369998
2026-03-30 00:00:00.000 UTC,uniswap_v3_0.05_ethusdc,100k+,3468,812697248.3217456,390594.06856187456,813691883.3298721
2026-03-30 00:00:00.000 UTC,uniswap_v3_0.05_ethusdc,10k-100k,10039,419123141.418554,202431.47326666542,419276614.07809407
2026-03-30 00:00:00.000 UTC,uniswap_v3_0.05_ethusdc,1k-10k,5894,25227950.217240255,12161.71797975343,25232680.882905003
2026-03-30 00:00:00.000 UTC,uniswap_v3_0.05_ethusdt,0.5k-1k,1015,766543.1205103777,370.6444306773542,766888.2050129998
2026-03-30 00:00:00.000 UTC,uniswap_v3_0.05_ethusdt,100k+,21,4010900.9976790794,1905.585124694645,4011341.1493539996
2026-03-30 00:00:00.000 UTC,uniswap_v3_0.05_ethusdt,10k-100k,2455,50434679.30721385,24264.76072668524,50501365.602835014
2026-03-30 00:00:00.000 UTC,uniswap_v3_0.05_ethusdt,1k-10k,12058,46946239.74939015,22671.0893770447,46977612.87154397
2026-03-30 00:00:00.000 UTC,uniswap_v3_0.3_ethusdc,0.5k-1k,34,23313.69231623746,11.292076986058154,23327.362961
2026-03-30 00:00:00.000 UTC,uniswap_v3_0.3_ethusdc,100k+,10,1486949.5604890515,709.2268451710884,1495005.6215960002
2026-03-30 00:00:00.000 UTC,uniswap_v3_0.3_ethusdc,10k-100k,626,15931181.337635428,7668.574395930946,15972393.349298
2026-03-30 00:00:00.000 UTC,uniswap_v3_0.3_ethusdc,1k-10k,1063,4658459.814633307,2251.6973458901257,4663822.941224
2026-03-30 00:00:00.000 UTC,uniswap_v3_0.3_ethusdt,0.5k-1k,77,56510.64666183351,27.368525943878872,56625.10145300001
2026-03-30 00:00:00.000 UTC,uniswap_v3_0.3_ethusdt,100k+,365,82862392.62672049,39813.32615964127,83139775.089956
2026-03-30 00:00:00.000 UTC,uniswap_v3_0.3_ethusdt,10k-100k,1213,47296340.2083106,22856.199640768424,47380441.314229
2026-03-30 00:00:00.000 UTC,uniswap_v3_0.3_ethusdt,1k-10k,419,2393680.6174877593,1156.7124198213296,2397136.081458
2026-03-30 00:00:00.000 UTC,uniswap_v3_1.0_ethusdc,0.5k-1k,58,39967.76078606284,19.433932278359503,40083.97918200001
2026-03-30 00:00:00.000 UTC,uniswap_v3_1.0_ethusdc,1k-10k,23,32078.159756596913,15.528859892100888,32274.937711
2026-04-06 00:00:00.000 UTC,curve_usdcwbtcweth,0.5k-1k,2637,1867350.4999176334,628.4804637041448,1680874.2259550013
2026-04-06 00:00:00.000 UTC,curve_usdcwbtcweth,10k-100k,50,745827.0350193536,226.33517950125622,746106.4566759998
2026-04-06 00:00:00.000 UTC,curve_usdcwbtcweth,1k-10k,2379,4887707.356588859,1560.5028305468536,4536387.977412999
2026-04-06 00:00:00.000 UTC,curve_usdt,0.5k-1k,374,286101.0075959619,93.81344227040043,258107.0827190001
2026-04-06 00:00:00.000 UTC,curve_usdt,10k-100k,130,2232600.320935408,803.706051499027,2215925.370496999
2026-04-06 00:00:00.000 UTC,curve_usdt,1k-10k,1146,3510891.971767735,1231.591723177904,3235354.909673997
2026-04-06 00:00:00.000 UTC,curve_usdtwbtcweth,0.5k-1k,1931,1438711.8405436892,498.8788940239069,1287190.3240430015
2026-04-06 00:00:00.000 UTC,curve_usdtwbtcweth,10k-100k,46,647749.7203946846,219.29621853579042,636157.0423950001
2026-04-06 00:00:00.000 UTC,curve_usdtwbtcweth,1k-10k,2797,5896330.517246555,1918.5015128285872,5414681.544113016
2026-04-06 00:00:00.000 UTC,sushiv2_ethusdt,0.5k-1k,29,19574.89688818912,8.908593600065156,19677.676165999997
2026-04-06 00:00:00.000 UTC,sushiv2_ethusdt,1k-10k,1,1021.3356505967228,0.4820941075442157,1029.884657
2026-04-06 00:00:00.000 UTC,sushiv2_usdceth,0.5k-1k,3,2150.3906984193827,0.9779603814306371,2154.135225
2026-04-06 00:00:00.000 UTC,sushiv2_usdceth,1k-10k,4,5268.377410280777,2.4188944243972132,5307.385312
2026-04-06 00:00:00.000 UTC,uniswap_v3_0.01_ethusdc,0.5k-1k,16626,12233425.620835954,5586.473816069725,12233878.428351998
2026-04-06 00:00:00.000 UTC,uniswap_v3_0.01_ethusdc,100k+,130,41016943.43298721,19018.952316614468,40218524.066803
2026-04-06 00:00:00.000 UTC,uniswap_v3_0.01_ethusdc,10k-100k,980,29469391.945062254,13487.930443022293,29443244.495851003
2026-04-06 00:00:00.000 UTC,uniswap_v3_0.01_ethusdc,1k-10k,25968,54881919.63015978,25023.870120402382,54897212.79519504
2026-04-06 00:00:00.000 UTC,uniswap_v3_0.01_ethusdt,0.5k-1k,13754,10267603.22440872,4693.342948550698,10265244.562234003
2026-04-06 00:00:00.000 UTC,uniswap_v3_0.01_ethusdt,100k+,140,45699176.310899645,20843.090166090085,45710503.63088299
2026-04-06 00:00:00.000 UTC,uniswap_v3_0.01_ethusdt,10k-100k,1403,39651036.15269955,18141.34254310128,39633088.07480001
2026-04-06 00:00:00.000 UTC,uniswap_v3_0.01_ethusdt,1k-10k,37096,96396346.31803803,43999.34433249336,96401689.62528688
2026-04-06 00:00:00.000 UTC,uniswap_v3_0.05_ethusdc,0.5k-1k,1395,1028158.2387899046,469.9936176390309,1028084.758175
2026-04-06 00:00:00.000 UTC,uniswap_v3_0.05_ethusdc,100k+,2106,446218961.01186395,206989.87270870118,446618516.7802481
2026-04-06 00:00:00.000 UTC,uniswap_v3_0.05_ethusdc,10k-100k,10449,376317157.7432021,172466.16297864952,376452912.3226577
2026-04-06 00:00:00.000 UTC,uniswap_v3_0.05_ethusdc,1k-10k,7550,33481642.446761575,15210.861282065349,33488501.660836004
2026-04-06 00:00:00.000 UTC,uniswap_v3_0.05_ethusdt,0.5k-1k,1477,1126434.701054818,514.1165029074951,1126464.136471
2026-04-06 00:00:00.000 UTC,uniswap_v3_0.05_ethusdt,100k+,21,3907147.7637945474,1773.6415808682927,3927311.3640269996
2026-04-06 00:00:00.000 UTC,uniswap_v3_0.05_ethusdt,10k-100k,2365,46638534.55247867,21371.958976965063,46675982.117910005
2026-04-06 00:00:00.000 UTC,uniswap_v3_0.05_ethusdt,1k-10k,13788,52194830.845403254,23817.617612818416,52205271.00421098
2026-04-06 00:00:00.000 UTC,uniswap_v3_0.3_ethusdc,0.5k-1k,51,35573.54124621221,16.23408995872491,35590.135697
2026-04-06 00:00:00.000 UTC,uniswap_v3_0.3_ethusdc,100k+,19,2923689.4151328234,1322.8343761508531,2941484.6824479997
2026-04-06 00:00:00.000 UTC,uniswap_v3_0.3_ethusdc,10k-100k,800,20887477.41508736,9539.21693752891,20930343.724544
2026-04-06 00:00:00.000 UTC,uniswap_v3_0.3_ethusdc,1k-10k,964,4695464.748624374,2152.469359672731,4699694.70502
2026-04-06 00:00:00.000 UTC,uniswap_v3_0.3_ethusdt,0.5k-1k,74,52522.94341876391,23.885544993058204,52611.57284200001
2026-04-06 00:00:00.000 UTC,uniswap_v3_0.3_ethusdt,100k+,407,93839523.18432273,42823.399029035085,94055916.19430901
2026-04-06 00:00:00.000 UTC,uniswap_v3_0.3_ethusdt,10k-100k,1277,51764734.88004399,23706.84492763454,51818252.44981001
2026-04-06 00:00:00.000 UTC,uniswap_v3_0.3_ethusdt,1k-10k,429,2229497.4138327315,1021.1970695476743,2231272.518818
2026-04-06 00:00:00.000 UTC,uniswap_v3_1.0_ethusdc,0.5k-1k,81,54384.49367324028,24.909273145281848,54525.752349
2026-04-06 00:00:00.000 UTC,uniswap_v3_1.0_ethusdc,1k-10k,18,29411.434166984243,13.385172819000212,29619.748603
2026-04-13 00:00:00.000 UTC,curve_usdcwbtcweth,0.5k-1k,2375,1768794.6302449876,539.3777365275063,1573345.565306996
2026-04-13 00:00:00.000 UTC,curve_usdcwbtcweth,10k-100k,106,1590709.0866540284,387.5999545451545,1557281.7095859996
2026-04-13 00:00:00.000 UTC,curve_usdcwbtcweth,1k-10k,4375,10168063.723616112,3075.0797769778105,9192894.377339002
2026-04-13 00:00:00.000 UTC,curve_usdt,0.5k-1k,224,176389.46874548917,51.17288846692721,166687.731344
2026-04-13 00:00:00.000 UTC,curve_usdt,10k-100k,96,1621286.3477567674,524.6488707077498,1606504.9149580002
2026-04-13 00:00:00.000 UTC,curve_usdt,1k-10k,1016,3050899.51812105,922.9099102978221,2785687.507454
2026-04-13 00:00:00.000 UTC,curve_usdtwbtcweth,0.5k-1k,1446,1108990.0316717173,367.69311934786526,1008064.9233009985
2026-04-13 00:00:00.000 UTC,curve_usdtwbtcweth,10k-100k,140,2075155.728511881,669.0151154006526,2014783.222759
2026-04-13 00:00:00.000 UTC,curve_usdtwbtcweth,1k-10k,5016,12506919.33526054,3907.597246500104,11174583.606819034
2026-04-13 00:00:00.000 UTC,sushiv2_ethusdt,0.5k-1k,29,18576.827635787668,7.938520647123538,18625.664987000004
2026-04-13 00:00:00.000 UTC,sushiv2_ethusdt,1k-10k,6,25943.860581313245,11.39871632073307,26371.34311
2026-04-13 00:00:00.000 UTC,sushiv2_usdceth,0.5k-1k,10,5790.919182777669,2.4741723353735803,5803.217602
2026-04-13 00:00:00.000 UTC,sushiv2_usdceth,1k-10k,25,34217.60105621253,14.671621255171146,34323.57592999999
2026-04-13 00:00:00.000 UTC,uniswap_v3_0.01_ethusdc,0.5k-1k,16459,12022215.465950757,5149.632444963836,12022838.279988
2026-04-13 00:00:00.000 UTC,uniswap_v3_0.01_ethusdc,100k+,435,124662204.83973637,53311.5231854547,124773849.48612398
2026-04-13 00:00:00.000 UTC,uniswap_v3_0.01_ethusdc,10k-100k,1865,57749243.30498849,24641.965816520253,57711388.614735
2026-04-13 00:00:00.000 UTC,uniswap_v3_0.01_ethusdc,1k-10k,40025,105857268.91512331,45292.0377032744,105881732.03243797
2026-04-13 00:00:00.000 UTC,uniswap_v3_0.01_ethusdt,0.5k-1k,12662,9320346.738130778,3995.08402324914,9315873.502386
2026-04-13 00:00:00.000 UTC,uniswap_v3_0.01_ethusdt,100k+,305,76718496.52719687,32922.89650065216,76328974.94026999
2026-04-13 00:00:00.000 UTC,uniswap_v3_0.01_ethusdt,10k-100k,1649,47068266.22679318,20112.33901899932,47015437.197577
2026-04-13 00:00:00.000 UTC,uniswap_v3_0.01_ethusdt,1k-10k,38809,105663069.37414415,45240.99260773354,105633853.29019499
2026-04-13 00:00:00.000 UTC,uniswap_v3_0.05_ethusdc,0.5k-1k,2187,1607140.2432290753,686.4260954119254,1607172.1586489996
2026-04-13 00:00:00.000 UTC,uniswap_v3_0.05_ethusdc,100k+,624,120882709.24577487,52327.98066314726,120783618.13457601
2026-04-13 00:00:00.000 UTC,uniswap_v3_0.05_ethusdc,10k-100k,10896,321764942.8657811,138230.1092770481,321889304.7564531
2026-04-13 00:00:00.000 UTC,uniswap_v3_0.05_ethusdc,1k-10k,11077,47411039.499208145,20279.766226167445,47420618.57552798
2026-04-13 00:00:00.000 UTC,uniswap_v3_0.05_ethusdt,0.5k-1k,1572,1163637.5027177345,498.16948760683704,1163336.8548719997
2026-04-13 00:00:00.000 UTC,uniswap_v3_0.05_ethusdt,100k+,52,20578492.415389698,8566.711071591833,20586145.139147002
2026-04-13 00:00:00.000 UTC,uniswap_v3_0.05_ethusdt,10k-100k,1661,32337115.577513486,13915.562841804516,32340873.843572006
2026-04-13 00:00:00.000 UTC,uniswap_v3_0.05_ethusdt,1k-10k,14116,54328455.36046315,23372.638278022252,54323915.779602
2026-04-13 00:00:00.000 UTC,uniswap_v3_0.3_ethusdc,0.5k-1k,68,48930.89426128991,20.987065094251676,48988.774822
2026-04-13 00:00:00.000 UTC,uniswap_v3_0.3_ethusdc,100k+,22,3064868.2298660013,1325.0919098746483,3078783.4245349998
2026-04-13 00:00:00.000 UTC,uniswap_v3_0.3_ethusdc,10k-100k,854,20835234.471632052,8936.45872365296,20876202.167894002
2026-04-13 00:00:00.000 UTC,uniswap_v3_0.3_ethusdc,1k-10k,1108,5344295.202621066,2296.8649782213624,5349858.352432
2026-04-13 00:00:00.000 UTC,uniswap_v3_0.3_ethusdt,0.5k-1k,221,165130.76077532198,70.487644490449,165347.68394299998
2026-04-13 00:00:00.000 UTC,uniswap_v3_0.3_ethusdt,100k+,384,89537009.50279045,38557.35529199097,89699511.33786002
2026-04-13 00:00:00.000 UTC,uniswap_v3_0.3_ethusdt,10k-100k,1484,59887924.486874476,25712.20248659734,59947541.433800995
2026-04-13 00:00:00.000 UTC,uniswap_v3_0.3_ethusdt,1k-10k,725,3874478.962807036,1661.75592688,3876595.857733
2026-04-13 00:00:00.000 UTC,uniswap_v3_1.0_ethusdc,0.5k-1k,67,45647.73514967132,19.490162568854288,45794.774376
2026-04-13 00:00:00.000 UTC,uniswap_v3_1.0_ethusdc,1k-10k,19,26244.111194788573,11.272679612027186,26386.312595
2026-04-20 00:00:00.000 UTC,curve_usdcwbtcweth,0.5k-1k,907,691183.2819111488,226.46184152186427,627175.6087289996
2026-04-20 00:00:00.000 UTC,curve_usdcwbtcweth,10k-100k,162,2489987.2464701463,691.768605493724,2459157.198119
2026-04-20 00:00:00.000 UTC,curve_usdcwbtcweth,1k-10k,3883,11182194.058935354,3409.556190610672,10062286.840906044
2026-04-20 00:00:00.000 UTC,curve_usdt,0.5k-1k,107,79294.26048385332,26.975478734691535,67004.91960200002
2026-04-20 00:00:00.000 UTC,curve_usdt,10k-100k,298,4986192.9114202615,1470.1190499112836,4734994.229692002
2026-04-20 00:00:00.000 UTC,curve_usdt,1k-10k,1715,6627900.544460873,1986.389554333625,5885546.216340001
2026-04-20 00:00:00.000 UTC,curve_usdtwbtcweth,0.5k-1k,472,349060.7526194463,120.25690013777078,294044.644078
2026-04-20 00:00:00.000 UTC,curve_usdtwbtcweth,10k-100k,146,2182403.607190424,679.0060098736662,1911822.5094920006
2026-04-20 00:00:00.000 UTC,curve_usdtwbtcweth,1k-10k,3078,9400590.045418859,2842.246250761232,8550907.811806995
2026-04-20 00:00:00.000 UTC,sushiv2_ethusdt,0.5k-1k,26,17955.977668181386,7.646015636375245,18016.43842
2026-04-20 00:00:00.000 UTC,sushiv2_ethusdt,1k-10k,3,5565.603852489249,2.3572600030383977,5556.067933
2026-04-20 00:00:00.000 UTC,sushiv2_usdceth,0.5k-1k,1,748.5339551730301,0.31173521174429697,748.709902
2026-04-20 00:00:00.000 UTC,uniswap_v3_0.01_ethusdc,0.5k-1k,15585,11178707.779287921,4798.970720889264,11179335.861773996
2026-04-20 00:00:00.000 UTC,uniswap_v3_0.01_ethusdc,100k+,641,226221481.91468954,95747.21503511822,229382462.028392
2026-04-20 00:00:00.000 UTC,uniswap_v3_0.01_ethusdc,10k-100k,3607,86919768.493219,37277.377392592156,86924762.622196
2026-04-20 00:00:00.000 UTC,uniswap_v3_0.01_ethusdc,1k-10k,41229,137049952.44126272,58841.80693932246,137084628.0357298
2026-04-20 00:00:00.000 UTC,uniswap_v3_0.01_ethusdt,0.5k-1k,7861,5719134.741782235,2457.88527207732,5716152.978427004
2026-04-20 00:00:00.000 UTC,uniswap_v3_0.01_ethusdt,100k+,224,63865974.33427862,27402.80449680463,63854495.60223799
2026-04-20 00:00:00.000 UTC,uniswap_v3_0.01_ethusdt,10k-100k,1171,33797846.177503556,14531.106371437987,33766640.82698
2026-04-20 00:00:00.000 UTC,uniswap_v3_0.01_ethusdt,1k-10k,24930,70397810.31139654,30249.521110244285,70379179.47674106
2026-04-20 00:00:00.000 UTC,uniswap_v3_0.05_ethusdc,0.5k-1k,3237,2315244.392542972,992.7862387927613,2315577.9269200005
2026-04-20 00:00:00.000 UTC,uniswap_v3_0.05_ethusdc,100k+,385,75083315.43619117,32240.69270171078,75117534.198281
2026-04-20 00:00:00.000 UTC,uniswap_v3_0.05_ethusdc,10k-100k,8425,243365848.93569377,104364.65232355836,243463320.64801604
2026-04-20 00:00:00.000 UTC,uniswap_v3_0.05_ethusdc,1k-10k,9734,37996574.204738244,16325.820524189901,38005891.396788016
2026-04-20 00:00:00.000 UTC,uniswap_v3_0.05_ethusdt,0.5k-1k,864,626079.3340528401,268.58328261648023,625953.276786
2026-04-20 00:00:00.000 UTC,uniswap_v3_0.05_ethusdt,100k+,5,638583.0790955639,276.22852717385723,638602.611871
2026-04-20 00:00:00.000 UTC,uniswap_v3_0.05_ethusdt,10k-100k,1965,36983077.98485176,15906.119905977255,36986884.26816401
2026-04-20 00:00:00.000 UTC,uniswap_v3_0.05_ethusdt,1k-10k,7982,34969060.61845673,15019.419923585414,34966402.608530015
2026-04-20 00:00:00.000 UTC,uniswap_v3_0.3_ethusdc,0.5k-1k,98,70868.46123891269,30.428903633593876,70942.743829
2026-04-20 00:00:00.000 UTC,uniswap_v3_0.3_ethusdc,100k+,12,1505910.060979926,647.6054034642212,1513259.166393
2026-04-20 00:00:00.000 UTC,uniswap_v3_0.3_ethusdc,10k-100k,669,16102094.119059186,6918.4219194948955,16128022.525875002
2026-04-20 00:00:00.000 UTC,uniswap_v3_0.3_ethusdc,1k-10k,767,3242858.866423573,1395.795023929769,3245880.753371
2026-04-20 00:00:00.000 UTC,uniswap_v3_0.3_ethusdt,0.5k-1k,348,260355.88576926163,112.0387133129626,260640.680588
2026-04-20 00:00:00.000 UTC,uniswap_v3_0.3_ethusdt,100k+,284,58567103.64689194,25267.836534313778,58639528.310236
2026-04-20 00:00:00.000 UTC,uniswap_v3_0.3_ethusdt,10k-100k,1057,43867863.84482686,18847.15016876083,43896477.45112099
2026-04-20 00:00:00.000 UTC,uniswap_v3_0.3_ethusdt,1k-10k,599,2455194.73019004,1059.9030285573924,2456289.1868260005
2026-04-20 00:00:00.000 UTC,uniswap_v3_1.0_ethusdc,0.5k-1k,29,21189.051933890452,9.057213546495081,21255.446677000004
2026-04-20 00:00:00.000 UTC,uniswap_v3_1.0_ethusdc,1k-10k,10,13860.847628660773,5.929176011049463,13926.960588999998
2026-04-27 00:00:00.000 UTC,curve_usdcwbtcweth,0.5k-1k,690,541779.2852250127,182.35180825798247,504955.47566300025
2026-04-27 00:00:00.000 UTC,curve_usdcwbtcweth,10k-100k,72,1052961.4417951067,304.0573496379482,1041753.575233
2026-04-27 00:00:00.000 UTC,curve_usdcwbtcweth,1k-10k,2383,5826445.0316908695,1796.950051721438,5161521.770851994
2026-04-27 00:00:00.000 UTC,curve_usdt,0.5k-1k,23,18365.036297528386,3.770184018704189,17894.155883
2026-04-27 00:00:00.000 UTC,curve_usdt,10k-100k,16,250199.17333821225,93.40158027324296,250518.06790400003
2026-04-27 00:00:00.000 UTC,curve_usdt,1k-10k,326,1037100.2869806495,315.28672665014255,980415.5615980001
2026-04-27 00:00:00.000 UTC,curve_usdtwbtcweth,0.5k-1k,369,291886.2725481527,95.0692370526321,271169.22316099994
2026-04-27 00:00:00.000 UTC,curve_usdtwbtcweth,10k-100k,44,637674.2447620805,214.32284378276142,637923.0629590001
2026-04-27 00:00:00.000 UTC,curve_usdtwbtcweth,1k-10k,1572,3901559.9989182837,1302.2700599142916,3563600.0362360035
2026-04-27 00:00:00.000 UTC,sushiv2_ethusdt,0.5k-1k,14,9250.808208097884,4.066514211539364,9266.982379000001
2026-04-27 00:00:00.000 UTC,sushiv2_ethusdt,1k-10k,1,1129.04167010954,0.5013484214072954,1129.17943
2026-04-27 00:00:00.000 UTC,sushiv2_usdceth,0.5k-1k,1,641.479299475782,0.2845653386338108,641.424137
2026-04-27 00:00:00.000 UTC,uniswap_v3_0.01_ethusdc,0.5k-1k,11189,8014031.325346779,3488.9102704409443,8012176.915546995
2026-04-27 00:00:00.000 UTC,uniswap_v3_0.01_ethusdc,100k+,416,142300595.55569607,61770.27170493997,142787405.06405997
2026-04-27 00:00:00.000 UTC,uniswap_v3_0.01_ethusdc,10k-100k,6648,122057192.8275788,53245.12604761104,122056670.47615401
2026-04-27 00:00:00.000 UTC,uniswap_v3_0.01_ethusdc,1k-10k,32776,124390772.13167948,54184.701211578686,124384930.865988
2026-04-27 00:00:00.000 UTC,uniswap_v3_0.01_ethusdt,0.5k-1k,6441,4692176.553323559,2041.4500604610548,4691410.409229999
2026-04-27 00:00:00.000 UTC,uniswap_v3_0.01_ethusdt,100k+,145,31024956.40755509,13545.071149821335,31005910.909823008
2026-04-27 00:00:00.000 UTC,uniswap_v3_0.01_ethusdt,10k-100k,626,18257968.802000374,7945.1996620315385,18249652.139146
2026-04-27 00:00:00.000 UTC,uniswap_v3_0.01_ethusdt,1k-10k,18186,45814370.82002709,19949.76277587768,45816783.665259
2026-04-27 00:00:00.000 UTC,uniswap_v3_0.05_ethusdc,0.5k-1k,1793,1296633.8057815202,564.724806572262,1296614.7528929997
2026-04-27 00:00:00.000 UTC,uniswap_v3_0.05_ethusdc,100k+,271,46390743.0608828,20257.6825299619,46420189.132355005
2026-04-27 00:00:00.000 UTC,uniswap_v3_0.05_ethusdc,10k-100k,6047,169630656.04957637,73975.9161696759,169667412.39415294
2026-04-27 00:00:00.000 UTC,uniswap_v3_0.05_ethusdc,1k-10k,5897,24990560.550890196,10880.509563501717,24993123.922709
2026-04-27 00:00:00.000 UTC,uniswap_v3_0.05_ethusdt,0.5k-1k,841,609089.5302119278,264.78934394616715,609127.6108890001
2026-04-27 00:00:00.000 UTC,uniswap_v3_0.05_ethusdt,100k+,14,2096979.801507424,921.9580953764731,2094781.6139439999
2026-04-27 00:00:00.000 UTC,uniswap_v3_0.05_ethusdt,10k-100k,2423,45928519.01395614,20090.75326996916,45939457.11363999
2026-04-27 00:00:00.000 UTC,uniswap_v3_0.05_ethusdt,1k-10k,6619,30837692.016867056,13429.894131391029,30842896.659716003
2026-04-27 00:00:00.000 UTC,uniswap_v3_0.3_ethusdc,0.5k-1k,108,80167.73224131827,34.86779497662707,80279.16715699999
2026-04-27 00:00:00.000 UTC,uniswap_v3_0.3_ethusdc,100k+,12,1506211.5313084747,655.4083466597675,1507858.321035
2026-04-27 00:00:00.000 UTC,uniswap_v3_0.3_ethusdc,10k-100k,589,15297054.09475448,6667.858165944159,15317718.661275003
2026-04-27 00:00:00.000 UTC,uniswap_v3_0.3_ethusdc,1k-10k,560,2802660.676609374,1220.8863320774396,2805046.1438829997
2026-04-27 00:00:00.000 UTC,uniswap_v3_0.3_ethusdt,0.5k-1k,418,335199.90226759756,146.75415776222766,335764.415447
2026-04-27 00:00:00.000 UTC,uniswap_v3_0.3_ethusdt,100k+,250,56854225.2075031,24828.529456503762,56943361.263406
2026-04-27 00:00:00.000 UTC,uniswap_v3_0.3_ethusdt,10k-100k,908,38498609.04273483,16775.375930114613,38532450.231713004
2026-04-27 00:00:00.000 UTC,uniswap_v3_0.3_ethusdt,1k-10k,621,2040185.3973862696,889.8928867921305,2042826.0493619996
2026-04-27 00:00:00.000 UTC,uniswap_v3_1.0_ethusdc,0.5k-1k,45,32359.238332710604,14.092069751630957,32397.338277000003
2026-04-27 00:00:00.000 UTC,uniswap_v3_1.0_ethusdc,1k-10k,9,13076.92356886157,5.681161333350079,13116.363983
2026-05-04 00:00:00.000 UTC,curve_usdcwbtcweth,0.5k-1k,1417,1085682.6992046228,330.7445269355957,949494.7660119996
2026-05-04 00:00:00.000 UTC,curve_usdcwbtcweth,10k-100k,41,564400.2664438467,188.99817378083708,564938.9200700001
2026-05-04 00:00:00.000 UTC,curve_usdcwbtcweth,1k-10k,2708,6031417.032052703,1776.4976324806335,5386201.334475002
2026-05-04 00:00:00.000 UTC,curve_usdt,0.5k-1k,156,122888.71259543311,38.80597152997088,111167.42898900005
2026-05-04 00:00:00.000 UTC,curve_usdt,10k-100k,122,2200396.0598613666,723.0025801601641,2143647.763091
2026-05-04 00:00:00.000 UTC,curve_usdt,1k-10k,1080,3501119.426386944,993.8717943300115,3238167.6768410015
2026-05-04 00:00:00.000 UTC,curve_usdtwbtcweth,0.5k-1k,788,617394.6389269364,201.38039736155181,559996.0658669994
2026-05-04 00:00:00.000 UTC,curve_usdtwbtcweth,10k-100k,105,1438581.023357196,497.767192982903,1305558.9714190005
2026-05-04 00:00:00.000 UTC,curve_usdtwbtcweth,1k-10k,3189,7954792.989032203,2454.744587813521,7014556.56221199
2026-05-04 00:00:00.000 UTC,sushiv2_ethusdt,0.5k-1k,14,8529.803982210122,3.6626682221667153,8551.729577
2026-05-04 00:00:00.000 UTC,sushiv2_ethusdt,1k-10k,1,1001.73818842405,0.42510814196621227,1001.287609
2026-05-04 00:00:00.000 UTC,sushiv2_usdceth,0.5k-1k,3,2401.9431135812147,1.0417952284281924,2412.27189
2026-05-04 00:00:00.000 UTC,uniswap_v3_0.01_ethusdc,0.5k-1k,12954,9311573.98423642,3985.246845230044,9309171.170015002
2026-05-04 00:00:00.000 UTC,uniswap_v3_0.01_ethusdc,100k+,355,128785505.53209026,54518.46508826304,129738961.31455198
2026-05-04 00:00:00.000 UTC,uniswap_v3_0.01_ethusdc,10k-100k,8670,163881666.85696852,70111.11976779817,163885921.905006
2026-05-04 00:00:00.000 UTC,uniswap_v3_0.01_ethusdc,1k-10k,39088,149122884.5758065,63698.996488328696,149114846.10584202
2026-05-04 00:00:00.000 UTC,uniswap_v3_0.01_ethusdt,0.5k-1k,9819,7111989.598402503,3040.917348767486,7110601.173530005
2026-05-04 00:00:00.000 UTC,uniswap_v3_0.01_ethusdt,100k+,223,62266095.65106281,26569.07703288337,62398604.57660899
2026-05-04 00:00:00.000 UTC,uniswap_v3_0.01_ethusdt,10k-100k,1793,43039959.7508014,18402.89979358277,43027258.74822099
2026-05-04 00:00:00.000 UTC,uniswap_v3_0.01_ethusdt,1k-10k,31087,93344806.93415894,39907.336437222024,93345093.81820293
2026-05-04 00:00:00.000 UTC,uniswap_v3_0.05_ethusdc,0.5k-1k,2908,2091969.9844411456,897.5141764087591,2092014.0949950002
2026-05-04 00:00:00.000 UTC,uniswap_v3_0.05_ethusdc,100k+,382,62902195.26843488,26844.47803912341,62924056.777161
2026-05-04 00:00:00.000 UTC,uniswap_v3_0.05_ethusdc,10k-100k,7022,203397374.2665178,86782.23812755091,203449046.45781904
2026-05-04 00:00:00.000 UTC,uniswap_v3_0.05_ethusdc,1k-10k,8162,32142386.864812262,13745.145475506042,32147421.956353005
2026-05-04 00:00:00.000 UTC,uniswap_v3_0.05_ethusdt,0.5k-1k,1644,1248495.352110427,533.7639997972149,1248656.909992
2026-05-04 00:00:00.000 UTC,uniswap_v3_0.05_ethusdt,100k+,17,2562132.45016532,1094.3559340648549,2561115.0110020004
2026-05-04 00:00:00.000 UTC,uniswap_v3_0.05_ethusdt,10k-100k,2376,45708594.20712373,19530.21372734784,45721579.431069
2026-05-04 00:00:00.000 UTC,uniswap_v3_0.05_ethusdt,1k-10k,8884,38220786.38333715,16331.728328549063,38228937.13994798
2026-05-04 00:00:00.000 UTC,uniswap_v3_0.3_ethusdc,0.5k-1k,106,83082.06257159606,35.84883060623222,83160.039164
2026-05-04 00:00:00.000 UTC,uniswap_v3_0.3_ethusdc,100k+,11,1526531.7723268033,650.86746729428,1528805.594555
2026-05-04 00:00:00.000 UTC,uniswap_v3_0.3_ethusdc,10k-100k,607,15640069.335312782,6677.059217062631,15660140.230747996
2026-05-04 00:00:00.000 UTC,uniswap_v3_0.3_ethusdc,1k-10k,724,3484623.0222709663,1488.0088186473045,3487666.454321
2026-05-04 00:00:00.000 UTC,uniswap_v3_0.3_ethusdt,0.5k-1k,622,448380.61195834103,192.44306468503518,449021.643548
2026-05-04 00:00:00.000 UTC,uniswap_v3_0.3_ethusdt,100k+,333,73625975.32980566,31460.102845727102,73715666.76621401
2026-05-04 00:00:00.000 UTC,uniswap_v3_0.3_ethusdt,10k-100k,959,39314951.76192654,16798.543537782127,39349845.259096004
2026-05-04 00:00:00.000 UTC,uniswap_v3_0.3_ethusdt,1k-10k,1444,4520695.651366274,1941.74961898139,4525902.466465998
2026-05-04 00:00:00.000 UTC,uniswap_v3_1.0_ethusdc,0.5k-1k,35,23773.23933468374,10.15838156858375,23829.473512
2026-05-04 00:00:00.000 UTC,uniswap_v3_1.0_ethusdc,1k-10k,7,8464.395681782811,3.6210703672620412,8476.923175
2026-05-11 00:00:00.000 UTC,curve_usdcwbtcweth,0.5k-1k,1236,908754.2286823859,283.1267145902747,837898.3320129993
2026-05-11 00:00:00.000 UTC,curve_usdcwbtcweth,10k-100k,15,203062.39666133586,80.2846105445793,157584.991057
2026-05-11 00:00:00.000 UTC,curve_usdcwbtcweth,1k-10k,1457,2843445.2297719847,848.5526606363303,2552435.95176
2026-05-11 00:00:00.000 UTC,curve_usdt,0.5k-1k,106,83126.75153049838,24.031310934714103,82656.13995299999
2026-05-11 00:00:00.000 UTC,curve_usdt,10k-100k,50,904278.5320387544,283.56100858454914,888678.0003529999
2026-05-11 00:00:00.000 UTC,curve_usdt,1k-10k,575,1743562.4015186618,516.1007504507305,1629534.9280120009
2026-05-11 00:00:00.000 UTC,curve_usdtwbtcweth,0.5k-1k,811,637569.9958129119,229.08084861278064,565702.8970039996
2026-05-11 00:00:00.000 UTC,curve_usdtwbtcweth,10k-100k,24,390915.90634263324,112.88197865381242,319182.539871
2026-05-11 00:00:00.000 UTC,curve_usdtwbtcweth,1k-10k,1979,4235087.791448432,1288.4599159008703,3789842.520921002
2026-05-11 00:00:00.000 UTC,sushiv2_ethusdt,0.5k-1k,7,4417.360213221964,1.9632933793919285,4409.352681
2026-05-11 00:00:00.000 UTC,sushiv2_ethusdt,1k-10k,5,8246.204964098433,3.831640518672079,8215.79795
2026-05-11 00:00:00.000 UTC,sushiv2_usdceth,0.5k-1k,4,2248.6722986697237,1.0159952093671405,2235.849429
2026-05-11 00:00:00.000 UTC,sushiv2_usdceth,1k-10k,1,1302.394381433082,0.6152064094905284,1302.486858
2026-05-11 00:00:00.000 UTC,uniswap_v3_0.01_ethusdc,0.5k-1k,9206,6727974.764270011,2969.727340115283,6728055.008583003
2026-05-11 00:00:00.000 UTC,uniswap_v3_0.01_ethusdc,100k+,266,100501303.85913363,44220.416635681104,100770637.419554
2026-05-11 00:00:00.000 UTC,uniswap_v3_0.01_ethusdc,10k-100k,5635,103256379.7735939,45391.2773866769,103278791.12103295
2026-05-11 00:00:00.000 UTC,uniswap_v3_0.01_ethusdc,1k-10k,31877,119110670.53325044,52617.94574787295,119137498.38511105
2026-05-11 00:00:00.000 UTC,uniswap_v3_0.01_ethusdt,0.5k-1k,7312,5405206.949839613,2393.688874837602,5406414.355335999
2026-05-11 00:00:00.000 UTC,uniswap_v3_0.01_ethusdt,100k+,167,52296177.650842205,22981.608996866995,52474096.175105
2026-05-11 00:00:00.000 UTC,uniswap_v3_0.01_ethusdt,10k-100k,2887,55701553.33796144,24269.10157897429,55717498.28564901
2026-05-11 00:00:00.000 UTC,uniswap_v3_0.01_ethusdt,1k-10k,24500,80388312.41866277,35337.94103884815,80419863.04201499
2026-05-11 00:00:00.000 UTC,uniswap_v3_0.05_ethusdc,0.5k-1k,1617,1170128.1163770691,515.8008305796626,1170387.9023680002
2026-05-11 00:00:00.000 UTC,uniswap_v3_0.05_ethusdc,100k+,563,122211562.35199478,55429.323553174705,122190548.73013699
2026-05-11 00:00:00.000 UTC,uniswap_v3_0.05_ethusdc,10k-100k,6664,209492211.07999396,93043.24153519914,209565423.9432401
2026-05-11 00:00:00.000 UTC,uniswap_v3_0.05_ethusdc,1k-10k,6144,25419210.877009008,11216.14327750613,25427724.767658014
2026-05-11 00:00:00.000 UTC,uniswap_v3_0.05_ethusdt,0.5k-1k,715,525020.6568784574,232.24258006876883,525212.161428
2026-05-11 00:00:00.000 UTC,uniswap_v3_0.05_ethusdt,100k+,16,3080241.803984702,1386.3182511313971,3081181.830768
2026-05-11 00:00:00.000 UTC,uniswap_v3_0.05_ethusdt,10k-100k,2515,46907160.65497053,20724.925493091167,46928067.4778
2026-05-11 00:00:00.000 UTC,uniswap_v3_0.05_ethusdt,1k-10k,6806,31191802.217309628,13810.79466858982,31210345.488372985
2026-05-11 00:00:00.000 UTC,uniswap_v3_0.3_ethusdc,0.5k-1k,76,62556.59843490355,27.520677467415094,62693.57163600001
2026-05-11 00:00:00.000 UTC,uniswap_v3_0.3_ethusdc,100k+,13,2137541.0807864494,968.6975152636131,2138513.3586399998
2026-05-11 00:00:00.000 UTC,uniswap_v3_0.3_ethusdc,10k-100k,548,12858490.421284636,5670.146568453705,12872042.402840998
2026-05-11 00:00:00.000 UTC,uniswap_v3_0.3_ethusdc,1k-10k,602,3066957.2843064354,1351.126898584118,3070134.1026819996
2026-05-11 00:00:00.000 UTC,uniswap_v3_0.3_ethusdt,0.5k-1k,250,189969.95004807343,84.03648806422235,190299.42449900002
2026-05-11 00:00:00.000 UTC,uniswap_v3_0.3_ethusdt,100k+,351,76045558.28244287,33758.36277406553,76126983.916872
2026-05-11 00:00:00.000 UTC,uniswap_v3_0.3_ethusdt,10k-100k,895,38190314.91759632,16833.51514651826,38234102.60492899
2026-05-11 00:00:00.000 UTC,uniswap_v3_0.3_ethusdt,1k-10k,538,1926572.5075337116,856.0406400688598,1929011.5632030005
2026-05-11 00:00:00.000 UTC,uniswap_v3_1.0_ethusdc,0.5k-1k,24,16086.34443816319,7.098968092131435,16097.321532999998
2026-05-11 00:00:00.000 UTC,uniswap_v3_1.0_ethusdc,1k-10k,9,19000.314582960775,8.685451203010945,19002.188968
2026-05-18 00:00:00.000 UTC,curve_usdcwbtcweth,0.5k-1k,2663,1952165.8848179432,652.2287663142608,1665419.2121650004
2026-05-18 00:00:00.000 UTC,curve_usdcwbtcweth,10k-100k,48,674433.4473412042,234.98269028777688,560657.7923869999
2026-05-18 00:00:00.000 UTC,curve_usdcwbtcweth,1k-10k,3638,8206832.844234346,2609.585685540164,7044566.2844930105
2026-05-18 00:00:00.000 UTC,curve_usdt,0.5k-1k,185,143653.7368845828,51.00438631921556,128994.54031800001
2026-05-18 00:00:00.000 UTC,curve_usdt,10k-100k,50,825379.7155592818,281.29820168336755,772837.4344939999
2026-05-18 00:00:00.000 UTC,curve_usdt,1k-10k,611,1674173.8763606558,660.13351786039,1509905.3558010003
2026-05-18 00:00:00.000 UTC,curve_usdtwbtcweth,0.5k-1k,1524,1176686.5790326209,444.6335702319396,990974.915981
2026-05-18 00:00:00.000 UTC,curve_usdtwbtcweth,10k-100k,126,1917373.202060262,725.1066150060332,1790836.0031190005
2026-05-18 00:00:00.000 UTC,curve_usdtwbtcweth,1k-10k,4320,10899239.68625487,3803.6543070509556,9530862.123206005
2026-05-18 00:00:00.000 UTC,sushiv2_ethusdt,0.5k-1k,17,10884.882876720238,5.202961817099776,10930.192923999999
2026-05-18 00:00:00.000 UTC,sushiv2_ethusdt,1k-10k,4,9001.887859829592,4.247143659117295,9064.921476
2026-05-18 00:00:00.000 UTC,sushiv2_usdceth,0.5k-1k,2,1119.2821494535904,0.5382421035534644,1123.99361
2026-05-18 00:00:00.000 UTC,uniswap_v3_0.01_ethusdc,0.5k-1k,10685,7914936.363151635,3752.730623934781,7914451.840760997
2026-05-18 00:00:00.000 UTC,uniswap_v3_0.01_ethusdc,100k+,171,52641110.46016152,25121.777779510714,52484508.064913
2026-05-18 00:00:00.000 UTC,uniswap_v3_0.01_ethusdc,10k-100k,1749,35538402.03529936,16849.726501099893,35546248.55498698
2026-05-18 00:00:00.000 UTC,uniswap_v3_0.01_ethusdc,1k-10k,36267,110770372.04951742,52469.2898853939,110785260.14346507
2026-05-18 00:00:00.000 UTC,uniswap_v3_0.01_ethusdt,0.5k-1k,10083,7517471.420375564,3564.3384088228336,7522872.1807780005
2026-05-18 00:00:00.000 UTC,uniswap_v3_0.01_ethusdt,100k+,138,41109064.47213185,19369.942548446168,41216209.17514101
2026-05-18 00:00:00.000 UTC,uniswap_v3_0.01_ethusdt,10k-100k,2034,42131898.975998566,19975.304502423518,42159734.43297799
2026-05-18 00:00:00.000 UTC,uniswap_v3_0.01_ethusdt,1k-10k,32914,93831651.28716452,44457.32162939728,93909909.7842648
2026-05-18 00:00:00.000 UTC,uniswap_v3_0.05_ethusdc,0.5k-1k,1491,1094046.5916379245,518.6849285063616,1094118.495777
2026-05-18 00:00:00.000 UTC,uniswap_v3_0.05_ethusdc,100k+,2292,481840047.34017473,228888.11088986887,482140867.3992539
2026-05-18 00:00:00.000 UTC,uniswap_v3_0.05_ethusdc,10k-100k,8290,340694568.8273773,161418.67036695348,340812047.021693
2026-05-18 00:00:00.000 UTC,uniswap_v3_0.05_ethusdc,1k-10k,5994,23042862.120158233,10929.598829960785,23047364.369267005
2026-05-18 00:00:00.000 UTC,uniswap_v3_0.05_ethusdt,0.5k-1k,1123,815098.3838901223,387.13597630630665,815788.9585739999
2026-05-18 00:00:00.000 UTC,uniswap_v3_0.05_ethusdt,100k+,41,7100814.5520557705,3412.2537872882453,7107531.233203001
2026-05-18 00:00:00.000 UTC,uniswap_v3_0.05_ethusdt,10k-100k,3175,56992300.15239025,27109.43831704181,57063220.59739797
2026-05-18 00:00:00.000 UTC,uniswap_v3_0.05_ethusdt,1k-10k,10525,44049094.5495721,20865.179675161235,44093807.84995999
2026-05-18 00:00:00.000 UTC,uniswap_v3_0.3_ethusdc,0.5k-1k,36,25470.562993519554,12.040004307841713,25504.003742
2026-05-18 00:00:00.000 UTC,uniswap_v3_0.3_ethusdc,100k+,9,1351117.0853522965,648.2118929367406,1354697.178455
2026-05-18 00:00:00.000 UTC,uniswap_v3_0.3_ethusdc,10k-100k,431,10638868.80670144,5045.731778677395,10657636.838304
2026-05-18 00:00:00.000 UTC,uniswap_v3_0.3_ethusdc,1k-10k,685,3286390.146168074,1556.796535418564,3289674.5047319997
2026-05-18 00:00:00.000 UTC,uniswap_v3_0.3_ethusdt,0.5k-1k,193,142925.49396993348,67.79557568212051,143242.342382
2026-05-18 00:00:00.000 UTC,uniswap_v3_0.3_ethusdt,100k+,346,85206600.82755028,40571.81386965547,85433758.782597
2026-05-18 00:00:00.000 UTC,uniswap_v3_0.3_ethusdt,10k-100k,834,35140813.969984375,16644.523287395346,35204564.554013
2026-05-18 00:00:00.000 UTC,uniswap_v3_0.3_ethusdt,1k-10k,587,2488693.805908536,1182.158714918973,2492202.1265479997
2026-05-18 00:00:00.000 UTC,uniswap_v3_1.0_ethusdc,0.5k-1k,34,22820.961418769424,10.885946632112537,22865.617057
2026-05-18 00:00:00.000 UTC,uniswap_v3_1.0_ethusdc,1k-10k,17,27407.125291081775,13.183870921084758,27454.08437
2026-05-25 00:00:00.000 UTC,curve_usdcwbtcweth,0.5k-1k,2105,1551448.7796431063,585.5549445323039,1356111.832065999
2026-05-25 00:00:00.000 UTC,curve_usdcwbtcweth,10k-100k,23,418439.6492254111,145.8175102806131,345757.98282100004
2026-05-25 00:00:00.000 UTC,curve_usdcwbtcweth,1k-10k,3010,6470097.125185997,2266.972764427178,5592484.435151995
2026-05-25 00:00:00.000 UTC,curve_usdt,0.5k-1k,113,86356.04053207279,28.252263375350406,78879.94499599998
2026-05-25 00:00:00.000 UTC,curve_usdt,10k-100k,16,262234.689941109,110.47898883001602,252083.81818099998
2026-05-25 00:00:00.000 UTC,curve_usdt,1k-10k,365,946590.4710427232,332.28446082376814,879399.9131019998
2026-05-25 00:00:00.000 UTC,curve_usdtwbtcweth,0.5k-1k,1267,967123.9535769563,384.50902236008795,868657.1025059989
2026-05-25 00:00:00.000 UTC,curve_usdtwbtcweth,100k+,2,211328.39111258445,104.7508009557501,208311.680326
2026-05-25 00:00:00.000 UTC,curve_usdtwbtcweth,10k-100k,61,880222.7691457709,359.0744938677869,870802.050457
2026-05-25 00:00:00.000 UTC,curve_usdtwbtcweth,1k-10k,3186,7391774.03380619,2652.504910062147,6519672.800806023
2026-05-25 00:00:00.000 UTC,sushiv2_ethusdt,0.5k-1k,4,2244.1780486815833,1.110162741159371,2252.478498
2026-05-25 00:00:00.000 UTC,sushiv2_ethusdt,1k-10k,4,10374.769591246062,4.987584761070781,10446.871669
2026-05-25 00:00:00.000 UTC,sushiv2_usdceth,0.5k-1k,2,1255.019403167632,0.6232259157280533,1254.990346
2026-05-25 00:00:00.000 UTC,uniswap_v3_0.01_ethusdc,0.5k-1k,11876,8714844.31841752,4256.069450271971,8714086.982824998
2026-05-25 00:00:00.000 UTC,uniswap_v3_0.01_ethusdc,100k+,158,54542753.06291811,26554.9518872764,54499304.78421699
2026-05-25 00:00:00.000 UTC,uniswap_v3_0.01_ethusdc,10k-100k,1706,31371460.20191648,15331.969229394208,31373441.065831006
2026-05-25 00:00:00.000 UTC,uniswap_v3_0.01_ethusdc,1k-10k,41491,128103543.15502045,62631.981320626226,128116116.51161724
2026-05-25 00:00:00.000 UTC,uniswap_v3_0.01_ethusdt,0.5k-1k,10410,7780134.986218754,3796.9071615991306,7787575.944307006
2026-05-25 00:00:00.000 UTC,uniswap_v3_0.01_ethusdt,100k+,99,34609712.16042719,17012.92336643088,34701482.172593
2026-05-25 00:00:00.000 UTC,uniswap_v3_0.01_ethusdt,10k-100k,856,21058176.622977536,10362.497124377924,21072535.485083
2026-05-25 00:00:00.000 UTC,uniswap_v3_0.01_ethusdt,1k-10k,34315,95484513.12535326,46750.141015449895,95594252.82716607
2026-05-25 00:00:00.000 UTC,uniswap_v3_0.05_ethusdc,0.5k-1k,1650,1212461.7080876476,594.135256750611,1212515.78402
2026-05-25 00:00:00.000 UTC,uniswap_v3_0.05_ethusdc,100k+,2285,458969272.7992745,225436.97685405874,459086221.5878201
2026-05-25 00:00:00.000 UTC,uniswap_v3_0.05_ethusdc,10k-100k,8044,326892382.9397161,160146.39464287309,327007392.337901
2026-05-25 00:00:00.000 UTC,uniswap_v3_0.05_ethusdc,1k-10k,7321,28525437.22382026,13971.518770391021,28530321.13316499
2026-05-25 00:00:00.000 UTC,uniswap_v3_0.05_ethusdt,0.5k-1k,1130,832553.0575631742,407.4253845414595,833580.1492710001
2026-05-25 00:00:00.000 UTC,uniswap_v3_0.05_ethusdt,100k+,25,4155434.172461984,2060.116873186856,4160020.3808179996
2026-05-25 00:00:00.000 UTC,uniswap_v3_0.05_ethusdt,10k-100k,2650,49380972.97449733,24058.16378945957,49451533.81774798
2026-05-25 00:00:00.000 UTC,uniswap_v3_0.05_ethusdt,1k-10k,8684,36018370.4001948,17623.817026221514,36067983.869771
2026-05-25 00:00:00.000 UTC,uniswap_v3_0.3_ethusdc,0.5k-1k,57,44916.397863791026,21.88628465969216,44939.273642
2026-05-25 00:00:00.000 UTC,uniswap_v3_0.3_ethusdc,100k+,3,546127.5884066379,270.08437408842775,546138.0046860001
2026-05-25 00:00:00.000 UTC,uniswap_v3_0.3_ethusdc,10k-100k,358,7440639.28910548,3627.292902672471,7450436.532350998
2026-05-25 00:00:00.000 UTC,uniswap_v3_0.3_ethusdc,1k-10k,826,3784900.8186970763,1855.1232624087659,3788582.566666
2026-05-25 00:00:00.000 UTC,uniswap_v3_0.3_ethusdt,0.5k-1k,129,91719.77489250439,44.94583819459136,91919.71517399998
2026-05-25 00:00:00.000 UTC,uniswap_v3_0.3_ethusdt,100k+,339,74407074.33870493,36398.04248072981,74572525.729441
2026-05-25 00:00:00.000 UTC,uniswap_v3_0.3_ethusdt,10k-100k,922,38739110.45608114,18971.420447386226,38814197.638681
2026-05-25 00:00:00.000 UTC,uniswap_v3_0.3_ethusdt,1k-10k,693,3633394.231399487,1788.4009790183718,3638207.1394970003
2026-05-25 00:00:00.000 UTC,uniswap_v3_1.0_ethusdc,0.5k-1k,28,18484.201516395908,8.960574231268856,18524.65052
2026-05-25 00:00:00.000 UTC,uniswap_v3_1.0_ethusdc,1k-10k,9,14631.435777786788,7.276140962778055,14631.281944
2026-06-01 00:00:00.000 UTC,curve_usdcwbtcweth,0.5k-1k,3863,2845998.16825881,1251.847259952006,2458658.746051996
2026-06-01 00:00:00.000 UTC,curve_usdcwbtcweth,10k-100k,204,3092147.5143755553,1276.7504099139753,2752012.586024999
2026-06-01 00:00:00.000 UTC,curve_usdcwbtcweth,1k-10k,7358,17845194.590436026,7138.458897854226,16067163.799700974
2026-06-01 00:00:00.000 UTC,curve_usdt,0.5k-1k,65,48496.41851826718,12.88742343458592,43956.050780000005
2026-06-01 00:00:00.000 UTC,curve_usdt,10k-100k,9,252165.73906143013,156.90026338558636,253072.628794
2026-06-01 00:00:00.000 UTC,curve_usdt,1k-10k,247,654616.051394078,221.4103218718109,605774.8920199998
2026-06-01 00:00:00.000 UTC,curve_usdtwbtcweth,0.5k-1k,2505,1930220.023288375,886.6819437536419,1748531.6229180018
2026-06-01 00:00:00.000 UTC,curve_usdtwbtcweth,10k-100k,282,4918221.558602443,2253.5631593655658,4705936.029525
2026-06-01 00:00:00.000 UTC,curve_usdtwbtcweth,1k-10k,7797,20026215.99096426,8416.086926027474,18275722.214194026
2026-06-01 00:00:00.000 UTC,sushiv2_ethusdt,0.5k-1k,72,46532.61076649209,27.977861035772577,46713.480348
2026-06-01 00:00:00.000 UTC,sushiv2_ethusdt,1k-10k,21,44044.71532153244,27.184391751302986,44057.41074199999
2026-06-01 00:00:00.000 UTC,sushiv2_usdceth,0.5k-1k,11,6177.056601894422,3.602494756289318,6187.4636359999995
2026-06-01 00:00:00.000 UTC,uniswap_v3_0.01_ethusdc,0.5k-1k,21248,15569268.046381582,9046.325285189117,15565378.447752995
2026-06-01 00:00:00.000 UTC,uniswap_v3_0.01_ethusdc,100k+,283,95726165.31349403,52660.41949417316,96480658.410159
2026-06-01 00:00:00.000 UTC,uniswap_v3_0.01_ethusdc,10k-100k,4487,85545844.96378836,48435.04485454658,85557835.40006705
2026-06-01 00:00:00.000 UTC,uniswap_v3_0.01_ethusdc,1k-10k,66362,212338887.53003222,119907.08995463469,212381277.7705674
2026-06-01 00:00:00.000 UTC,uniswap_v3_0.01_ethusdt,0.5k-1k,19196,14109437.918447733,8168.6412702171065,14119584.879794996
2026-06-01 00:00:00.000 UTC,uniswap_v3_0.01_ethusdt,100k+,109,25778798.381494455,14187.051446495254,26359799.282074995
2026-06-01 00:00:00.000 UTC,uniswap_v3_0.01_ethusdt,10k-100k,1799,42162485.15098433,24206.67508827443,42138746.64561299
2026-06-01 00:00:00.000 UTC,uniswap_v3_0.01_ethusdt,1k-10k,37348,94583979.82118389,52539.01413111756,94675604.884855
2026-06-01 00:00:00.000 UTC,uniswap_v3_0.05_ethusdc,0.5k-1k,3510,2579452.400991959,1508.8337452072533,2578749.7402179996
2026-06-01 00:00:00.000 UTC,uniswap_v3_0.05_ethusdc,100k+,2864,616594028.6700884,335472.73733482073,616458068.8035992
2026-06-01 00:00:00.000 UTC,uniswap_v3_0.05_ethusdc,10k-100k,17724,613260305.8124264,348826.81254438456,613288016.8141022
2026-06-01 00:00:00.000 UTC,uniswap_v3_0.05_ethusdc,1k-10k,18661,76590056.7972446,44657.66587770219,76585673.11514407
2026-06-01 00:00:00.000 UTC,uniswap_v3_0.05_ethusdt,0.5k-1k,3384,2519532.8084835387,1489.4416841383638,2521275.936946999
2026-06-01 00:00:00.000 UTC,uniswap_v3_0.05_ethusdt,100k+,62,13368615.824578982,7924.949307987273,13355720.95029
2026-06-01 00:00:00.000 UTC,uniswap_v3_0.05_ethusdt,10k-100k,4701,96086037.00671424,54457.030774721854,96172944.95096302
2026-06-01 00:00:00.000 UTC,uniswap_v3_0.05_ethusdt,1k-10k,19006,73246014.14930062,42070.40440932701,73320984.56069608
2026-06-01 00:00:00.000 UTC,uniswap_v3_0.3_ethusdc,0.5k-1k,208,169388.24075702723,101.28323402040957,169559.91254699999
2026-06-01 00:00:00.000 UTC,uniswap_v3_0.3_ethusdc,100k+,29,5480804.784434126,3352.1305299404844,5465237.025667001
2026-06-01 00:00:00.000 UTC,uniswap_v3_0.3_ethusdc,10k-100k,967,22059525.37345923,13022.500728077406,22084067.343128998
2026-06-01 00:00:00.000 UTC,uniswap_v3_0.3_ethusdc,1k-10k,2654,11465350.895048106,6634.693494340721,11480906.864836993
2026-06-01 00:00:00.000 UTC,uniswap_v3_0.3_ethusdt,0.5k-1k,296,218543.296452646,126.92895861924254,218887.12205799998
2026-06-01 00:00:00.000 UTC,uniswap_v3_0.3_ethusdt,100k+,736,188784386.40040132,112538.59573215323,188775891.77635095
2026-06-01 00:00:00.000 UTC,uniswap_v3_0.3_ethusdt,10k-100k,3232,125690298.9078309,73155.25844633795,125810438.32081598
2026-06-01 00:00:00.000 UTC,uniswap_v3_0.3_ethusdt,1k-10k,2016,9805287.4694276,5647.30722330323,9814011.626189003
2026-06-01 00:00:00.000 UTC,uniswap_v3_1.0_ethusdc,0.5k-1k,141,96925.79075141644,57.005230509647596,97153.62871200002
2026-06-01 00:00:00.000 UTC,uniswap_v3_1.0_ethusdc,1k-10k,58,100751.96708285177,59.97913014729213,101143.51191700001
2026-06-08 00:00:00.000 UTC,curve_usdcwbtcweth,0.5k-1k,3622,2620059.596833282,1214.761853395835,2308876.207732002
2026-06-08 00:00:00.000 UTC,curve_usdcwbtcweth,10k-100k,69,910234.6765371597,391.9516226050396,899417.926526
2026-06-08 00:00:00.000 UTC,curve_usdcwbtcweth,1k-10k,4787,10797815.218580836,4591.137353886428,9899666.99089203
2026-06-08 00:00:00.000 UTC,curve_usdt,0.5k-1k,11,8458.841679101723,1.9155019382925604,8477.275652
2026-06-08 00:00:00.000 UTC,curve_usdt,10k-100k,1,10158.1323825911,0,10191.496088
2026-06-08 00:00:00.000 UTC,curve_usdt,1k-10k,33,93502.67444628938,16.254650927034962,94034.54462400002
2026-06-08 00:00:00.000 UTC,curve_usdtwbtcweth,0.5k-1k,2390,1817202.3070998925,873.537426137591,1671517.3076759968
2026-06-08 00:00:00.000 UTC,curve_usdtwbtcweth,10k-100k,117,1686830.598776071,775.4139199373566,1688886.0882200003
2026-06-08 00:00:00.000 UTC,curve_usdtwbtcweth,1k-10k,5389,12968634.899486214,5927.441695377009,11860146.100321952
2026-06-08 00:00:00.000 UTC,sushiv2_ethusdt,0.5k-1k,29,21409.5428721431,12.741604577494435,21500.643146000002
2026-06-08 00:00:00.000 UTC,sushiv2_ethusdt,1k-10k,16,47980.38335586306,28.265689671007483,48533.757536
2026-06-08 00:00:00.000 UTC,sushiv2_usdceth,0.5k-1k,12,10140.117748408198,6.039544379251597,10126.322123
2026-06-08 00:00:00.000 UTC,sushiv2_usdceth,1k-10k,10,15734.599380004986,9.330955129679198,15756.459151000001
2026-06-08 00:00:00.000 UTC,uniswap_v3_0.01_ethusdc,0.5k-1k,17512,12804451.719903644,7690.664613903797,12805643.037793003
2026-06-08 00:00:00.000 UTC,uniswap_v3_0.01_ethusdc,100k+,123,29322583.730326463,17512.86432576079,29315121.69216
2026-06-08 00:00:00.000 UTC,uniswap_v3_0.01_ethusdc,10k-100k,908,24781039.77973058,14872.40273319094,24783116.074359007
2026-06-08 00:00:00.000 UTC,uniswap_v3_0.01_ethusdc,1k-10k,35102,90255511.01549798,54214.260690759744,90288296.61505008
2026-06-08 00:00:00.000 UTC,uniswap_v3_0.01_ethusdt,0.5k-1k,16223,11772823.107534325,7073.431369668975,11782412.930675004
2026-06-08 00:00:00.000 UTC,uniswap_v3_0.01_ethusdt,100k+,82,23143556.464547563,13111.669190109737,24216034.330998
2026-06-08 00:00:00.000 UTC,uniswap_v3_0.01_ethusdt,10k-100k,545,14640587.72659343,8783.193286289381,14645239.832121002
2026-06-08 00:00:00.000 UTC,uniswap_v3_0.01_ethusdt,1k-10k,18368,33888470.15650995,20335.888782661994,33924713.47916201
2026-06-08 00:00:00.000 UTC,uniswap_v3_0.05_ethusdc,0.5k-1k,2858,2083961.4247216522,1246.924257864826,2084588.7034050003
2026-06-08 00:00:00.000 UTC,uniswap_v3_0.05_ethusdc,100k+,318,58382124.179798774,34889.854729529,58479372.310751
2026-06-08 00:00:00.000 UTC,uniswap_v3_0.05_ethusdc,10k-100k,9133,249424499.73879346,149892.87256920972,249582925.93267396
2026-06-08 00:00:00.000 UTC,uniswap_v3_0.05_ethusdc,1k-10k,13316,49358587.2962987,29617.635936078663,49380402.69691903
2026-06-08 00:00:00.000 UTC,uniswap_v3_0.05_ethusdt,0.5k-1k,1671,1232090.5829526198,738.9882823563961,1233061.3800260006
2026-06-08 00:00:00.000 UTC,uniswap_v3_0.05_ethusdt,100k+,47,7220576.284581698,4308.49687873529,7244837.68788
2026-06-08 00:00:00.000 UTC,uniswap_v3_0.05_ethusdt,10k-100k,4902,99566735.19173361,59912.13104910013,99698298.22880204
2026-06-08 00:00:00.000 UTC,uniswap_v3_0.05_ethusdt,1k-10k,12282,51802697.41221041,31141.643700414254,51851958.39009799
2026-06-08 00:00:00.000 UTC,uniswap_v3_0.3_ethusdc,0.5k-1k,95,73477.52541645411,44.16794897513596,73558.967287
2026-06-08 00:00:00.000 UTC,uniswap_v3_0.3_ethusdc,100k+,6,727476.2470777874,437.8984630882841,733054.59083
2026-06-08 00:00:00.000 UTC,uniswap_v3_0.3_ethusdc,10k-100k,758,17511538.46623953,10544.770304777363,17554010.966533996
2026-06-08 00:00:00.000 UTC,uniswap_v3_0.3_ethusdc,1k-10k,1248,5885713.952404908,3550.245377944975,5892669.305427001
2026-06-08 00:00:00.000 UTC,uniswap_v3_0.3_ethusdt,0.5k-1k,404,348049.333996385,206.93955201655115,349079.89663999993
2026-06-08 00:00:00.000 UTC,uniswap_v3_0.3_ethusdt,100k+,413,87405889.43583927,52641.632932258246,87663670.59868899
2026-06-08 00:00:00.000 UTC,uniswap_v3_0.3_ethusdt,10k-100k,1504,61278872.18829259,36966.94757812624,61392429.629484996
2026-06-08 00:00:00.000 UTC,uniswap_v3_0.3_ethusdt,1k-10k,915,3781358.0044635274,2277.270374173164,3788159.3145830003
2026-06-08 00:00:00.000 UTC,uniswap_v3_1.0_ethusdc,0.5k-1k,34,22424.736968694713,13.53263522934773,22510.296948000003
2026-06-08 00:00:00.000 UTC,uniswap_v3_1.0_ethusdc,1k-10k,10,12186.192006902997,7.294997466393513,12253.536369000001
2026-06-15 00:00:00.000 UTC,curve_usdcwbtcweth,0.5k-1k,3254,2319430.9652495487,1041.2188970325456,1952953.1095950017
2026-06-15 00:00:00.000 UTC,curve_usdcwbtcweth,10k-100k,60,843041.1238732149,319.27479001989786,833064.9765589999
2026-06-15 00:00:00.000 UTC,curve_usdcwbtcweth,1k-10k,3558,7811938.333078906,3395.6573101561135,7002072.643627011
2026-06-15 00:00:00.000 UTC,curve_usdt,0.5k-1k,20,16134.38843468445,3.1027120989799553,16164.635419999999
2026-06-15 00:00:00.000 UTC,curve_usdt,10k-100k,9,217832.25972194184,107.33462101255857,218275.499535
2026-06-15 00:00:00.000 UTC,curve_usdt,1k-10k,152,460135.57276979747,160.89476724409644,457398.375456
2026-06-15 00:00:00.000 UTC,curve_usdtwbtcweth,0.5k-1k,1945,1463410.842575757,669.7293840023858,1268947.688438
2026-06-15 00:00:00.000 UTC,curve_usdtwbtcweth,10k-100k,66,860222.5390943099,384.11512438166307,851366.7971170001
2026-06-15 00:00:00.000 UTC,curve_usdtwbtcweth,1k-10k,3607,8006958.264236557,3595.554000071787,7154810.296877005
2026-06-15 00:00:00.000 UTC,sushiv2_ethusdt,0.5k-1k,19,11224.115723017758,6.422744997073018,11276.281782999999
2026-06-15 00:00:00.000 UTC,sushiv2_ethusdt,1k-10k,1,1015.547986114623,0.5720073043143423,1016.738587
2026-06-15 00:00:00.000 UTC,sushiv2_usdceth,0.5k-1k,8,5382.5073186247055,3.117214566164188,5391.8677529999995
2026-06-15 00:00:00.000 UTC,uniswap_v3_0.01_ethusdc,0.5k-1k,16130,11831331.377765363,6785.706830008191,11833010.342129994
2026-06-15 00:00:00.000 UTC,uniswap_v3_0.01_ethusdc,100k+,163,50258148.396443605,29011.625940372207,49536955.628866
2026-06-15 00:00:00.000 UTC,uniswap_v3_0.01_ethusdc,10k-100k,1007,25505389.255704682,14578.044776492146,25501191.649233006
2026-06-15 00:00:00.000 UTC,uniswap_v3_0.01_ethusdc,1k-10k,34920,92671979.39223853,53011.663081044535,92712133.39147909
2026-06-15 00:00:00.000 UTC,uniswap_v3_0.01_ethusdt,0.5k-1k,14544,10442183.664760945,5993.787887616726,10453784.621741993
2026-06-15 00:00:00.000 UTC,uniswap_v3_0.01_ethusdt,100k+,100,23664046.52371832,13301.369105461303,24171410.514321003
2026-06-15 00:00:00.000 UTC,uniswap_v3_0.01_ethusdt,10k-100k,593,15650761.91320887,9006.993270093131,15663655.822060999
2026-06-15 00:00:00.000 UTC,uniswap_v3_0.01_ethusdt,1k-10k,13523,25162036.307107933,14414.628799098675,25192939.844582986
2026-06-15 00:00:00.000 UTC,uniswap_v3_0.05_ethusdc,0.5k-1k,2908,2112956.7248961367,1207.5517888700329,2113660.6824280005
2026-06-15 00:00:00.000 UTC,uniswap_v3_0.05_ethusdc,100k+,870,149483168.43990406,84984.35070473872,149635835.14854
2026-06-15 00:00:00.000 UTC,uniswap_v3_0.05_ethusdc,10k-100k,9614,323517789.60649747,184808.93777853544,323729998.15789384
2026-06-15 00:00:00.000 UTC,uniswap_v3_0.05_ethusdc,1k-10k,9998,39851528.79122448,22844.884879400066,39870227.66784102
2026-06-15 00:00:00.000 UTC,uniswap_v3_0.05_ethusdt,0.5k-1k,1494,1108541.5969787943,634.740154441379,1109580.6132660005
2026-06-15 00:00:00.000 UTC,uniswap_v3_0.05_ethusdt,100k+,85,14495830.508354308,8351.838788797242,14520234.060469002
2026-06-15 00:00:00.000 UTC,uniswap_v3_0.05_ethusdt,10k-100k,4582,98361110.52780528,56213.06238187376,98501855.58811098
2026-06-15 00:00:00.000 UTC,uniswap_v3_0.05_ethusdt,1k-10k,10830,45813484.216046475,26260.019285500144,45868548.91770702
2026-06-15 00:00:00.000 UTC,uniswap_v3_0.3_ethusdc,0.5k-1k,71,55737.57128745951,32.160464160533074,55781.975050999994
2026-06-15 00:00:00.000 UTC,uniswap_v3_0.3_ethusdc,100k+,13,1711043.2781353367,982.9422315216667,1718279.9949069999
2026-06-15 00:00:00.000 UTC,uniswap_v3_0.3_ethusdc,10k-100k,690,16813479.58759134,9574.132820099627,16848380.529290006
2026-06-15 00:00:00.000 UTC,uniswap_v3_0.3_ethusdc,1k-10k,1057,4817246.16943395,2761.4761850205155,4823692.2419920005
2026-06-15 00:00:00.000 UTC,uniswap_v3_0.3_ethusdt,0.5k-1k,151,110570.51928134276,63.557745386968946,110833.614522
2026-06-15 00:00:00.000 UTC,uniswap_v3_0.3_ethusdt,100k+,462,95957088.20166264,54765.3373842781,96244944.00686601
2026-06-15 00:00:00.000 UTC,uniswap_v3_0.3_ethusdt,10k-100k,1202,49059554.527863525,28055.529859281953,49164614.618882984
2026-06-15 00:00:00.000 UTC,uniswap_v3_0.3_ethusdt,1k-10k,775,3463970.112559172,1992.7268736903648,3471175.065937999
2026-06-15 00:00:00.000 UTC,uniswap_v3_1.0_ethusdc,0.5k-1k,51,33910.465543437575,19.16565478780855,34012.763432
2026-06-15 00:00:00.000 UTC,uniswap_v3_1.0_ethusdc,1k-10k,10,13069.938930024959,7.472489058973204,13130.066637
2026-06-22 00:00:00.000 UTC,curve_usdcwbtcweth,0.5k-1k,4027,2846790.976534652,1264.4628348143835,2453837.5600799946
2026-06-22 00:00:00.000 UTC,curve_usdcwbtcweth,10k-100k,92,1494196.3898734648,378.13683311608014,1482939.9041989995
2026-06-22 00:00:00.000 UTC,curve_usdcwbtcweth,1k-10k,4557,10544438.428540481,3888.5884532738078,9510325.170678012
2026-06-22 00:00:00.000 UTC,curve_usdt,0.5k-1k,41,29657.945599687402,17.690074890420473,29728.676873999997
2026-06-22 00:00:00.000 UTC,curve_usdt,10k-100k,12,298357.2227648859,129.97262328077028,298907.89800399996
2026-06-22 00:00:00.000 UTC,curve_usdt,1k-10k,112,361392.1622377869,152.76683499812742,362164.20483299997
2026-06-22 00:00:00.000 UTC,curve_usdtwbtcweth,0.5k-1k,2375,1787090.339691891,846.444973334189,1576259.7356140008
2026-06-22 00:00:00.000 UTC,curve_usdtwbtcweth,10k-100k,124,1859377.3919974668,889.7228281901027,1796661.2484949997
2026-06-22 00:00:00.000 UTC,curve_usdtwbtcweth,1k-10k,5426,13485438.261848,6238.222017266565,12214139.692099005
2026-06-22 00:00:00.000 UTC,sushiv2_ethusdt,0.5k-1k,30,19405.304896923237,12.30483489955693,19477.567454000007
2026-06-22 00:00:00.000 UTC,sushiv2_ethusdt,1k-10k,3,3304.9013963937186,2.072005499258127,3321.036748
2026-06-22 00:00:00.000 UTC,sushiv2_usdceth,0.5k-1k,9,5436.9424688090085,3.377612567209855,5440.29994
2026-06-22 00:00:00.000 UTC,sushiv2_usdceth,1k-10k,2,2882.782209871534,1.6801708655488532,2856.905764
2026-06-22 00:00:00.000 UTC,uniswap_v3_0.01_ethusdc,0.5k-1k,15367,11249371.041324886,6940.225670569566,11249728.145048
2026-06-22 00:00:00.000 UTC,uniswap_v3_0.01_ethusdc,100k+,183,46568915.37833937,28515.544455822164,46701174.507038
2026-06-22 00:00:00.000 UTC,uniswap_v3_0.01_ethusdc,10k-100k,1376,29613676.647277802,18345.734654488544,29613812.742245007
2026-06-22 00:00:00.000 UTC,uniswap_v3_0.01_ethusdc,1k-10k,36726,104224674.31222348,64288.935321314806,104261326.33652401
2026-06-22 00:00:00.000 UTC,uniswap_v3_0.01_ethusdt,0.5k-1k,9716,6896268.920781228,4169.990696254998,6905695.301613996
2026-06-22 00:00:00.000 UTC,uniswap_v3_0.01_ethusdt,100k+,42,8682085.396435251,5115.4025451572625,8655633.163128
2026-06-22 00:00:00.000 UTC,uniswap_v3_0.01_ethusdt,10k-100k,369,10838262.381339543,6619.42986760561,10805212.285542998
2026-06-22 00:00:00.000 UTC,uniswap_v3_0.01_ethusdt,1k-10k,8212,15563179.46087629,9372.941973548372,15584827.736959007
2026-06-22 00:00:00.000 UTC,uniswap_v3_0.05_ethusdc,0.5k-1k,2976,2214345.3602564815,1356.275167162819,2214752.294945
2026-06-22 00:00:00.000 UTC,uniswap_v3_0.05_ethusdc,100k+,443,76357895.34234211,46622.058645017656,76422308.490312
2026-06-22 00:00:00.000 UTC,uniswap_v3_0.05_ethusdc,10k-100k,10017,290608266.56194496,179374.74374481154,290762082.2477101
2026-06-22 00:00:00.000 UTC,uniswap_v3_0.05_ethusdc,1k-10k,11453,48361114.76532239,29967.757928874154,48382202.78007299
2026-06-22 00:00:00.000 UTC,uniswap_v3_0.05_ethusdt,0.5k-1k,1557,1153057.7250544226,713.588947514091,1154400.7328829998
2026-06-22 00:00:00.000 UTC,uniswap_v3_0.05_ethusdt,100k+,119,25984871.90059851,15957.87703462547,26187873.250810996
2026-06-22 00:00:00.000 UTC,uniswap_v3_0.05_ethusdt,10k-100k,5656,130826992.8553053,81053.29121765506,131068437.71540703
2026-06-22 00:00:00.000 UTC,uniswap_v3_0.05_ethusdt,1k-10k,11398,50138561.24853533,30990.2817568239,50217114.665727995
2026-06-22 00:00:00.000 UTC,uniswap_v3_0.3_ethusdc,0.5k-1k,202,158543.7780621773,98.15889614274276,158747.01432300004
2026-06-22 00:00:00.000 UTC,uniswap_v3_0.3_ethusdc,100k+,18,3708857.6319202124,2306.145923853365,3705242.3226379994
2026-06-22 00:00:00.000 UTC,uniswap_v3_0.3_ethusdc,10k-100k,939,23629901.527728237,14738.858991836598,23680038.87556
2026-06-22 00:00:00.000 UTC,uniswap_v3_0.3_ethusdc,1k-10k,1375,6231232.082602973,3871.355306907203,6239654.772642002
2026-06-22 00:00:00.000 UTC,uniswap_v3_0.3_ethusdt,0.5k-1k,150,114935.97402637078,70.59616744744878,115226.204821
2026-06-22 00:00:00.000 UTC,uniswap_v3_0.3_ethusdt,100k+,604,136373914.15006354,84935.82335682226,136818081.34293503
2026-06-22 00:00:00.000 UTC,uniswap_v3_0.3_ethusdt,10k-100k,1563,64889893.046092525,40282.184571178266,65051859.110550016
2026-06-22 00:00:00.000 UTC,uniswap_v3_0.3_ethusdt,1k-10k,621,3088932.171909654,1905.9159976453814,3095361.0285529993
2026-06-22 00:00:00.000 UTC,uniswap_v3_1.0_ethusdc,0.5k-1k,71,48440.3043703149,30.355767390309346,48532.781007
2026-06-22 00:00:00.000 UTC,uniswap_v3_1.0_ethusdc,1k-10k,22,30859.708224780792,19.305358358755708,30936.684373
2026-06-29 00:00:00.000 UTC,curve_usdcwbtcweth,0.5k-1k,2987,2084301.476126498,944.314226672618,1796814.196847999
2026-06-29 00:00:00.000 UTC,curve_usdcwbtcweth,10k-100k,50,822907.577677847,195.11068261743924,812987.235569
2026-06-29 00:00:00.000 UTC,curve_usdcwbtcweth,1k-10k,3291,7438036.538901361,3084.6110199090513,6772181.7833980005
2026-06-29 00:00:00.000 UTC,curve_usdt,0.5k-1k,36,25181.424107053288,15.535469893712044,25280.200022
2026-06-29 00:00:00.000 UTC,curve_usdt,10k-100k,9,294025.91419126285,159.48745799410867,296030.174971
2026-06-29 00:00:00.000 UTC,curve_usdt,1k-10k,136,392605.22741507227,232.63365521149177,394991.4694589999
2026-06-29 00:00:00.000 UTC,curve_usdtwbtcweth,0.5k-1k,2199,1587134.8215416227,729.7424076303257,1403036.7166030006
2026-06-29 00:00:00.000 UTC,curve_usdtwbtcweth,10k-100k,43,655545.3724247625,252.6368764839021,635091.236083
2026-06-29 00:00:00.000 UTC,curve_usdtwbtcweth,1k-10k,2558,5412657.459613958,2478.870505863854,4920909.426954998
2026-06-29 00:00:00.000 UTC,sushiv2_ethusdt,0.5k-1k,14,9715.914890796603,5.789143168704894,9782.650839999998
2026-06-29 00:00:00.000 UTC,uniswap_v3_0.01_ethusdc,0.5k-1k,15373,11247744.32611819,6778.3711525869985,11250211.941081
2026-06-29 00:00:00.000 UTC,uniswap_v3_0.01_ethusdc,100k+,228,57473285.090480246,33996.16546357154,58217212.975394
2026-06-29 00:00:00.000 UTC,uniswap_v3_0.01_ethusdc,10k-100k,1246,26735933.595844656,16172.134020324549,26751826.739899993
2026-06-29 00:00:00.000 UTC,uniswap_v3_0.01_ethusdc,1k-10k,35958,100013741.57718474,60406.15296274107,100072199.76389404
2026-06-29 00:00:00.000 UTC,uniswap_v3_0.01_ethusdt,0.5k-1k,11334,7966889.860714642,4741.373330206802,7979611.318129007
2026-06-29 00:00:00.000 UTC,uniswap_v3_0.01_ethusdt,100k+,96,22688666.618113358,13224.48490603529,23009476.447198
2026-06-29 00:00:00.000 UTC,uniswap_v3_0.01_ethusdt,10k-100k,452,12372535.725849513,7361.443875628863,12363008.071874002
2026-06-29 00:00:00.000 UTC,uniswap_v3_0.01_ethusdt,1k-10k,7900,14533271.187076548,8655.442665909331,14558211.144639006
2026-06-29 00:00:00.000 UTC,uniswap_v3_0.05_ethusdc,0.5k-1k,2177,1619734.0874641484,985.0319646381995,1620435.0994320004
2026-06-29 00:00:00.000 UTC,uniswap_v3_0.05_ethusdc,100k+,448,75497427.25833075,44795.70312629397,75615517.75526099
2026-06-29 00:00:00.000 UTC,uniswap_v3_0.05_ethusdc,10k-100k,9247,271021193.8637297,162869.02624203617,271239800.5142041
2026-06-29 00:00:00.000 UTC,uniswap_v3_0.05_ethusdc,1k-10k,9917,42610574.987775564,25835.092075072407,42634056.595593005
2026-06-29 00:00:00.000 UTC,uniswap_v3_0.05_ethusdt,0.5k-1k,1520,1120629.9601805296,674.5842247229301,1122259.6665720001
2026-06-29 00:00:00.000 UTC,uniswap_v3_0.05_ethusdt,100k+,67,8998677.134815704,5483.092310912877,9021367.333691001
2026-06-29 00:00:00.000 UTC,uniswap_v3_0.05_ethusdt,10k-100k,4528,96361283.93048489,58578.92614824465,96557788.950573
2026-06-29 00:00:00.000 UTC,uniswap_v3_0.05_ethusdt,1k-10k,10803,46058717.1677364,27850.82372673648,46133548.36148299
2026-06-29 00:00:00.000 UTC,uniswap_v3_0.3_ethusdc,0.5k-1k,138,112319.79490390191,68.55259907225114,112482.80449500002
2026-06-29 00:00:00.000 UTC,uniswap_v3_0.3_ethusdc,100k+,11,1540333.2117834503,924.810370230757,1550911.820998
2026-06-29 00:00:00.000 UTC,uniswap_v3_0.3_ethusdc,10k-100k,726,16930058.861398734,10328.610824978237,16973593.306036
2026-06-29 00:00:00.000 UTC,uniswap_v3_0.3_ethusdc,1k-10k,1228,5426728.054811881,3316.157320154148,5434451.910550001
2026-06-29 00:00:00.000 UTC,uniswap_v3_0.3_ethusdt,0.5k-1k,138,108185.37256979186,66.15797622879744,108511.19412599999
2026-06-29 00:00:00.000 UTC,uniswap_v3_0.3_ethusdt,100k+,514,108697802.38658576,65834.4875594119,109130486.03240299
2026-06-29 00:00:00.000 UTC,uniswap_v3_0.3_ethusdt,10k-100k,1379,56707336.07183704,34680.39326163383,56856539.03804601
2026-06-29 00:00:00.000 UTC,uniswap_v3_0.3_ethusdt,1k-10k,587,2784559.213956487,1695.4841445673096,2791035.949314
2026-06-29 00:00:00.000 UTC,uniswap_v3_1.0_ethusdc,0.5k-1k,39,25125.04107394485,15.101681027347816,25236.489760000004
2026-06-29 00:00:00.000 UTC,uniswap_v3_1.0_ethusdc,1k-10k,9,12411.0133747057,7.4080226546626236,12511.926402000001
2026-07-06 00:00:00.000 UTC,curve_usdcwbtcweth,0.5k-1k,3407,2396007.0674555176,1026.4142631228208,2098121.1875420003
2026-07-06 00:00:00.000 UTC,curve_usdcwbtcweth,10k-100k,67,1104420.4663907078,204.91624480303506,1095043.585872
2026-07-06 00:00:00.000 UTC,curve_usdcwbtcweth,1k-10k,3316,7486904.1726763435,2841.8343502829284,6863183.957341004
2026-07-06 00:00:00.000 UTC,curve_usdt,0.5k-1k,8,5712.001888978264,2.81576928106297,5725.824377999999
2026-07-06 00:00:00.000 UTC,curve_usdt,1k-10k,16,51347.36470462935,27.606033653315155,51752.461323999996
2026-07-06 00:00:00.000 UTC,curve_usdtwbtcweth,0.5k-1k,2528,1854231.2871649307,808.7145613756079,1650271.5551279993
2026-07-06 00:00:00.000 UTC,curve_usdtwbtcweth,10k-100k,57,911597.1011074896,384.972446638789,890110.8456839998
2026-07-06 00:00:00.000 UTC,curve_usdtwbtcweth,1k-10k,3000,6373325.059915815,2703.1384274716697,5715122.498746003
2026-07-06 00:00:00.000 UTC,sushiv2_ethusdt,0.5k-1k,8,4976.348584961044,2.8216346880008123,5000.716708
2026-07-06 00:00:00.000 UTC,sushiv2_ethusdt,1k-10k,2,2650.472363451612,1.4978672849788235,2672.073072
2026-07-06 00:00:00.000 UTC,sushiv2_usdceth,0.5k-1k,2,1156.687948435075,0.653218728411618,1165.80762
2026-07-06 00:00:00.000 UTC,uniswap_v3_0.01_ethusdc,0.5k-1k,15947,11742770.620974971,6614.725293117182,11744677.299428992
2026-07-06 00:00:00.000 UTC,uniswap_v3_0.01_ethusdc,100k+,231,54510543.88350068,30759.99682018973,54478333.907828
2026-07-06 00:00:00.000 UTC,uniswap_v3_0.01_ethusdc,10k-100k,1569,33874392.98540892,19018.46289984289,33886358.534362
2026-07-06 00:00:00.000 UTC,uniswap_v3_0.01_ethusdc,1k-10k,39163,114140799.01412892,64154.307721852674,114184493.33239898
2026-07-06 00:00:00.000 UTC,uniswap_v3_0.01_ethusdt,0.5k-1k,15360,10955601.793189574,6179.040349036786,10967513.669239992
2026-07-06 00:00:00.000 UTC,uniswap_v3_0.01_ethusdt,100k+,140,32018703.00787656,17905.886912428938,32278181.926611997
2026-07-06 00:00:00.000 UTC,uniswap_v3_0.01_ethusdt,10k-100k,515,16567493.619136777,9326.44697998263,16599389.660032999
2026-07-06 00:00:00.000 UTC,uniswap_v3_0.01_ethusdt,1k-10k,10990,19780647.869372502,11163.237159465996,19805428.371498007
2026-07-06 00:00:00.000 UTC,uniswap_v3_0.05_ethusdc,0.5k-1k,2002,1518428.3993408687,855.9161880401075,1518819.8168540006
2026-07-06 00:00:00.000 UTC,uniswap_v3_0.05_ethusdc,100k+,725,123088206.99572513,69374.58222128889,123246812.201047
2026-07-06 00:00:00.000 UTC,uniswap_v3_0.05_ethusdc,10k-100k,9560,310612853.8013387,175286.41650779534,310782272.95033103
2026-07-06 00:00:00.000 UTC,uniswap_v3_0.05_ethusdc,1k-10k,8562,37795977.54708071,21305.752205371544,37812708.862292014
2026-07-06 00:00:00.000 UTC,uniswap_v3_0.05_ethusdt,0.5k-1k,1591,1187603.880784558,670.3008422582313,1188775.4971320003
2026-07-06 00:00:00.000 UTC,uniswap_v3_0.05_ethusdt,100k+,57,9841894.284125285,5543.569435696871,9868230.935694002
2026-07-06 00:00:00.000 UTC,uniswap_v3_0.05_ethusdt,10k-100k,3471,69714146.8633274,39326.06017846789,69816016.764021
2026-07-06 00:00:00.000 UTC,uniswap_v3_0.05_ethusdt,1k-10k,10430,43414938.57981311,24482.86161694389,43463940.08054402
2026-07-06 00:00:00.000 UTC,uniswap_v3_0.3_ethusdc,0.5k-1k,65,53747.24978097764,30.278740289302203,53805.39908999999
2026-07-06 00:00:00.000 UTC,uniswap_v3_0.3_ethusdc,100k+,12,1958172.751310888,1110.9329847137633,1969461.608461
2026-07-06 00:00:00.000 UTC,uniswap_v3_0.3_ethusdc,10k-100k,551,12366791.396942314,6984.506163635087,12389223.034236
2026-07-06 00:00:00.000 UTC,uniswap_v3_0.3_ethusdc,1k-10k,939,4229168.465715879,2390.600765870598,4233888.009106
2026-07-06 00:00:00.000 UTC,uniswap_v3_0.3_ethusdt,0.5k-1k,102,72585.47922266729,40.99342639330328,72722.093057
2026-07-06 00:00:00.000 UTC,uniswap_v3_0.3_ethusdt,100k+,421,103659035.914853,58444.25570297288,103957669.444473
2026-07-06 00:00:00.000 UTC,uniswap_v3_0.3_ethusdt,10k-100k,1086,44734605.88966424,25293.97327663553,44817692.796764
2026-07-06 00:00:00.000 UTC,uniswap_v3_0.3_ethusdt,1k-10k,480,2237295.5382906436,1262.2180200302803,2241062.333671
2026-07-06 00:00:00.000 UTC,uniswap_v3_1.0_ethusdc,0.5k-1k,22,13918.341421630428,7.8507920443819454,13957.280757999999
2026-07-06 00:00:00.000 UTC,uniswap_v3_1.0_ethusdc,1k-10k,8,11053.71934298495,6.216877109554131,11144.233493
2026-07-13 00:00:00.000 UTC,curve_usdcwbtcweth,0.5k-1k,2687,1835603.45312062,790.7210421624402,1549978.905343
2026-07-13 00:00:00.000 UTC,curve_usdcwbtcweth,10k-100k,35,479707.22671070066,95.20901063847371,479509.18670499994
2026-07-13 00:00:00.000 UTC,curve_usdcwbtcweth,1k-10k,2137,4718242.8773423415,1883.989747940054,4188422.335553001
2026-07-13 00:00:00.000 UTC,curve_usdt,0.5k-1k,16,11561.94843512094,4.398064099928016,11611.070041999998
2026-07-13 00:00:00.000 UTC,curve_usdt,10k-100k,1,11972.590070814691,6.642376650171499,11982.823402
2026-07-13 00:00:00.000 UTC,curve_usdt,1k-10k,54,127202.37674836771,63.50735310572454,128058.46819400003
2026-07-13 00:00:00.000 UTC,curve_usdtwbtcweth,0.5k-1k,2125,1552888.9660883339,684.9420401410597,1358748.6834200008
2026-07-13 00:00:00.000 UTC,curve_usdtwbtcweth,10k-100k,44,577389.2644595539,293.0594464854738,483066.94446
2026-07-13 00:00:00.000 UTC,curve_usdtwbtcweth,1k-10k,2460,5038181.951295808,2076.0568011092478,4322493.080418
2026-07-13 00:00:00.000 UTC,sushiv2_ethusdt,0.5k-1k,10,6602.749361614067,3.569945092177404,6652.753984999999
2026-07-13 00:00:00.000 UTC,uniswap_v3_0.01_ethusdc,0.5k-1k,12960,9585593.041423209,5188.871469070284,9585996.095338002
2026-07-13 00:00:00.000 UTC,uniswap_v3_0.01_ethusdc,100k+,235,83153615.9986094,43848.93051720719,83914196.572425
2026-07-13 00:00:00.000 UTC,uniswap_v3_0.01_ethusdc,10k-100k,3366,61703753.924572945,33544.5543728012,61731575.947267026
2026-07-13 00:00:00.000 UTC,uniswap_v3_0.01_ethusdc,1k-10k,41237,141525714.1307132,76936.2749790288,141566313.08192015
2026-07-13 00:00:00.000 UTC,uniswap_v3_0.01_ethusdt,0.5k-1k,14333,10302351.200820658,5582.627647121862,10312511.670340009
2026-07-13 00:00:00.000 UTC,uniswap_v3_0.01_ethusdt,100k+,186,40264926.59347941,21881.273011189012,39941122.625935994
2026-07-13 00:00:00.000 UTC,uniswap_v3_0.01_ethusdt,10k-100k,336,10103889.412401974,5467.268749144974,10118106.440784998
2026-07-13 00:00:00.000 UTC,uniswap_v3_0.01_ethusdt,1k-10k,12324,23187700.168609746,12578.137194197758,23216752.797985986
2026-07-13 00:00:00.000 UTC,uniswap_v3_0.05_ethusdc,0.5k-1k,1627,1272572.0115152614,689.6606985910784,1272847.4090079996
2026-07-13 00:00:00.000 UTC,uniswap_v3_0.05_ethusdc,100k+,1087,206659584.58998245,110364.38962870123,206869485.13140506
2026-07-13 00:00:00.000 UTC,uniswap_v3_0.05_ethusdc,10k-100k,9514,320524999.7376249,173230.49088952865,320698026.27933794
2026-07-13 00:00:00.000 UTC,uniswap_v3_0.05_ethusdc,1k-10k,7026,32108361.63705539,17401.995055659085,32119998.391680006
2026-07-13 00:00:00.000 UTC,uniswap_v3_0.05_ethusdt,0.5k-1k,1263,941843.493706774,506.69270322124817,942800.088118
2026-07-13 00:00:00.000 UTC,uniswap_v3_0.05_ethusdt,100k+,68,11955477.39764003,6424.200397229975,11974039.145175
2026-07-13 00:00:00.000 UTC,uniswap_v3_0.05_ethusdt,10k-100k,3152,65779179.116923004,35744.10595953197,65894327.284568995
2026-07-13 00:00:00.000 UTC,uniswap_v3_0.05_ethusdt,1k-10k,10024,42260620.64229137,22880.078388651647,42309679.330614984
2026-07-13 00:00:00.000 UTC,uniswap_v3_0.3_ethusdc,0.5k-1k,59,46516.38085243934,25.186251410767483,46559.56462599999
2026-07-13 00:00:00.000 UTC,uniswap_v3_0.3_ethusdc,100k+,5,664902.170675835,361.91428776258454,668763.622261
2026-07-13 00:00:00.000 UTC,uniswap_v3_0.3_ethusdc,10k-100k,514,11274324.010448994,6142.308165793502,11298029.527233
2026-07-13 00:00:00.000 UTC,uniswap_v3_0.3_ethusdc,1k-10k,1007,4420182.173619053,2400.439647299171,4425512.75386
2026-07-13 00:00:00.000 UTC,uniswap_v3_0.3_ethusdt,0.5k-1k,82,62909.92045691921,34.077577647113365,63049.096458
2026-07-13 00:00:00.000 UTC,uniswap_v3_0.3_ethusdt,100k+,431,91337571.33598587,49553.59953863599,91608430.60058199
2026-07-13 00:00:00.000 UTC,uniswap_v3_0.3_ethusdt,10k-100k,1131,47551835.79315525,25821.787667262826,47643708.216456
2026-07-13 00:00:00.000 UTC,uniswap_v3_0.3_ethusdt,1k-10k,545,2581690.2962547457,1394.084672335504,2586713.947189
2026-07-13 00:00:00.000 UTC,uniswap_v3_1.0_ethusdc,0.5k-1k,33,19976.940527501945,10.827403940136582,20036.650352999997
2026-07-13 00:00:00.000 UTC,uniswap_v3_1.0_ethusdc,1k-10k,8,11723.46321311198,6.311719556214232,11810.843943
2026-07-20 00:00:00.000 UTC,curve_usdcwbtcweth,0.5k-1k,2700,1892317.331182719,750.7728170943735,1596005.8782199998
2026-07-20 00:00:00.000 UTC,curve_usdcwbtcweth,10k-100k,63,848090.8242008304,173.88813109425928,816042.851573
2026-07-20 00:00:00.000 UTC,curve_usdcwbtcweth,1k-10k,2426,5379265.496842889,1860.2015750974174,4857722.685947011
2026-07-20 00:00:00.000 UTC,curve_usdt,0.5k-1k,17,13567.741235093277,7.026464329348738,13615.882686999998
2026-07-20 00:00:00.000 UTC,curve_usdt,1k-10k,23,47741.21581267316,23.984675933024864,47957.27043800001
2026-07-20 00:00:00.000 UTC,curve_usdtwbtcweth,0.5k-1k,1764,1302117.8624618722,569.9512954396102,1162769.3912710003
2026-07-20 00:00:00.000 UTC,curve_usdtwbtcweth,10k-100k,39,522344.98406318884,251.4669034741177,449319.92146499996
2026-07-20 00:00:00.000 UTC,curve_usdtwbtcweth,1k-10k,2100,4299147.584636347,1703.3873473268109,3840909.4840799985
2026-07-20 00:00:00.000 UTC,sushiv2_ethusdt,0.5k-1k,4,2210.3689410562934,1.149702432685851,2222.481471
2026-07-20 00:00:00.000 UTC,sushiv2_usdceth,0.5k-1k,1,963.482646875957,0.4918172640088048,963.984883
2026-07-20 00:00:00.000 UTC,sushiv2_usdceth,1k-10k,1,1270.87583854049,0.6469052669914923,1271.53831
2026-07-20 00:00:00.000 UTC,uniswap_v3_0.01_ethusdc,0.5k-1k,12918,9595887.384921493,5057.70108103341,9595293.211478
2026-07-20 00:00:00.000 UTC,uniswap_v3_0.01_ethusdc,100k+,179,61605403.64211266,32347.575872118898,61810752.33805001
2026-07-20 00:00:00.000 UTC,uniswap_v3_0.01_ethusdc,10k-100k,1534,29849836.386572942,15751.535692863843,29858054.49702199
2026-07-20 00:00:00.000 UTC,uniswap_v3_0.01_ethusdc,1k-10k,33869,102171191.46839175,53784.082875195294,102188575.03462982
2026-07-20 00:00:00.000 UTC,uniswap_v3_0.01_ethusdt,0.5k-1k,14208,10258565.780057032,5406.827749208107,10267475.219438998
2026-07-20 00:00:00.000 UTC,uniswap_v3_0.01_ethusdt,100k+,104,22717677.50218702,12026.785234804429,22616285.023044
2026-07-20 00:00:00.000 UTC,uniswap_v3_0.01_ethusdt,10k-100k,415,11421586.533205807,6028.67891556985,11419107.870275
2026-07-20 00:00:00.000 UTC,uniswap_v3_0.01_ethusdt,1k-10k,12176,24206570.90986809,12757.749741549635,24230739.054275017
2026-07-20 00:00:00.000 UTC,uniswap_v3_0.05_ethusdc,0.5k-1k,1417,1078736.4624472044,567.9245948046874,1078875.2052530004
2026-07-20 00:00:00.000 UTC,uniswap_v3_0.05_ethusdc,100k+,1552,291704499.80491114,152457.73098414292,291910851.66231
2026-07-20 00:00:00.000 UTC,uniswap_v3_0.05_ethusdc,10k-100k,8245,307369106.19408584,161610.196405069,307491173.85640085
2026-07-20 00:00:00.000 UTC,uniswap_v3_0.05_ethusdc,1k-10k,5873,25822379.52793451,13617.473693711054,25829759.306116994
2026-07-20 00:00:00.000 UTC,uniswap_v3_0.05_ethusdt,0.5k-1k,1329,1019264.6774806869,535.5982157465957,1020212.399576
2026-07-20 00:00:00.000 UTC,uniswap_v3_0.05_ethusdt,100k+,5,574284.8545849471,304.15721611312006,575151.7393349999
2026-07-20 00:00:00.000 UTC,uniswap_v3_0.05_ethusdt,10k-100k,1700,33474842.12082404,17808.05112866273,33519688.217915982
2026-07-20 00:00:00.000 UTC,uniswap_v3_0.05_ethusdt,1k-10k,8777,33559374.72702271,17716.066854576202,33595544.157712
2026-07-20 00:00:00.000 UTC,uniswap_v3_0.3_ethusdc,0.5k-1k,89,69970.49763304259,36.78456419055969,70033.56101199999
2026-07-20 00:00:00.000 UTC,uniswap_v3_0.3_ethusdc,100k+,2,202855.0370305944,108.36323261307896,202847.477342
2026-07-20 00:00:00.000 UTC,uniswap_v3_0.3_ethusdc,10k-100k,340,7377699.827591549,3921.160820576566,7390165.404019002
2026-07-20 00:00:00.000 UTC,uniswap_v3_0.3_ethusdc,1k-10k,948,3984730.843105723,2098.6533630654662,3989416.2872210005
2026-07-20 00:00:00.000 UTC,uniswap_v3_0.3_ethusdt,0.5k-1k,129,95075.26825861362,50.16432930852616,95232.65861700001
2026-07-20 00:00:00.000 UTC,uniswap_v3_0.3_ethusdt,100k+,347,67892090.78425118,35832.3746136425,68061260.346943
2026-07-20 00:00:00.000 UTC,uniswap_v3_0.3_ethusdt,10k-100k,1025,41019848.06888199,21617.22166045627,41096762.262724005
2026-07-20 00:00:00.000 UTC,uniswap_v3_0.3_ethusdt,1k-10k,453,2049311.0506411074,1079.5535243836102,2052838.9701070003
2026-07-20 00:00:00.000 UTC,uniswap_v3_1.0_ethusdc,0.5k-1k,30,18704.36673438939,9.840291731394412,18744.225259
2026-07-20 00:00:00.000 UTC,uniswap_v3_1.0_ethusdc,1k-10k,4,5081.109462944113,2.6329008779681877,5100.775541999999
2026-07-27 00:00:00.000 UTC,curve_usdcwbtcweth,0.5k-1k,2138,1478339.5638776962,630.1561581374767,1257833.4276669992
2026-07-27 00:00:00.000 UTC,curve_usdcwbtcweth,10k-100k,26,352482.79879064765,131.06793774277065,352651.357991
2026-07-27 00:00:00.000 UTC,curve_usdcwbtcweth,1k-10k,1940,4249603.84950343,1665.2560525779845,3799842.213132
2026-07-27 00:00:00.000 UTC,curve_usdt,0.5k-1k,3,2573.0591923098027,0.8930931715937913,1853.021548
2026-07-27 00:00:00.000 UTC,curve_usdt,1k-10k,22,65326.57299908537,11.711728843835129,65417.407859
2026-07-27 00:00:00.000 UTC,curve_usdtwbtcweth,0.5k-1k,1620,1162278.9382312214,502.5864562448104,1008620.2845069992
2026-07-27 00:00:00.000 UTC,curve_usdtwbtcweth,10k-100k,36,497283.98358468624,212.96053023832107,485770.04225300014
2026-07-27 00:00:00.000 UTC,curve_usdtwbtcweth,1k-10k,2261,5065541.191299573,2023.9033338667834,4534962.872105002
2026-07-27 00:00:00.000 UTC,sushiv2_ethusdt,0.5k-1k,12,7343.193444584268,3.878007787260053,7374.533373
2026-07-27 00:00:00.000 UTC,sushiv2_ethusdt,1k-10k,2,2486.987853626675,1.2953091705468316,2501.3762429999997
2026-07-27 00:00:00.000 UTC,sushiv2_usdceth,0.5k-1k,1,644.547916467546,0.3483608038466541,644.724571
2026-07-27 00:00:00.000 UTC,uniswap_v3_0.01_ethusdc,0.5k-1k,14228,10576445.572267339,5571.149818741967,10577718.378151998
2026-07-27 00:00:00.000 UTC,uniswap_v3_0.01_ethusdc,100k+,222,82771606.83857019,42989.5565290256,84113927.419438
2026-07-27 00:00:00.000 UTC,uniswap_v3_0.01_ethusdc,10k-100k,1634,30687587.507173013,16211.92176863953,30698034.72708899
2026-07-27 00:00:00.000 UTC,uniswap_v3_0.01_ethusdc,1k-10k,35484,109976341.55405203,57947.6862522789,110016213.124929
2026-07-27 00:00:00.000 UTC,uniswap_v3_0.01_ethusdt,0.5k-1k,13628,9955842.367821397,5245.3139179201635,9967273.707809005
2026-07-27 00:00:00.000 UTC,uniswap_v3_0.01_ethusdt,100k+,116,26007574.493049983,13732.266385878997,25973963.976574
2026-07-27 00:00:00.000 UTC,uniswap_v3_0.01_ethusdt,10k-100k,556,15474336.839384127,8174.18130749842,15470425.99396
2026-07-27 00:00:00.000 UTC,uniswap_v3_0.01_ethusdt,1k-10k,18797,42903327.43685753,22560.235327506583,42963507.04647597
2026-07-27 00:00:00.000 UTC,uniswap_v3_0.05_ethusdc,0.5k-1k,2052,1516016.9948405134,797.6665069457299,1516395.2928339995
2026-07-27 00:00:00.000 UTC,uniswap_v3_0.05_ethusdc,100k+,2024,384238709.6208983,201163.77272257523,384580163.7983101
2026-07-27 00:00:00.000 UTC,uniswap_v3_0.05_ethusdc,10k-100k,8294,310866145.4082632,163480.04893944386,311041726.5255499
2026-07-27 00:00:00.000 UTC,uniswap_v3_0.05_ethusdc,1k-10k,5806,24495807.338896196,12925.80641210536,24505854.319209997
2026-07-27 00:00:00.000 UTC,uniswap_v3_0.05_ethusdt,0.5k-1k,1271,965945.4863358323,507.90260144313265,967185.1760060003
2026-07-27 00:00:00.000 UTC,uniswap_v3_0.05_ethusdt,100k+,27,3884085.44266364,2087.5677512541806,3892828.6569959996
2026-07-27 00:00:00.000 UTC,uniswap_v3_0.05_ethusdt,10k-100k,2562,54604918.182107024,29016.601913537987,54686757.381507
2026-07-27 00:00:00.000 UTC,uniswap_v3_0.05_ethusdt,1k-10k,8619,36125334.80219463,19051.901171415328,36177993.41076801
2026-07-27 00:00:00.000 UTC,uniswap_v3_0.3_ethusdc,0.5k-1k,211,167880.44768861379,88.11636914103879,168043.18065100003
2026-07-27 00:00:00.000 UTC,uniswap_v3_0.3_ethusdc,100k+,5,577623.3887929018,310.53662069003474,580289.192201
2026-07-27 00:00:00.000 UTC,uniswap_v3_0.3_ethusdc,10k-100k,353,7840119.32393863,4169.136498529744,7852471.741665
2026-07-27 00:00:00.000 UTC,uniswap_v3_0.3_ethusdc,1k-10k,999,4199352.975153461,2210.982074668933,4204949.019681
2026-07-27 00:00:00.000 UTC,uniswap_v3_0.3_ethusdt,0.5k-1k,185,140211.57315770304,73.9476474273118,140577.15230400002
2026-07-27 00:00:00.000 UTC,uniswap_v3_0.3_ethusdt,100k+,407,87024392.75286244,45957.57298905541,87269922.553417
2026-07-27 00:00:00.000 UTC,uniswap_v3_0.3_ethusdt,10k-100k,1154,46606197.20864216,24556.51579258802,46708528.158700004
2026-07-27 00:00:00.000 UTC,uniswap_v3_0.3_ethusdt,1k-10k,449,1942283.7179227332,1023.6804965657707,1946052.2991830003
2026-07-27 00:00:00.000 UTC,uniswap_v3_1.0_ethusdc,0.5k-1k,41,28749.188814088382,15.249017861044099,28818.126343
2026-07-27 00:00:00.000 UTC,uniswap_v3_1.0_ethusdc,1k-10k,5,5773.405841707722,3.0563243150908876,5799.036561
2026-08-03 00:00:00.000 UTC,curve_usdcwbtcweth,0.5k-1k,2503,1808845.3097780626,724.6528216094766,1524677.0515870003
2026-08-03 00:00:00.000 UTC,curve_usdcwbtcweth,10k-100k,38,591522.1662299453,117.5532770511042,580986.010601
2026-08-03 00:00:00.000 UTC,curve_usdcwbtcweth,1k-10k,3310,7442830.239207626,2694.676642487073,6405528.393278016
2026-08-03 00:00:00.000 UTC,curve_usdt,0.5k-1k,84,57472.84028360767,25.56379480208117,49415.697451000015
2026-08-03 00:00:00.000 UTC,curve_usdt,10k-100k,2,33426.56139916555,17.71197466278879,33648.935047
2026-08-03 00:00:00.000 UTC,curve_usdt,1k-10k,71,175249.11227160427,60.69484608628506,172093.929752
2026-08-03 00:00:00.000 UTC,curve_usdtwbtcweth,0.5k-1k,1409,1085096.737748034,448.53303571224006,915592.212494999
2026-08-03 00:00:00.000 UTC,curve_usdtwbtcweth,10k-100k,41,586427.6380384329,253.52893285730667,565753.2302079998
2026-08-03 00:00:00.000 UTC,curve_usdtwbtcweth,1k-10k,3222,7346557.90494951,2791.773431803113,6350914.972420001
2026-08-03 00:00:00.000 UTC,sushiv2_ethusdt,0.5k-1k,4,2750.748346898495,1.4581377777055076,2763.6758259999997
2026-08-03 00:00:00.000 UTC,sushiv2_usdceth,0.5k-1k,1,593.2581093775801,0.3199999992872773,593.293707
2026-08-03 00:00:00.000 UTC,uniswap_v3_0.01_ethusdc,0.5k-1k,10932,8132893.099357326,4294.954872321103,8133162.450305
2026-08-03 00:00:00.000 UTC,uniswap_v3_0.01_ethusdc,100k+,110,28934782.071940295,15188.33501410628,29129109.195905
2026-08-03 00:00:00.000 UTC,uniswap_v3_0.01_ethusdc,10k-100k,1469,29316404.08025878,15489.2299189265,29321172.216128998
2026-08-03 00:00:00.000 UTC,uniswap_v3_0.01_ethusdc,1k-10k,30248,92192709.3154082,48772.807795260924,92209546.7068471
2026-08-03 00:00:00.000 UTC,uniswap_v3_0.01_ethusdt,0.5k-1k,11746,8624418.55922999,4560.437504599208,8632028.239699993
2026-08-03 00:00:00.000 UTC,uniswap_v3_0.01_ethusdt,100k+,122,32168644.933287315,16887.639242102567,32272470.293979004
2026-08-03 00:00:00.000 UTC,uniswap_v3_0.01_ethusdt,10k-100k,377,10942073.81138832,5780.479425019321,10943429.86465
2026-08-03 00:00:00.000 UTC,uniswap_v3_0.01_ethusdt,1k-10k,14198,29193788.315893188,15404.809429186762,29226869.37240501
2026-08-03 00:00:00.000 UTC,uniswap_v3_0.05_ethusdc,0.5k-1k,1258,939664.2081639088,496.87850157353256,939912.7563
2026-08-03 00:00:00.000 UTC,uniswap_v3_0.05_ethusdc,100k+,1018,189742342.00388777,99763.59891169726,189888672.04393202
2026-08-03 00:00:00.000 UTC,uniswap_v3_0.05_ethusdc,10k-100k,6368,228734293.8449575,121056.30663946341,228830906.14293796
2026-08-03 00:00:00.000 UTC,uniswap_v3_0.05_ethusdc,1k-10k,4320,18780820.100636147,9949.071763756372,18786640.89105401
2026-08-03 00:00:00.000 UTC,uniswap_v3_0.05_ethusdt,0.5k-1k,858,643978.2717113765,340.02835291929244,644652.082335
2026-08-03 00:00:00.000 UTC,uniswap_v3_0.05_ethusdt,100k+,20,2857983.514271837,1520.0288374108873,2863561.351669
2026-08-03 00:00:00.000 UTC,uniswap_v3_0.05_ethusdt,10k-100k,2422,53035801.9228273,28316.30552320378,53112053.24967399
2026-08-03 00:00:00.000 UTC,uniswap_v3_0.05_ethusdt,1k-10k,6155,26621205.568418447,14113.613015108363,26652820.01502601
2026-08-03 00:00:00.000 UTC,uniswap_v3_0.3_ethusdc,0.5k-1k,93,75479.85427619918,40.05985935039219,75543.997907
2026-08-03 00:00:00.000 UTC,uniswap_v3_0.3_ethusdc,100k+,1,112220.4353966746,59.33570671538566,112746.230344
2026-08-03 00:00:00.000 UTC,uniswap_v3_0.3_ethusdc,10k-100k,191,4375530.453050955,2344.529352368664,4382768.457777
2026-08-03 00:00:00.000 UTC,uniswap_v3_0.3_ethusdc,1k-10k,537,2113106.1295521455,1123.019139704131,2115368.8871299997
2026-08-03 00:00:00.000 UTC,uniswap_v3_0.3_ethusdt,0.5k-1k,157,117026.78148742171,62.12705414369873,117322.716777
2026-08-03 00:00:00.000 UTC,uniswap_v3_0.3_ethusdt,100k+,200,43579326.526139885,23196.612528621816,43691799.252560996
2026-08-03 00:00:00.000 UTC,uniswap_v3_0.3_ethusdt,10k-100k,625,24232309.284865174,12873.218306281698,24276883.966574
2026-08-03 00:00:00.000 UTC,uniswap_v3_0.3_ethusdt,1k-10k,302,1338845.4899949995,712.3211089732896,1341316.754912
2026-08-03 00:00:00.000 UTC,uniswap_v3_1.0_ethusdc,0.5k-1k,12,8413.7073237809,4.453627458256784,8432.616184
2026-08-10 00:00:00.000 UTC,curve_usdcwbtcweth,0.5k-1k,2406,1685732.4737521347,645.9298265821536,1371161.1668080003
2026-08-10 00:00:00.000 UTC,curve_usdcwbtcweth,10k-100k,19,248846.4891192813,120.13139006364786,223785.243113
2026-08-10 00:00:00.000 UTC,curve_usdcwbtcweth,1k-10k,2015,4180382.052374056,1485.1001465135914,3673258.2496619998
2026-08-10 00:00:00.000 UTC,curve_usdt,0.5k-1k,118,82361.8305927518,33.356333289838986,72751.82189699999
2026-08-10 00:00:00.000 UTC,curve_usdt,10k-100k,3,37283.427037945075,19.83466643425639,37777.68063
2026-08-10 00:00:00.000 UTC,curve_usdt,1k-10k,87,195660.2754915613,82.63850745223988,185166.945753
2026-08-10 00:00:00.000 UTC,curve_usdtwbtcweth,0.5k-1k,1549,1167646.0120265875,474.99571858106145,978966.6839469993
2026-08-10 00:00:00.000 UTC,curve_usdtwbtcweth,10k-100k,33,401975.7324611555,187.77165201200847,379224.8540490001
2026-08-10 00:00:00.000 UTC,curve_usdtwbtcweth,1k-10k,2132,4713339.830618285,1837.7263295811583,4046290.438379001
2026-08-10 00:00:00.000 UTC,sushiv2_ethusdt,0.5k-1k,3,1865.7250834096437,0.991934303641141,1869.1067890000002
2026-08-10 00:00:00.000 UTC,uniswap_v3_0.01_ethusdc,0.5k-1k,11731,8713968.740445752,4625.536673083981,8714263.773806993
2026-08-10 00:00:00.000 UTC,uniswap_v3_0.01_ethusdc,100k+,139,62892528.686514564,33174.29539429974,63484516.744098
2026-08-10 00:00:00.000 UTC,uniswap_v3_0.01_ethusdc,10k-100k,1659,29607301.003486402,15718.459342688737,29609255.843919
2026-08-10 00:00:00.000 UTC,uniswap_v3_0.01_ethusdc,1k-10k,31979,99314164.57856545,52708.04798736519,99330126.93909498
2026-08-10 00:00:00.000 UTC,uniswap_v3_0.01_ethusdt,0.5k-1k,13460,9813691.177368822,5208.536523241404,9823586.113081016
2026-08-10 00:00:00.000 UTC,uniswap_v3_0.01_ethusdt,100k+,97,21166028.641033057,11393.007914187989,20886162.195178
2026-08-10 00:00:00.000 UTC,uniswap_v3_0.01_ethusdt,10k-100k,304,10823931.705998398,5757.304250755316,10819494.408467
2026-08-10 00:00:00.000 UTC,uniswap_v3_0.01_ethusdt,1k-10k,14668,29580836.934001267,15691.784584293033,29614072.05540597
2026-08-10 00:00:00.000 UTC,uniswap_v3_0.05_ethusdc,0.5k-1k,1118,842183.0508677358,447.390923829948,842299.238672
2026-08-10 00:00:00.000 UTC,uniswap_v3_0.05_ethusdc,100k+,671,138103378.87023544,72939.65384793568,138204035.38596395
2026-08-10 00:00:00.000 UTC,uniswap_v3_0.05_ethusdc,10k-100k,5397,181642994.76036918,96318.948567069,181716223.0745779
2026-08-10 00:00:00.000 UTC,uniswap_v3_0.05_ethusdc,1k-10k,4205,18584983.161423627,9869.244424126204,18590685.440194007
2026-08-10 00:00:00.000 UTC,uniswap_v3_0.05_ethusdt,0.5k-1k,857,649594.3632138387,344.7774485550125,650359.806419
2026-08-10 00:00:00.000 UTC,uniswap_v3_0.05_ethusdt,100k+,11,1826106.4007198177,971.3795094853774,1829177.8820119998
2026-08-10 00:00:00.000 UTC,uniswap_v3_0.05_ethusdt,10k-100k,1347,26488711.17654015,14078.93348150366,26524369.954067003
2026-08-10 00:00:00.000 UTC,uniswap_v3_0.05_ethusdt,1k-10k,6481,25775340.31511168,13681.96191719453,25807640.031726025
2026-08-10 00:00:00.000 UTC,uniswap_v3_0.3_ethusdc,0.5k-1k,68,53544.961682235975,28.429210616933986,53584.430868
2026-08-10 00:00:00.000 UTC,uniswap_v3_0.3_ethusdc,10k-100k,60,1077342.407725028,571.1276384963949,1078773.683731
2026-08-10 00:00:00.000 UTC,uniswap_v3_0.3_ethusdc,1k-10k,465,1611679.0208233744,854.3413285541088,1613357.4373220003
2026-08-10 00:00:00.000 UTC,uniswap_v3_0.3_ethusdt,0.5k-1k,85,61326.08030498499,32.53054315392801,61456.51531
2026-08-10 00:00:00.000 UTC,uniswap_v3_0.3_ethusdt,100k+,155,33611088.78132763,17814.669665957885,33682078.589611
2026-08-10 00:00:00.000 UTC,uniswap_v3_0.3_ethusdt,10k-100k,492,19535208.40585155,10364.110396173584,19570869.985797998
2026-08-10 00:00:00.000 UTC,uniswap_v3_0.3_ethusdt,1k-10k,256,1183640.4119168483,628.0169652230617,1185682.715862
2026-08-10 00:00:00.000 UTC,uniswap_v3_1.0_ethusdc,0.5k-1k,12,7790.630012528489,4.138419848062,7799.795706
2026-08-10 00:00:00.000 UTC,uniswap_v3_1.0_ethusdc,1k-10k,1,1387.5449218124127,0.7325190563941762,1391.451666
2026-08-17 00:00:00.000 UTC,curve_usdcwbtcweth,0.5k-1k,1973,1332695.6390497042,441.9583015880561,1136168.2272879984
2026-08-17 00:00:00.000 UTC,curve_usdcwbtcweth,10k-100k,9,109585.09837810036,47.84062526685016,110624.18178299999
2026-08-17 00:00:00.000 UTC,curve_usdcwbtcweth,1k-10k,1289,2639374.0697676777,839.8248835939446,2389823.711893001
2026-08-17 00:00:00.000 UTC,curve_usdt,0.5k-1k,141,100937.57306939377,28.186349105473347,77682.12470700001
2026-08-17 00:00:00.000 UTC,curve_usdt,10k-100k,28,512226.45038586936,207.9705065139591,435713.55252499995
2026-08-17 00:00:00.000 UTC,curve_usdt,1k-10k,419,1239672.4214088062,378.3965687058251,1117504.583567999
2026-08-17 00:00:00.000 UTC,curve_usdtwbtcweth,0.5k-1k,1517,1132003.3050179721,426.77585143361085,983562.1478029999
2026-08-17 00:00:00.000 UTC,curve_usdtwbtcweth,10k-100k,149,2461328.0043557095,826.2377903375275,2201891.427793
2026-08-17 00:00:00.000 UTC,curve_usdtwbtcweth,1k-10k,4000,10443447.250605898,3401.188500231068,9106169.374561021
2026-08-17 00:00:00.000 UTC,sushiv2_ethusdt,0.5k-1k,68,44294.60675456241,19.27422263123621,44472.87054
2026-08-17 00:00:00.000 UTC,sushiv2_ethusdt,1k-10k,22,36682.62008996435,16.19983655708444,37013.695918000005
2026-08-17 00:00:00.000 UTC,sushiv2_usdceth,0.5k-1k,27,18102.666289586567,7.883906995277883,18216.789923999993
2026-08-17 00:00:00.000 UTC,sushiv2_usdceth,1k-10k,7,8001.314325932242,3.5401222898805407,8048.723096999999
2026-08-17 00:00:00.000 UTC,uniswap_v3_0.01_ethusdc,0.5k-1k,16765,12393397.172188556,5556.048869211147,12395472.393966991
2026-08-17 00:00:00.000 UTC,uniswap_v3_0.01_ethusdc,100k+,391,117237557.71436699,52675.299658914766,116290565.051944
2026-08-17 00:00:00.000 UTC,uniswap_v3_0.01_ethusdc,10k-100k,8124,154855319.08825737,68194.2112593858,154969475.16382885
2026-08-17 00:00:00.000 UTC,uniswap_v3_0.01_ethusdc,1k-10k,57257,202714517.14400718,90287.92545860601,202805138.50118023
2026-08-17 00:00:00.000 UTC,uniswap_v3_0.01_ethusdt,0.5k-1k,16828,12444819.186535545,5655.50046758387,12454563.24792999
2026-08-17 00:00:00.000 UTC,uniswap_v3_0.01_ethusdt,100k+,202,53186080.22242058,26997.135176191925,50170332.094707005
2026-08-17 00:00:00.000 UTC,uniswap_v3_0.01_ethusdt,10k-100k,2035,41485598.81571938,18572.070822389054,41568129.305714026
2026-08-17 00:00:00.000 UTC,uniswap_v3_0.01_ethusdt,1k-10k,32348,83917187.10389411,37288.01981535361,84006696.95078194
2026-08-17 00:00:00.000 UTC,uniswap_v3_0.05_ethusdc,0.5k-1k,2375,1738376.5020019966,771.6079021647952,1738720.7769260006
2026-08-17 00:00:00.000 UTC,uniswap_v3_0.05_ethusdc,100k+,2096,451343591.25437987,209577.45257683337,452565074.019029
2026-08-17 00:00:00.000 UTC,uniswap_v3_0.05_ethusdc,10k-100k,13484,473794110.44584197,212204.53802859454,474165474.6937012
2026-08-17 00:00:00.000 UTC,uniswap_v3_0.05_ethusdc,1k-10k,10787,48079115.115289085,21146.136686302583,48104275.982372016
2026-08-17 00:00:00.000 UTC,uniswap_v3_0.05_ethusdt,0.5k-1k,2211,1676758.1163332206,738.1609328609861,1678296.7257499998
2026-08-17 00:00:00.000 UTC,uniswap_v3_0.05_ethusdt,100k+,32,6453006.778352095,2831.389860394959,6461942.601167
2026-08-17 00:00:00.000 UTC,uniswap_v3_0.05_ethusdt,10k-100k,2718,61128303.23338717,27182.272774078825,61278032.29075599
2026-08-17 00:00:00.000 UTC,uniswap_v3_0.05_ethusdt,1k-10k,15268,58341322.07631484,25919.499952902093,58411017.35829696
2026-08-17 00:00:00.000 UTC,uniswap_v3_0.3_ethusdc,0.5k-1k,139,112166.89850694574,52.12313854593407,112322.01222900001
2026-08-17 00:00:00.000 UTC,uniswap_v3_0.3_ethusdc,100k+,113,23113002.136197723,9528.210335942445,23202973.612147
2026-08-17 00:00:00.000 UTC,uniswap_v3_0.3_ethusdc,10k-100k,1083,32340816.382078156,13656.551618915168,32415495.909817994
2026-08-17 00:00:00.000 UTC,uniswap_v3_0.3_ethusdc,1k-10k,1056,4876602.082936874,2151.5030662950903,4885363.9986189995
2026-08-17 00:00:00.000 UTC,uniswap_v3_0.3_ethusdt,0.5k-1k,288,209313.95802811877,89.25316491832413,209756.728967
2026-08-17 00:00:00.000 UTC,uniswap_v3_0.3_ethusdt,100k+,1067,363315849.6518772,155743.06776409782,364451500.1576671
2026-08-17 00:00:00.000 UTC,uniswap_v3_0.3_ethusdt,10k-100k,1728,74113726.4971186,32440.793952107073,74274164.23111403
2026-08-17 00:00:00.000 UTC,uniswap_v3_0.3_ethusdt,1k-10k,1064,4761785.901421295,2093.977689148272,4770730.497473
2026-08-17 00:00:00.000 UTC,uniswap_v3_1.0_ethusdc,0.5k-1k,70,49790.46039339446,21.598499934195555,49994.82302
2026-08-17 00:00:00.000 UTC,uniswap_v3_1.0_ethusdc,1k-10k,57,130495.41171686468,58.271407630256334,131902.970577
2026-08-24 00:00:00.000 UTC,curve_usdcwbtcweth,0.5k-1k,2700,1816853.9324269963,546.0305853555079,1557717.2513370016
2026-08-24 00:00:00.000 UTC,curve_usdcwbtcweth,10k-100k,5,62581.70936542165,25.210695311275924,62468.02442200001
2026-08-24 00:00:00.000 UTC,curve_usdcwbtcweth,1k-10k,1787,3498081.6662067096,968.2960035349222,3175325.9648969965
2026-08-24 00:00:00.000 UTC,curve_usdt,0.5k-1k,224,161408.43521850524,45.22258921574339,149046.84879299995
2026-08-24 00:00:00.000 UTC,curve_usdt,10k-100k,38,832620.7668496033,220.09146414982206,801037.1363869999
2026-08-24 00:00:00.000 UTC,curve_usdt,1k-10k,534,1566974.2557661843,465.0888075429899,1462817.9300199996
2026-08-24 00:00:00.000 UTC,curve_usdtwbtcweth,0.5k-1k,1987,1516875.3960212588,446.56378015625677,1348999.2072529998
2026-08-24 00:00:00.000 UTC,curve_usdtwbtcweth,10k-100k,136,1910403.874242444,623.9999407957882,1813805.2684499992
2026-08-24 00:00:00.000 UTC,curve_usdtwbtcweth,1k-10k,5209,12643434.665984973,3812.7357496370128,11077497.553743016
2026-08-24 00:00:00.000 UTC,sushiv2_ethusdt,0.5k-1k,34,21725.256476635866,8.768798993674148,21772.133373999997
2026-08-24 00:00:00.000 UTC,sushiv2_ethusdt,1k-10k,3,3727.2353429497657,1.5034206152266463,3733.394158
2026-08-24 00:00:00.000 UTC,sushiv2_usdceth,0.5k-1k,3,1892.961375915677,0.7654809340380881,1892.6195630000002
2026-08-24 00:00:00.000 UTC,uniswap_v3_0.01_ethusdc,0.5k-1k,18719,13837056.870490856,5593.939670728122,13835955.353460006
2026-08-24 00:00:00.000 UTC,uniswap_v3_0.01_ethusdc,100k+,285,86588280.73108956,35167.640921807455,86015475.879556
2026-08-24 00:00:00.000 UTC,uniswap_v3_0.01_ethusdc,10k-100k,2880,53812230.96209331,21722.803385721632,53806990.496917956
2026-08-24 00:00:00.000 UTC,uniswap_v3_0.01_ethusdc,1k-10k,51298,157735097.8477921,63694.28341758344,157749166.43672517
2026-08-24 00:00:00.000 UTC,uniswap_v3_0.01_ethusdt,0.5k-1k,17422,12692370.550262641,5132.7992296594275,12692620.976388
2026-08-24 00:00:00.000 UTC,uniswap_v3_0.01_ethusdt,100k+,90,22684259.289508358,9416.96814226345,22010145.104036998
2026-08-24 00:00:00.000 UTC,uniswap_v3_0.01_ethusdt,10k-100k,483,13718131.529523352,5529.293438182975,13704760.570194002
2026-08-24 00:00:00.000 UTC,uniswap_v3_0.01_ethusdt,1k-10k,24226,51479650.640726924,20730.042546287546,51484984.63996795
2026-08-24 00:00:00.000 UTC,uniswap_v3_0.05_ethusdc,0.5k-1k,1900,1415842.2491414933,571.6511287689366,1415690.6750989999
2026-08-24 00:00:00.000 UTC,uniswap_v3_0.05_ethusdc,100k+,819,148683891.77972797,60021.179493426476,148733886.60771
2026-08-24 00:00:00.000 UTC,uniswap_v3_0.05_ethusdc,10k-100k,10571,332044196.5538132,134019.55265443405,332152796.40549564
2026-08-24 00:00:00.000 UTC,uniswap_v3_0.05_ethusdc,1k-10k,10092,45937833.03611483,18560.937743673294,45946505.85835598
2026-08-24 00:00:00.000 UTC,uniswap_v3_0.05_ethusdt,0.5k-1k,1903,1441657.0266343572,583.0676362236441,1441854.4585620002
2026-08-24 00:00:00.000 UTC,uniswap_v3_0.05_ethusdt,100k+,14,2041589.6409594486,822.5245655217321,2044066.8085079999
2026-08-24 00:00:00.000 UTC,uniswap_v3_0.05_ethusdt,10k-100k,1861,35058277.32272435,14114.681826622284,35069413.21248999
2026-08-24 00:00:00.000 UTC,uniswap_v3_0.05_ethusdt,1k-10k,12555,47062300.0117998,18991.054629419716,47078387.05897896
2026-08-24 00:00:00.000 UTC,uniswap_v3_0.3_ethusdc,0.5k-1k,60,45343.97954836785,18.338248246787803,45396.816946
2026-08-24 00:00:00.000 UTC,uniswap_v3_0.3_ethusdc,100k+,90,15387753.91803968,6217.57441206982,15412458.895529002
2026-08-24 00:00:00.000 UTC,uniswap_v3_0.3_ethusdc,10k-100k,1133,34638079.387197666,13984.111197377068,34686137.904481
2026-08-24 00:00:00.000 UTC,uniswap_v3_0.3_ethusdc,1k-10k,691,3555047.7188809244,1437.3460793977517,3558354.307339001
2026-08-24 00:00:00.000 UTC,uniswap_v3_0.3_ethusdt,0.5k-1k,140,101658.67208325022,41.07462958608798,101816.62081800001
2026-08-24 00:00:00.000 UTC,uniswap_v3_0.3_ethusdt,100k+,905,300080104.1250761,121188.07180649249,300417883.17453396
2026-08-24 00:00:00.000 UTC,uniswap_v3_0.3_ethusdt,10k-100k,1338,58229505.72135982,23524.437093261957,58288997.50930401
2026-08-24 00:00:00.000 UTC,uniswap_v3_0.3_ethusdt,1k-10k,622,2972677.5103433374,1201.5170553613705,2975756.2761820005
2026-08-24 00:00:00.000 UTC,uniswap_v3_1.0_ethusdc,0.5k-1k,48,32803.029090372445,13.268062960374497,32880.646639
2026-08-24 00:00:00.000 UTC,uniswap_v3_1.0_ethusdc,1k-10k,23,36416.70356523049,14.751091444761325,36466.436719000005
2026-08-31 00:00:00.000 UTC,curve_usdcwbtcweth,0.5k-1k,2410,1621228.6681832983,496.80359611475893,1408080.2581699989
2026-08-31 00:00:00.000 UTC,curve_usdcwbtcweth,10k-100k,6,97131.3389139961,30.56999469255953,55730.651307
2026-08-31 00:00:00.000 UTC,curve_usdcwbtcweth,1k-10k,1446,2806016.3784097075,802.8365640874065,2587919.0663809986
2026-08-31 00:00:00.000 UTC,curve_usdt,0.5k-1k,167,122474.75839572716,36.192217719924145,109533.751288
2026-08-31 00:00:00.000 UTC,curve_usdt,10k-100k,41,827243.6026414465,270.8406336947945,803301.029934
2026-08-31 00:00:00.000 UTC,curve_usdt,1k-10k,398,1037561.1853504248,292.8330382907434,962598.7966740003
2026-08-31 00:00:00.000 UTC,curve_usdtwbtcweth,0.5k-1k,1716,1312966.971616114,423.4470147055464,1188813.6901499997
2026-08-31 00:00:00.000 UTC,curve_usdtwbtcweth,10k-100k,87,1295994.3762869653,383.8163719647722,1189569.1879800002
2026-08-31 00:00:00.000 UTC,curve_usdtwbtcweth,1k-10k,4029,9395282.138795536,2795.3077583006184,8444940.78779801
2026-08-31 00:00:00.000 UTC,sushiv2_ethusdt,0.5k-1k,20,13563.53323836523,5.503525777368291,13599.422867
2026-08-31 00:00:00.000 UTC,sushiv2_ethusdt,1k-10k,44,101864.47597054025,41.40960302574867,101472.66746199998
2026-08-31 00:00:00.000 UTC,sushiv2_usdceth,0.5k-1k,1,583.28265817854,0.23273164711049352,583.262244
2026-08-31 00:00:00.000 UTC,sushiv2_usdceth,1k-10k,1,1028.100987275175,0.4181455502848718,1028.065005
2026-08-31 00:00:00.000 UTC,uniswap_v3_0.01_ethusdc,0.5k-1k,16444,12049602.316570602,4907.600202239859,12047497.887685006
2026-08-31 00:00:00.000 UTC,uniswap_v3_0.01_ethusdc,100k+,194,54702585.17898409,22309.517239708868,54524744.970524
2026-08-31 00:00:00.000 UTC,uniswap_v3_0.01_ethusdc,10k-100k,2415,48220787.21666467,19616.815377636685,48211385.98360905
2026-08-31 00:00:00.000 UTC,uniswap_v3_0.01_ethusdc,1k-10k,48057,148537842.20779687,60578.73113093944,148533021.5274459
2026-08-31 00:00:00.000 UTC,uniswap_v3_0.01_ethusdt,0.5k-1k,16375,11790831.822562553,4805.027350108905,11791361.764150001
2026-08-31 00:00:00.000 UTC,uniswap_v3_0.01_ethusdt,100k+,107,24652532.76812858,10263.947048720467,23965492.171463
2026-08-31 00:00:00.000 UTC,uniswap_v3_0.01_ethusdt,10k-100k,453,13727378.406578362,5600.253311939057,13706166.468458999
2026-08-31 00:00:00.000 UTC,uniswap_v3_0.01_ethusdt,1k-10k,18952,38498047.27998729,15695.925336261407,38501740.305063955
2026-08-31 00:00:00.000 UTC,uniswap_v3_0.05_ethusdc,0.5k-1k,2364,1755474.477481118,712.6765945628702,1755637.7564930008
2026-08-31 00:00:00.000 UTC,uniswap_v3_0.05_ethusdc,100k+,656,116287030.97131759,47215.695368987785,116308756.20170699
2026-08-31 00:00:00.000 UTC,uniswap_v3_0.05_ethusdc,10k-100k,9859,302112500.79711294,123233.23018805493,302173183.90926826
2026-08-31 00:00:00.000 UTC,uniswap_v3_0.05_ethusdc,1k-10k,10679,47927330.99948976,19552.186624647722,47932380.80078
2026-08-31 00:00:00.000 UTC,uniswap_v3_0.05_ethusdt,0.5k-1k,1985,1494528.2222605036,624.129439492519,1494689.8950929996
2026-08-31 00:00:00.000 UTC,uniswap_v3_0.05_ethusdt,100k+,31,23761551.514913566,9569.203504019375,23580271.439892996
2026-08-31 00:00:00.000 UTC,uniswap_v3_0.05_ethusdt,10k-100k,1052,20863910.747164175,8475.025623043122,20862391.268421993
2026-08-31 00:00:00.000 UTC,uniswap_v3_0.05_ethusdt,1k-10k,11123,37708892.90286628,15369.120725588438,37718326.78284696
2026-08-31 00:00:00.000 UTC,uniswap_v3_0.3_ethusdc,0.5k-1k,70,50514.82481921816,20.623065083944958,50557.397083
2026-08-31 00:00:00.000 UTC,uniswap_v3_0.3_ethusdc,100k+,46,8150856.784984703,3301.2591207727037,8166332.585026
2026-08-31 00:00:00.000 UTC,uniswap_v3_0.3_ethusdc,10k-100k,835,22439606.0152837,9148.627508475616,22466076.478929996
2026-08-31 00:00:00.000 UTC,uniswap_v3_0.3_ethusdc,1k-10k,853,4115953.529314015,1683.796936003625,4119736.6268379996
2026-08-31 00:00:00.000 UTC,uniswap_v3_0.3_ethusdt,0.5k-1k,158,118513.37578786982,48.27957828397092,118660.919609
2026-08-31 00:00:00.000 UTC,uniswap_v3_0.3_ethusdt,100k+,705,193526050.36177266,79074.41856190306,193827029.4857001
2026-08-31 00:00:00.000 UTC,uniswap_v3_0.3_ethusdt,10k-100k,1206,52277188.9557385,21383.06939985462,52333172.24339901
2026-08-31 00:00:00.000 UTC,uniswap_v3_0.3_ethusdt,1k-10k,699,3285911.7160712546,1345.5852758086917,3288979.802818999
2026-08-31 00:00:00.000 UTC,uniswap_v3_1.0_ethusdc,0.5k-1k,36,24839.997499113066,10.165929353465451,24904.160229
2026-08-31 00:00:00.000 UTC,uniswap_v3_1.0_ethusdc,1k-10k,7,11353.532853491932,4.592289148618509,11379.594741
2026-09-07 00:00:00.000 UTC,curve_usdcwbtcweth,0.5k-1k,2412,1616127.7908654977,499.1416267756361,1394904.2950770005
2026-09-07 00:00:00.000 UTC,curve_usdcwbtcweth,10k-100k,6,94532.14220665679,27.202457376053992,94447.49409600001
2026-09-07 00:00:00.000 UTC,curve_usdcwbtcweth,1k-10k,1486,2940896.626145055,906.4132651651722,2677674.583666994
2026-09-07 00:00:00.000 UTC,curve_usdt,0.5k-1k,224,159370.40333627394,51.369275671020894,144628.42840799992
2026-09-07 00:00:00.000 UTC,curve_usdt,10k-100k,35,831908.2783029303,303.6867214452403,814024.6333849999
2026-09-07 00:00:00.000 UTC,curve_usdt,1k-10k,405,1148645.7378457712,363.7096170622102,1064861.4133620004
2026-09-07 00:00:00.000 UTC,curve_usdtwbtcweth,0.5k-1k,1760,1338279.2961175707,432.5282675890391,1198608.5392059993
2026-09-07 00:00:00.000 UTC,curve_usdtwbtcweth,10k-100k,116,1986165.6708736382,686.1275576114109,1723505.1773180007
2026-09-07 00:00:00.000 UTC,curve_usdtwbtcweth,1k-10k,4084,9840866.160079395,3090.559361697025,8720339.162996005
2026-09-07 00:00:00.000 UTC,sushiv2_ethusdt,0.5k-1k,25,16339.765528170628,6.398385932593569,16423.970477
2026-09-07 00:00:00.000 UTC,sushiv2_ethusdt,1k-10k,6,14501.296584536653,5.78632072325903,14467.348845999999
2026-09-07 00:00:00.000 UTC,sushiv2_usdceth,0.5k-1k,10,7943.998912225502,3.1957882512375573,8000.277361999999
2026-09-07 00:00:00.000 UTC,sushiv2_usdceth,1k-10k,2,5709.054285052737,2.3449601083860583,5648.222320999999
2026-09-07 00:00:00.000 UTC,uniswap_v3_0.01_ethusdc,0.5k-1k,15850,11629649.491226789,4660.354100772873,11626928.047212988
2026-09-07 00:00:00.000 UTC,uniswap_v3_0.01_ethusdc,100k+,175,51969995.51259945,20813.43811421639,51990403.247316
2026-09-07 00:00:00.000 UTC,uniswap_v3_0.01_ethusdc,10k-100k,2381,44269317.98050774,17692.479438349445,44272542.906810015
2026-09-07 00:00:00.000 UTC,uniswap_v3_0.01_ethusdc,1k-10k,40897,124716593.08941926,50028.94663602034,124708073.45318078
2026-09-07 00:00:00.000 UTC,uniswap_v3_0.01_ethusdt,0.5k-1k,15282,11072576.468516206,4443.169691685408,11073084.839974009
2026-09-07 00:00:00.000 UTC,uniswap_v3_0.01_ethusdt,100k+,137,30582375.085515246,12371.716918646362,30292691.277219005
2026-09-07 00:00:00.000 UTC,uniswap_v3_0.01_ethusdt,10k-100k,427,12749124.772513535,5108.2151687383675,12737070.80512
2026-09-07 00:00:00.000 UTC,uniswap_v3_0.01_ethusdt,1k-10k,16972,34532996.69931107,13826.656763536821,34541114.249072865
2026-09-07 00:00:00.000 UTC,uniswap_v3_0.05_ethusdc,0.5k-1k,2844,2067364.9698549912,827.3417127826659,2067215.4551860006
2026-09-07 00:00:00.000 UTC,uniswap_v3_0.05_ethusdc,100k+,807,160074313.96425802,63743.23175779721,160173346.45681995
2026-09-07 00:00:00.000 UTC,uniswap_v3_0.05_ethusdc,10k-100k,8716,277279151.7603757,111095.01543158264,277336434.4708234
2026-09-07 00:00:00.000 UTC,uniswap_v3_0.05_ethusdc,1k-10k,9503,40294884.71100218,16157.885483307917,40300380.6342191
2026-09-07 00:00:00.000 UTC,uniswap_v3_0.05_ethusdt,0.5k-1k,1873,1413846.2312433326,567.360639805326,1414046.8921600005
2026-09-07 00:00:00.000 UTC,uniswap_v3_0.05_ethusdt,100k+,7,802575.1685805671,321.39774798280973,803075.097818
2026-09-07 00:00:00.000 UTC,uniswap_v3_0.05_ethusdt,10k-100k,1206,23849015.99135811,9504.705818795072,23869230.559855994
2026-09-07 00:00:00.000 UTC,uniswap_v3_0.05_ethusdt,1k-10k,9991,34590046.31708551,13865.72093620952,34601224.02216302
2026-09-07 00:00:00.000 UTC,uniswap_v3_0.3_ethusdc,0.5k-1k,94,67706.1472266893,27.1645048868803,67792.06476700002
2026-09-07 00:00:00.000 UTC,uniswap_v3_0.3_ethusdc,100k+,54,10791754.195966594,4308.405320823403,10836116.519597
2026-09-07 00:00:00.000 UTC,uniswap_v3_0.3_ethusdc,10k-100k,941,28196542.77163615,11300.08188972509,28230745.659869
2026-09-07 00:00:00.000 UTC,uniswap_v3_0.3_ethusdc,1k-10k,733,3808840.10911476,1530.6755338383591,3811040.4055889994
2026-09-07 00:00:00.000 UTC,uniswap_v3_0.3_ethusdt,0.5k-1k,198,147539.70109827016,59.563323185511145,147750.817225
2026-09-07 00:00:00.000 UTC,uniswap_v3_0.3_ethusdt,100k+,700,207540873.83565143,83109.53770659484,208004873.48731586
2026-09-07 00:00:00.000 UTC,uniswap_v3_0.3_ethusdt,10k-100k,1235,51896532.565925136,20850.88135414511,51937809.707936004
2026-09-07 00:00:00.000 UTC,uniswap_v3_0.3_ethusdt,1k-10k,906,4461198.254645208,1787.8131126641551,4463090.248312001
2026-09-07 00:00:00.000 UTC,uniswap_v3_1.0_ethusdc,0.5k-1k,40,26633.703812123782,10.667051300077874,26697.372549999996
2026-09-07 00:00:00.000 UTC,uniswap_v3_1.0_ethusdc,1k-10k,17,24523.252388329107,9.650004880943442,24723.903691
2026-09-14 00:00:00.000 UTC,curve_usdcwbtcweth,0.5k-1k,1116,762687.2320781697,239.64951652097358,634868.526727
2026-09-14 00:00:00.000 UTC,curve_usdcwbtcweth,10k-100k,11,153346.88216122222,4.782305787822618,152877.355718
2026-09-14 00:00:00.000 UTC,curve_usdcwbtcweth,1k-10k,948,2094324.439433251,590.7812528051873,1893536.21261
2026-09-14 00:00:00.000 UTC,curve_usdt,0.5k-1k,67,50662.06539675013,11.51569530600048,48066.495018000016
2026-09-14 00:00:00.000 UTC,curve_usdt,10k-100k,4,96801.26014549125,38.72649307308191,96950.58586700002
2026-09-14 00:00:00.000 UTC,curve_usdt,1k-10k,193,498192.77065854,141.41657777502894,438916.01051600004
2026-09-14 00:00:00.000 UTC,curve_usdtwbtcweth,0.5k-1k,672,484516.15744768176,157.74994315283882,421447.7736170002
2026-09-14 00:00:00.000 UTC,curve_usdtwbtcweth,10k-100k,8,117358.10783979285,36.875961298796774,106559.463364
2026-09-14 00:00:00.000 UTC,curve_usdtwbtcweth,1k-10k,850,1743535.0249801283,580.0824786884868,1550287.002751
2026-09-14 00:00:00.000 UTC,sushiv2_ethusdt,0.5k-1k,17,9656.17882701084,3.9285680291803766,9680.512920000001
2026-09-14 00:00:00.000 UTC,sushiv2_ethusdt,1k-10k,1,2652.961992340528,1.1044459933154511,2652.410291
2026-09-14 00:00:00.000 UTC,sushiv2_usdceth,0.5k-1k,1,556.909566772059,0.2321276360267173,556.870029
2026-09-14 00:00:00.000 UTC,sushiv2_usdceth,1k-10k,1,1240.1330843865271,0.5161227488009094,1239.378303
2026-09-14 00:00:00.000 UTC,uniswap_v3_0.01_ethusdc,0.5k-1k,5503,4004461.9372259127,1620.194329460898,4003418.228803003
2026-09-14 00:00:00.000 UTC,uniswap_v3_0.01_ethusdc,100k+,67,21856265.098259147,8980.197060689512,21537579.265821993
2026-09-14 00:00:00.000 UTC,uniswap_v3_0.01_ethusdc,10k-100k,1044,18368061.73686576,7452.389267918427,18368189.736081004
2026-09-14 00:00:00.000 UTC,uniswap_v3_0.01_ethusdc,1k-10k,15764,51395841.828660026,20793.696604380606,51396245.07474887
2026-09-14 00:00:00.000 UTC,uniswap_v3_0.01_ethusdt,0.5k-1k,5378,3928632.4280106057,1589.9314680207008,3929752.4431849997
2026-09-14 00:00:00.000 UTC,uniswap_v3_0.01_ethusdt,100k+,50,13498141.723417293,5519.311736071596,13257828.709685002
2026-09-14 00:00:00.000 UTC,uniswap_v3_0.01_ethusdt,10k-100k,186,5434285.007365921,2207.805796860595,5426621.996042
2026-09-14 00:00:00.000 UTC,uniswap_v3_0.01_ethusdt,1k-10k,7916,17349049.722078435,7023.925485752798,17357188.532210007
2026-09-14 00:00:00.000 UTC,uniswap_v3_0.05_ethusdc,0.5k-1k,692,506970.26731828594,204.89989015047632,506858.04199500004
2026-09-14 00:00:00.000 UTC,uniswap_v3_0.05_ethusdc,100k+,419,75395201.18663503,30647.667005129148,75405564.70057298
2026-09-14 00:00:00.000 UTC,uniswap_v3_0.05_ethusdc,10k-100k,4033,137101668.5916816,55453.45390656861,137149057.4980653
2026-09-14 00:00:00.000 UTC,uniswap_v3_0.05_ethusdc,1k-10k,3293,14821242.849983701,6007.595270936219,14824449.650790997
2026-09-14 00:00:00.000 UTC,uniswap_v3_0.05_ethusdt,0.5k-1k,627,479021.24953723326,194.35625170469584,479228.9541240003
2026-09-14 00:00:00.000 UTC,uniswap_v3_0.05_ethusdt,100k+,18,2114072.137332576,874.3838674630838,2123820.759658
2026-09-14 00:00:00.000 UTC,uniswap_v3_0.05_ethusdt,10k-100k,514,9976433.209280992,4040.315189812649,9984036.558592996
2026-09-14 00:00:00.000 UTC,uniswap_v3_0.05_ethusdt,1k-10k,4132,14806841.950607743,5983.285257963476,14816652.746428018
2026-09-14 00:00:00.000 UTC,uniswap_v3_0.3_ethusdc,0.5k-1k,20,14283.779743401748,5.826275072811559,14301.169920999997
2026-09-14 00:00:00.000 UTC,uniswap_v3_0.3_ethusdc,100k+,25,4872815.6351543255,1970.7768298415322,4882840.03626
2026-09-14 00:00:00.000 UTC,uniswap_v3_0.3_ethusdc,10k-100k,486,14711542.036363581,5938.685220178552,14731326.992301993
2026-09-14 00:00:00.000 UTC,uniswap_v3_0.3_ethusdc,1k-10k,364,1968422.3684770246,796.5236833415204,1970244.5236399984
2026-09-14 00:00:00.000 UTC,uniswap_v3_0.3_ethusdt,0.5k-1k,60,47271.0123399891,18.952723879272238,47310.848945999984
2026-09-14 00:00:00.000 UTC,uniswap_v3_0.3_ethusdt,100k+,388,108089610.39320493,43870.926886046975,108322941.17269601
2026-09-14 00:00:00.000 UTC,uniswap_v3_0.3_ethusdt,10k-100k,570,25411332.472854897,10259.351456307997,25441934.373044018
2026-09-14 00:00:00.000 UTC,uniswap_v3_0.3_ethusdt,1k-10k,256,1232403.9637510153,497.8052597537527,1233571.3111670003
2026-09-14 00:00:00.000 UTC,uniswap_v3_1.0_ethusdc,0.5k-1k,34,21882.84792861824,8.844610190295203,21916.512075999995
2026-09-14 00:00:00.000 UTC,uniswap_v3_1.0_ethusdc,1k-10k,6,9516.563297658682,3.878649977075091,9540.186257
